ISO-10303-21;
HEADER;
/* Generated by software containing ST-Developer
 * from STEP Tools, Inc. (www.steptools.com) 
 */
/* OPTION: using custom renumber hook */

FILE_DESCRIPTION(
/* description */ ('STEP AP242 Edition 2',
'CAx-IF Rec.Pracs.---Representation and Presentation of Product Manufa
cturing Information (PMI)---4.0---2014-10-13',
'CAx-IF Rec.Pracs.---3D Tessellated Geometry---0.4---2014-09-14','2;1',
'CAx-IF Rec.Pracs.---User Defined Attributes---1.5---2016-08-15'),
/* implementation_level */ '2;1');

FILE_NAME(
/* name */ '6993ab18c9522d6aee6c1d94',
/* time_stamp */ '2026-02-16T23:41:13Z',
/* author */ (''),
/* organization */ (''),
/* preprocessor_version */ 'ST-DEVELOPER v20',
/* originating_system */ 'ONSHAPE BY PTC INC, 1.210',
/* authorisation */ '  ');

FILE_SCHEMA (('AP242_MANAGED_MODEL_BASED_3D_ENGINEERING_MIM_LF { 1 0 10303 442 3 1 4 }'));
ENDSEC;

DATA;
#10=SHAPE_REPRESENTATION_RELATIONSHIP('','',#6772,#11);
#11=ADVANCED_BREP_SHAPE_REPRESENTATION('',(#6770),#11374);
#12=(
BOUNDED_SURFACE()
B_SPLINE_SURFACE(3,2,((#11002,#11003,#11004),(#11005,#11006,#11007),(#11008,
#11009,#11010),(#11011,#11012,#11013),(#11014,#11015,#11016)),
 .UNSPECIFIED.,.F.,.F.,.F.)
B_SPLINE_SURFACE_WITH_KNOTS((4,1,4),(3,3),(1.5707963267949,2.35619449019234,
3.14159265358979),(0.,1.),.UNSPECIFIED.)
GEOMETRIC_REPRESENTATION_ITEM()
RATIONAL_B_SPLINE_SURFACE(((1.,0.707106781186548,1.),(1.,0.699039639891239,
1.),(1.,0.682627836571871,1.),(1.,0.675590207615514,1.),(1.,0.67559020761566,
1.)))
REPRESENTATION_ITEM('')
SURFACE()
);
#13=(
BOUNDED_SURFACE()
B_SPLINE_SURFACE(3,2,((#11020,#11021,#11022),(#11023,#11024,#11025),(#11026,
#11027,#11028),(#11029,#11030,#11031),(#11032,#11033,#11034)),
 .UNSPECIFIED.,.F.,.F.,.F.)
B_SPLINE_SURFACE_WITH_KNOTS((4,1,4),(3,3),(3.14159265358979,3.92699081698724,
4.71238898038469),(0.,1.),.UNSPECIFIED.)
GEOMETRIC_REPRESENTATION_ITEM()
RATIONAL_B_SPLINE_SURFACE(((1.,0.67559020761566,1.),(1.,0.67559020761348,
1.),(1.,0.682627836584246,1.),(1.,0.699039639868555,1.),(1.,0.707106781186557,
1.)))
REPRESENTATION_ITEM('')
SURFACE()
);
#14=B_SPLINE_SURFACE_WITH_KNOTS('',3,1,((#9949,#9950),(#9951,#9952),(#9953,
#9954),(#9955,#9956),(#9957,#9958)),.SURF_OF_LINEAR_EXTRUSION.,.F.,.F.,
 .F.,(4,1,4),(2,2),(0.25,0.375,0.5),(0.,1.),.UNSPECIFIED.);
#15=B_SPLINE_SURFACE_WITH_KNOTS('',3,1,((#9966,#9967),(#9968,#9969),(#9970,
#9971),(#9972,#9973),(#9974,#9975)),.SURF_OF_LINEAR_EXTRUSION.,.F.,.F.,
 .F.,(4,1,4),(2,2),(0.,0.125,0.25),(0.,1.),.UNSPECIFIED.);
#16=B_SPLINE_SURFACE_WITH_KNOTS('',3,1,((#9987,#9988),(#9989,#9990),(#9991,
#9992),(#9993,#9994),(#9995,#9996)),.SURF_OF_LINEAR_EXTRUSION.,.F.,.F.,
 .F.,(4,1,4),(2,2),(0.5,0.625,0.75),(0.,1.),.UNSPECIFIED.);
#17=B_SPLINE_SURFACE_WITH_KNOTS('',3,1,((#10002,#10003),(#10004,#10005),
(#10006,#10007),(#10008,#10009),(#10010,#10011)),
 .SURF_OF_LINEAR_EXTRUSION.,.F.,.F.,.F.,(4,1,4),(2,2),(0.75,0.875,1.),(0.,
1.),.UNSPECIFIED.);
#18=B_SPLINE_SURFACE_WITH_KNOTS('',1,3,((#11135,#11136,#11137,#11138),(#11139,
#11140,#11141,#11142),(#11143,#11144,#11145,#11146),(#11147,#11148,#11149,
#11150)),.RULED_SURF.,.F.,.F.,.F.,(2,1,1,2),(4,4),(-0.0122415805674171,
0.,1.,1.01012241580567),(-1.5707963267949,0.0785398163397448),
 .PIECEWISE_BEZIER_KNOTS.);
#19=B_SPLINE_SURFACE_WITH_KNOTS('',1,3,((#11204,#11205,#11206,#11207),(#11208,
#11209,#11210,#11211)),.RULED_SURF.,.F.,.F.,.F.,(2,2),(4,4),(0.,1.),(3.06305283725005,
4.71238898038469),.PIECEWISE_BEZIER_KNOTS.);
#20=B_SPLINE_SURFACE_WITH_KNOTS('',1,3,((#11289,#11290,#11291,#11292,#11293,
#11294),(#11295,#11296,#11297,#11298,#11299,#11300)),.RULED_SURF.,.F.,.F.,
 .F.,(2,2),(4,2,4),(0.,1.),(0.,0.00254599852773846,0.00509199705547692),
 .UNSPECIFIED.);
#21=B_SPLINE_SURFACE_WITH_KNOTS('',1,3,((#11319,#11320,#11321,#11322,#11323,
#11324),(#11325,#11326,#11327,#11328,#11329,#11330)),.RULED_SURF.,.F.,.F.,
 .F.,(2,2),(4,2,4),(0.,1.),(0.,0.00254595900386065,0.00509191800772131),
 .UNSPECIFIED.);
#22=B_SPLINE_SURFACE_WITH_KNOTS('',1,3,((#11335,#11336,#11337,#11338,#11339,
#11340),(#11341,#11342,#11343,#11344,#11345,#11346)),.RULED_SURF.,.F.,.F.,
 .F.,(2,2),(4,2,4),(0.,1.),(0.,0.00254595900386067,0.00509191800772134),
 .UNSPECIFIED.);
#23=B_SPLINE_SURFACE_WITH_KNOTS('',1,3,((#11361,#11362,#11363,#11364,#11365,
#11366),(#11367,#11368,#11369,#11370,#11371,#11372)),.RULED_SURF.,.F.,.F.,
 .F.,(2,2),(4,2,4),(0.,1.),(0.,0.00254599852773852,0.00509199705547704),
 .UNSPECIFIED.);
#24=CONICAL_SURFACE('',#6893,0.005,0.785398163397448);
#25=CONICAL_SURFACE('',#6894,0.005,0.785398163397448);
#26=CONICAL_SURFACE('',#6897,0.005,0.785398163397448);
#27=CONICAL_SURFACE('',#6898,0.005,0.785398163397448);
#28=CONICAL_SURFACE('',#7257,0.00075,0.785398163397449);
#29=CONICAL_SURFACE('',#7258,0.00075,0.785398163397449);
#30=CONICAL_SURFACE('',#7261,0.00075,0.785398163397449);
#31=CONICAL_SURFACE('',#7262,0.00075,0.785398163397449);
#32=CONICAL_SURFACE('',#7264,0.00075,0.785398163397449);
#33=CONICAL_SURFACE('',#7266,0.00075,0.785398163397449);
#34=CONICAL_SURFACE('',#7268,0.00075,0.785398163397449);
#35=CONICAL_SURFACE('',#7270,0.00075,0.785398163397449);
#36=CONICAL_SURFACE('',#7273,0.00075,0.785398163397449);
#37=CONICAL_SURFACE('',#7276,0.00075,0.785398163397448);
#38=CONICAL_SURFACE('',#7278,0.00075,0.785398163397449);
#39=CONICAL_SURFACE('',#7281,0.00075,0.785398163397449);
#40=CONICAL_SURFACE('',#7283,0.00075,0.785398163397449);
#41=CONICAL_SURFACE('',#7286,0.00075,0.785398163397449);
#42=CONICAL_SURFACE('',#7288,0.00075,0.785398163397449);
#43=CONICAL_SURFACE('',#7291,0.00075,0.785398163397449);
#44=CONICAL_SURFACE('',#7294,0.00075,0.785398163397449);
#45=CONICAL_SURFACE('',#7298,0.00075,0.785398163397449);
#46=CONICAL_SURFACE('',#7299,0.00075,0.785398163397449);
#47=CONICAL_SURFACE('',#7303,0.00075,0.785398163397449);
#48=CONICAL_SURFACE('',#7304,0.00075,0.785398163397449);
#49=CONICAL_SURFACE('',#7308,0.00075,0.785398163397448);
#50=CONICAL_SURFACE('',#7309,0.00075,0.785398163397449);
#51=CONICAL_SURFACE('',#7312,0.00075,0.785398163397448);
#52=CONICAL_SURFACE('',#7313,0.00075,0.785398163397448);
#53=CONICAL_SURFACE('',#7317,0.00075,0.785398163397449);
#54=CONICAL_SURFACE('',#7321,0.00075,0.785398163397449);
#55=CONICAL_SURFACE('',#7327,0.00075,0.785398163397449);
#56=CONICAL_SURFACE('',#7330,0.00075,0.785398163397449);
#57=CONICAL_SURFACE('',#7334,0.00075,0.785398163397449);
#58=CYLINDRICAL_SURFACE('',#6884,0.005);
#59=CYLINDRICAL_SURFACE('',#6886,0.005);
#60=CYLINDRICAL_SURFACE('',#6888,0.005);
#61=CYLINDRICAL_SURFACE('',#6890,0.005);
#62=CYLINDRICAL_SURFACE('',#6900,0.001525);
#63=CYLINDRICAL_SURFACE('',#6903,0.001525);
#64=CYLINDRICAL_SURFACE('',#6906,0.001525);
#65=CYLINDRICAL_SURFACE('',#6909,0.001525);
#66=CYLINDRICAL_SURFACE('',#6912,0.001525);
#67=CYLINDRICAL_SURFACE('',#6915,0.001525);
#68=CYLINDRICAL_SURFACE('',#6918,0.001525);
#69=CYLINDRICAL_SURFACE('',#6921,0.001525);
#70=CYLINDRICAL_SURFACE('',#6927,0.00289688099999993);
#71=CYLINDRICAL_SURFACE('',#6934,0.00289687799999995);
#72=CYLINDRICAL_SURFACE('',#6942,0.00289688099999993);
#73=CYLINDRICAL_SURFACE('',#6954,0.00289687799999993);
#74=CYLINDRICAL_SURFACE('',#6962,0.00289688100000006);
#75=CYLINDRICAL_SURFACE('',#6974,0.00289688100000006);
#76=CYLINDRICAL_SURFACE('',#6981,0.00289687800000004);
#77=CYLINDRICAL_SURFACE('',#6990,0.00289687800000004);
#78=CYLINDRICAL_SURFACE('',#6997,0.003);
#79=CYLINDRICAL_SURFACE('',#7000,0.003);
#80=CYLINDRICAL_SURFACE('',#7004,0.0017);
#81=CYLINDRICAL_SURFACE('',#7007,0.0017);
#82=CYLINDRICAL_SURFACE('',#7009,0.0037);
#83=CYLINDRICAL_SURFACE('',#7011,0.00369999999999995);
#84=CYLINDRICAL_SURFACE('',#7015,0.00145);
#85=CYLINDRICAL_SURFACE('',#7018,0.00145);
#86=CYLINDRICAL_SURFACE('',#7021,0.00145);
#87=CYLINDRICAL_SURFACE('',#7024,0.00145);
#88=CYLINDRICAL_SURFACE('',#7027,0.00145);
#89=CYLINDRICAL_SURFACE('',#7030,0.00145);
#90=CYLINDRICAL_SURFACE('',#7033,0.00145);
#91=CYLINDRICAL_SURFACE('',#7185,0.0005);
#92=CYLINDRICAL_SURFACE('',#7188,0.0005);
#93=CYLINDRICAL_SURFACE('',#7191,0.0005);
#94=CYLINDRICAL_SURFACE('',#7192,0.0005);
#95=CYLINDRICAL_SURFACE('',#7193,0.0005);
#96=CYLINDRICAL_SURFACE('',#7195,0.0005);
#97=CYLINDRICAL_SURFACE('',#7197,0.0005);
#98=CYLINDRICAL_SURFACE('',#7198,0.0005);
#99=CYLINDRICAL_SURFACE('',#7199,0.0005);
#100=CYLINDRICAL_SURFACE('',#7201,0.0005);
#101=CYLINDRICAL_SURFACE('',#7202,0.0005);
#102=CYLINDRICAL_SURFACE('',#7203,0.0005);
#103=CYLINDRICAL_SURFACE('',#7204,0.0005);
#104=CYLINDRICAL_SURFACE('',#7206,0.0005);
#105=CYLINDRICAL_SURFACE('',#7208,0.0005);
#106=CYLINDRICAL_SURFACE('',#7209,0.0005);
#107=CYLINDRICAL_SURFACE('',#7211,0.0005);
#108=CYLINDRICAL_SURFACE('',#7213,0.0005);
#109=CYLINDRICAL_SURFACE('',#7214,0.0005);
#110=CYLINDRICAL_SURFACE('',#7216,0.0005);
#111=CYLINDRICAL_SURFACE('',#7217,0.0005);
#112=CYLINDRICAL_SURFACE('',#7218,0.0005);
#113=CYLINDRICAL_SURFACE('',#7219,0.0005);
#114=CYLINDRICAL_SURFACE('',#7221,0.0005);
#115=CYLINDRICAL_SURFACE('',#7222,0.0005);
#116=CYLINDRICAL_SURFACE('',#7224,0.0005);
#117=CYLINDRICAL_SURFACE('',#7227,0.0005);
#118=CYLINDRICAL_SURFACE('',#7230,0.0005);
#119=CYLINDRICAL_SURFACE('',#7233,0.0005);
#120=CYLINDRICAL_SURFACE('',#7235,0.0005);
#121=CYLINDRICAL_SURFACE('',#7238,0.0005);
#122=CYLINDRICAL_SURFACE('',#7241,0.0005);
#123=CYLINDRICAL_SURFACE('',#7243,0.0005);
#124=CYLINDRICAL_SURFACE('',#7245,0.0005);
#125=CYLINDRICAL_SURFACE('',#7248,0.0005);
#126=CYLINDRICAL_SURFACE('',#7251,0.0005);
#127=CYLINDRICAL_SURFACE('',#7254,0.0005);
#128=ELLIPSE('',#6792,0.00371413339891038,0.0037);
#129=ELLIPSE('',#6793,0.00371413339891033,0.00369999999999995);
#130=ELLIPSE('',#6795,0.00250954959385836,0.0025);
#131=ELLIPSE('',#6796,0.00250954959385835,0.0025);
#132=ELLIPSE('',#6859,0.00501909918771674,0.005);
#133=ELLIPSE('',#6860,0.00501909918771674,0.005);
#134=ELLIPSE('',#6861,0.00501909918771674,0.005);
#135=ELLIPSE('',#6862,0.00501909918771674,0.005);
#136=ELLIPSE('',#6929,0.00409680839878084,0.00289688099999993);
#137=ELLIPSE('',#6930,0.00409680839878084,0.00289688099999993);
#138=ELLIPSE('',#6936,0.00409680415614018,0.00289687799999995);
#139=ELLIPSE('',#6937,0.00409680415614018,0.00289687799999995);
#140=ELLIPSE('',#6944,0.00409680839878084,0.00289688099999993);
#141=ELLIPSE('',#6955,0.00409680415614015,0.00289687799999993);
#142=ELLIPSE('',#6964,0.00409680839878102,0.00289688100000006);
#143=ELLIPSE('',#6965,0.00409680839878102,0.00289688100000006);
#144=ELLIPSE('',#6976,0.00409680839878102,0.00289688100000006);
#145=ELLIPSE('',#6983,0.00409680415614031,0.00289687800000004);
#146=ELLIPSE('',#6984,0.00409680415614031,0.00289687800000004);
#147=ELLIPSE('',#6991,0.00409680415614031,0.00289687800000004);
#148=ELLIPSE('',#6998,0.00300796262676825,0.003);
#149=ELLIPSE('',#7001,0.00300796262676827,0.003);
#150=CIRCLE('',#6778,0.00075);
#151=CIRCLE('',#6779,0.00075);
#152=CIRCLE('',#6780,0.00075);
#153=CIRCLE('',#6781,0.00075);
#154=CIRCLE('',#6782,0.00075);
#155=CIRCLE('',#6783,0.00075);
#156=CIRCLE('',#6784,0.00075);
#157=CIRCLE('',#6785,0.00075);
#158=CIRCLE('',#6786,0.00075);
#159=CIRCLE('',#6787,0.00075);
#160=CIRCLE('',#6788,0.00075);
#161=CIRCLE('',#6789,0.00075);
#162=CIRCLE('',#6797,0.0017);
#163=CIRCLE('',#6798,0.0017);
#164=CIRCLE('',#6800,0.003);
#165=CIRCLE('',#6801,0.003);
#166=CIRCLE('',#6803,0.00075);
#167=CIRCLE('',#6804,0.00075);
#168=CIRCLE('',#6805,0.00075);
#169=CIRCLE('',#6806,0.00075);
#170=CIRCLE('',#6807,0.00075);
#171=CIRCLE('',#6808,0.00075);
#172=CIRCLE('',#6809,0.00075);
#173=CIRCLE('',#6810,0.00075);
#174=CIRCLE('',#6811,0.00145);
#175=CIRCLE('',#6812,0.00145);
#176=CIRCLE('',#6813,0.00145);
#177=CIRCLE('',#6814,0.00145);
#178=CIRCLE('',#6815,0.00145);
#179=CIRCLE('',#6816,0.00145);
#180=CIRCLE('',#6817,0.00145);
#181=CIRCLE('',#6820,0.001525);
#182=CIRCLE('',#6821,0.0005);
#183=CIRCLE('',#6822,0.0005);
#184=CIRCLE('',#6823,0.00289687800000004);
#185=CIRCLE('',#6824,0.0005);
#186=CIRCLE('',#6828,0.001525);
#187=CIRCLE('',#6829,0.0005);
#188=CIRCLE('',#6830,0.0005);
#189=CIRCLE('',#6831,0.00289688100000006);
#190=CIRCLE('',#6833,0.001525);
#191=CIRCLE('',#6834,0.0005);
#192=CIRCLE('',#6835,0.0005);
#193=CIRCLE('',#6836,0.00289687799999993);
#194=CIRCLE('',#6837,0.0005);
#195=CIRCLE('',#6840,0.001525);
#196=CIRCLE('',#6841,0.0005);
#197=CIRCLE('',#6842,0.0005);
#198=CIRCLE('',#6843,0.00289688099999993);
#199=CIRCLE('',#6845,0.00289687799999995);
#200=CIRCLE('',#6846,0.0005);
#201=CIRCLE('',#6847,0.0005);
#202=CIRCLE('',#6848,0.001525);
#203=CIRCLE('',#6868,0.0005);
#204=CIRCLE('',#6869,0.0005);
#205=CIRCLE('',#6870,0.00289688099999993);
#206=CIRCLE('',#6871,0.0005);
#207=CIRCLE('',#6872,0.001525);
#208=CIRCLE('',#6874,0.0005);
#209=CIRCLE('',#6875,0.0005);
#210=CIRCLE('',#6876,0.00289688100000006);
#211=CIRCLE('',#6877,0.0005);
#212=CIRCLE('',#6878,0.001525);
#213=CIRCLE('',#6880,0.0005);
#214=CIRCLE('',#6881,0.00289687800000004);
#215=CIRCLE('',#6882,0.0005);
#216=CIRCLE('',#6883,0.001525);
#217=CIRCLE('',#6885,0.005);
#218=CIRCLE('',#6887,0.005);
#219=CIRCLE('',#6889,0.005);
#220=CIRCLE('',#6891,0.005);
#221=CIRCLE('',#6901,0.001525);
#222=CIRCLE('',#6904,0.001525);
#223=CIRCLE('',#6907,0.001525);
#224=CIRCLE('',#6910,0.001525);
#225=CIRCLE('',#6913,0.001525);
#226=CIRCLE('',#6916,0.001525);
#227=CIRCLE('',#6919,0.001525);
#228=CIRCLE('',#6922,0.001525);
#229=CIRCLE('',#6928,0.00289688099999993);
#230=CIRCLE('',#6931,0.00289688099999993);
#231=CIRCLE('',#6935,0.00289687799999995);
#232=CIRCLE('',#6938,0.00289687799999995);
#233=CIRCLE('',#6940,0.0005);
#234=CIRCLE('',#6941,0.0005);
#235=CIRCLE('',#6943,0.00289688099999993);
#236=CIRCLE('',#6948,0.0005);
#237=CIRCLE('',#6949,0.0005);
#238=CIRCLE('',#6950,0.0005);
#239=CIRCLE('',#6951,0.00075);
#240=CIRCLE('',#6956,0.00289687799999993);
#241=CIRCLE('',#6958,0.00075);
#242=CIRCLE('',#6959,0.0005);
#243=CIRCLE('',#6960,0.0005);
#244=CIRCLE('',#6961,0.0005);
#245=CIRCLE('',#6963,0.00289688100000006);
#246=CIRCLE('',#6966,0.00289688100000006);
#247=CIRCLE('',#6969,0.00075);
#248=CIRCLE('',#6970,0.0005);
#249=CIRCLE('',#6971,0.0005);
#250=CIRCLE('',#6975,0.00289688100000006);
#251=CIRCLE('',#6978,0.0005);
#252=CIRCLE('',#6979,0.0005);
#253=CIRCLE('',#6982,0.00289687800000004);
#254=CIRCLE('',#6985,0.00289687800000004);
#255=CIRCLE('',#6987,0.0005);
#256=CIRCLE('',#6992,0.00289687800000004);
#257=CIRCLE('',#6994,0.0005);
#258=CIRCLE('',#6995,0.0005);
#259=CIRCLE('',#7005,0.0017);
#260=CIRCLE('',#7008,0.0017);
#261=CIRCLE('',#7010,0.0037);
#262=CIRCLE('',#7012,0.00369999999999995);
#263=CIRCLE('',#7016,0.00145);
#264=CIRCLE('',#7019,0.00145);
#265=CIRCLE('',#7022,0.00145);
#266=CIRCLE('',#7025,0.00145);
#267=CIRCLE('',#7028,0.00145);
#268=CIRCLE('',#7031,0.00145);
#269=CIRCLE('',#7034,0.00145);
#270=CIRCLE('',#7037,0.00075);
#271=CIRCLE('',#7038,0.0005);
#272=CIRCLE('',#7175,0.00075);
#273=CIRCLE('',#7176,0.0005);
#274=CIRCLE('',#7177,0.00075);
#275=CIRCLE('',#7178,0.00075);
#276=CIRCLE('',#7179,0.0005);
#277=CIRCLE('',#7180,0.00075);
#278=CIRCLE('',#7181,0.00075);
#279=CIRCLE('',#7182,0.00075);
#280=CIRCLE('',#7186,0.0005);
#281=CIRCLE('',#7187,0.0005);
#282=CIRCLE('',#7189,0.0005);
#283=CIRCLE('',#7190,0.0005);
#284=CIRCLE('',#7194,0.0005);
#285=CIRCLE('',#7196,0.0005);
#286=CIRCLE('',#7200,0.0005);
#287=CIRCLE('',#7205,0.0005);
#288=CIRCLE('',#7207,0.0005);
#289=CIRCLE('',#7210,0.0005);
#290=CIRCLE('',#7212,0.0005);
#291=CIRCLE('',#7215,0.0005);
#292=CIRCLE('',#7220,0.0005);
#293=CIRCLE('',#7223,0.0005);
#294=CIRCLE('',#7225,0.0005);
#295=CIRCLE('',#7226,0.0005);
#296=CIRCLE('',#7228,0.0005);
#297=CIRCLE('',#7229,0.0005);
#298=CIRCLE('',#7231,0.0005);
#299=CIRCLE('',#7232,0.0005);
#300=CIRCLE('',#7234,0.0005);
#301=CIRCLE('',#7236,0.0005);
#302=CIRCLE('',#7237,0.0005);
#303=CIRCLE('',#7239,0.0005);
#304=CIRCLE('',#7240,0.0005);
#305=CIRCLE('',#7242,0.0005);
#306=CIRCLE('',#7244,0.0005);
#307=CIRCLE('',#7246,0.0005);
#308=CIRCLE('',#7247,0.0005);
#309=CIRCLE('',#7249,0.0005);
#310=CIRCLE('',#7250,0.0005);
#311=CIRCLE('',#7252,0.0005);
#312=CIRCLE('',#7253,0.0005);
#313=CIRCLE('',#7255,0.0005);
#314=B_SPLINE_CURVE_WITH_KNOTS('',3,(#9199,#9200,#9201,#9202),
 .UNSPECIFIED.,.F.,.F.,(4,4),(0.,0.000623687420545233),.UNSPECIFIED.);
#315=B_SPLINE_CURVE_WITH_KNOTS('',3,(#9218,#9219,#9220,#9221),
 .UNSPECIFIED.,.F.,.F.,(4,4),(0.,0.000618615421982372),.UNSPECIFIED.);
#316=B_SPLINE_CURVE_WITH_KNOTS('',3,(#9357,#9358,#9359,#9360),
 .UNSPECIFIED.,.F.,.F.,(4,4),(2.70427607613163E-8,0.000649870873345391),
 .UNSPECIFIED.);
#317=B_SPLINE_CURVE_WITH_KNOTS('',3,(#9372,#9373,#9374,#9375),
 .UNSPECIFIED.,.F.,.F.,(4,4),(6.70068797906343E-9,0.000642120390650593),
 .UNSPECIFIED.);
#318=B_SPLINE_CURVE_WITH_KNOTS('',3,(#9423,#9424,#9425,#9426),
 .UNSPECIFIED.,.F.,.F.,(4,4),(0.,1.),.UNSPECIFIED.);
#319=B_SPLINE_CURVE_WITH_KNOTS('',3,(#9427,#9428,#9429,#9430,#9431),
 .UNSPECIFIED.,.F.,.F.,(4,1,4),(0.,0.00235523161145966,0.00471046322291932),
 .UNSPECIFIED.);
#320=B_SPLINE_CURVE_WITH_KNOTS('',3,(#9435,#9436,#9437,#9438,#9439),
 .UNSPECIFIED.,.F.,.F.,(4,1,4),(0.,0.00235522003849896,0.00471044007699792),
 .UNSPECIFIED.);
#321=B_SPLINE_CURVE_WITH_KNOTS('',3,(#9443,#9444,#9445,#9446,#9447),
 .UNSPECIFIED.,.F.,.F.,(4,1,4),(0.,0.00235523161145955,0.0047104632229191),
 .UNSPECIFIED.);
#322=B_SPLINE_CURVE_WITH_KNOTS('',3,(#9451,#9452,#9453,#9454,#9455),
 .UNSPECIFIED.,.F.,.F.,(4,1,4),(0.,0.00235522003849886,0.00471044007699773),
 .UNSPECIFIED.);
#323=B_SPLINE_CURVE_WITH_KNOTS('',3,(#9456,#9457,#9458,#9459),
 .UNSPECIFIED.,.F.,.F.,(4,4),(0.,1.),.UNSPECIFIED.);
#324=B_SPLINE_CURVE_WITH_KNOTS('',3,(#9562,#9563,#9564,#9565),
 .UNSPECIFIED.,.F.,.F.,(4,4),(0.,0.000623687420545223),.UNSPECIFIED.);
#325=B_SPLINE_CURVE_WITH_KNOTS('',3,(#9630,#9631,#9632,#9633),
 .UNSPECIFIED.,.F.,.F.,(4,4),(0.,0.000544605422715096),.UNSPECIFIED.);
#326=B_SPLINE_CURVE_WITH_KNOTS('',3,(#9673,#9674,#9675,#9676),
 .UNSPECIFIED.,.F.,.F.,(4,4),(0.,0.000618615421982366),.UNSPECIFIED.);
#327=B_SPLINE_CURVE_WITH_KNOTS('',3,(#9778,#9779,#9780,#9781,#9782),
 .UNSPECIFIED.,.F.,.F.,(4,1,4),(0.,0.5,1.),.UNSPECIFIED.);
#328=B_SPLINE_CURVE_WITH_KNOTS('',3,(#9786,#9787,#9788,#9789,#9790),
 .UNSPECIFIED.,.F.,.F.,(4,1,4),(0.,0.5,1.),.UNSPECIFIED.);
#329=B_SPLINE_CURVE_WITH_KNOTS('',3,(#9794,#9795,#9796,#9797,#9798),
 .UNSPECIFIED.,.F.,.F.,(4,1,4),(0.,0.5,1.),.UNSPECIFIED.);
#330=B_SPLINE_CURVE_WITH_KNOTS('',3,(#9802,#9803,#9804,#9805,#9806),
 .UNSPECIFIED.,.F.,.F.,(4,1,4),(0.,0.5,1.),.UNSPECIFIED.);
#331=B_SPLINE_CURVE_WITH_KNOTS('',3,(#9827,#9828,#9829,#9830),
 .UNSPECIFIED.,.F.,.F.,(4,4),(0.,0.000549184331961141),.UNSPECIFIED.);
#332=B_SPLINE_CURVE_WITH_KNOTS('',3,(#9961,#9962,#9963,#9964,#9965),
 .UNSPECIFIED.,.F.,.F.,(4,1,4),(0.,0.5,1.),.UNSPECIFIED.);
#333=B_SPLINE_CURVE_WITH_KNOTS('',3,(#9976,#9977,#9978,#9979,#9980),
 .UNSPECIFIED.,.F.,.F.,(4,1,4),(0.,0.5,1.),.UNSPECIFIED.);
#334=B_SPLINE_CURVE_WITH_KNOTS('',3,(#9997,#9998,#9999,#10000,#10001),
 .UNSPECIFIED.,.F.,.F.,(4,1,4),(0.,0.5,1.),.UNSPECIFIED.);
#335=B_SPLINE_CURVE_WITH_KNOTS('',3,(#10014,#10015,#10016,#10017,#10018),
 .UNSPECIFIED.,.F.,.F.,(4,1,4),(0.,0.5,1.),.UNSPECIFIED.);
#336=B_SPLINE_CURVE_WITH_KNOTS('',3,(#10981,#10982,#10983,#10984),
 .UNSPECIFIED.,.F.,.F.,(4,4),(0.,7.29577538389936E-5),.UNSPECIFIED.);
#337=B_SPLINE_CURVE_WITH_KNOTS('',3,(#10989,#10990,#10991,#10992),
 .UNSPECIFIED.,.F.,.F.,(4,4),(0.,7.29577538389936E-5),.UNSPECIFIED.);
#338=B_SPLINE_CURVE_WITH_KNOTS('',3,(#10994,#10995,#10996,#10997,#10998,
#10999,#11000),.UNSPECIFIED.,.F.,.F.,(4,1,1,1,4),(0.,0.25,0.5,0.75,1.),
 .UNSPECIFIED.);
#339=B_SPLINE_CURVE_WITH_KNOTS('',3,(#11037,#11038,#11039,#11040,#11041),
 .UNSPECIFIED.,.F.,.F.,(4,1,4),(0.,0.5,1.),.UNSPECIFIED.);
#340=B_SPLINE_CURVE_WITH_KNOTS('',3,(#11151,#11152,#11153,#11154),
 .UNSPECIFIED.,.F.,.F.,(4,4),(0.,1.),.UNSPECIFIED.);
#341=B_SPLINE_CURVE_WITH_KNOTS('',3,(#11200,#11201,#11202,#11203),
 .UNSPECIFIED.,.F.,.F.,(4,4),(0.,1.),.UNSPECIFIED.);
#342=B_SPLINE_CURVE_WITH_KNOTS('',3,(#11301,#11302,#11303,#11304),
 .UNSPECIFIED.,.F.,.F.,(4,4),(0.,1.),.UNSPECIFIED.);
#343=B_SPLINE_CURVE_WITH_KNOTS('',3,(#11305,#11306,#11307,#11308),
 .UNSPECIFIED.,.F.,.F.,(4,4),(0.,1.),.UNSPECIFIED.);
#344=B_SPLINE_CURVE_WITH_KNOTS('',3,(#11310,#11311,#11312,#11313),
 .UNSPECIFIED.,.F.,.F.,(4,4),(0.,1.),.UNSPECIFIED.);
#345=B_SPLINE_CURVE_WITH_KNOTS('',3,(#11315,#11316,#11317,#11318),
 .UNSPECIFIED.,.F.,.F.,(4,4),(0.,1.),.UNSPECIFIED.);
#346=B_SPLINE_CURVE_WITH_KNOTS('',3,(#11331,#11332,#11333,#11334),
 .UNSPECIFIED.,.F.,.F.,(4,4),(0.,1.),.UNSPECIFIED.);
#347=B_SPLINE_CURVE_WITH_KNOTS('',3,(#11347,#11348,#11349,#11350),
 .UNSPECIFIED.,.F.,.F.,(4,4),(0.,1.),.UNSPECIFIED.);
#348=B_SPLINE_CURVE_WITH_KNOTS('',3,(#11352,#11353,#11354,#11355),
 .UNSPECIFIED.,.F.,.F.,(4,4),(0.,1.),.UNSPECIFIED.);
#349=B_SPLINE_CURVE_WITH_KNOTS('',3,(#11357,#11358,#11359,#11360),
 .UNSPECIFIED.,.F.,.F.,(4,4),(0.,1.),.UNSPECIFIED.);
#350=ORIENTED_EDGE('',*,*,#2220,.T.);
#351=ORIENTED_EDGE('',*,*,#2221,.T.);
#352=ORIENTED_EDGE('',*,*,#2222,.T.);
#353=ORIENTED_EDGE('',*,*,#2223,.T.);
#354=ORIENTED_EDGE('',*,*,#2224,.T.);
#355=ORIENTED_EDGE('',*,*,#2225,.T.);
#356=ORIENTED_EDGE('',*,*,#2226,.T.);
#357=ORIENTED_EDGE('',*,*,#2227,.T.);
#358=ORIENTED_EDGE('',*,*,#2228,.T.);
#359=ORIENTED_EDGE('',*,*,#2229,.T.);
#360=ORIENTED_EDGE('',*,*,#2230,.T.);
#361=ORIENTED_EDGE('',*,*,#2231,.T.);
#362=ORIENTED_EDGE('',*,*,#2232,.F.);
#363=ORIENTED_EDGE('',*,*,#2233,.T.);
#364=ORIENTED_EDGE('',*,*,#2234,.T.);
#365=ORIENTED_EDGE('',*,*,#2235,.T.);
#366=ORIENTED_EDGE('',*,*,#2236,.T.);
#367=ORIENTED_EDGE('',*,*,#2237,.T.);
#368=ORIENTED_EDGE('',*,*,#2238,.T.);
#369=ORIENTED_EDGE('',*,*,#2239,.T.);
#370=ORIENTED_EDGE('',*,*,#2240,.T.);
#371=ORIENTED_EDGE('',*,*,#2241,.T.);
#372=ORIENTED_EDGE('',*,*,#2242,.T.);
#373=ORIENTED_EDGE('',*,*,#2243,.T.);
#374=ORIENTED_EDGE('',*,*,#2244,.T.);
#375=ORIENTED_EDGE('',*,*,#2245,.T.);
#376=ORIENTED_EDGE('',*,*,#2246,.T.);
#377=ORIENTED_EDGE('',*,*,#2247,.T.);
#378=ORIENTED_EDGE('',*,*,#2248,.T.);
#379=ORIENTED_EDGE('',*,*,#2249,.T.);
#380=ORIENTED_EDGE('',*,*,#2250,.T.);
#381=ORIENTED_EDGE('',*,*,#2251,.T.);
#382=ORIENTED_EDGE('',*,*,#2252,.T.);
#383=ORIENTED_EDGE('',*,*,#2253,.T.);
#384=ORIENTED_EDGE('',*,*,#2254,.T.);
#385=ORIENTED_EDGE('',*,*,#2255,.T.);
#386=ORIENTED_EDGE('',*,*,#2256,.T.);
#387=ORIENTED_EDGE('',*,*,#2257,.T.);
#388=ORIENTED_EDGE('',*,*,#2258,.T.);
#389=ORIENTED_EDGE('',*,*,#2259,.T.);
#390=ORIENTED_EDGE('',*,*,#2260,.T.);
#391=ORIENTED_EDGE('',*,*,#2261,.T.);
#392=ORIENTED_EDGE('',*,*,#2262,.T.);
#393=ORIENTED_EDGE('',*,*,#2263,.T.);
#394=ORIENTED_EDGE('',*,*,#2264,.T.);
#395=ORIENTED_EDGE('',*,*,#2265,.T.);
#396=ORIENTED_EDGE('',*,*,#2266,.T.);
#397=ORIENTED_EDGE('',*,*,#2267,.T.);
#398=ORIENTED_EDGE('',*,*,#2268,.T.);
#399=ORIENTED_EDGE('',*,*,#2269,.T.);
#400=ORIENTED_EDGE('',*,*,#2270,.T.);
#401=ORIENTED_EDGE('',*,*,#2271,.T.);
#402=ORIENTED_EDGE('',*,*,#2272,.F.);
#403=ORIENTED_EDGE('',*,*,#2273,.T.);
#404=ORIENTED_EDGE('',*,*,#2274,.T.);
#405=ORIENTED_EDGE('',*,*,#2275,.F.);
#406=ORIENTED_EDGE('',*,*,#2276,.T.);
#407=ORIENTED_EDGE('',*,*,#2277,.T.);
#408=ORIENTED_EDGE('',*,*,#2278,.T.);
#409=ORIENTED_EDGE('',*,*,#2279,.F.);
#410=ORIENTED_EDGE('',*,*,#2280,.T.);
#411=ORIENTED_EDGE('',*,*,#2281,.T.);
#412=ORIENTED_EDGE('',*,*,#2282,.F.);
#413=ORIENTED_EDGE('',*,*,#2283,.T.);
#414=ORIENTED_EDGE('',*,*,#2284,.T.);
#415=ORIENTED_EDGE('',*,*,#2285,.T.);
#416=ORIENTED_EDGE('',*,*,#2286,.T.);
#417=ORIENTED_EDGE('',*,*,#2287,.T.);
#418=ORIENTED_EDGE('',*,*,#2288,.F.);
#419=ORIENTED_EDGE('',*,*,#2289,.T.);
#420=ORIENTED_EDGE('',*,*,#2290,.T.);
#421=ORIENTED_EDGE('',*,*,#2291,.T.);
#422=ORIENTED_EDGE('',*,*,#2292,.T.);
#423=ORIENTED_EDGE('',*,*,#2293,.T.);
#424=ORIENTED_EDGE('',*,*,#2294,.F.);
#425=ORIENTED_EDGE('',*,*,#2295,.F.);
#426=ORIENTED_EDGE('',*,*,#2296,.T.);
#427=ORIENTED_EDGE('',*,*,#2297,.T.);
#428=ORIENTED_EDGE('',*,*,#2298,.T.);
#429=ORIENTED_EDGE('',*,*,#2299,.T.);
#430=ORIENTED_EDGE('',*,*,#2300,.T.);
#431=ORIENTED_EDGE('',*,*,#2301,.T.);
#432=ORIENTED_EDGE('',*,*,#2302,.T.);
#433=ORIENTED_EDGE('',*,*,#2303,.F.);
#434=ORIENTED_EDGE('',*,*,#2304,.F.);
#435=ORIENTED_EDGE('',*,*,#2305,.T.);
#436=ORIENTED_EDGE('',*,*,#2306,.F.);
#437=ORIENTED_EDGE('',*,*,#2307,.F.);
#438=ORIENTED_EDGE('',*,*,#2308,.F.);
#439=ORIENTED_EDGE('',*,*,#2309,.T.);
#440=ORIENTED_EDGE('',*,*,#2310,.T.);
#441=ORIENTED_EDGE('',*,*,#2311,.F.);
#442=ORIENTED_EDGE('',*,*,#2312,.T.);
#443=ORIENTED_EDGE('',*,*,#2313,.F.);
#444=ORIENTED_EDGE('',*,*,#2314,.T.);
#445=ORIENTED_EDGE('',*,*,#2315,.F.);
#446=ORIENTED_EDGE('',*,*,#2316,.T.);
#447=ORIENTED_EDGE('',*,*,#2317,.F.);
#448=ORIENTED_EDGE('',*,*,#2318,.T.);
#449=ORIENTED_EDGE('',*,*,#2319,.T.);
#450=ORIENTED_EDGE('',*,*,#2320,.F.);
#451=ORIENTED_EDGE('',*,*,#2321,.F.);
#452=ORIENTED_EDGE('',*,*,#2322,.F.);
#453=ORIENTED_EDGE('',*,*,#2323,.F.);
#454=ORIENTED_EDGE('',*,*,#2324,.T.);
#455=ORIENTED_EDGE('',*,*,#2325,.T.);
#456=ORIENTED_EDGE('',*,*,#2295,.T.);
#457=ORIENTED_EDGE('',*,*,#2326,.F.);
#458=ORIENTED_EDGE('',*,*,#2327,.F.);
#459=ORIENTED_EDGE('',*,*,#2328,.F.);
#460=ORIENTED_EDGE('',*,*,#2329,.T.);
#461=ORIENTED_EDGE('',*,*,#2330,.F.);
#462=ORIENTED_EDGE('',*,*,#2331,.F.);
#463=ORIENTED_EDGE('',*,*,#2332,.F.);
#464=ORIENTED_EDGE('',*,*,#2303,.T.);
#465=ORIENTED_EDGE('',*,*,#2333,.T.);
#466=ORIENTED_EDGE('',*,*,#2334,.T.);
#467=ORIENTED_EDGE('',*,*,#2335,.T.);
#468=ORIENTED_EDGE('',*,*,#2336,.T.);
#469=ORIENTED_EDGE('',*,*,#2337,.T.);
#470=ORIENTED_EDGE('',*,*,#2338,.T.);
#471=ORIENTED_EDGE('',*,*,#2339,.T.);
#472=ORIENTED_EDGE('',*,*,#2340,.T.);
#473=ORIENTED_EDGE('',*,*,#2341,.T.);
#474=ORIENTED_EDGE('',*,*,#2342,.T.);
#475=ORIENTED_EDGE('',*,*,#2343,.T.);
#476=ORIENTED_EDGE('',*,*,#2344,.T.);
#477=ORIENTED_EDGE('',*,*,#2345,.T.);
#478=ORIENTED_EDGE('',*,*,#2346,.T.);
#479=ORIENTED_EDGE('',*,*,#2347,.T.);
#480=ORIENTED_EDGE('',*,*,#2348,.T.);
#481=ORIENTED_EDGE('',*,*,#2349,.T.);
#482=ORIENTED_EDGE('',*,*,#2350,.T.);
#483=ORIENTED_EDGE('',*,*,#2351,.T.);
#484=ORIENTED_EDGE('',*,*,#2352,.T.);
#485=ORIENTED_EDGE('',*,*,#2353,.T.);
#486=ORIENTED_EDGE('',*,*,#2354,.T.);
#487=ORIENTED_EDGE('',*,*,#2355,.T.);
#488=ORIENTED_EDGE('',*,*,#2356,.F.);
#489=ORIENTED_EDGE('',*,*,#2357,.F.);
#490=ORIENTED_EDGE('',*,*,#2358,.F.);
#491=ORIENTED_EDGE('',*,*,#2359,.F.);
#492=ORIENTED_EDGE('',*,*,#2360,.F.);
#493=ORIENTED_EDGE('',*,*,#2361,.F.);
#494=ORIENTED_EDGE('',*,*,#2362,.F.);
#495=ORIENTED_EDGE('',*,*,#2363,.T.);
#496=ORIENTED_EDGE('',*,*,#2364,.T.);
#497=ORIENTED_EDGE('',*,*,#2365,.F.);
#498=ORIENTED_EDGE('',*,*,#2366,.T.);
#499=ORIENTED_EDGE('',*,*,#2367,.T.);
#500=ORIENTED_EDGE('',*,*,#2368,.T.);
#501=ORIENTED_EDGE('',*,*,#2369,.T.);
#502=ORIENTED_EDGE('',*,*,#2370,.F.);
#503=ORIENTED_EDGE('',*,*,#2371,.F.);
#504=ORIENTED_EDGE('',*,*,#2372,.T.);
#505=ORIENTED_EDGE('',*,*,#2373,.F.);
#506=ORIENTED_EDGE('',*,*,#2374,.T.);
#507=ORIENTED_EDGE('',*,*,#2369,.F.);
#508=ORIENTED_EDGE('',*,*,#2375,.T.);
#509=ORIENTED_EDGE('',*,*,#2376,.T.);
#510=ORIENTED_EDGE('',*,*,#2377,.T.);
#511=ORIENTED_EDGE('',*,*,#2378,.T.);
#512=ORIENTED_EDGE('',*,*,#2379,.T.);
#513=ORIENTED_EDGE('',*,*,#2380,.F.);
#514=ORIENTED_EDGE('',*,*,#2381,.T.);
#515=ORIENTED_EDGE('',*,*,#2365,.T.);
#516=ORIENTED_EDGE('',*,*,#2382,.T.);
#517=ORIENTED_EDGE('',*,*,#2383,.T.);
#518=ORIENTED_EDGE('',*,*,#2384,.T.);
#519=ORIENTED_EDGE('',*,*,#2385,.T.);
#520=ORIENTED_EDGE('',*,*,#2386,.T.);
#521=ORIENTED_EDGE('',*,*,#2387,.T.);
#522=ORIENTED_EDGE('',*,*,#2388,.T.);
#523=ORIENTED_EDGE('',*,*,#2389,.T.);
#524=ORIENTED_EDGE('',*,*,#2390,.F.);
#525=ORIENTED_EDGE('',*,*,#2391,.T.);
#526=ORIENTED_EDGE('',*,*,#2392,.T.);
#527=ORIENTED_EDGE('',*,*,#2393,.F.);
#528=ORIENTED_EDGE('',*,*,#2394,.F.);
#529=ORIENTED_EDGE('',*,*,#2395,.T.);
#530=ORIENTED_EDGE('',*,*,#2313,.T.);
#531=ORIENTED_EDGE('',*,*,#2396,.T.);
#532=ORIENTED_EDGE('',*,*,#2397,.F.);
#533=ORIENTED_EDGE('',*,*,#2398,.T.);
#534=ORIENTED_EDGE('',*,*,#2399,.F.);
#535=ORIENTED_EDGE('',*,*,#2400,.F.);
#536=ORIENTED_EDGE('',*,*,#2401,.T.);
#537=ORIENTED_EDGE('',*,*,#2402,.F.);
#538=ORIENTED_EDGE('',*,*,#2403,.T.);
#539=ORIENTED_EDGE('',*,*,#2404,.T.);
#540=ORIENTED_EDGE('',*,*,#2405,.T.);
#541=ORIENTED_EDGE('',*,*,#2406,.F.);
#542=ORIENTED_EDGE('',*,*,#2407,.T.);
#543=ORIENTED_EDGE('',*,*,#2408,.T.);
#544=ORIENTED_EDGE('',*,*,#2409,.T.);
#545=ORIENTED_EDGE('',*,*,#2410,.T.);
#546=ORIENTED_EDGE('',*,*,#2411,.F.);
#547=ORIENTED_EDGE('',*,*,#2412,.F.);
#548=ORIENTED_EDGE('',*,*,#2413,.T.);
#549=ORIENTED_EDGE('',*,*,#2414,.T.);
#550=ORIENTED_EDGE('',*,*,#2415,.T.);
#551=ORIENTED_EDGE('',*,*,#2416,.F.);
#552=ORIENTED_EDGE('',*,*,#2417,.F.);
#553=ORIENTED_EDGE('',*,*,#2418,.T.);
#554=ORIENTED_EDGE('',*,*,#2419,.F.);
#555=ORIENTED_EDGE('',*,*,#2420,.T.);
#556=ORIENTED_EDGE('',*,*,#2421,.F.);
#557=ORIENTED_EDGE('',*,*,#2422,.T.);
#558=ORIENTED_EDGE('',*,*,#2423,.F.);
#559=ORIENTED_EDGE('',*,*,#2424,.T.);
#560=ORIENTED_EDGE('',*,*,#2425,.F.);
#561=ORIENTED_EDGE('',*,*,#2426,.T.);
#562=ORIENTED_EDGE('',*,*,#2427,.F.);
#563=ORIENTED_EDGE('',*,*,#2428,.T.);
#564=ORIENTED_EDGE('',*,*,#2429,.F.);
#565=ORIENTED_EDGE('',*,*,#2430,.T.);
#566=ORIENTED_EDGE('',*,*,#2431,.T.);
#567=ORIENTED_EDGE('',*,*,#2432,.T.);
#568=ORIENTED_EDGE('',*,*,#2433,.T.);
#569=ORIENTED_EDGE('',*,*,#2434,.T.);
#570=ORIENTED_EDGE('',*,*,#2435,.T.);
#571=ORIENTED_EDGE('',*,*,#2436,.T.);
#572=ORIENTED_EDGE('',*,*,#2437,.T.);
#573=ORIENTED_EDGE('',*,*,#2402,.T.);
#574=ORIENTED_EDGE('',*,*,#2282,.T.);
#575=ORIENTED_EDGE('',*,*,#2438,.T.);
#576=ORIENTED_EDGE('',*,*,#2439,.T.);
#577=ORIENTED_EDGE('',*,*,#2440,.T.);
#578=ORIENTED_EDGE('',*,*,#2441,.T.);
#579=ORIENTED_EDGE('',*,*,#2442,.T.);
#580=ORIENTED_EDGE('',*,*,#2443,.T.);
#581=ORIENTED_EDGE('',*,*,#2444,.F.);
#582=ORIENTED_EDGE('',*,*,#2445,.T.);
#583=ORIENTED_EDGE('',*,*,#2446,.T.);
#584=ORIENTED_EDGE('',*,*,#2447,.T.);
#585=ORIENTED_EDGE('',*,*,#2373,.T.);
#586=ORIENTED_EDGE('',*,*,#2448,.T.);
#587=ORIENTED_EDGE('',*,*,#2449,.T.);
#588=ORIENTED_EDGE('',*,*,#2450,.T.);
#589=ORIENTED_EDGE('',*,*,#2400,.T.);
#590=ORIENTED_EDGE('',*,*,#2451,.T.);
#591=ORIENTED_EDGE('',*,*,#2452,.T.);
#592=ORIENTED_EDGE('',*,*,#2453,.T.);
#593=ORIENTED_EDGE('',*,*,#2454,.T.);
#594=ORIENTED_EDGE('',*,*,#2455,.F.);
#595=ORIENTED_EDGE('',*,*,#2456,.F.);
#596=ORIENTED_EDGE('',*,*,#2457,.T.);
#597=ORIENTED_EDGE('',*,*,#2458,.F.);
#598=ORIENTED_EDGE('',*,*,#2455,.T.);
#599=ORIENTED_EDGE('',*,*,#2459,.T.);
#600=ORIENTED_EDGE('',*,*,#2460,.T.);
#601=ORIENTED_EDGE('',*,*,#2461,.F.);
#602=ORIENTED_EDGE('',*,*,#2462,.T.);
#603=ORIENTED_EDGE('',*,*,#2463,.T.);
#604=ORIENTED_EDGE('',*,*,#2464,.T.);
#605=ORIENTED_EDGE('',*,*,#2465,.T.);
#606=ORIENTED_EDGE('',*,*,#2466,.T.);
#607=ORIENTED_EDGE('',*,*,#2427,.T.);
#608=ORIENTED_EDGE('',*,*,#2467,.T.);
#609=ORIENTED_EDGE('',*,*,#2468,.T.);
#610=ORIENTED_EDGE('',*,*,#2469,.T.);
#611=ORIENTED_EDGE('',*,*,#2419,.T.);
#612=ORIENTED_EDGE('',*,*,#2470,.T.);
#613=ORIENTED_EDGE('',*,*,#2471,.T.);
#614=ORIENTED_EDGE('',*,*,#2472,.T.);
#615=ORIENTED_EDGE('',*,*,#2473,.T.);
#616=ORIENTED_EDGE('',*,*,#2448,.F.);
#617=ORIENTED_EDGE('',*,*,#2474,.T.);
#618=ORIENTED_EDGE('',*,*,#2380,.T.);
#619=ORIENTED_EDGE('',*,*,#2475,.T.);
#620=ORIENTED_EDGE('',*,*,#2476,.T.);
#621=ORIENTED_EDGE('',*,*,#2371,.T.);
#622=ORIENTED_EDGE('',*,*,#2477,.T.);
#623=ORIENTED_EDGE('',*,*,#2478,.T.);
#624=ORIENTED_EDGE('',*,*,#2479,.T.);
#625=ORIENTED_EDGE('',*,*,#2480,.T.);
#626=ORIENTED_EDGE('',*,*,#2481,.T.);
#627=ORIENTED_EDGE('',*,*,#2482,.T.);
#628=ORIENTED_EDGE('',*,*,#2483,.T.);
#629=ORIENTED_EDGE('',*,*,#2484,.T.);
#630=ORIENTED_EDGE('',*,*,#2485,.T.);
#631=ORIENTED_EDGE('',*,*,#2486,.T.);
#632=ORIENTED_EDGE('',*,*,#2487,.T.);
#633=ORIENTED_EDGE('',*,*,#2488,.T.);
#634=ORIENTED_EDGE('',*,*,#2489,.T.);
#635=ORIENTED_EDGE('',*,*,#2490,.T.);
#636=ORIENTED_EDGE('',*,*,#2491,.T.);
#637=ORIENTED_EDGE('',*,*,#2492,.T.);
#638=ORIENTED_EDGE('',*,*,#2493,.T.);
#639=ORIENTED_EDGE('',*,*,#2287,.F.);
#640=ORIENTED_EDGE('',*,*,#2494,.T.);
#641=ORIENTED_EDGE('',*,*,#2495,.T.);
#642=ORIENTED_EDGE('',*,*,#2496,.T.);
#643=ORIENTED_EDGE('',*,*,#2497,.F.);
#644=ORIENTED_EDGE('',*,*,#2498,.T.);
#645=ORIENTED_EDGE('',*,*,#2499,.T.);
#646=ORIENTED_EDGE('',*,*,#2500,.T.);
#647=ORIENTED_EDGE('',*,*,#2501,.T.);
#648=ORIENTED_EDGE('',*,*,#2502,.T.);
#649=ORIENTED_EDGE('',*,*,#2503,.F.);
#650=ORIENTED_EDGE('',*,*,#2504,.T.);
#651=ORIENTED_EDGE('',*,*,#2505,.T.);
#652=ORIENTED_EDGE('',*,*,#2404,.F.);
#653=ORIENTED_EDGE('',*,*,#2506,.T.);
#654=ORIENTED_EDGE('',*,*,#2507,.T.);
#655=ORIENTED_EDGE('',*,*,#2508,.T.);
#656=ORIENTED_EDGE('',*,*,#2492,.F.);
#657=ORIENTED_EDGE('',*,*,#2509,.T.);
#658=ORIENTED_EDGE('',*,*,#2510,.T.);
#659=ORIENTED_EDGE('',*,*,#2511,.T.);
#660=ORIENTED_EDGE('',*,*,#2497,.T.);
#661=ORIENTED_EDGE('',*,*,#2512,.T.);
#662=ORIENTED_EDGE('',*,*,#2513,.T.);
#663=ORIENTED_EDGE('',*,*,#2514,.T.);
#664=ORIENTED_EDGE('',*,*,#2495,.F.);
#665=ORIENTED_EDGE('',*,*,#2444,.T.);
#666=ORIENTED_EDGE('',*,*,#2515,.T.);
#667=ORIENTED_EDGE('',*,*,#2458,.T.);
#668=ORIENTED_EDGE('',*,*,#2516,.T.);
#669=ORIENTED_EDGE('',*,*,#2517,.F.);
#670=ORIENTED_EDGE('',*,*,#2518,.T.);
#671=ORIENTED_EDGE('',*,*,#2411,.T.);
#672=ORIENTED_EDGE('',*,*,#2519,.T.);
#673=ORIENTED_EDGE('',*,*,#2520,.F.);
#674=ORIENTED_EDGE('',*,*,#2279,.T.);
#675=ORIENTED_EDGE('',*,*,#2521,.T.);
#676=ORIENTED_EDGE('',*,*,#2317,.T.);
#677=ORIENTED_EDGE('',*,*,#2522,.T.);
#678=ORIENTED_EDGE('',*,*,#2523,.T.);
#679=ORIENTED_EDGE('',*,*,#2524,.T.);
#680=ORIENTED_EDGE('',*,*,#2389,.F.);
#681=ORIENTED_EDGE('',*,*,#2525,.T.);
#682=ORIENTED_EDGE('',*,*,#2526,.F.);
#683=ORIENTED_EDGE('',*,*,#2480,.F.);
#684=ORIENTED_EDGE('',*,*,#2527,.T.);
#685=ORIENTED_EDGE('',*,*,#2528,.T.);
#686=ORIENTED_EDGE('',*,*,#2529,.T.);
#687=ORIENTED_EDGE('',*,*,#2530,.T.);
#688=ORIENTED_EDGE('',*,*,#2531,.T.);
#689=ORIENTED_EDGE('',*,*,#2532,.F.);
#690=ORIENTED_EDGE('',*,*,#2508,.F.);
#691=ORIENTED_EDGE('',*,*,#2533,.T.);
#692=ORIENTED_EDGE('',*,*,#2284,.F.);
#693=ORIENTED_EDGE('',*,*,#2493,.F.);
#694=ORIENTED_EDGE('',*,*,#2286,.F.);
#695=ORIENTED_EDGE('',*,*,#2534,.T.);
#696=ORIENTED_EDGE('',*,*,#2512,.F.);
#697=ORIENTED_EDGE('',*,*,#2494,.F.);
#698=ORIENTED_EDGE('',*,*,#2511,.F.);
#699=ORIENTED_EDGE('',*,*,#2535,.T.);
#700=ORIENTED_EDGE('',*,*,#2506,.F.);
#701=ORIENTED_EDGE('',*,*,#2498,.F.);
#702=ORIENTED_EDGE('',*,*,#2514,.F.);
#703=ORIENTED_EDGE('',*,*,#2536,.T.);
#704=ORIENTED_EDGE('',*,*,#2509,.F.);
#705=ORIENTED_EDGE('',*,*,#2496,.F.);
#706=ORIENTED_EDGE('',*,*,#2537,.F.);
#707=ORIENTED_EDGE('',*,*,#2507,.F.);
#708=ORIENTED_EDGE('',*,*,#2538,.F.);
#709=ORIENTED_EDGE('',*,*,#2271,.F.);
#710=ORIENTED_EDGE('',*,*,#2533,.F.);
#711=ORIENTED_EDGE('',*,*,#2537,.T.);
#712=ORIENTED_EDGE('',*,*,#2539,.F.);
#713=ORIENTED_EDGE('',*,*,#2538,.T.);
#714=ORIENTED_EDGE('',*,*,#2535,.F.);
#715=ORIENTED_EDGE('',*,*,#2540,.F.);
#716=ORIENTED_EDGE('',*,*,#2539,.T.);
#717=ORIENTED_EDGE('',*,*,#2270,.F.);
#718=ORIENTED_EDGE('',*,*,#2541,.F.);
#719=ORIENTED_EDGE('',*,*,#2285,.F.);
#720=ORIENTED_EDGE('',*,*,#2540,.T.);
#721=ORIENTED_EDGE('',*,*,#2510,.F.);
#722=ORIENTED_EDGE('',*,*,#2542,.F.);
#723=ORIENTED_EDGE('',*,*,#2268,.F.);
#724=ORIENTED_EDGE('',*,*,#2534,.F.);
#725=ORIENTED_EDGE('',*,*,#2541,.T.);
#726=ORIENTED_EDGE('',*,*,#2543,.F.);
#727=ORIENTED_EDGE('',*,*,#2542,.T.);
#728=ORIENTED_EDGE('',*,*,#2536,.F.);
#729=ORIENTED_EDGE('',*,*,#2544,.F.);
#730=ORIENTED_EDGE('',*,*,#2543,.T.);
#731=ORIENTED_EDGE('',*,*,#2269,.F.);
#732=ORIENTED_EDGE('',*,*,#2544,.T.);
#733=ORIENTED_EDGE('',*,*,#2513,.F.);
#734=ORIENTED_EDGE('',*,*,#2545,.F.);
#735=ORIENTED_EDGE('',*,*,#2532,.T.);
#736=ORIENTED_EDGE('',*,*,#2545,.T.);
#737=ORIENTED_EDGE('',*,*,#2546,.F.);
#738=ORIENTED_EDGE('',*,*,#2370,.T.);
#739=ORIENTED_EDGE('',*,*,#2546,.T.);
#740=ORIENTED_EDGE('',*,*,#2547,.F.);
#741=ORIENTED_EDGE('',*,*,#2526,.T.);
#742=ORIENTED_EDGE('',*,*,#2547,.T.);
#743=ORIENTED_EDGE('',*,*,#2548,.F.);
#744=ORIENTED_EDGE('',*,*,#2393,.T.);
#745=ORIENTED_EDGE('',*,*,#2548,.T.);
#746=ORIENTED_EDGE('',*,*,#2549,.F.);
#747=ORIENTED_EDGE('',*,*,#2416,.T.);
#748=ORIENTED_EDGE('',*,*,#2549,.T.);
#749=ORIENTED_EDGE('',*,*,#2550,.F.);
#750=ORIENTED_EDGE('',*,*,#2399,.T.);
#751=ORIENTED_EDGE('',*,*,#2550,.T.);
#752=ORIENTED_EDGE('',*,*,#2551,.F.);
#753=ORIENTED_EDGE('',*,*,#2429,.T.);
#754=ORIENTED_EDGE('',*,*,#2551,.T.);
#755=ORIENTED_EDGE('',*,*,#2552,.F.);
#756=ORIENTED_EDGE('',*,*,#2520,.T.);
#757=ORIENTED_EDGE('',*,*,#2552,.T.);
#758=ORIENTED_EDGE('',*,*,#2553,.T.);
#759=ORIENTED_EDGE('',*,*,#2554,.T.);
#760=ORIENTED_EDGE('',*,*,#2555,.F.);
#761=ORIENTED_EDGE('',*,*,#2329,.F.);
#762=ORIENTED_EDGE('',*,*,#2556,.T.);
#763=ORIENTED_EDGE('',*,*,#2557,.T.);
#764=ORIENTED_EDGE('',*,*,#2553,.F.);
#765=ORIENTED_EDGE('',*,*,#2328,.T.);
#766=ORIENTED_EDGE('',*,*,#2555,.T.);
#767=ORIENTED_EDGE('',*,*,#2558,.T.);
#768=ORIENTED_EDGE('',*,*,#2559,.F.);
#769=ORIENTED_EDGE('',*,*,#2330,.T.);
#770=ORIENTED_EDGE('',*,*,#2560,.T.);
#771=ORIENTED_EDGE('',*,*,#2561,.T.);
#772=ORIENTED_EDGE('',*,*,#2556,.F.);
#773=ORIENTED_EDGE('',*,*,#2327,.T.);
#774=ORIENTED_EDGE('',*,*,#2294,.T.);
#775=ORIENTED_EDGE('',*,*,#2562,.T.);
#776=ORIENTED_EDGE('',*,*,#2560,.F.);
#777=ORIENTED_EDGE('',*,*,#2326,.T.);
#778=ORIENTED_EDGE('',*,*,#2563,.T.);
#779=ORIENTED_EDGE('',*,*,#2564,.T.);
#780=ORIENTED_EDGE('',*,*,#2292,.F.);
#781=ORIENTED_EDGE('',*,*,#2332,.T.);
#782=ORIENTED_EDGE('',*,*,#2559,.T.);
#783=ORIENTED_EDGE('',*,*,#2565,.T.);
#784=ORIENTED_EDGE('',*,*,#2563,.F.);
#785=ORIENTED_EDGE('',*,*,#2331,.T.);
#786=ORIENTED_EDGE('',*,*,#2422,.F.);
#787=ORIENTED_EDGE('',*,*,#2566,.F.);
#788=ORIENTED_EDGE('',*,*,#2567,.T.);
#789=ORIENTED_EDGE('',*,*,#2568,.T.);
#790=ORIENTED_EDGE('',*,*,#2569,.T.);
#791=ORIENTED_EDGE('',*,*,#2570,.T.);
#792=ORIENTED_EDGE('',*,*,#2571,.T.);
#793=ORIENTED_EDGE('',*,*,#2421,.T.);
#794=ORIENTED_EDGE('',*,*,#2572,.T.);
#795=ORIENTED_EDGE('',*,*,#2573,.F.);
#796=ORIENTED_EDGE('',*,*,#2566,.T.);
#797=ORIENTED_EDGE('',*,*,#2574,.F.);
#798=ORIENTED_EDGE('',*,*,#2575,.T.);
#799=ORIENTED_EDGE('',*,*,#2425,.T.);
#800=ORIENTED_EDGE('',*,*,#2576,.F.);
#801=ORIENTED_EDGE('',*,*,#2424,.F.);
#802=ORIENTED_EDGE('',*,*,#2577,.F.);
#803=ORIENTED_EDGE('',*,*,#2578,.T.);
#804=ORIENTED_EDGE('',*,*,#2579,.T.);
#805=ORIENTED_EDGE('',*,*,#2580,.T.);
#806=ORIENTED_EDGE('',*,*,#2581,.T.);
#807=ORIENTED_EDGE('',*,*,#2576,.T.);
#808=ORIENTED_EDGE('',*,*,#2581,.F.);
#809=ORIENTED_EDGE('',*,*,#2582,.T.);
#810=ORIENTED_EDGE('',*,*,#2567,.F.);
#811=ORIENTED_EDGE('',*,*,#2573,.T.);
#812=ORIENTED_EDGE('',*,*,#2583,.T.);
#813=ORIENTED_EDGE('',*,*,#2468,.F.);
#814=ORIENTED_EDGE('',*,*,#2584,.T.);
#815=ORIENTED_EDGE('',*,*,#2574,.T.);
#816=ORIENTED_EDGE('',*,*,#2518,.F.);
#817=ORIENTED_EDGE('',*,*,#2585,.F.);
#818=ORIENTED_EDGE('',*,*,#2586,.T.);
#819=ORIENTED_EDGE('',*,*,#2587,.T.);
#820=ORIENTED_EDGE('',*,*,#2412,.T.);
#821=ORIENTED_EDGE('',*,*,#2517,.T.);
#822=ORIENTED_EDGE('',*,*,#2588,.T.);
#823=ORIENTED_EDGE('',*,*,#2589,.F.);
#824=ORIENTED_EDGE('',*,*,#2585,.T.);
#825=ORIENTED_EDGE('',*,*,#2590,.F.);
#826=ORIENTED_EDGE('',*,*,#2591,.T.);
#827=ORIENTED_EDGE('',*,*,#2417,.T.);
#828=ORIENTED_EDGE('',*,*,#2571,.F.);
#829=ORIENTED_EDGE('',*,*,#2592,.T.);
#830=ORIENTED_EDGE('',*,*,#2593,.T.);
#831=ORIENTED_EDGE('',*,*,#2586,.F.);
#832=ORIENTED_EDGE('',*,*,#2589,.T.);
#833=ORIENTED_EDGE('',*,*,#2594,.T.);
#834=ORIENTED_EDGE('',*,*,#2456,.T.);
#835=ORIENTED_EDGE('',*,*,#2461,.T.);
#836=ORIENTED_EDGE('',*,*,#2595,.T.);
#837=ORIENTED_EDGE('',*,*,#2471,.F.);
#838=ORIENTED_EDGE('',*,*,#2596,.T.);
#839=ORIENTED_EDGE('',*,*,#2590,.T.);
#840=ORIENTED_EDGE('',*,*,#2570,.F.);
#841=ORIENTED_EDGE('',*,*,#2597,.T.);
#842=ORIENTED_EDGE('',*,*,#2598,.T.);
#843=ORIENTED_EDGE('',*,*,#2423,.T.);
#844=ORIENTED_EDGE('',*,*,#2599,.T.);
#845=ORIENTED_EDGE('',*,*,#2600,.F.);
#846=ORIENTED_EDGE('',*,*,#2577,.T.);
#847=ORIENTED_EDGE('',*,*,#2601,.F.);
#848=ORIENTED_EDGE('',*,*,#2602,.T.);
#849=ORIENTED_EDGE('',*,*,#2406,.T.);
#850=ORIENTED_EDGE('',*,*,#2603,.F.);
#851=ORIENTED_EDGE('',*,*,#2405,.F.);
#852=ORIENTED_EDGE('',*,*,#2505,.F.);
#853=ORIENTED_EDGE('',*,*,#2604,.T.);
#854=ORIENTED_EDGE('',*,*,#2605,.T.);
#855=ORIENTED_EDGE('',*,*,#2603,.T.);
#856=ORIENTED_EDGE('',*,*,#2606,.T.);
#857=ORIENTED_EDGE('',*,*,#2607,.T.);
#858=ORIENTED_EDGE('',*,*,#2578,.F.);
#859=ORIENTED_EDGE('',*,*,#2600,.T.);
#860=ORIENTED_EDGE('',*,*,#2608,.T.);
#861=ORIENTED_EDGE('',*,*,#2465,.F.);
#862=ORIENTED_EDGE('',*,*,#2609,.T.);
#863=ORIENTED_EDGE('',*,*,#2474,.F.);
#864=ORIENTED_EDGE('',*,*,#2452,.F.);
#865=ORIENTED_EDGE('',*,*,#2610,.T.);
#866=ORIENTED_EDGE('',*,*,#2601,.T.);
#867=ORIENTED_EDGE('',*,*,#2605,.F.);
#868=ORIENTED_EDGE('',*,*,#2611,.T.);
#869=ORIENTED_EDGE('',*,*,#2612,.T.);
#870=ORIENTED_EDGE('',*,*,#2398,.F.);
#871=ORIENTED_EDGE('',*,*,#2613,.F.);
#872=ORIENTED_EDGE('',*,*,#2614,.T.);
#873=ORIENTED_EDGE('',*,*,#2615,.T.);
#874=ORIENTED_EDGE('',*,*,#2616,.T.);
#875=ORIENTED_EDGE('',*,*,#2617,.T.);
#876=ORIENTED_EDGE('',*,*,#2618,.T.);
#877=ORIENTED_EDGE('',*,*,#2397,.T.);
#878=ORIENTED_EDGE('',*,*,#2619,.T.);
#879=ORIENTED_EDGE('',*,*,#2620,.F.);
#880=ORIENTED_EDGE('',*,*,#2613,.T.);
#881=ORIENTED_EDGE('',*,*,#2385,.F.);
#882=ORIENTED_EDGE('',*,*,#2621,.T.);
#883=ORIENTED_EDGE('',*,*,#2622,.T.);
#884=ORIENTED_EDGE('',*,*,#2614,.F.);
#885=ORIENTED_EDGE('',*,*,#2620,.T.);
#886=ORIENTED_EDGE('',*,*,#2623,.T.);
#887=ORIENTED_EDGE('',*,*,#2311,.T.);
#888=ORIENTED_EDGE('',*,*,#2624,.T.);
#889=ORIENTED_EDGE('',*,*,#2523,.F.);
#890=ORIENTED_EDGE('',*,*,#2625,.T.);
#891=ORIENTED_EDGE('',*,*,#2626,.T.);
#892=ORIENTED_EDGE('',*,*,#2627,.T.);
#893=ORIENTED_EDGE('',*,*,#2628,.F.);
#894=ORIENTED_EDGE('',*,*,#2629,.T.);
#895=ORIENTED_EDGE('',*,*,#2394,.T.);
#896=ORIENTED_EDGE('',*,*,#2618,.F.);
#897=ORIENTED_EDGE('',*,*,#2524,.F.);
#898=ORIENTED_EDGE('',*,*,#2627,.F.);
#899=ORIENTED_EDGE('',*,*,#2630,.T.);
#900=ORIENTED_EDGE('',*,*,#2631,.T.);
#901=ORIENTED_EDGE('',*,*,#2390,.T.);
#902=ORIENTED_EDGE('',*,*,#2617,.F.);
#903=ORIENTED_EDGE('',*,*,#2632,.T.);
#904=ORIENTED_EDGE('',*,*,#2630,.F.);
#905=ORIENTED_EDGE('',*,*,#2626,.F.);
#906=ORIENTED_EDGE('',*,*,#2633,.T.);
#907=ORIENTED_EDGE('',*,*,#2315,.T.);
#908=ORIENTED_EDGE('',*,*,#2634,.T.);
#909=ORIENTED_EDGE('',*,*,#2628,.T.);
#910=ORIENTED_EDGE('',*,*,#2635,.T.);
#911=ORIENTED_EDGE('',*,*,#2636,.T.);
#912=ORIENTED_EDGE('',*,*,#2530,.F.);
#913=ORIENTED_EDGE('',*,*,#2637,.F.);
#914=ORIENTED_EDGE('',*,*,#2529,.F.);
#915=ORIENTED_EDGE('',*,*,#2638,.F.);
#916=ORIENTED_EDGE('',*,*,#2639,.T.);
#917=ORIENTED_EDGE('',*,*,#2640,.T.);
#918=ORIENTED_EDGE('',*,*,#2641,.T.);
#919=ORIENTED_EDGE('',*,*,#2642,.T.);
#920=ORIENTED_EDGE('',*,*,#2637,.T.);
#921=ORIENTED_EDGE('',*,*,#2642,.F.);
#922=ORIENTED_EDGE('',*,*,#2643,.T.);
#923=ORIENTED_EDGE('',*,*,#2644,.T.);
#924=ORIENTED_EDGE('',*,*,#2482,.F.);
#925=ORIENTED_EDGE('',*,*,#2645,.T.);
#926=ORIENTED_EDGE('',*,*,#2635,.F.);
#927=ORIENTED_EDGE('',*,*,#2528,.F.);
#928=ORIENTED_EDGE('',*,*,#2646,.T.);
#929=ORIENTED_EDGE('',*,*,#2647,.T.);
#930=ORIENTED_EDGE('',*,*,#2638,.T.);
#931=ORIENTED_EDGE('',*,*,#2648,.T.);
#932=ORIENTED_EDGE('',*,*,#2649,.T.);
#933=ORIENTED_EDGE('',*,*,#2376,.F.);
#934=ORIENTED_EDGE('',*,*,#2650,.F.);
#935=ORIENTED_EDGE('',*,*,#2375,.F.);
#936=ORIENTED_EDGE('',*,*,#2368,.F.);
#937=ORIENTED_EDGE('',*,*,#2651,.T.);
#938=ORIENTED_EDGE('',*,*,#2652,.T.);
#939=ORIENTED_EDGE('',*,*,#2650,.T.);
#940=ORIENTED_EDGE('',*,*,#2652,.F.);
#941=ORIENTED_EDGE('',*,*,#2653,.T.);
#942=ORIENTED_EDGE('',*,*,#2639,.F.);
#943=ORIENTED_EDGE('',*,*,#2647,.F.);
#944=ORIENTED_EDGE('',*,*,#2654,.T.);
#945=ORIENTED_EDGE('',*,*,#2478,.F.);
#946=ORIENTED_EDGE('',*,*,#2655,.T.);
#947=ORIENTED_EDGE('',*,*,#2648,.F.);
#948=ORIENTED_EDGE('',*,*,#2320,.T.);
#949=ORIENTED_EDGE('',*,*,#2656,.T.);
#950=ORIENTED_EDGE('',*,*,#2657,.T.);
#951=ORIENTED_EDGE('',*,*,#2658,.T.);
#952=ORIENTED_EDGE('',*,*,#2658,.F.);
#953=ORIENTED_EDGE('',*,*,#2659,.T.);
#954=ORIENTED_EDGE('',*,*,#2660,.T.);
#955=ORIENTED_EDGE('',*,*,#2321,.T.);
#956=ORIENTED_EDGE('',*,*,#2660,.F.);
#957=ORIENTED_EDGE('',*,*,#2661,.T.);
#958=ORIENTED_EDGE('',*,*,#2662,.T.);
#959=ORIENTED_EDGE('',*,*,#2322,.T.);
#960=ORIENTED_EDGE('',*,*,#2662,.F.);
#961=ORIENTED_EDGE('',*,*,#2663,.T.);
#962=ORIENTED_EDGE('',*,*,#2664,.T.);
#963=ORIENTED_EDGE('',*,*,#2323,.T.);
#964=ORIENTED_EDGE('',*,*,#2665,.T.);
#965=ORIENTED_EDGE('',*,*,#2666,.T.);
#966=ORIENTED_EDGE('',*,*,#2308,.T.);
#967=ORIENTED_EDGE('',*,*,#2664,.F.);
#968=ORIENTED_EDGE('',*,*,#2667,.F.);
#969=ORIENTED_EDGE('',*,*,#2668,.T.);
#970=ORIENTED_EDGE('',*,*,#2305,.F.);
#971=ORIENTED_EDGE('',*,*,#2669,.F.);
#972=ORIENTED_EDGE('',*,*,#2670,.F.);
#973=ORIENTED_EDGE('',*,*,#2671,.T.);
#974=ORIENTED_EDGE('',*,*,#2669,.T.);
#975=ORIENTED_EDGE('',*,*,#2304,.T.);
#976=ORIENTED_EDGE('',*,*,#2672,.F.);
#977=ORIENTED_EDGE('',*,*,#2673,.T.);
#978=ORIENTED_EDGE('',*,*,#2670,.T.);
#979=ORIENTED_EDGE('',*,*,#2307,.T.);
#980=ORIENTED_EDGE('',*,*,#2668,.F.);
#981=ORIENTED_EDGE('',*,*,#2674,.T.);
#982=ORIENTED_EDGE('',*,*,#2672,.T.);
#983=ORIENTED_EDGE('',*,*,#2306,.T.);
#984=ORIENTED_EDGE('',*,*,#2675,.T.);
#985=ORIENTED_EDGE('',*,*,#2676,.T.);
#986=ORIENTED_EDGE('',*,*,#2289,.F.);
#987=ORIENTED_EDGE('',*,*,#2677,.T.);
#988=ORIENTED_EDGE('',*,*,#2678,.F.);
#989=ORIENTED_EDGE('',*,*,#2291,.F.);
#990=ORIENTED_EDGE('',*,*,#2288,.T.);
#991=ORIENTED_EDGE('',*,*,#2678,.T.);
#992=ORIENTED_EDGE('',*,*,#2679,.F.);
#993=ORIENTED_EDGE('',*,*,#2675,.F.);
#994=ORIENTED_EDGE('',*,*,#2667,.T.);
#995=ORIENTED_EDGE('',*,*,#2671,.F.);
#996=ORIENTED_EDGE('',*,*,#2673,.F.);
#997=ORIENTED_EDGE('',*,*,#2674,.F.);
#998=ORIENTED_EDGE('',*,*,#2676,.F.);
#999=ORIENTED_EDGE('',*,*,#2679,.T.);
#1000=ORIENTED_EDGE('',*,*,#2677,.F.);
#1001=ORIENTED_EDGE('',*,*,#2290,.F.);
#1002=ORIENTED_EDGE('',*,*,#2680,.F.);
#1003=ORIENTED_EDGE('',*,*,#2362,.T.);
#1004=ORIENTED_EDGE('',*,*,#2680,.T.);
#1005=ORIENTED_EDGE('',*,*,#2681,.F.);
#1006=ORIENTED_EDGE('',*,*,#2361,.T.);
#1007=ORIENTED_EDGE('',*,*,#2681,.T.);
#1008=ORIENTED_EDGE('',*,*,#2682,.F.);
#1009=ORIENTED_EDGE('',*,*,#2360,.T.);
#1010=ORIENTED_EDGE('',*,*,#2682,.T.);
#1011=ORIENTED_EDGE('',*,*,#2683,.F.);
#1012=ORIENTED_EDGE('',*,*,#2359,.T.);
#1013=ORIENTED_EDGE('',*,*,#2683,.T.);
#1014=ORIENTED_EDGE('',*,*,#2684,.F.);
#1015=ORIENTED_EDGE('',*,*,#2358,.T.);
#1016=ORIENTED_EDGE('',*,*,#2684,.T.);
#1017=ORIENTED_EDGE('',*,*,#2685,.F.);
#1018=ORIENTED_EDGE('',*,*,#2357,.T.);
#1019=ORIENTED_EDGE('',*,*,#2685,.T.);
#1020=ORIENTED_EDGE('',*,*,#2686,.F.);
#1021=ORIENTED_EDGE('',*,*,#2356,.T.);
#1022=ORIENTED_EDGE('',*,*,#2686,.T.);
#1023=ORIENTED_EDGE('',*,*,#2687,.T.);
#1024=ORIENTED_EDGE('',*,*,#2688,.T.);
#1025=ORIENTED_EDGE('',*,*,#2433,.F.);
#1026=ORIENTED_EDGE('',*,*,#2689,.T.);
#1027=ORIENTED_EDGE('',*,*,#2690,.F.);
#1028=ORIENTED_EDGE('',*,*,#2691,.T.);
#1029=ORIENTED_EDGE('',*,*,#2692,.T.);
#1030=ORIENTED_EDGE('',*,*,#2693,.T.);
#1031=ORIENTED_EDGE('',*,*,#2276,.F.);
#1032=ORIENTED_EDGE('',*,*,#2694,.T.);
#1033=ORIENTED_EDGE('',*,*,#2690,.T.);
#1034=ORIENTED_EDGE('',*,*,#2695,.T.);
#1035=ORIENTED_EDGE('',*,*,#2696,.F.);
#1036=ORIENTED_EDGE('',*,*,#2697,.F.);
#1037=ORIENTED_EDGE('',*,*,#2698,.T.);
#1038=ORIENTED_EDGE('',*,*,#2699,.T.);
#1039=ORIENTED_EDGE('',*,*,#2700,.F.);
#1040=ORIENTED_EDGE('',*,*,#2701,.F.);
#1041=ORIENTED_EDGE('',*,*,#2696,.T.);
#1042=ORIENTED_EDGE('',*,*,#2702,.F.);
#1043=ORIENTED_EDGE('',*,*,#2703,.F.);
#1044=ORIENTED_EDGE('',*,*,#2704,.T.);
#1045=ORIENTED_EDGE('',*,*,#2700,.T.);
#1046=ORIENTED_EDGE('',*,*,#2705,.T.);
#1047=ORIENTED_EDGE('',*,*,#2706,.F.);
#1048=ORIENTED_EDGE('',*,*,#2707,.F.);
#1049=ORIENTED_EDGE('',*,*,#2708,.T.);
#1050=ORIENTED_EDGE('',*,*,#2709,.T.);
#1051=ORIENTED_EDGE('',*,*,#2710,.F.);
#1052=ORIENTED_EDGE('',*,*,#2711,.F.);
#1053=ORIENTED_EDGE('',*,*,#2706,.T.);
#1054=ORIENTED_EDGE('',*,*,#2712,.F.);
#1055=ORIENTED_EDGE('',*,*,#2713,.F.);
#1056=ORIENTED_EDGE('',*,*,#2714,.T.);
#1057=ORIENTED_EDGE('',*,*,#2710,.T.);
#1058=ORIENTED_EDGE('',*,*,#2715,.T.);
#1059=ORIENTED_EDGE('',*,*,#2716,.F.);
#1060=ORIENTED_EDGE('',*,*,#2717,.F.);
#1061=ORIENTED_EDGE('',*,*,#2718,.T.);
#1062=ORIENTED_EDGE('',*,*,#2719,.T.);
#1063=ORIENTED_EDGE('',*,*,#2720,.F.);
#1064=ORIENTED_EDGE('',*,*,#2721,.F.);
#1065=ORIENTED_EDGE('',*,*,#2716,.T.);
#1066=ORIENTED_EDGE('',*,*,#2722,.F.);
#1067=ORIENTED_EDGE('',*,*,#2723,.F.);
#1068=ORIENTED_EDGE('',*,*,#2724,.T.);
#1069=ORIENTED_EDGE('',*,*,#2720,.T.);
#1070=ORIENTED_EDGE('',*,*,#2725,.T.);
#1071=ORIENTED_EDGE('',*,*,#2726,.F.);
#1072=ORIENTED_EDGE('',*,*,#2727,.F.);
#1073=ORIENTED_EDGE('',*,*,#2728,.T.);
#1074=ORIENTED_EDGE('',*,*,#2729,.T.);
#1075=ORIENTED_EDGE('',*,*,#2730,.F.);
#1076=ORIENTED_EDGE('',*,*,#2731,.F.);
#1077=ORIENTED_EDGE('',*,*,#2726,.T.);
#1078=ORIENTED_EDGE('',*,*,#2732,.F.);
#1079=ORIENTED_EDGE('',*,*,#2733,.F.);
#1080=ORIENTED_EDGE('',*,*,#2734,.T.);
#1081=ORIENTED_EDGE('',*,*,#2730,.T.);
#1082=ORIENTED_EDGE('',*,*,#2735,.T.);
#1083=ORIENTED_EDGE('',*,*,#2736,.F.);
#1084=ORIENTED_EDGE('',*,*,#2737,.F.);
#1085=ORIENTED_EDGE('',*,*,#2738,.T.);
#1086=ORIENTED_EDGE('',*,*,#2739,.T.);
#1087=ORIENTED_EDGE('',*,*,#2740,.F.);
#1088=ORIENTED_EDGE('',*,*,#2741,.F.);
#1089=ORIENTED_EDGE('',*,*,#2736,.T.);
#1090=ORIENTED_EDGE('',*,*,#2742,.F.);
#1091=ORIENTED_EDGE('',*,*,#2743,.F.);
#1092=ORIENTED_EDGE('',*,*,#2744,.T.);
#1093=ORIENTED_EDGE('',*,*,#2740,.T.);
#1094=ORIENTED_EDGE('',*,*,#2745,.T.);
#1095=ORIENTED_EDGE('',*,*,#2746,.F.);
#1096=ORIENTED_EDGE('',*,*,#2747,.F.);
#1097=ORIENTED_EDGE('',*,*,#2748,.T.);
#1098=ORIENTED_EDGE('',*,*,#2749,.T.);
#1099=ORIENTED_EDGE('',*,*,#2750,.F.);
#1100=ORIENTED_EDGE('',*,*,#2751,.F.);
#1101=ORIENTED_EDGE('',*,*,#2746,.T.);
#1102=ORIENTED_EDGE('',*,*,#2752,.F.);
#1103=ORIENTED_EDGE('',*,*,#2753,.F.);
#1104=ORIENTED_EDGE('',*,*,#2754,.T.);
#1105=ORIENTED_EDGE('',*,*,#2750,.T.);
#1106=ORIENTED_EDGE('',*,*,#2755,.T.);
#1107=ORIENTED_EDGE('',*,*,#2756,.F.);
#1108=ORIENTED_EDGE('',*,*,#2757,.F.);
#1109=ORIENTED_EDGE('',*,*,#2758,.T.);
#1110=ORIENTED_EDGE('',*,*,#2759,.T.);
#1111=ORIENTED_EDGE('',*,*,#2760,.F.);
#1112=ORIENTED_EDGE('',*,*,#2761,.F.);
#1113=ORIENTED_EDGE('',*,*,#2756,.T.);
#1114=ORIENTED_EDGE('',*,*,#2762,.F.);
#1115=ORIENTED_EDGE('',*,*,#2763,.F.);
#1116=ORIENTED_EDGE('',*,*,#2764,.T.);
#1117=ORIENTED_EDGE('',*,*,#2760,.T.);
#1118=ORIENTED_EDGE('',*,*,#2765,.T.);
#1119=ORIENTED_EDGE('',*,*,#2766,.F.);
#1120=ORIENTED_EDGE('',*,*,#2767,.F.);
#1121=ORIENTED_EDGE('',*,*,#2768,.T.);
#1122=ORIENTED_EDGE('',*,*,#2769,.T.);
#1123=ORIENTED_EDGE('',*,*,#2770,.F.);
#1124=ORIENTED_EDGE('',*,*,#2771,.F.);
#1125=ORIENTED_EDGE('',*,*,#2766,.T.);
#1126=ORIENTED_EDGE('',*,*,#2772,.F.);
#1127=ORIENTED_EDGE('',*,*,#2773,.F.);
#1128=ORIENTED_EDGE('',*,*,#2774,.T.);
#1129=ORIENTED_EDGE('',*,*,#2770,.T.);
#1130=ORIENTED_EDGE('',*,*,#2775,.T.);
#1131=ORIENTED_EDGE('',*,*,#2776,.F.);
#1132=ORIENTED_EDGE('',*,*,#2777,.F.);
#1133=ORIENTED_EDGE('',*,*,#2778,.T.);
#1134=ORIENTED_EDGE('',*,*,#2779,.T.);
#1135=ORIENTED_EDGE('',*,*,#2780,.F.);
#1136=ORIENTED_EDGE('',*,*,#2781,.F.);
#1137=ORIENTED_EDGE('',*,*,#2776,.T.);
#1138=ORIENTED_EDGE('',*,*,#2782,.F.);
#1139=ORIENTED_EDGE('',*,*,#2783,.F.);
#1140=ORIENTED_EDGE('',*,*,#2784,.T.);
#1141=ORIENTED_EDGE('',*,*,#2780,.T.);
#1142=ORIENTED_EDGE('',*,*,#2785,.T.);
#1143=ORIENTED_EDGE('',*,*,#2786,.F.);
#1144=ORIENTED_EDGE('',*,*,#2787,.F.);
#1145=ORIENTED_EDGE('',*,*,#2788,.T.);
#1146=ORIENTED_EDGE('',*,*,#2789,.T.);
#1147=ORIENTED_EDGE('',*,*,#2790,.F.);
#1148=ORIENTED_EDGE('',*,*,#2791,.F.);
#1149=ORIENTED_EDGE('',*,*,#2786,.T.);
#1150=ORIENTED_EDGE('',*,*,#2792,.F.);
#1151=ORIENTED_EDGE('',*,*,#2793,.F.);
#1152=ORIENTED_EDGE('',*,*,#2794,.T.);
#1153=ORIENTED_EDGE('',*,*,#2790,.T.);
#1154=ORIENTED_EDGE('',*,*,#2795,.T.);
#1155=ORIENTED_EDGE('',*,*,#2796,.F.);
#1156=ORIENTED_EDGE('',*,*,#2797,.F.);
#1157=ORIENTED_EDGE('',*,*,#2798,.T.);
#1158=ORIENTED_EDGE('',*,*,#2799,.T.);
#1159=ORIENTED_EDGE('',*,*,#2800,.F.);
#1160=ORIENTED_EDGE('',*,*,#2801,.F.);
#1161=ORIENTED_EDGE('',*,*,#2796,.T.);
#1162=ORIENTED_EDGE('',*,*,#2802,.F.);
#1163=ORIENTED_EDGE('',*,*,#2803,.F.);
#1164=ORIENTED_EDGE('',*,*,#2804,.T.);
#1165=ORIENTED_EDGE('',*,*,#2800,.T.);
#1166=ORIENTED_EDGE('',*,*,#2805,.T.);
#1167=ORIENTED_EDGE('',*,*,#2806,.F.);
#1168=ORIENTED_EDGE('',*,*,#2807,.F.);
#1169=ORIENTED_EDGE('',*,*,#2808,.T.);
#1170=ORIENTED_EDGE('',*,*,#2809,.T.);
#1171=ORIENTED_EDGE('',*,*,#2810,.F.);
#1172=ORIENTED_EDGE('',*,*,#2811,.F.);
#1173=ORIENTED_EDGE('',*,*,#2806,.T.);
#1174=ORIENTED_EDGE('',*,*,#2812,.F.);
#1175=ORIENTED_EDGE('',*,*,#2813,.F.);
#1176=ORIENTED_EDGE('',*,*,#2814,.T.);
#1177=ORIENTED_EDGE('',*,*,#2810,.T.);
#1178=ORIENTED_EDGE('',*,*,#2815,.T.);
#1179=ORIENTED_EDGE('',*,*,#2816,.F.);
#1180=ORIENTED_EDGE('',*,*,#2817,.F.);
#1181=ORIENTED_EDGE('',*,*,#2818,.T.);
#1182=ORIENTED_EDGE('',*,*,#2819,.T.);
#1183=ORIENTED_EDGE('',*,*,#2820,.F.);
#1184=ORIENTED_EDGE('',*,*,#2821,.F.);
#1185=ORIENTED_EDGE('',*,*,#2816,.T.);
#1186=ORIENTED_EDGE('',*,*,#2822,.F.);
#1187=ORIENTED_EDGE('',*,*,#2823,.F.);
#1188=ORIENTED_EDGE('',*,*,#2824,.T.);
#1189=ORIENTED_EDGE('',*,*,#2820,.T.);
#1190=ORIENTED_EDGE('',*,*,#2825,.T.);
#1191=ORIENTED_EDGE('',*,*,#2826,.F.);
#1192=ORIENTED_EDGE('',*,*,#2827,.F.);
#1193=ORIENTED_EDGE('',*,*,#2828,.T.);
#1194=ORIENTED_EDGE('',*,*,#2829,.T.);
#1195=ORIENTED_EDGE('',*,*,#2830,.F.);
#1196=ORIENTED_EDGE('',*,*,#2831,.F.);
#1197=ORIENTED_EDGE('',*,*,#2826,.T.);
#1198=ORIENTED_EDGE('',*,*,#2832,.F.);
#1199=ORIENTED_EDGE('',*,*,#2833,.F.);
#1200=ORIENTED_EDGE('',*,*,#2834,.T.);
#1201=ORIENTED_EDGE('',*,*,#2830,.T.);
#1202=ORIENTED_EDGE('',*,*,#2835,.T.);
#1203=ORIENTED_EDGE('',*,*,#2836,.F.);
#1204=ORIENTED_EDGE('',*,*,#2837,.F.);
#1205=ORIENTED_EDGE('',*,*,#2838,.T.);
#1206=ORIENTED_EDGE('',*,*,#2839,.T.);
#1207=ORIENTED_EDGE('',*,*,#2840,.F.);
#1208=ORIENTED_EDGE('',*,*,#2841,.F.);
#1209=ORIENTED_EDGE('',*,*,#2836,.T.);
#1210=ORIENTED_EDGE('',*,*,#2842,.F.);
#1211=ORIENTED_EDGE('',*,*,#2843,.F.);
#1212=ORIENTED_EDGE('',*,*,#2844,.T.);
#1213=ORIENTED_EDGE('',*,*,#2840,.T.);
#1214=ORIENTED_EDGE('',*,*,#2845,.T.);
#1215=ORIENTED_EDGE('',*,*,#2846,.F.);
#1216=ORIENTED_EDGE('',*,*,#2847,.F.);
#1217=ORIENTED_EDGE('',*,*,#2848,.T.);
#1218=ORIENTED_EDGE('',*,*,#2849,.T.);
#1219=ORIENTED_EDGE('',*,*,#2850,.F.);
#1220=ORIENTED_EDGE('',*,*,#2851,.F.);
#1221=ORIENTED_EDGE('',*,*,#2846,.T.);
#1222=ORIENTED_EDGE('',*,*,#2852,.F.);
#1223=ORIENTED_EDGE('',*,*,#2853,.F.);
#1224=ORIENTED_EDGE('',*,*,#2854,.T.);
#1225=ORIENTED_EDGE('',*,*,#2850,.T.);
#1226=ORIENTED_EDGE('',*,*,#2855,.T.);
#1227=ORIENTED_EDGE('',*,*,#2856,.F.);
#1228=ORIENTED_EDGE('',*,*,#2857,.F.);
#1229=ORIENTED_EDGE('',*,*,#2858,.T.);
#1230=ORIENTED_EDGE('',*,*,#2859,.T.);
#1231=ORIENTED_EDGE('',*,*,#2860,.F.);
#1232=ORIENTED_EDGE('',*,*,#2861,.F.);
#1233=ORIENTED_EDGE('',*,*,#2856,.T.);
#1234=ORIENTED_EDGE('',*,*,#2862,.F.);
#1235=ORIENTED_EDGE('',*,*,#2863,.F.);
#1236=ORIENTED_EDGE('',*,*,#2864,.T.);
#1237=ORIENTED_EDGE('',*,*,#2860,.T.);
#1238=ORIENTED_EDGE('',*,*,#2865,.T.);
#1239=ORIENTED_EDGE('',*,*,#2866,.F.);
#1240=ORIENTED_EDGE('',*,*,#2867,.F.);
#1241=ORIENTED_EDGE('',*,*,#2868,.T.);
#1242=ORIENTED_EDGE('',*,*,#2869,.T.);
#1243=ORIENTED_EDGE('',*,*,#2870,.F.);
#1244=ORIENTED_EDGE('',*,*,#2871,.F.);
#1245=ORIENTED_EDGE('',*,*,#2866,.T.);
#1246=ORIENTED_EDGE('',*,*,#2872,.F.);
#1247=ORIENTED_EDGE('',*,*,#2873,.F.);
#1248=ORIENTED_EDGE('',*,*,#2874,.T.);
#1249=ORIENTED_EDGE('',*,*,#2870,.T.);
#1250=ORIENTED_EDGE('',*,*,#2875,.T.);
#1251=ORIENTED_EDGE('',*,*,#2876,.F.);
#1252=ORIENTED_EDGE('',*,*,#2877,.F.);
#1253=ORIENTED_EDGE('',*,*,#2878,.T.);
#1254=ORIENTED_EDGE('',*,*,#2879,.T.);
#1255=ORIENTED_EDGE('',*,*,#2880,.F.);
#1256=ORIENTED_EDGE('',*,*,#2881,.F.);
#1257=ORIENTED_EDGE('',*,*,#2876,.T.);
#1258=ORIENTED_EDGE('',*,*,#2882,.F.);
#1259=ORIENTED_EDGE('',*,*,#2883,.F.);
#1260=ORIENTED_EDGE('',*,*,#2884,.T.);
#1261=ORIENTED_EDGE('',*,*,#2880,.T.);
#1262=ORIENTED_EDGE('',*,*,#2885,.T.);
#1263=ORIENTED_EDGE('',*,*,#2886,.F.);
#1264=ORIENTED_EDGE('',*,*,#2887,.F.);
#1265=ORIENTED_EDGE('',*,*,#2888,.T.);
#1266=ORIENTED_EDGE('',*,*,#2889,.T.);
#1267=ORIENTED_EDGE('',*,*,#2890,.F.);
#1268=ORIENTED_EDGE('',*,*,#2891,.F.);
#1269=ORIENTED_EDGE('',*,*,#2886,.T.);
#1270=ORIENTED_EDGE('',*,*,#2892,.F.);
#1271=ORIENTED_EDGE('',*,*,#2893,.F.);
#1272=ORIENTED_EDGE('',*,*,#2894,.T.);
#1273=ORIENTED_EDGE('',*,*,#2890,.T.);
#1274=ORIENTED_EDGE('',*,*,#2895,.T.);
#1275=ORIENTED_EDGE('',*,*,#2896,.F.);
#1276=ORIENTED_EDGE('',*,*,#2897,.F.);
#1277=ORIENTED_EDGE('',*,*,#2898,.T.);
#1278=ORIENTED_EDGE('',*,*,#2899,.T.);
#1279=ORIENTED_EDGE('',*,*,#2900,.F.);
#1280=ORIENTED_EDGE('',*,*,#2901,.F.);
#1281=ORIENTED_EDGE('',*,*,#2896,.T.);
#1282=ORIENTED_EDGE('',*,*,#2902,.F.);
#1283=ORIENTED_EDGE('',*,*,#2903,.F.);
#1284=ORIENTED_EDGE('',*,*,#2904,.T.);
#1285=ORIENTED_EDGE('',*,*,#2900,.T.);
#1286=ORIENTED_EDGE('',*,*,#2905,.T.);
#1287=ORIENTED_EDGE('',*,*,#2906,.F.);
#1288=ORIENTED_EDGE('',*,*,#2907,.F.);
#1289=ORIENTED_EDGE('',*,*,#2908,.T.);
#1290=ORIENTED_EDGE('',*,*,#2909,.T.);
#1291=ORIENTED_EDGE('',*,*,#2910,.F.);
#1292=ORIENTED_EDGE('',*,*,#2911,.F.);
#1293=ORIENTED_EDGE('',*,*,#2906,.T.);
#1294=ORIENTED_EDGE('',*,*,#2912,.F.);
#1295=ORIENTED_EDGE('',*,*,#2913,.F.);
#1296=ORIENTED_EDGE('',*,*,#2914,.T.);
#1297=ORIENTED_EDGE('',*,*,#2910,.T.);
#1298=ORIENTED_EDGE('',*,*,#2915,.T.);
#1299=ORIENTED_EDGE('',*,*,#2916,.F.);
#1300=ORIENTED_EDGE('',*,*,#2917,.F.);
#1301=ORIENTED_EDGE('',*,*,#2918,.T.);
#1302=ORIENTED_EDGE('',*,*,#2919,.T.);
#1303=ORIENTED_EDGE('',*,*,#2920,.F.);
#1304=ORIENTED_EDGE('',*,*,#2921,.F.);
#1305=ORIENTED_EDGE('',*,*,#2916,.T.);
#1306=ORIENTED_EDGE('',*,*,#2922,.F.);
#1307=ORIENTED_EDGE('',*,*,#2923,.F.);
#1308=ORIENTED_EDGE('',*,*,#2924,.T.);
#1309=ORIENTED_EDGE('',*,*,#2920,.T.);
#1310=ORIENTED_EDGE('',*,*,#2925,.T.);
#1311=ORIENTED_EDGE('',*,*,#2926,.F.);
#1312=ORIENTED_EDGE('',*,*,#2927,.F.);
#1313=ORIENTED_EDGE('',*,*,#2928,.T.);
#1314=ORIENTED_EDGE('',*,*,#2929,.T.);
#1315=ORIENTED_EDGE('',*,*,#2930,.F.);
#1316=ORIENTED_EDGE('',*,*,#2931,.F.);
#1317=ORIENTED_EDGE('',*,*,#2926,.T.);
#1318=ORIENTED_EDGE('',*,*,#2932,.F.);
#1319=ORIENTED_EDGE('',*,*,#2933,.F.);
#1320=ORIENTED_EDGE('',*,*,#2934,.T.);
#1321=ORIENTED_EDGE('',*,*,#2930,.T.);
#1322=ORIENTED_EDGE('',*,*,#2935,.T.);
#1323=ORIENTED_EDGE('',*,*,#2936,.F.);
#1324=ORIENTED_EDGE('',*,*,#2937,.F.);
#1325=ORIENTED_EDGE('',*,*,#2938,.T.);
#1326=ORIENTED_EDGE('',*,*,#2939,.T.);
#1327=ORIENTED_EDGE('',*,*,#2940,.F.);
#1328=ORIENTED_EDGE('',*,*,#2941,.F.);
#1329=ORIENTED_EDGE('',*,*,#2936,.T.);
#1330=ORIENTED_EDGE('',*,*,#2942,.F.);
#1331=ORIENTED_EDGE('',*,*,#2943,.F.);
#1332=ORIENTED_EDGE('',*,*,#2944,.T.);
#1333=ORIENTED_EDGE('',*,*,#2940,.T.);
#1334=ORIENTED_EDGE('',*,*,#2273,.F.);
#1335=ORIENTED_EDGE('',*,*,#2945,.F.);
#1336=ORIENTED_EDGE('',*,*,#2946,.T.);
#1337=ORIENTED_EDGE('',*,*,#2947,.T.);
#1338=ORIENTED_EDGE('',*,*,#2272,.T.);
#1339=ORIENTED_EDGE('',*,*,#2948,.F.);
#1340=ORIENTED_EDGE('',*,*,#2949,.F.);
#1341=ORIENTED_EDGE('',*,*,#2945,.T.);
#1342=ORIENTED_EDGE('',*,*,#2275,.T.);
#1343=ORIENTED_EDGE('',*,*,#2950,.F.);
#1344=ORIENTED_EDGE('',*,*,#2951,.F.);
#1345=ORIENTED_EDGE('',*,*,#2948,.T.);
#1346=ORIENTED_EDGE('',*,*,#2952,.F.);
#1347=ORIENTED_EDGE('',*,*,#2708,.F.);
#1348=ORIENTED_EDGE('',*,*,#2953,.T.);
#1349=ORIENTED_EDGE('',*,*,#2713,.T.);
#1350=ORIENTED_EDGE('',*,*,#2954,.F.);
#1351=ORIENTED_EDGE('',*,*,#2718,.F.);
#1352=ORIENTED_EDGE('',*,*,#2955,.T.);
#1353=ORIENTED_EDGE('',*,*,#2723,.T.);
#1354=ORIENTED_EDGE('',*,*,#2956,.F.);
#1355=ORIENTED_EDGE('',*,*,#2728,.F.);
#1356=ORIENTED_EDGE('',*,*,#2957,.T.);
#1357=ORIENTED_EDGE('',*,*,#2733,.T.);
#1358=ORIENTED_EDGE('',*,*,#2958,.F.);
#1359=ORIENTED_EDGE('',*,*,#2738,.F.);
#1360=ORIENTED_EDGE('',*,*,#2959,.T.);
#1361=ORIENTED_EDGE('',*,*,#2743,.T.);
#1362=ORIENTED_EDGE('',*,*,#2960,.F.);
#1363=ORIENTED_EDGE('',*,*,#2748,.F.);
#1364=ORIENTED_EDGE('',*,*,#2961,.T.);
#1365=ORIENTED_EDGE('',*,*,#2753,.T.);
#1366=ORIENTED_EDGE('',*,*,#2962,.F.);
#1367=ORIENTED_EDGE('',*,*,#2758,.F.);
#1368=ORIENTED_EDGE('',*,*,#2963,.T.);
#1369=ORIENTED_EDGE('',*,*,#2763,.T.);
#1370=ORIENTED_EDGE('',*,*,#2964,.F.);
#1371=ORIENTED_EDGE('',*,*,#2768,.F.);
#1372=ORIENTED_EDGE('',*,*,#2965,.T.);
#1373=ORIENTED_EDGE('',*,*,#2773,.T.);
#1374=ORIENTED_EDGE('',*,*,#2966,.F.);
#1375=ORIENTED_EDGE('',*,*,#2778,.F.);
#1376=ORIENTED_EDGE('',*,*,#2967,.T.);
#1377=ORIENTED_EDGE('',*,*,#2783,.T.);
#1378=ORIENTED_EDGE('',*,*,#2968,.F.);
#1379=ORIENTED_EDGE('',*,*,#2788,.F.);
#1380=ORIENTED_EDGE('',*,*,#2969,.T.);
#1381=ORIENTED_EDGE('',*,*,#2793,.T.);
#1382=ORIENTED_EDGE('',*,*,#2970,.F.);
#1383=ORIENTED_EDGE('',*,*,#2798,.F.);
#1384=ORIENTED_EDGE('',*,*,#2971,.T.);
#1385=ORIENTED_EDGE('',*,*,#2803,.T.);
#1386=ORIENTED_EDGE('',*,*,#2972,.F.);
#1387=ORIENTED_EDGE('',*,*,#2808,.F.);
#1388=ORIENTED_EDGE('',*,*,#2973,.T.);
#1389=ORIENTED_EDGE('',*,*,#2813,.T.);
#1390=ORIENTED_EDGE('',*,*,#2974,.F.);
#1391=ORIENTED_EDGE('',*,*,#2818,.F.);
#1392=ORIENTED_EDGE('',*,*,#2975,.T.);
#1393=ORIENTED_EDGE('',*,*,#2823,.T.);
#1394=ORIENTED_EDGE('',*,*,#2976,.F.);
#1395=ORIENTED_EDGE('',*,*,#2828,.F.);
#1396=ORIENTED_EDGE('',*,*,#2977,.T.);
#1397=ORIENTED_EDGE('',*,*,#2833,.T.);
#1398=ORIENTED_EDGE('',*,*,#2978,.F.);
#1399=ORIENTED_EDGE('',*,*,#2838,.F.);
#1400=ORIENTED_EDGE('',*,*,#2979,.T.);
#1401=ORIENTED_EDGE('',*,*,#2843,.T.);
#1402=ORIENTED_EDGE('',*,*,#2980,.F.);
#1403=ORIENTED_EDGE('',*,*,#2848,.F.);
#1404=ORIENTED_EDGE('',*,*,#2981,.T.);
#1405=ORIENTED_EDGE('',*,*,#2853,.T.);
#1406=ORIENTED_EDGE('',*,*,#2982,.F.);
#1407=ORIENTED_EDGE('',*,*,#2858,.F.);
#1408=ORIENTED_EDGE('',*,*,#2983,.T.);
#1409=ORIENTED_EDGE('',*,*,#2863,.T.);
#1410=ORIENTED_EDGE('',*,*,#2984,.F.);
#1411=ORIENTED_EDGE('',*,*,#2868,.F.);
#1412=ORIENTED_EDGE('',*,*,#2985,.T.);
#1413=ORIENTED_EDGE('',*,*,#2873,.T.);
#1414=ORIENTED_EDGE('',*,*,#2986,.F.);
#1415=ORIENTED_EDGE('',*,*,#2878,.F.);
#1416=ORIENTED_EDGE('',*,*,#2987,.T.);
#1417=ORIENTED_EDGE('',*,*,#2883,.T.);
#1418=ORIENTED_EDGE('',*,*,#2988,.F.);
#1419=ORIENTED_EDGE('',*,*,#2888,.F.);
#1420=ORIENTED_EDGE('',*,*,#2989,.T.);
#1421=ORIENTED_EDGE('',*,*,#2893,.T.);
#1422=ORIENTED_EDGE('',*,*,#2990,.F.);
#1423=ORIENTED_EDGE('',*,*,#2898,.F.);
#1424=ORIENTED_EDGE('',*,*,#2991,.T.);
#1425=ORIENTED_EDGE('',*,*,#2903,.T.);
#1426=ORIENTED_EDGE('',*,*,#2992,.F.);
#1427=ORIENTED_EDGE('',*,*,#2908,.F.);
#1428=ORIENTED_EDGE('',*,*,#2993,.T.);
#1429=ORIENTED_EDGE('',*,*,#2913,.T.);
#1430=ORIENTED_EDGE('',*,*,#2994,.F.);
#1431=ORIENTED_EDGE('',*,*,#2918,.F.);
#1432=ORIENTED_EDGE('',*,*,#2995,.T.);
#1433=ORIENTED_EDGE('',*,*,#2923,.T.);
#1434=ORIENTED_EDGE('',*,*,#2996,.F.);
#1435=ORIENTED_EDGE('',*,*,#2928,.F.);
#1436=ORIENTED_EDGE('',*,*,#2997,.T.);
#1437=ORIENTED_EDGE('',*,*,#2933,.T.);
#1438=ORIENTED_EDGE('',*,*,#2998,.F.);
#1439=ORIENTED_EDGE('',*,*,#2938,.F.);
#1440=ORIENTED_EDGE('',*,*,#2999,.T.);
#1441=ORIENTED_EDGE('',*,*,#2943,.T.);
#1442=ORIENTED_EDGE('',*,*,#2274,.F.);
#1443=ORIENTED_EDGE('',*,*,#2947,.F.);
#1444=ORIENTED_EDGE('',*,*,#3000,.T.);
#1445=ORIENTED_EDGE('',*,*,#2950,.T.);
#1446=ORIENTED_EDGE('',*,*,#3001,.F.);
#1447=ORIENTED_EDGE('',*,*,#2698,.F.);
#1448=ORIENTED_EDGE('',*,*,#3002,.T.);
#1449=ORIENTED_EDGE('',*,*,#2703,.T.);
#1450=ORIENTED_EDGE('',*,*,#2946,.F.);
#1451=ORIENTED_EDGE('',*,*,#2949,.T.);
#1452=ORIENTED_EDGE('',*,*,#2951,.T.);
#1453=ORIENTED_EDGE('',*,*,#3000,.F.);
#1454=ORIENTED_EDGE('',*,*,#2937,.T.);
#1455=ORIENTED_EDGE('',*,*,#2941,.T.);
#1456=ORIENTED_EDGE('',*,*,#2944,.F.);
#1457=ORIENTED_EDGE('',*,*,#2999,.F.);
#1458=ORIENTED_EDGE('',*,*,#2927,.T.);
#1459=ORIENTED_EDGE('',*,*,#2931,.T.);
#1460=ORIENTED_EDGE('',*,*,#2934,.F.);
#1461=ORIENTED_EDGE('',*,*,#2997,.F.);
#1462=ORIENTED_EDGE('',*,*,#2917,.T.);
#1463=ORIENTED_EDGE('',*,*,#2921,.T.);
#1464=ORIENTED_EDGE('',*,*,#2924,.F.);
#1465=ORIENTED_EDGE('',*,*,#2995,.F.);
#1466=ORIENTED_EDGE('',*,*,#2907,.T.);
#1467=ORIENTED_EDGE('',*,*,#2911,.T.);
#1468=ORIENTED_EDGE('',*,*,#2914,.F.);
#1469=ORIENTED_EDGE('',*,*,#2993,.F.);
#1470=ORIENTED_EDGE('',*,*,#2897,.T.);
#1471=ORIENTED_EDGE('',*,*,#2901,.T.);
#1472=ORIENTED_EDGE('',*,*,#2904,.F.);
#1473=ORIENTED_EDGE('',*,*,#2991,.F.);
#1474=ORIENTED_EDGE('',*,*,#2887,.T.);
#1475=ORIENTED_EDGE('',*,*,#2891,.T.);
#1476=ORIENTED_EDGE('',*,*,#2894,.F.);
#1477=ORIENTED_EDGE('',*,*,#2989,.F.);
#1478=ORIENTED_EDGE('',*,*,#2877,.T.);
#1479=ORIENTED_EDGE('',*,*,#2881,.T.);
#1480=ORIENTED_EDGE('',*,*,#2884,.F.);
#1481=ORIENTED_EDGE('',*,*,#2987,.F.);
#1482=ORIENTED_EDGE('',*,*,#2867,.T.);
#1483=ORIENTED_EDGE('',*,*,#2871,.T.);
#1484=ORIENTED_EDGE('',*,*,#2874,.F.);
#1485=ORIENTED_EDGE('',*,*,#2985,.F.);
#1486=ORIENTED_EDGE('',*,*,#2857,.T.);
#1487=ORIENTED_EDGE('',*,*,#2861,.T.);
#1488=ORIENTED_EDGE('',*,*,#2864,.F.);
#1489=ORIENTED_EDGE('',*,*,#2983,.F.);
#1490=ORIENTED_EDGE('',*,*,#2847,.T.);
#1491=ORIENTED_EDGE('',*,*,#2851,.T.);
#1492=ORIENTED_EDGE('',*,*,#2854,.F.);
#1493=ORIENTED_EDGE('',*,*,#2981,.F.);
#1494=ORIENTED_EDGE('',*,*,#2837,.T.);
#1495=ORIENTED_EDGE('',*,*,#2841,.T.);
#1496=ORIENTED_EDGE('',*,*,#2844,.F.);
#1497=ORIENTED_EDGE('',*,*,#2979,.F.);
#1498=ORIENTED_EDGE('',*,*,#2827,.T.);
#1499=ORIENTED_EDGE('',*,*,#2831,.T.);
#1500=ORIENTED_EDGE('',*,*,#2834,.F.);
#1501=ORIENTED_EDGE('',*,*,#2977,.F.);
#1502=ORIENTED_EDGE('',*,*,#2817,.T.);
#1503=ORIENTED_EDGE('',*,*,#2821,.T.);
#1504=ORIENTED_EDGE('',*,*,#2824,.F.);
#1505=ORIENTED_EDGE('',*,*,#2975,.F.);
#1506=ORIENTED_EDGE('',*,*,#2807,.T.);
#1507=ORIENTED_EDGE('',*,*,#2811,.T.);
#1508=ORIENTED_EDGE('',*,*,#2814,.F.);
#1509=ORIENTED_EDGE('',*,*,#2973,.F.);
#1510=ORIENTED_EDGE('',*,*,#2797,.T.);
#1511=ORIENTED_EDGE('',*,*,#2801,.T.);
#1512=ORIENTED_EDGE('',*,*,#2804,.F.);
#1513=ORIENTED_EDGE('',*,*,#2971,.F.);
#1514=ORIENTED_EDGE('',*,*,#2787,.T.);
#1515=ORIENTED_EDGE('',*,*,#2791,.T.);
#1516=ORIENTED_EDGE('',*,*,#2794,.F.);
#1517=ORIENTED_EDGE('',*,*,#2969,.F.);
#1518=ORIENTED_EDGE('',*,*,#2777,.T.);
#1519=ORIENTED_EDGE('',*,*,#2781,.T.);
#1520=ORIENTED_EDGE('',*,*,#2784,.F.);
#1521=ORIENTED_EDGE('',*,*,#2967,.F.);
#1522=ORIENTED_EDGE('',*,*,#2767,.T.);
#1523=ORIENTED_EDGE('',*,*,#2771,.T.);
#1524=ORIENTED_EDGE('',*,*,#2774,.F.);
#1525=ORIENTED_EDGE('',*,*,#2965,.F.);
#1526=ORIENTED_EDGE('',*,*,#2757,.T.);
#1527=ORIENTED_EDGE('',*,*,#2761,.T.);
#1528=ORIENTED_EDGE('',*,*,#2764,.F.);
#1529=ORIENTED_EDGE('',*,*,#2963,.F.);
#1530=ORIENTED_EDGE('',*,*,#2747,.T.);
#1531=ORIENTED_EDGE('',*,*,#2751,.T.);
#1532=ORIENTED_EDGE('',*,*,#2754,.F.);
#1533=ORIENTED_EDGE('',*,*,#2961,.F.);
#1534=ORIENTED_EDGE('',*,*,#2737,.T.);
#1535=ORIENTED_EDGE('',*,*,#2741,.T.);
#1536=ORIENTED_EDGE('',*,*,#2744,.F.);
#1537=ORIENTED_EDGE('',*,*,#2959,.F.);
#1538=ORIENTED_EDGE('',*,*,#2727,.T.);
#1539=ORIENTED_EDGE('',*,*,#2731,.T.);
#1540=ORIENTED_EDGE('',*,*,#2734,.F.);
#1541=ORIENTED_EDGE('',*,*,#2957,.F.);
#1542=ORIENTED_EDGE('',*,*,#2717,.T.);
#1543=ORIENTED_EDGE('',*,*,#2721,.T.);
#1544=ORIENTED_EDGE('',*,*,#2724,.F.);
#1545=ORIENTED_EDGE('',*,*,#2955,.F.);
#1546=ORIENTED_EDGE('',*,*,#2707,.T.);
#1547=ORIENTED_EDGE('',*,*,#2711,.T.);
#1548=ORIENTED_EDGE('',*,*,#2714,.F.);
#1549=ORIENTED_EDGE('',*,*,#2953,.F.);
#1550=ORIENTED_EDGE('',*,*,#2697,.T.);
#1551=ORIENTED_EDGE('',*,*,#2701,.T.);
#1552=ORIENTED_EDGE('',*,*,#2704,.F.);
#1553=ORIENTED_EDGE('',*,*,#3002,.F.);
#1554=ORIENTED_EDGE('',*,*,#2935,.F.);
#1555=ORIENTED_EDGE('',*,*,#2998,.T.);
#1556=ORIENTED_EDGE('',*,*,#2942,.T.);
#1557=ORIENTED_EDGE('',*,*,#2939,.F.);
#1558=ORIENTED_EDGE('',*,*,#2925,.F.);
#1559=ORIENTED_EDGE('',*,*,#2996,.T.);
#1560=ORIENTED_EDGE('',*,*,#2932,.T.);
#1561=ORIENTED_EDGE('',*,*,#2929,.F.);
#1562=ORIENTED_EDGE('',*,*,#2915,.F.);
#1563=ORIENTED_EDGE('',*,*,#2994,.T.);
#1564=ORIENTED_EDGE('',*,*,#2922,.T.);
#1565=ORIENTED_EDGE('',*,*,#2919,.F.);
#1566=ORIENTED_EDGE('',*,*,#2905,.F.);
#1567=ORIENTED_EDGE('',*,*,#2992,.T.);
#1568=ORIENTED_EDGE('',*,*,#2912,.T.);
#1569=ORIENTED_EDGE('',*,*,#2909,.F.);
#1570=ORIENTED_EDGE('',*,*,#2895,.F.);
#1571=ORIENTED_EDGE('',*,*,#2990,.T.);
#1572=ORIENTED_EDGE('',*,*,#2902,.T.);
#1573=ORIENTED_EDGE('',*,*,#2899,.F.);
#1574=ORIENTED_EDGE('',*,*,#2885,.F.);
#1575=ORIENTED_EDGE('',*,*,#2988,.T.);
#1576=ORIENTED_EDGE('',*,*,#2892,.T.);
#1577=ORIENTED_EDGE('',*,*,#2889,.F.);
#1578=ORIENTED_EDGE('',*,*,#2875,.F.);
#1579=ORIENTED_EDGE('',*,*,#2986,.T.);
#1580=ORIENTED_EDGE('',*,*,#2882,.T.);
#1581=ORIENTED_EDGE('',*,*,#2879,.F.);
#1582=ORIENTED_EDGE('',*,*,#2865,.F.);
#1583=ORIENTED_EDGE('',*,*,#2984,.T.);
#1584=ORIENTED_EDGE('',*,*,#2872,.T.);
#1585=ORIENTED_EDGE('',*,*,#2869,.F.);
#1586=ORIENTED_EDGE('',*,*,#2855,.F.);
#1587=ORIENTED_EDGE('',*,*,#2982,.T.);
#1588=ORIENTED_EDGE('',*,*,#2862,.T.);
#1589=ORIENTED_EDGE('',*,*,#2859,.F.);
#1590=ORIENTED_EDGE('',*,*,#2845,.F.);
#1591=ORIENTED_EDGE('',*,*,#2980,.T.);
#1592=ORIENTED_EDGE('',*,*,#2852,.T.);
#1593=ORIENTED_EDGE('',*,*,#2849,.F.);
#1594=ORIENTED_EDGE('',*,*,#2835,.F.);
#1595=ORIENTED_EDGE('',*,*,#2978,.T.);
#1596=ORIENTED_EDGE('',*,*,#2842,.T.);
#1597=ORIENTED_EDGE('',*,*,#2839,.F.);
#1598=ORIENTED_EDGE('',*,*,#2825,.F.);
#1599=ORIENTED_EDGE('',*,*,#2976,.T.);
#1600=ORIENTED_EDGE('',*,*,#2832,.T.);
#1601=ORIENTED_EDGE('',*,*,#2829,.F.);
#1602=ORIENTED_EDGE('',*,*,#2815,.F.);
#1603=ORIENTED_EDGE('',*,*,#2974,.T.);
#1604=ORIENTED_EDGE('',*,*,#2822,.T.);
#1605=ORIENTED_EDGE('',*,*,#2819,.F.);
#1606=ORIENTED_EDGE('',*,*,#2805,.F.);
#1607=ORIENTED_EDGE('',*,*,#2972,.T.);
#1608=ORIENTED_EDGE('',*,*,#2812,.T.);
#1609=ORIENTED_EDGE('',*,*,#2809,.F.);
#1610=ORIENTED_EDGE('',*,*,#2795,.F.);
#1611=ORIENTED_EDGE('',*,*,#2970,.T.);
#1612=ORIENTED_EDGE('',*,*,#2802,.T.);
#1613=ORIENTED_EDGE('',*,*,#2799,.F.);
#1614=ORIENTED_EDGE('',*,*,#2785,.F.);
#1615=ORIENTED_EDGE('',*,*,#2968,.T.);
#1616=ORIENTED_EDGE('',*,*,#2792,.T.);
#1617=ORIENTED_EDGE('',*,*,#2789,.F.);
#1618=ORIENTED_EDGE('',*,*,#2775,.F.);
#1619=ORIENTED_EDGE('',*,*,#2966,.T.);
#1620=ORIENTED_EDGE('',*,*,#2782,.T.);
#1621=ORIENTED_EDGE('',*,*,#2779,.F.);
#1622=ORIENTED_EDGE('',*,*,#2765,.F.);
#1623=ORIENTED_EDGE('',*,*,#2964,.T.);
#1624=ORIENTED_EDGE('',*,*,#2772,.T.);
#1625=ORIENTED_EDGE('',*,*,#2769,.F.);
#1626=ORIENTED_EDGE('',*,*,#2755,.F.);
#1627=ORIENTED_EDGE('',*,*,#2962,.T.);
#1628=ORIENTED_EDGE('',*,*,#2762,.T.);
#1629=ORIENTED_EDGE('',*,*,#2759,.F.);
#1630=ORIENTED_EDGE('',*,*,#2745,.F.);
#1631=ORIENTED_EDGE('',*,*,#2960,.T.);
#1632=ORIENTED_EDGE('',*,*,#2752,.T.);
#1633=ORIENTED_EDGE('',*,*,#2749,.F.);
#1634=ORIENTED_EDGE('',*,*,#2735,.F.);
#1635=ORIENTED_EDGE('',*,*,#2958,.T.);
#1636=ORIENTED_EDGE('',*,*,#2742,.T.);
#1637=ORIENTED_EDGE('',*,*,#2739,.F.);
#1638=ORIENTED_EDGE('',*,*,#2725,.F.);
#1639=ORIENTED_EDGE('',*,*,#2956,.T.);
#1640=ORIENTED_EDGE('',*,*,#2732,.T.);
#1641=ORIENTED_EDGE('',*,*,#2729,.F.);
#1642=ORIENTED_EDGE('',*,*,#2715,.F.);
#1643=ORIENTED_EDGE('',*,*,#2954,.T.);
#1644=ORIENTED_EDGE('',*,*,#2722,.T.);
#1645=ORIENTED_EDGE('',*,*,#2719,.F.);
#1646=ORIENTED_EDGE('',*,*,#2705,.F.);
#1647=ORIENTED_EDGE('',*,*,#2952,.T.);
#1648=ORIENTED_EDGE('',*,*,#2712,.T.);
#1649=ORIENTED_EDGE('',*,*,#2709,.F.);
#1650=ORIENTED_EDGE('',*,*,#2695,.F.);
#1651=ORIENTED_EDGE('',*,*,#3001,.T.);
#1652=ORIENTED_EDGE('',*,*,#2702,.T.);
#1653=ORIENTED_EDGE('',*,*,#2699,.F.);
#1654=ORIENTED_EDGE('',*,*,#2238,.F.);
#1655=ORIENTED_EDGE('',*,*,#3003,.T.);
#1656=ORIENTED_EDGE('',*,*,#2232,.T.);
#1657=ORIENTED_EDGE('',*,*,#3004,.T.);
#1658=ORIENTED_EDGE('',*,*,#3005,.T.);
#1659=ORIENTED_EDGE('',*,*,#3006,.T.);
#1660=ORIENTED_EDGE('',*,*,#3007,.T.);
#1661=ORIENTED_EDGE('',*,*,#3008,.T.);
#1662=ORIENTED_EDGE('',*,*,#3009,.T.);
#1663=ORIENTED_EDGE('',*,*,#3010,.T.);
#1664=ORIENTED_EDGE('',*,*,#3011,.T.);
#1665=ORIENTED_EDGE('',*,*,#3012,.T.);
#1666=ORIENTED_EDGE('',*,*,#3013,.T.);
#1667=ORIENTED_EDGE('',*,*,#3014,.T.);
#1668=ORIENTED_EDGE('',*,*,#3015,.T.);
#1669=ORIENTED_EDGE('',*,*,#3016,.T.);
#1670=ORIENTED_EDGE('',*,*,#3017,.T.);
#1671=ORIENTED_EDGE('',*,*,#3018,.T.);
#1672=ORIENTED_EDGE('',*,*,#2230,.F.);
#1673=ORIENTED_EDGE('',*,*,#3019,.T.);
#1674=ORIENTED_EDGE('',*,*,#3020,.F.);
#1675=ORIENTED_EDGE('',*,*,#3021,.T.);
#1676=ORIENTED_EDGE('',*,*,#3022,.T.);
#1677=ORIENTED_EDGE('',*,*,#3023,.T.);
#1678=ORIENTED_EDGE('',*,*,#3024,.T.);
#1679=ORIENTED_EDGE('',*,*,#3025,.T.);
#1680=ORIENTED_EDGE('',*,*,#3026,.T.);
#1681=ORIENTED_EDGE('',*,*,#3027,.T.);
#1682=ORIENTED_EDGE('',*,*,#2224,.F.);
#1683=ORIENTED_EDGE('',*,*,#3028,.T.);
#1684=ORIENTED_EDGE('',*,*,#3029,.T.);
#1685=ORIENTED_EDGE('',*,*,#3030,.T.);
#1686=ORIENTED_EDGE('',*,*,#3031,.T.);
#1687=ORIENTED_EDGE('',*,*,#3032,.T.);
#1688=ORIENTED_EDGE('',*,*,#2414,.F.);
#1689=ORIENTED_EDGE('',*,*,#3033,.T.);
#1690=ORIENTED_EDGE('',*,*,#3034,.T.);
#1691=ORIENTED_EDGE('',*,*,#3026,.F.);
#1692=ORIENTED_EDGE('',*,*,#3035,.T.);
#1693=ORIENTED_EDGE('',*,*,#3036,.T.);
#1694=ORIENTED_EDGE('',*,*,#3037,.T.);
#1695=ORIENTED_EDGE('',*,*,#2503,.T.);
#1696=ORIENTED_EDGE('',*,*,#3038,.T.);
#1697=ORIENTED_EDGE('',*,*,#3020,.T.);
#1698=ORIENTED_EDGE('',*,*,#2297,.F.);
#1699=ORIENTED_EDGE('',*,*,#3039,.T.);
#1700=ORIENTED_EDGE('',*,*,#2665,.F.);
#1701=ORIENTED_EDGE('',*,*,#3040,.F.);
#1702=ORIENTED_EDGE('',*,*,#3040,.T.);
#1703=ORIENTED_EDGE('',*,*,#2663,.F.);
#1704=ORIENTED_EDGE('',*,*,#3041,.F.);
#1705=ORIENTED_EDGE('',*,*,#2298,.F.);
#1706=ORIENTED_EDGE('',*,*,#3041,.T.);
#1707=ORIENTED_EDGE('',*,*,#2661,.F.);
#1708=ORIENTED_EDGE('',*,*,#3042,.F.);
#1709=ORIENTED_EDGE('',*,*,#2299,.F.);
#1710=ORIENTED_EDGE('',*,*,#3042,.T.);
#1711=ORIENTED_EDGE('',*,*,#2659,.F.);
#1712=ORIENTED_EDGE('',*,*,#3043,.F.);
#1713=ORIENTED_EDGE('',*,*,#2300,.F.);
#1714=ORIENTED_EDGE('',*,*,#2657,.F.);
#1715=ORIENTED_EDGE('',*,*,#3044,.T.);
#1716=ORIENTED_EDGE('',*,*,#2301,.F.);
#1717=ORIENTED_EDGE('',*,*,#3043,.T.);
#1718=ORIENTED_EDGE('',*,*,#2634,.F.);
#1719=ORIENTED_EDGE('',*,*,#2314,.F.);
#1720=ORIENTED_EDGE('',*,*,#2395,.F.);
#1721=ORIENTED_EDGE('',*,*,#2629,.F.);
#1722=ORIENTED_EDGE('',*,*,#2432,.F.);
#1723=ORIENTED_EDGE('',*,*,#3045,.T.);
#1724=ORIENTED_EDGE('',*,*,#2692,.F.);
#1725=ORIENTED_EDGE('',*,*,#2689,.F.);
#1726=ORIENTED_EDGE('',*,*,#2278,.F.);
#1727=ORIENTED_EDGE('',*,*,#3046,.T.);
#1728=ORIENTED_EDGE('',*,*,#2318,.F.);
#1729=ORIENTED_EDGE('',*,*,#2521,.F.);
#1730=ORIENTED_EDGE('',*,*,#2633,.F.);
#1731=ORIENTED_EDGE('',*,*,#2625,.F.);
#1732=ORIENTED_EDGE('',*,*,#2522,.F.);
#1733=ORIENTED_EDGE('',*,*,#2316,.F.);
#1734=ORIENTED_EDGE('',*,*,#2623,.F.);
#1735=ORIENTED_EDGE('',*,*,#2619,.F.);
#1736=ORIENTED_EDGE('',*,*,#2396,.F.);
#1737=ORIENTED_EDGE('',*,*,#2312,.F.);
#1738=ORIENTED_EDGE('',*,*,#2310,.F.);
#1739=ORIENTED_EDGE('',*,*,#3047,.T.);
#1740=ORIENTED_EDGE('',*,*,#2378,.F.);
#1741=ORIENTED_EDGE('',*,*,#2624,.F.);
#1742=ORIENTED_EDGE('',*,*,#2654,.F.);
#1743=ORIENTED_EDGE('',*,*,#2646,.F.);
#1744=ORIENTED_EDGE('',*,*,#2527,.F.);
#1745=ORIENTED_EDGE('',*,*,#2479,.F.);
#1746=ORIENTED_EDGE('',*,*,#2645,.F.);
#1747=ORIENTED_EDGE('',*,*,#2481,.F.);
#1748=ORIENTED_EDGE('',*,*,#2531,.F.);
#1749=ORIENTED_EDGE('',*,*,#2636,.F.);
#1750=ORIENTED_EDGE('',*,*,#2655,.F.);
#1751=ORIENTED_EDGE('',*,*,#2477,.F.);
#1752=ORIENTED_EDGE('',*,*,#2377,.F.);
#1753=ORIENTED_EDGE('',*,*,#2649,.F.);
#1754=ORIENTED_EDGE('',*,*,#2476,.F.);
#1755=ORIENTED_EDGE('',*,*,#3048,.T.);
#1756=ORIENTED_EDGE('',*,*,#2441,.F.);
#1757=ORIENTED_EDGE('',*,*,#2372,.F.);
#1758=ORIENTED_EDGE('',*,*,#2229,.F.);
#1759=ORIENTED_EDGE('',*,*,#3049,.T.);
#1760=ORIENTED_EDGE('',*,*,#3036,.F.);
#1761=ORIENTED_EDGE('',*,*,#3019,.F.);
#1762=ORIENTED_EDGE('',*,*,#2594,.F.);
#1763=ORIENTED_EDGE('',*,*,#2588,.F.);
#1764=ORIENTED_EDGE('',*,*,#2516,.F.);
#1765=ORIENTED_EDGE('',*,*,#2457,.F.);
#1766=ORIENTED_EDGE('',*,*,#2443,.F.);
#1767=ORIENTED_EDGE('',*,*,#3050,.T.);
#1768=ORIENTED_EDGE('',*,*,#2453,.F.);
#1769=ORIENTED_EDGE('',*,*,#2515,.F.);
#1770=ORIENTED_EDGE('',*,*,#3034,.F.);
#1771=ORIENTED_EDGE('',*,*,#3051,.T.);
#1772=ORIENTED_EDGE('',*,*,#2225,.F.);
#1773=ORIENTED_EDGE('',*,*,#3027,.F.);
#1774=ORIENTED_EDGE('',*,*,#2596,.F.);
#1775=ORIENTED_EDGE('',*,*,#2470,.F.);
#1776=ORIENTED_EDGE('',*,*,#2418,.F.);
#1777=ORIENTED_EDGE('',*,*,#2591,.F.);
#1778=ORIENTED_EDGE('',*,*,#2460,.F.);
#1779=ORIENTED_EDGE('',*,*,#3052,.T.);
#1780=ORIENTED_EDGE('',*,*,#2462,.F.);
#1781=ORIENTED_EDGE('',*,*,#2595,.F.);
#1782=ORIENTED_EDGE('',*,*,#2583,.F.);
#1783=ORIENTED_EDGE('',*,*,#2572,.F.);
#1784=ORIENTED_EDGE('',*,*,#2420,.F.);
#1785=ORIENTED_EDGE('',*,*,#2469,.F.);
#1786=ORIENTED_EDGE('',*,*,#2608,.F.);
#1787=ORIENTED_EDGE('',*,*,#2599,.F.);
#1788=ORIENTED_EDGE('',*,*,#2428,.F.);
#1789=ORIENTED_EDGE('',*,*,#2466,.F.);
#1790=ORIENTED_EDGE('',*,*,#2584,.F.);
#1791=ORIENTED_EDGE('',*,*,#2467,.F.);
#1792=ORIENTED_EDGE('',*,*,#2426,.F.);
#1793=ORIENTED_EDGE('',*,*,#2575,.F.);
#1794=ORIENTED_EDGE('',*,*,#2464,.F.);
#1795=ORIENTED_EDGE('',*,*,#3053,.T.);
#1796=ORIENTED_EDGE('',*,*,#2472,.F.);
#1797=ORIENTED_EDGE('',*,*,#2609,.F.);
#1798=ORIENTED_EDGE('',*,*,#2610,.F.);
#1799=ORIENTED_EDGE('',*,*,#2451,.F.);
#1800=ORIENTED_EDGE('',*,*,#2407,.F.);
#1801=ORIENTED_EDGE('',*,*,#2602,.F.);
#1802=ORIENTED_EDGE('',*,*,#2450,.F.);
#1803=ORIENTED_EDGE('',*,*,#3054,.T.);
#1804=ORIENTED_EDGE('',*,*,#2430,.F.);
#1805=ORIENTED_EDGE('',*,*,#2401,.F.);
#1806=ORIENTED_EDGE('',*,*,#3015,.F.);
#1807=ORIENTED_EDGE('',*,*,#3055,.T.);
#1808=ORIENTED_EDGE('',*,*,#3009,.F.);
#1809=ORIENTED_EDGE('',*,*,#3056,.T.);
#1810=ORIENTED_EDGE('',*,*,#3007,.F.);
#1811=ORIENTED_EDGE('',*,*,#3057,.T.);
#1812=ORIENTED_EDGE('',*,*,#2220,.F.);
#1813=ORIENTED_EDGE('',*,*,#3058,.T.);
#1814=ORIENTED_EDGE('',*,*,#2408,.F.);
#1815=ORIENTED_EDGE('',*,*,#3059,.T.);
#1816=ORIENTED_EDGE('',*,*,#2236,.F.);
#1817=ORIENTED_EDGE('',*,*,#3060,.T.);
#1818=ORIENTED_EDGE('',*,*,#2437,.F.);
#1819=ORIENTED_EDGE('',*,*,#3061,.T.);
#1820=ORIENTED_EDGE('',*,*,#2499,.F.);
#1821=ORIENTED_EDGE('',*,*,#2403,.F.);
#1822=ORIENTED_EDGE('',*,*,#2234,.F.);
#1823=ORIENTED_EDGE('',*,*,#3062,.T.);
#1824=ORIENTED_EDGE('',*,*,#2501,.F.);
#1825=ORIENTED_EDGE('',*,*,#3063,.T.);
#1826=ORIENTED_EDGE('',*,*,#2222,.F.);
#1827=ORIENTED_EDGE('',*,*,#3064,.T.);
#1828=ORIENTED_EDGE('',*,*,#3013,.F.);
#1829=ORIENTED_EDGE('',*,*,#3065,.T.);
#1830=ORIENTED_EDGE('',*,*,#2410,.F.);
#1831=ORIENTED_EDGE('',*,*,#3066,.T.);
#1832=ORIENTED_EDGE('',*,*,#2445,.F.);
#1833=ORIENTED_EDGE('',*,*,#2519,.F.);
#1834=ORIENTED_EDGE('',*,*,#2447,.F.);
#1835=ORIENTED_EDGE('',*,*,#3067,.T.);
#1836=ORIENTED_EDGE('',*,*,#2363,.F.);
#1837=ORIENTED_EDGE('',*,*,#2374,.F.);
#1838=ORIENTED_EDGE('',*,*,#2383,.F.);
#1839=ORIENTED_EDGE('',*,*,#3068,.T.);
#1840=ORIENTED_EDGE('',*,*,#2386,.F.);
#1841=ORIENTED_EDGE('',*,*,#3069,.T.);
#1842=ORIENTED_EDGE('',*,*,#3011,.F.);
#1843=ORIENTED_EDGE('',*,*,#3070,.T.);
#1844=ORIENTED_EDGE('',*,*,#3005,.F.);
#1845=ORIENTED_EDGE('',*,*,#3071,.T.);
#1846=ORIENTED_EDGE('',*,*,#2439,.F.);
#1847=ORIENTED_EDGE('',*,*,#3072,.T.);
#1848=ORIENTED_EDGE('',*,*,#2435,.F.);
#1849=ORIENTED_EDGE('',*,*,#3073,.T.);
#1850=ORIENTED_EDGE('',*,*,#2388,.F.);
#1851=ORIENTED_EDGE('',*,*,#3074,.T.);
#1852=ORIENTED_EDGE('',*,*,#2280,.F.);
#1853=ORIENTED_EDGE('',*,*,#2525,.F.);
#1854=ORIENTED_EDGE('',*,*,#3075,.F.);
#1855=ORIENTED_EDGE('',*,*,#2245,.F.);
#1856=ORIENTED_EDGE('',*,*,#3076,.F.);
#1857=ORIENTED_EDGE('',*,*,#3010,.F.);
#1858=ORIENTED_EDGE('',*,*,#3076,.T.);
#1859=ORIENTED_EDGE('',*,*,#2244,.F.);
#1860=ORIENTED_EDGE('',*,*,#3077,.F.);
#1861=ORIENTED_EDGE('',*,*,#3070,.F.);
#1862=ORIENTED_EDGE('',*,*,#3075,.T.);
#1863=ORIENTED_EDGE('',*,*,#3055,.F.);
#1864=ORIENTED_EDGE('',*,*,#3078,.F.);
#1865=ORIENTED_EDGE('',*,*,#2246,.F.);
#1866=ORIENTED_EDGE('',*,*,#3077,.T.);
#1867=ORIENTED_EDGE('',*,*,#2243,.F.);
#1868=ORIENTED_EDGE('',*,*,#3079,.F.);
#1869=ORIENTED_EDGE('',*,*,#3006,.F.);
#1870=ORIENTED_EDGE('',*,*,#3078,.T.);
#1871=ORIENTED_EDGE('',*,*,#3014,.F.);
#1872=ORIENTED_EDGE('',*,*,#3080,.F.);
#1873=ORIENTED_EDGE('',*,*,#2247,.F.);
#1874=ORIENTED_EDGE('',*,*,#3079,.T.);
#1875=ORIENTED_EDGE('',*,*,#2242,.F.);
#1876=ORIENTED_EDGE('',*,*,#3081,.F.);
#1877=ORIENTED_EDGE('',*,*,#3057,.F.);
#1878=ORIENTED_EDGE('',*,*,#3080,.T.);
#1879=ORIENTED_EDGE('',*,*,#3064,.F.);
#1880=ORIENTED_EDGE('',*,*,#3082,.F.);
#1881=ORIENTED_EDGE('',*,*,#2240,.F.);
#1882=ORIENTED_EDGE('',*,*,#3081,.T.);
#1883=ORIENTED_EDGE('',*,*,#2241,.F.);
#1884=ORIENTED_EDGE('',*,*,#3082,.T.);
#1885=ORIENTED_EDGE('',*,*,#2221,.F.);
#1886=ORIENTED_EDGE('',*,*,#2223,.F.);
#1887=ORIENTED_EDGE('',*,*,#3065,.F.);
#1888=ORIENTED_EDGE('',*,*,#3083,.F.);
#1889=ORIENTED_EDGE('',*,*,#3028,.F.);
#1890=ORIENTED_EDGE('',*,*,#3083,.T.);
#1891=ORIENTED_EDGE('',*,*,#3016,.F.);
#1892=ORIENTED_EDGE('',*,*,#3084,.F.);
#1893=ORIENTED_EDGE('',*,*,#3029,.F.);
#1894=ORIENTED_EDGE('',*,*,#3084,.T.);
#1895=ORIENTED_EDGE('',*,*,#3056,.F.);
#1896=ORIENTED_EDGE('',*,*,#3085,.F.);
#1897=ORIENTED_EDGE('',*,*,#3030,.F.);
#1898=ORIENTED_EDGE('',*,*,#3085,.T.);
#1899=ORIENTED_EDGE('',*,*,#3012,.F.);
#1900=ORIENTED_EDGE('',*,*,#3086,.F.);
#1901=ORIENTED_EDGE('',*,*,#3031,.F.);
#1902=ORIENTED_EDGE('',*,*,#3086,.T.);
#1903=ORIENTED_EDGE('',*,*,#3071,.F.);
#1904=ORIENTED_EDGE('',*,*,#3087,.F.);
#1905=ORIENTED_EDGE('',*,*,#3032,.F.);
#1906=ORIENTED_EDGE('',*,*,#3087,.T.);
#1907=ORIENTED_EDGE('',*,*,#3008,.F.);
#1908=ORIENTED_EDGE('',*,*,#3088,.F.);
#1909=ORIENTED_EDGE('',*,*,#3017,.F.);
#1910=ORIENTED_EDGE('',*,*,#3088,.T.);
#1911=ORIENTED_EDGE('',*,*,#3058,.F.);
#1912=ORIENTED_EDGE('',*,*,#2231,.F.);
#1913=ORIENTED_EDGE('',*,*,#3018,.F.);
#1914=ORIENTED_EDGE('',*,*,#2302,.F.);
#1915=ORIENTED_EDGE('',*,*,#3044,.F.);
#1916=ORIENTED_EDGE('',*,*,#3089,.F.);
#1917=ORIENTED_EDGE('',*,*,#2333,.F.);
#1918=ORIENTED_EDGE('',*,*,#3089,.T.);
#1919=ORIENTED_EDGE('',*,*,#2656,.F.);
#1920=ORIENTED_EDGE('',*,*,#3090,.F.);
#1921=ORIENTED_EDGE('',*,*,#2334,.F.);
#1922=ORIENTED_EDGE('',*,*,#3090,.T.);
#1923=ORIENTED_EDGE('',*,*,#2319,.F.);
#1924=ORIENTED_EDGE('',*,*,#3091,.F.);
#1925=ORIENTED_EDGE('',*,*,#2335,.F.);
#1926=ORIENTED_EDGE('',*,*,#3091,.T.);
#1927=ORIENTED_EDGE('',*,*,#3046,.F.);
#1928=ORIENTED_EDGE('',*,*,#3092,.F.);
#1929=ORIENTED_EDGE('',*,*,#2336,.F.);
#1930=ORIENTED_EDGE('',*,*,#3092,.T.);
#1931=ORIENTED_EDGE('',*,*,#2277,.F.);
#1932=ORIENTED_EDGE('',*,*,#3093,.F.);
#1933=ORIENTED_EDGE('',*,*,#2337,.F.);
#1934=ORIENTED_EDGE('',*,*,#3093,.T.);
#1935=ORIENTED_EDGE('',*,*,#2693,.F.);
#1936=ORIENTED_EDGE('',*,*,#3094,.F.);
#1937=ORIENTED_EDGE('',*,*,#2338,.F.);
#1938=ORIENTED_EDGE('',*,*,#3094,.T.);
#1939=ORIENTED_EDGE('',*,*,#3045,.F.);
#1940=ORIENTED_EDGE('',*,*,#3095,.F.);
#1941=ORIENTED_EDGE('',*,*,#2339,.F.);
#1942=ORIENTED_EDGE('',*,*,#3095,.T.);
#1943=ORIENTED_EDGE('',*,*,#2431,.F.);
#1944=ORIENTED_EDGE('',*,*,#3096,.F.);
#1945=ORIENTED_EDGE('',*,*,#2340,.F.);
#1946=ORIENTED_EDGE('',*,*,#3096,.T.);
#1947=ORIENTED_EDGE('',*,*,#3054,.F.);
#1948=ORIENTED_EDGE('',*,*,#3097,.F.);
#1949=ORIENTED_EDGE('',*,*,#2341,.F.);
#1950=ORIENTED_EDGE('',*,*,#3097,.T.);
#1951=ORIENTED_EDGE('',*,*,#2449,.F.);
#1952=ORIENTED_EDGE('',*,*,#3098,.F.);
#1953=ORIENTED_EDGE('',*,*,#2342,.F.);
#1954=ORIENTED_EDGE('',*,*,#3098,.T.);
#1955=ORIENTED_EDGE('',*,*,#2473,.F.);
#1956=ORIENTED_EDGE('',*,*,#3099,.F.);
#1957=ORIENTED_EDGE('',*,*,#2343,.F.);
#1958=ORIENTED_EDGE('',*,*,#3099,.T.);
#1959=ORIENTED_EDGE('',*,*,#3053,.F.);
#1960=ORIENTED_EDGE('',*,*,#3100,.F.);
#1961=ORIENTED_EDGE('',*,*,#2344,.F.);
#1962=ORIENTED_EDGE('',*,*,#3100,.T.);
#1963=ORIENTED_EDGE('',*,*,#2463,.F.);
#1964=ORIENTED_EDGE('',*,*,#3101,.F.);
#1965=ORIENTED_EDGE('',*,*,#2345,.F.);
#1966=ORIENTED_EDGE('',*,*,#3101,.T.);
#1967=ORIENTED_EDGE('',*,*,#3052,.F.);
#1968=ORIENTED_EDGE('',*,*,#3102,.F.);
#1969=ORIENTED_EDGE('',*,*,#2346,.F.);
#1970=ORIENTED_EDGE('',*,*,#3102,.T.);
#1971=ORIENTED_EDGE('',*,*,#2459,.F.);
#1972=ORIENTED_EDGE('',*,*,#3103,.F.);
#1973=ORIENTED_EDGE('',*,*,#2347,.F.);
#1974=ORIENTED_EDGE('',*,*,#3103,.T.);
#1975=ORIENTED_EDGE('',*,*,#2454,.F.);
#1976=ORIENTED_EDGE('',*,*,#3104,.F.);
#1977=ORIENTED_EDGE('',*,*,#2348,.F.);
#1978=ORIENTED_EDGE('',*,*,#3104,.T.);
#1979=ORIENTED_EDGE('',*,*,#3050,.F.);
#1980=ORIENTED_EDGE('',*,*,#3105,.F.);
#1981=ORIENTED_EDGE('',*,*,#2349,.F.);
#1982=ORIENTED_EDGE('',*,*,#3105,.T.);
#1983=ORIENTED_EDGE('',*,*,#2442,.F.);
#1984=ORIENTED_EDGE('',*,*,#3106,.F.);
#1985=ORIENTED_EDGE('',*,*,#2350,.F.);
#1986=ORIENTED_EDGE('',*,*,#3106,.T.);
#1987=ORIENTED_EDGE('',*,*,#3048,.F.);
#1988=ORIENTED_EDGE('',*,*,#3107,.F.);
#1989=ORIENTED_EDGE('',*,*,#2351,.F.);
#1990=ORIENTED_EDGE('',*,*,#3107,.T.);
#1991=ORIENTED_EDGE('',*,*,#2475,.F.);
#1992=ORIENTED_EDGE('',*,*,#3108,.F.);
#1993=ORIENTED_EDGE('',*,*,#2352,.F.);
#1994=ORIENTED_EDGE('',*,*,#3108,.T.);
#1995=ORIENTED_EDGE('',*,*,#2379,.F.);
#1996=ORIENTED_EDGE('',*,*,#3109,.F.);
#1997=ORIENTED_EDGE('',*,*,#2353,.F.);
#1998=ORIENTED_EDGE('',*,*,#3109,.T.);
#1999=ORIENTED_EDGE('',*,*,#3047,.F.);
#2000=ORIENTED_EDGE('',*,*,#3110,.F.);
#2001=ORIENTED_EDGE('',*,*,#2354,.F.);
#2002=ORIENTED_EDGE('',*,*,#3110,.T.);
#2003=ORIENTED_EDGE('',*,*,#2309,.F.);
#2004=ORIENTED_EDGE('',*,*,#3111,.F.);
#2005=ORIENTED_EDGE('',*,*,#2355,.F.);
#2006=ORIENTED_EDGE('',*,*,#3111,.T.);
#2007=ORIENTED_EDGE('',*,*,#2666,.F.);
#2008=ORIENTED_EDGE('',*,*,#3112,.F.);
#2009=ORIENTED_EDGE('',*,*,#2324,.F.);
#2010=ORIENTED_EDGE('',*,*,#3112,.T.);
#2011=ORIENTED_EDGE('',*,*,#3039,.F.);
#2012=ORIENTED_EDGE('',*,*,#2296,.F.);
#2013=ORIENTED_EDGE('',*,*,#2325,.F.);
#2014=ORIENTED_EDGE('',*,*,#2502,.F.);
#2015=ORIENTED_EDGE('',*,*,#3062,.F.);
#2016=ORIENTED_EDGE('',*,*,#3113,.F.);
#2017=ORIENTED_EDGE('',*,*,#3021,.F.);
#2018=ORIENTED_EDGE('',*,*,#3038,.F.);
#2019=ORIENTED_EDGE('',*,*,#3113,.T.);
#2020=ORIENTED_EDGE('',*,*,#2233,.F.);
#2021=ORIENTED_EDGE('',*,*,#3114,.F.);
#2022=ORIENTED_EDGE('',*,*,#3022,.F.);
#2023=ORIENTED_EDGE('',*,*,#3114,.T.);
#2024=ORIENTED_EDGE('',*,*,#3003,.F.);
#2025=ORIENTED_EDGE('',*,*,#3115,.F.);
#2026=ORIENTED_EDGE('',*,*,#3023,.F.);
#2027=ORIENTED_EDGE('',*,*,#3115,.T.);
#2028=ORIENTED_EDGE('',*,*,#2237,.F.);
#2029=ORIENTED_EDGE('',*,*,#3116,.F.);
#2030=ORIENTED_EDGE('',*,*,#3024,.F.);
#2031=ORIENTED_EDGE('',*,*,#3116,.T.);
#2032=ORIENTED_EDGE('',*,*,#3059,.F.);
#2033=ORIENTED_EDGE('',*,*,#2415,.F.);
#2034=ORIENTED_EDGE('',*,*,#3035,.F.);
#2035=ORIENTED_EDGE('',*,*,#3025,.F.);
#2036=ORIENTED_EDGE('',*,*,#3117,.F.);
#2037=ORIENTED_EDGE('',*,*,#2259,.F.);
#2038=ORIENTED_EDGE('',*,*,#3118,.F.);
#2039=ORIENTED_EDGE('',*,*,#3074,.F.);
#2040=ORIENTED_EDGE('',*,*,#3118,.T.);
#2041=ORIENTED_EDGE('',*,*,#2258,.F.);
#2042=ORIENTED_EDGE('',*,*,#3119,.F.);
#2043=ORIENTED_EDGE('',*,*,#2281,.F.);
#2044=ORIENTED_EDGE('',*,*,#3117,.T.);
#2045=ORIENTED_EDGE('',*,*,#2387,.F.);
#2046=ORIENTED_EDGE('',*,*,#3120,.F.);
#2047=ORIENTED_EDGE('',*,*,#2260,.F.);
#2048=ORIENTED_EDGE('',*,*,#3119,.T.);
#2049=ORIENTED_EDGE('',*,*,#2257,.F.);
#2050=ORIENTED_EDGE('',*,*,#3121,.F.);
#2051=ORIENTED_EDGE('',*,*,#2438,.F.);
#2052=ORIENTED_EDGE('',*,*,#3120,.T.);
#2053=ORIENTED_EDGE('',*,*,#3068,.F.);
#2054=ORIENTED_EDGE('',*,*,#3122,.F.);
#2055=ORIENTED_EDGE('',*,*,#2261,.F.);
#2056=ORIENTED_EDGE('',*,*,#3121,.T.);
#2057=ORIENTED_EDGE('',*,*,#2256,.F.);
#2058=ORIENTED_EDGE('',*,*,#3123,.F.);
#2059=ORIENTED_EDGE('',*,*,#3072,.F.);
#2060=ORIENTED_EDGE('',*,*,#3122,.T.);
#2061=ORIENTED_EDGE('',*,*,#2382,.F.);
#2062=ORIENTED_EDGE('',*,*,#3124,.F.);
#2063=ORIENTED_EDGE('',*,*,#2262,.F.);
#2064=ORIENTED_EDGE('',*,*,#3123,.T.);
#2065=ORIENTED_EDGE('',*,*,#2255,.F.);
#2066=ORIENTED_EDGE('',*,*,#3125,.F.);
#2067=ORIENTED_EDGE('',*,*,#2436,.F.);
#2068=ORIENTED_EDGE('',*,*,#3124,.T.);
#2069=ORIENTED_EDGE('',*,*,#2364,.F.);
#2070=ORIENTED_EDGE('',*,*,#3126,.F.);
#2071=ORIENTED_EDGE('',*,*,#2263,.F.);
#2072=ORIENTED_EDGE('',*,*,#3125,.T.);
#2073=ORIENTED_EDGE('',*,*,#2254,.F.);
#2074=ORIENTED_EDGE('',*,*,#3127,.F.);
#2075=ORIENTED_EDGE('',*,*,#3061,.F.);
#2076=ORIENTED_EDGE('',*,*,#3126,.T.);
#2077=ORIENTED_EDGE('',*,*,#3067,.F.);
#2078=ORIENTED_EDGE('',*,*,#3128,.F.);
#2079=ORIENTED_EDGE('',*,*,#2264,.F.);
#2080=ORIENTED_EDGE('',*,*,#3127,.T.);
#2081=ORIENTED_EDGE('',*,*,#2253,.F.);
#2082=ORIENTED_EDGE('',*,*,#3129,.F.);
#2083=ORIENTED_EDGE('',*,*,#2500,.F.);
#2084=ORIENTED_EDGE('',*,*,#3128,.T.);
#2085=ORIENTED_EDGE('',*,*,#2446,.F.);
#2086=ORIENTED_EDGE('',*,*,#3130,.F.);
#2087=ORIENTED_EDGE('',*,*,#2265,.F.);
#2088=ORIENTED_EDGE('',*,*,#3129,.T.);
#2089=ORIENTED_EDGE('',*,*,#2252,.F.);
#2090=ORIENTED_EDGE('',*,*,#3131,.F.);
#2091=ORIENTED_EDGE('',*,*,#3063,.F.);
#2092=ORIENTED_EDGE('',*,*,#3130,.T.);
#2093=ORIENTED_EDGE('',*,*,#3066,.F.);
#2094=ORIENTED_EDGE('',*,*,#3132,.F.);
#2095=ORIENTED_EDGE('',*,*,#2266,.F.);
#2096=ORIENTED_EDGE('',*,*,#3131,.T.);
#2097=ORIENTED_EDGE('',*,*,#2251,.F.);
#2098=ORIENTED_EDGE('',*,*,#3133,.F.);
#2099=ORIENTED_EDGE('',*,*,#2235,.F.);
#2100=ORIENTED_EDGE('',*,*,#3132,.T.);
#2101=ORIENTED_EDGE('',*,*,#2409,.F.);
#2102=ORIENTED_EDGE('',*,*,#3134,.F.);
#2103=ORIENTED_EDGE('',*,*,#2267,.F.);
#2104=ORIENTED_EDGE('',*,*,#3133,.T.);
#2105=ORIENTED_EDGE('',*,*,#2250,.F.);
#2106=ORIENTED_EDGE('',*,*,#3135,.F.);
#2107=ORIENTED_EDGE('',*,*,#3004,.F.);
#2108=ORIENTED_EDGE('',*,*,#3134,.T.);
#2109=ORIENTED_EDGE('',*,*,#3060,.F.);
#2110=ORIENTED_EDGE('',*,*,#3136,.F.);
#2111=ORIENTED_EDGE('',*,*,#2248,.F.);
#2112=ORIENTED_EDGE('',*,*,#3135,.T.);
#2113=ORIENTED_EDGE('',*,*,#2249,.F.);
#2114=ORIENTED_EDGE('',*,*,#3136,.T.);
#2115=ORIENTED_EDGE('',*,*,#2239,.F.);
#2116=ORIENTED_EDGE('',*,*,#2694,.F.);
#2117=ORIENTED_EDGE('',*,*,#2283,.F.);
#2118=ORIENTED_EDGE('',*,*,#3137,.F.);
#2119=ORIENTED_EDGE('',*,*,#2691,.F.);
#2120=ORIENTED_EDGE('',*,*,#3137,.T.);
#2121=ORIENTED_EDGE('',*,*,#2440,.F.);
#2122=ORIENTED_EDGE('',*,*,#3138,.F.);
#2123=ORIENTED_EDGE('',*,*,#2687,.F.);
#2124=ORIENTED_EDGE('',*,*,#3138,.T.);
#2125=ORIENTED_EDGE('',*,*,#3073,.F.);
#2126=ORIENTED_EDGE('',*,*,#2434,.F.);
#2127=ORIENTED_EDGE('',*,*,#2688,.F.);
#2128=ORIENTED_EDGE('',*,*,#2483,.F.);
#2129=ORIENTED_EDGE('',*,*,#2644,.F.);
#2130=ORIENTED_EDGE('',*,*,#3139,.F.);
#2131=ORIENTED_EDGE('',*,*,#2381,.F.);
#2132=ORIENTED_EDGE('',*,*,#2643,.F.);
#2133=ORIENTED_EDGE('',*,*,#2641,.F.);
#2134=ORIENTED_EDGE('',*,*,#2366,.F.);
#2135=ORIENTED_EDGE('',*,*,#3139,.T.);
#2136=ORIENTED_EDGE('',*,*,#2640,.F.);
#2137=ORIENTED_EDGE('',*,*,#2653,.F.);
#2138=ORIENTED_EDGE('',*,*,#2651,.F.);
#2139=ORIENTED_EDGE('',*,*,#2367,.F.);
#2140=ORIENTED_EDGE('',*,*,#2632,.F.);
#2141=ORIENTED_EDGE('',*,*,#2616,.F.);
#2142=ORIENTED_EDGE('',*,*,#2391,.F.);
#2143=ORIENTED_EDGE('',*,*,#2631,.F.);
#2144=ORIENTED_EDGE('',*,*,#2615,.F.);
#2145=ORIENTED_EDGE('',*,*,#2622,.F.);
#2146=ORIENTED_EDGE('',*,*,#3140,.F.);
#2147=ORIENTED_EDGE('',*,*,#2392,.F.);
#2148=ORIENTED_EDGE('',*,*,#2384,.F.);
#2149=ORIENTED_EDGE('',*,*,#3069,.F.);
#2150=ORIENTED_EDGE('',*,*,#3140,.T.);
#2151=ORIENTED_EDGE('',*,*,#2621,.F.);
#2152=ORIENTED_EDGE('',*,*,#2604,.F.);
#2153=ORIENTED_EDGE('',*,*,#2504,.F.);
#2154=ORIENTED_EDGE('',*,*,#3141,.F.);
#2155=ORIENTED_EDGE('',*,*,#2611,.F.);
#2156=ORIENTED_EDGE('',*,*,#3141,.T.);
#2157=ORIENTED_EDGE('',*,*,#3037,.F.);
#2158=ORIENTED_EDGE('',*,*,#3142,.F.);
#2159=ORIENTED_EDGE('',*,*,#2612,.F.);
#2160=ORIENTED_EDGE('',*,*,#3142,.T.);
#2161=ORIENTED_EDGE('',*,*,#3049,.F.);
#2162=ORIENTED_EDGE('',*,*,#3143,.F.);
#2163=ORIENTED_EDGE('',*,*,#2606,.F.);
#2164=ORIENTED_EDGE('',*,*,#3143,.T.);
#2165=ORIENTED_EDGE('',*,*,#2228,.F.);
#2166=ORIENTED_EDGE('',*,*,#2579,.F.);
#2167=ORIENTED_EDGE('',*,*,#2607,.F.);
#2168=ORIENTED_EDGE('',*,*,#2580,.F.);
#2169=ORIENTED_EDGE('',*,*,#2227,.F.);
#2170=ORIENTED_EDGE('',*,*,#2568,.F.);
#2171=ORIENTED_EDGE('',*,*,#2582,.F.);
#2172=ORIENTED_EDGE('',*,*,#2569,.F.);
#2173=ORIENTED_EDGE('',*,*,#2226,.F.);
#2174=ORIENTED_EDGE('',*,*,#3144,.F.);
#2175=ORIENTED_EDGE('',*,*,#2597,.F.);
#2176=ORIENTED_EDGE('',*,*,#3144,.T.);
#2177=ORIENTED_EDGE('',*,*,#3051,.F.);
#2178=ORIENTED_EDGE('',*,*,#3145,.F.);
#2179=ORIENTED_EDGE('',*,*,#2598,.F.);
#2180=ORIENTED_EDGE('',*,*,#3145,.T.);
#2181=ORIENTED_EDGE('',*,*,#3033,.F.);
#2182=ORIENTED_EDGE('',*,*,#3146,.F.);
#2183=ORIENTED_EDGE('',*,*,#2592,.F.);
#2184=ORIENTED_EDGE('',*,*,#3146,.T.);
#2185=ORIENTED_EDGE('',*,*,#2413,.F.);
#2186=ORIENTED_EDGE('',*,*,#2587,.F.);
#2187=ORIENTED_EDGE('',*,*,#2593,.F.);
#2188=ORIENTED_EDGE('',*,*,#3147,.F.);
#2189=ORIENTED_EDGE('',*,*,#2489,.F.);
#2190=ORIENTED_EDGE('',*,*,#3148,.F.);
#2191=ORIENTED_EDGE('',*,*,#2562,.F.);
#2192=ORIENTED_EDGE('',*,*,#3148,.T.);
#2193=ORIENTED_EDGE('',*,*,#2488,.F.);
#2194=ORIENTED_EDGE('',*,*,#3149,.F.);
#2195=ORIENTED_EDGE('',*,*,#2561,.F.);
#2196=ORIENTED_EDGE('',*,*,#3147,.T.);
#2197=ORIENTED_EDGE('',*,*,#2293,.F.);
#2198=ORIENTED_EDGE('',*,*,#3150,.F.);
#2199=ORIENTED_EDGE('',*,*,#2490,.F.);
#2200=ORIENTED_EDGE('',*,*,#3149,.T.);
#2201=ORIENTED_EDGE('',*,*,#2487,.F.);
#2202=ORIENTED_EDGE('',*,*,#3151,.F.);
#2203=ORIENTED_EDGE('',*,*,#2557,.F.);
#2204=ORIENTED_EDGE('',*,*,#3150,.T.);
#2205=ORIENTED_EDGE('',*,*,#2564,.F.);
#2206=ORIENTED_EDGE('',*,*,#3152,.F.);
#2207=ORIENTED_EDGE('',*,*,#2491,.F.);
#2208=ORIENTED_EDGE('',*,*,#3151,.T.);
#2209=ORIENTED_EDGE('',*,*,#2486,.F.);
#2210=ORIENTED_EDGE('',*,*,#3153,.F.);
#2211=ORIENTED_EDGE('',*,*,#2554,.F.);
#2212=ORIENTED_EDGE('',*,*,#3152,.T.);
#2213=ORIENTED_EDGE('',*,*,#2565,.F.);
#2214=ORIENTED_EDGE('',*,*,#3154,.F.);
#2215=ORIENTED_EDGE('',*,*,#2484,.F.);
#2216=ORIENTED_EDGE('',*,*,#3153,.T.);
#2217=ORIENTED_EDGE('',*,*,#2485,.F.);
#2218=ORIENTED_EDGE('',*,*,#3154,.T.);
#2219=ORIENTED_EDGE('',*,*,#2558,.F.);
#2220=EDGE_CURVE('',#3155,#3156,#3755,.T.);
#2221=EDGE_CURVE('',#3156,#3157,#3756,.T.);
#2222=EDGE_CURVE('',#3157,#3158,#3757,.F.);
#2223=EDGE_CURVE('',#3158,#3159,#314,.T.);
#2224=EDGE_CURVE('',#3159,#3160,#3758,.T.);
#2225=EDGE_CURVE('',#3160,#3161,#3759,.F.);
#2226=EDGE_CURVE('',#3161,#3162,#3760,.T.);
#2227=EDGE_CURVE('',#3162,#3163,#3761,.T.);
#2228=EDGE_CURVE('',#3163,#3164,#3762,.T.);
#2229=EDGE_CURVE('',#3164,#3165,#3763,.T.);
#2230=EDGE_CURVE('',#3165,#3166,#3764,.T.);
#2231=EDGE_CURVE('',#3166,#3155,#315,.T.);
#2232=EDGE_CURVE('',#3167,#3168,#3765,.T.);
#2233=EDGE_CURVE('',#3167,#3169,#3766,.T.);
#2234=EDGE_CURVE('',#3169,#3170,#3767,.T.);
#2235=EDGE_CURVE('',#3170,#3168,#3768,.T.);
#2236=EDGE_CURVE('',#3171,#3172,#3769,.F.);
#2237=EDGE_CURVE('',#3172,#3173,#3770,.T.);
#2238=EDGE_CURVE('',#3173,#3174,#3771,.T.);
#2239=EDGE_CURVE('',#3174,#3171,#3772,.T.);
#2240=EDGE_CURVE('',#3175,#3176,#150,.F.);
#2241=EDGE_CURVE('',#3176,#3177,#3773,.T.);
#2242=EDGE_CURVE('',#3177,#3178,#151,.F.);
#2243=EDGE_CURVE('',#3178,#3179,#3774,.T.);
#2244=EDGE_CURVE('',#3179,#3180,#152,.F.);
#2245=EDGE_CURVE('',#3180,#3181,#3775,.T.);
#2246=EDGE_CURVE('',#3181,#3182,#153,.F.);
#2247=EDGE_CURVE('',#3182,#3175,#3776,.T.);
#2248=EDGE_CURVE('',#3183,#3184,#154,.F.);
#2249=EDGE_CURVE('',#3184,#3185,#3777,.T.);
#2250=EDGE_CURVE('',#3185,#3186,#3778,.T.);
#2251=EDGE_CURVE('',#3186,#3187,#3779,.T.);
#2252=EDGE_CURVE('',#3187,#3188,#155,.F.);
#2253=EDGE_CURVE('',#3188,#3189,#3780,.T.);
#2254=EDGE_CURVE('',#3189,#3190,#156,.F.);
#2255=EDGE_CURVE('',#3190,#3191,#3781,.T.);
#2256=EDGE_CURVE('',#3191,#3192,#157,.F.);
#2257=EDGE_CURVE('',#3192,#3193,#3782,.T.);
#2258=EDGE_CURVE('',#3193,#3194,#3783,.T.);
#2259=EDGE_CURVE('',#3194,#3195,#158,.F.);
#2260=EDGE_CURVE('',#3195,#3196,#3784,.T.);
#2261=EDGE_CURVE('',#3196,#3197,#159,.F.);
#2262=EDGE_CURVE('',#3197,#3198,#3785,.T.);
#2263=EDGE_CURVE('',#3198,#3199,#3786,.T.);
#2264=EDGE_CURVE('',#3199,#3200,#160,.F.);
#2265=EDGE_CURVE('',#3200,#3201,#3787,.T.);
#2266=EDGE_CURVE('',#3201,#3202,#161,.F.);
#2267=EDGE_CURVE('',#3202,#3183,#3788,.T.);
#2268=EDGE_CURVE('',#3203,#3204,#3789,.T.);
#2269=EDGE_CURVE('',#3204,#3205,#3790,.T.);
#2270=EDGE_CURVE('',#3205,#3206,#3791,.T.);
#2271=EDGE_CURVE('',#3206,#3203,#3792,.T.);
#2272=EDGE_CURVE('',#3207,#3208,#3793,.T.);
#2273=EDGE_CURVE('',#3207,#3209,#3794,.T.);
#2274=EDGE_CURVE('',#3209,#3210,#3795,.T.);
#2275=EDGE_CURVE('',#3208,#3210,#3796,.T.);
#2276=EDGE_CURVE('',#3211,#3212,#3797,.T.);
#2277=EDGE_CURVE('',#3212,#3213,#3798,.T.);
#2278=EDGE_CURVE('',#3213,#3214,#3799,.F.);
#2279=EDGE_CURVE('',#3215,#3214,#3800,.T.);
#2280=EDGE_CURVE('',#3215,#3216,#3801,.T.);
#2281=EDGE_CURVE('',#3216,#3217,#3802,.T.);
#2282=EDGE_CURVE('',#3218,#3217,#3803,.T.);
#2283=EDGE_CURVE('',#3218,#3211,#3804,.T.);
#2284=EDGE_CURVE('',#3219,#3220,#3805,.T.);
#2285=EDGE_CURVE('',#3220,#3221,#3806,.T.);
#2286=EDGE_CURVE('',#3221,#3222,#3807,.F.);
#2287=EDGE_CURVE('',#3222,#3219,#3808,.T.);
#2288=EDGE_CURVE('',#3223,#3224,#3809,.T.);
#2289=EDGE_CURVE('',#3223,#3225,#128,.T.);
#2290=EDGE_CURVE('',#3225,#3226,#3810,.T.);
#2291=EDGE_CURVE('',#3226,#3224,#129,.T.);
#2292=EDGE_CURVE('',#3227,#3228,#3811,.T.);
#2293=EDGE_CURVE('',#3228,#3229,#3812,.T.);
#2294=EDGE_CURVE('',#3230,#3229,#3813,.T.);
#2295=EDGE_CURVE('',#3231,#3230,#3814,.T.);
#2296=EDGE_CURVE('',#3231,#3232,#316,.T.);
#2297=EDGE_CURVE('',#3232,#3233,#3815,.F.);
#2298=EDGE_CURVE('',#3233,#3234,#130,.T.);
#2299=EDGE_CURVE('',#3234,#3235,#3816,.F.);
#2300=EDGE_CURVE('',#3235,#3236,#131,.T.);
#2301=EDGE_CURVE('',#3236,#3237,#3817,.F.);
#2302=EDGE_CURVE('',#3237,#3238,#317,.T.);
#2303=EDGE_CURVE('',#3227,#3238,#3818,.T.);
#2304=EDGE_CURVE('',#3239,#3240,#162,.T.);
#2305=EDGE_CURVE('',#3239,#3241,#3819,.T.);
#2306=EDGE_CURVE('',#3242,#3241,#163,.T.);
#2307=EDGE_CURVE('',#3240,#3242,#3820,.T.);
#2308=EDGE_CURVE('',#3243,#3244,#3821,.T.);
#2309=EDGE_CURVE('',#3243,#3245,#3822,.T.);
#2310=EDGE_CURVE('',#3245,#3246,#3823,.F.);
#2311=EDGE_CURVE('',#3247,#3246,#3824,.T.);
#2312=EDGE_CURVE('',#3247,#3248,#3825,.T.);
#2313=EDGE_CURVE('',#3249,#3248,#3826,.T.);
#2314=EDGE_CURVE('',#3249,#3250,#3827,.F.);
#2315=EDGE_CURVE('',#3251,#3250,#3828,.T.);
#2316=EDGE_CURVE('',#3251,#3252,#3829,.T.);
#2317=EDGE_CURVE('',#3253,#3252,#3830,.T.);
#2318=EDGE_CURVE('',#3253,#3254,#3831,.T.);
#2319=EDGE_CURVE('',#3254,#3255,#3832,.T.);
#2320=EDGE_CURVE('',#3256,#3255,#3833,.T.);
#2321=EDGE_CURVE('',#3257,#3256,#164,.T.);
#2322=EDGE_CURVE('',#3258,#3257,#3834,.T.);
#2323=EDGE_CURVE('',#3244,#3258,#165,.T.);
#2324=EDGE_CURVE('',#3259,#3260,#3835,.T.);
#2325=EDGE_CURVE('',#3260,#3231,#318,.T.);
#2326=EDGE_CURVE('',#3261,#3230,#319,.T.);
#2327=EDGE_CURVE('',#3262,#3261,#3836,.T.);
#2328=EDGE_CURVE('',#3263,#3262,#320,.T.);
#2329=EDGE_CURVE('',#3263,#3264,#3837,.T.);
#2330=EDGE_CURVE('',#3265,#3264,#321,.T.);
#2331=EDGE_CURVE('',#3266,#3265,#3838,.T.);
#2332=EDGE_CURVE('',#3227,#3266,#322,.T.);
#2333=EDGE_CURVE('',#3238,#3267,#323,.T.);
#2334=EDGE_CURVE('',#3267,#3268,#3839,.T.);
#2335=EDGE_CURVE('',#3268,#3269,#3840,.T.);
#2336=EDGE_CURVE('',#3269,#3270,#166,.F.);
#2337=EDGE_CURVE('',#3270,#3271,#3841,.T.);
#2338=EDGE_CURVE('',#3271,#3272,#3842,.T.);
#2339=EDGE_CURVE('',#3272,#3273,#167,.F.);
#2340=EDGE_CURVE('',#3273,#3274,#3843,.T.);
#2341=EDGE_CURVE('',#3274,#3275,#168,.F.);
#2342=EDGE_CURVE('',#3275,#3276,#3844,.T.);
#2343=EDGE_CURVE('',#3276,#3277,#3845,.T.);
#2344=EDGE_CURVE('',#3277,#3278,#169,.F.);
#2345=EDGE_CURVE('',#3278,#3279,#3846,.T.);
#2346=EDGE_CURVE('',#3279,#3280,#170,.F.);
#2347=EDGE_CURVE('',#3280,#3281,#3847,.T.);
#2348=EDGE_CURVE('',#3281,#3282,#3848,.T.);
#2349=EDGE_CURVE('',#3282,#3283,#171,.F.);
#2350=EDGE_CURVE('',#3283,#3284,#3849,.T.);
#2351=EDGE_CURVE('',#3284,#3285,#172,.F.);
#2352=EDGE_CURVE('',#3285,#3286,#3850,.T.);
#2353=EDGE_CURVE('',#3286,#3287,#3851,.T.);
#2354=EDGE_CURVE('',#3287,#3288,#173,.F.);
#2355=EDGE_CURVE('',#3288,#3259,#3852,.T.);
#2356=EDGE_CURVE('',#3289,#3289,#174,.T.);
#2357=EDGE_CURVE('',#3290,#3290,#175,.T.);
#2358=EDGE_CURVE('',#3291,#3291,#176,.T.);
#2359=EDGE_CURVE('',#3292,#3292,#177,.T.);
#2360=EDGE_CURVE('',#3293,#3293,#178,.T.);
#2361=EDGE_CURVE('',#3294,#3294,#179,.T.);
#2362=EDGE_CURVE('',#3295,#3295,#180,.T.);
#2363=EDGE_CURVE('',#3296,#3297,#3853,.T.);
#2364=EDGE_CURVE('',#3297,#3298,#3854,.T.);
#2365=EDGE_CURVE('',#3299,#3298,#3855,.T.);
#2366=EDGE_CURVE('',#3299,#3300,#3856,.T.);
#2367=EDGE_CURVE('',#3300,#3301,#3857,.T.);
#2368=EDGE_CURVE('',#3301,#3302,#3858,.T.);
#2369=EDGE_CURVE('',#3302,#3296,#3859,.T.);
#2370=EDGE_CURVE('',#3303,#3303,#181,.T.);
#2371=EDGE_CURVE('',#3304,#3305,#3860,.T.);
#2372=EDGE_CURVE('',#3304,#3306,#182,.F.);
#2373=EDGE_CURVE('',#3307,#3306,#3861,.T.);
#2374=EDGE_CURVE('',#3307,#3296,#183,.T.);
#2375=EDGE_CURVE('',#3302,#3308,#184,.T.);
#2376=EDGE_CURVE('',#3308,#3309,#3862,.T.);
#2377=EDGE_CURVE('',#3309,#3305,#185,.T.);
#2378=EDGE_CURVE('',#3310,#3311,#3863,.T.);
#2379=EDGE_CURVE('',#3311,#3312,#3864,.T.);
#2380=EDGE_CURVE('',#3313,#3312,#3865,.T.);
#2381=EDGE_CURVE('',#3313,#3299,#3866,.T.);
#2382=EDGE_CURVE('',#3298,#3314,#3867,.T.);
#2383=EDGE_CURVE('',#3314,#3315,#3868,.F.);
#2384=EDGE_CURVE('',#3315,#3316,#324,.T.);
#2385=EDGE_CURVE('',#3316,#3310,#3869,.T.);
#2386=EDGE_CURVE('',#3317,#3318,#3870,.T.);
#2387=EDGE_CURVE('',#3318,#3319,#3871,.T.);
#2388=EDGE_CURVE('',#3319,#3320,#3872,.F.);
#2389=EDGE_CURVE('',#3320,#3321,#3873,.T.);
#2390=EDGE_CURVE('',#3322,#3321,#3874,.T.);
#2391=EDGE_CURVE('',#3322,#3323,#3875,.T.);
#2392=EDGE_CURVE('',#3323,#3317,#3876,.T.);
#2393=EDGE_CURVE('',#3324,#3324,#186,.T.);
#2394=EDGE_CURVE('',#3325,#3326,#3877,.T.);
#2395=EDGE_CURVE('',#3325,#3249,#187,.T.);
#2396=EDGE_CURVE('',#3248,#3327,#188,.T.);
#2397=EDGE_CURVE('',#3328,#3327,#3878,.T.);
#2398=EDGE_CURVE('',#3328,#3326,#189,.T.);
#2399=EDGE_CURVE('',#3329,#3329,#190,.T.);
#2400=EDGE_CURVE('',#3330,#3331,#3879,.T.);
#2401=EDGE_CURVE('',#3330,#3332,#191,.F.);
#2402=EDGE_CURVE('',#3333,#3332,#3880,.T.);
#2403=EDGE_CURVE('',#3333,#3334,#192,.T.);
#2404=EDGE_CURVE('',#3334,#3335,#3881,.T.);
#2405=EDGE_CURVE('',#3335,#3336,#193,.T.);
#2406=EDGE_CURVE('',#3337,#3336,#3882,.T.);
#2407=EDGE_CURVE('',#3337,#3331,#194,.T.);
#2408=EDGE_CURVE('',#3338,#3339,#3883,.T.);
#2409=EDGE_CURVE('',#3339,#3340,#3884,.T.);
#2410=EDGE_CURVE('',#3340,#3341,#3885,.F.);
#2411=EDGE_CURVE('',#3342,#3341,#3886,.T.);
#2412=EDGE_CURVE('',#3343,#3342,#3887,.T.);
#2413=EDGE_CURVE('',#3343,#3344,#3888,.T.);
#2414=EDGE_CURVE('',#3344,#3345,#3889,.T.);
#2415=EDGE_CURVE('',#3345,#3338,#325,.T.);
#2416=EDGE_CURVE('',#3346,#3346,#195,.T.);
#2417=EDGE_CURVE('',#3347,#3348,#3890,.T.);
#2418=EDGE_CURVE('',#3347,#3349,#196,.T.);
#2419=EDGE_CURVE('',#3350,#3349,#3891,.T.);
#2420=EDGE_CURVE('',#3350,#3351,#197,.T.);
#2421=EDGE_CURVE('',#3352,#3351,#3892,.T.);
#2422=EDGE_CURVE('',#3352,#3348,#198,.T.);
#2423=EDGE_CURVE('',#3353,#3354,#3893,.T.);
#2424=EDGE_CURVE('',#3353,#3355,#199,.T.);
#2425=EDGE_CURVE('',#3356,#3355,#3894,.T.);
#2426=EDGE_CURVE('',#3356,#3357,#200,.T.);
#2427=EDGE_CURVE('',#3358,#3357,#3895,.T.);
#2428=EDGE_CURVE('',#3358,#3354,#201,.T.);
#2429=EDGE_CURVE('',#3359,#3359,#202,.T.);
#2430=EDGE_CURVE('',#3332,#3360,#3896,.T.);
#2431=EDGE_CURVE('',#3360,#3361,#3897,.T.);
#2432=EDGE_CURVE('',#3361,#3362,#3898,.F.);
#2433=EDGE_CURVE('',#3362,#3363,#3899,.T.);
#2434=EDGE_CURVE('',#3363,#3364,#326,.T.);
#2435=EDGE_CURVE('',#3364,#3365,#3900,.T.);
#2436=EDGE_CURVE('',#3365,#3366,#3901,.T.);
#2437=EDGE_CURVE('',#3366,#3333,#3902,.F.);
#2438=EDGE_CURVE('',#3217,#3367,#3903,.T.);
#2439=EDGE_CURVE('',#3367,#3368,#3904,.F.);
#2440=EDGE_CURVE('',#3368,#3218,#3905,.T.);
#2441=EDGE_CURVE('',#3306,#3369,#3906,.T.);
#2442=EDGE_CURVE('',#3369,#3370,#3907,.T.);
#2443=EDGE_CURVE('',#3370,#3371,#3908,.F.);
#2444=EDGE_CURVE('',#3372,#3371,#3909,.T.);
#2445=EDGE_CURVE('',#3372,#3373,#3910,.T.);
#2446=EDGE_CURVE('',#3373,#3374,#3911,.T.);
#2447=EDGE_CURVE('',#3374,#3307,#3912,.F.);
#2448=EDGE_CURVE('',#3375,#3376,#3913,.T.);
#2449=EDGE_CURVE('',#3376,#3377,#3914,.T.);
#2450=EDGE_CURVE('',#3377,#3330,#3915,.F.);
#2451=EDGE_CURVE('',#3331,#3378,#3916,.F.);
#2452=EDGE_CURVE('',#3378,#3375,#3917,.T.);
#2453=EDGE_CURVE('',#3379,#3380,#3918,.T.);
#2454=EDGE_CURVE('',#3380,#3381,#3919,.T.);
#2455=EDGE_CURVE('',#3382,#3381,#3920,.T.);
#2456=EDGE_CURVE('',#3383,#3382,#3921,.T.);
#2457=EDGE_CURVE('',#3383,#3384,#3922,.T.);
#2458=EDGE_CURVE('',#3379,#3384,#3923,.T.);
#2459=EDGE_CURVE('',#3381,#3385,#3924,.T.);
#2460=EDGE_CURVE('',#3385,#3386,#3925,.F.);
#2461=EDGE_CURVE('',#3382,#3386,#3926,.T.);
#2462=EDGE_CURVE('',#3387,#3388,#3927,.T.);
#2463=EDGE_CURVE('',#3388,#3389,#3928,.T.);
#2464=EDGE_CURVE('',#3389,#3390,#3929,.F.);
#2465=EDGE_CURVE('',#3390,#3391,#3930,.T.);
#2466=EDGE_CURVE('',#3391,#3358,#3931,.T.);
#2467=EDGE_CURVE('',#3357,#3392,#3932,.F.);
#2468=EDGE_CURVE('',#3392,#3393,#3933,.T.);
#2469=EDGE_CURVE('',#3393,#3350,#3934,.T.);
#2470=EDGE_CURVE('',#3349,#3394,#3935,.F.);
#2471=EDGE_CURVE('',#3394,#3387,#3936,.T.);
#2472=EDGE_CURVE('',#3395,#3396,#3937,.T.);
#2473=EDGE_CURVE('',#3396,#3376,#3938,.T.);
#2474=EDGE_CURVE('',#3375,#3395,#3939,.T.);
#2475=EDGE_CURVE('',#3312,#3397,#3940,.T.);
#2476=EDGE_CURVE('',#3397,#3304,#3941,.F.);
#2477=EDGE_CURVE('',#3305,#3398,#3942,.F.);
#2478=EDGE_CURVE('',#3398,#3399,#3943,.T.);
#2479=EDGE_CURVE('',#3399,#3400,#3944,.T.);
#2480=EDGE_CURVE('',#3400,#3401,#3945,.T.);
#2481=EDGE_CURVE('',#3401,#3402,#3946,.F.);
#2482=EDGE_CURVE('',#3402,#3403,#3947,.T.);
#2483=EDGE_CURVE('',#3403,#3313,#3948,.T.);
#2484=EDGE_CURVE('',#3404,#3405,#3949,.T.);
#2485=EDGE_CURVE('',#3405,#3406,#327,.T.);
#2486=EDGE_CURVE('',#3406,#3407,#3950,.T.);
#2487=EDGE_CURVE('',#3407,#3408,#328,.T.);
#2488=EDGE_CURVE('',#3408,#3409,#3951,.T.);
#2489=EDGE_CURVE('',#3409,#3410,#329,.T.);
#2490=EDGE_CURVE('',#3410,#3411,#3952,.T.);
#2491=EDGE_CURVE('',#3411,#3404,#330,.T.);
#2492=EDGE_CURVE('',#3412,#3413,#3953,.T.);
#2493=EDGE_CURVE('',#3413,#3219,#132,.F.);
#2494=EDGE_CURVE('',#3222,#3414,#133,.F.);
#2495=EDGE_CURVE('',#3414,#3415,#3954,.T.);
#2496=EDGE_CURVE('',#3415,#3416,#134,.F.);
#2497=EDGE_CURVE('',#3417,#3416,#3955,.T.);
#2498=EDGE_CURVE('',#3417,#3412,#135,.F.);
#2499=EDGE_CURVE('',#3334,#3418,#3956,.T.);
#2500=EDGE_CURVE('',#3418,#3419,#3957,.T.);
#2501=EDGE_CURVE('',#3419,#3420,#3958,.F.);
#2502=EDGE_CURVE('',#3420,#3421,#331,.T.);
#2503=EDGE_CURVE('',#3422,#3421,#3959,.T.);
#2504=EDGE_CURVE('',#3422,#3423,#3960,.T.);
#2505=EDGE_CURVE('',#3423,#3335,#3961,.T.);
#2506=EDGE_CURVE('',#3412,#3424,#3962,.T.);
#2507=EDGE_CURVE('',#3424,#3425,#3963,.T.);
#2508=EDGE_CURVE('',#3425,#3413,#3964,.F.);
#2509=EDGE_CURVE('',#3416,#3426,#3965,.T.);
#2510=EDGE_CURVE('',#3426,#3427,#3966,.T.);
#2511=EDGE_CURVE('',#3427,#3417,#3967,.F.);
#2512=EDGE_CURVE('',#3414,#3428,#3968,.T.);
#2513=EDGE_CURVE('',#3428,#3429,#3969,.T.);
#2514=EDGE_CURVE('',#3429,#3415,#3970,.F.);
#2515=EDGE_CURVE('',#3371,#3379,#203,.F.);
#2516=EDGE_CURVE('',#3384,#3430,#204,.T.);
#2517=EDGE_CURVE('',#3431,#3430,#3971,.T.);
#2518=EDGE_CURVE('',#3431,#3342,#205,.T.);
#2519=EDGE_CURVE('',#3341,#3372,#206,.T.);
#2520=EDGE_CURVE('',#3432,#3432,#207,.T.);
#2521=EDGE_CURVE('',#3214,#3253,#208,.F.);
#2522=EDGE_CURVE('',#3252,#3433,#209,.T.);
#2523=EDGE_CURVE('',#3433,#3434,#3972,.T.);
#2524=EDGE_CURVE('',#3434,#3321,#210,.T.);
#2525=EDGE_CURVE('',#3320,#3215,#211,.T.);
#2526=EDGE_CURVE('',#3435,#3435,#212,.T.);
#2527=EDGE_CURVE('',#3400,#3436,#213,.T.);
#2528=EDGE_CURVE('',#3436,#3437,#3973,.T.);
#2529=EDGE_CURVE('',#3437,#3438,#214,.T.);
#2530=EDGE_CURVE('',#3438,#3439,#3974,.T.);
#2531=EDGE_CURVE('',#3439,#3401,#215,.T.);
#2532=EDGE_CURVE('',#3440,#3440,#216,.T.);
#2533=EDGE_CURVE('',#3425,#3220,#217,.F.);
#2534=EDGE_CURVE('',#3221,#3428,#218,.F.);
#2535=EDGE_CURVE('',#3427,#3424,#219,.F.);
#2536=EDGE_CURVE('',#3429,#3426,#220,.F.);
#2537=EDGE_CURVE('',#3425,#3206,#3975,.T.);
#2538=EDGE_CURVE('',#3203,#3424,#3976,.T.);
#2539=EDGE_CURVE('',#3220,#3206,#3977,.T.);
#2540=EDGE_CURVE('',#3203,#3427,#3978,.T.);
#2541=EDGE_CURVE('',#3221,#3205,#3979,.T.);
#2542=EDGE_CURVE('',#3204,#3426,#3980,.T.);
#2543=EDGE_CURVE('',#3428,#3205,#3981,.T.);
#2544=EDGE_CURVE('',#3204,#3429,#3982,.T.);
#2545=EDGE_CURVE('',#3441,#3441,#221,.T.);
#2546=EDGE_CURVE('',#3442,#3442,#222,.T.);
#2547=EDGE_CURVE('',#3443,#3443,#223,.T.);
#2548=EDGE_CURVE('',#3444,#3444,#224,.T.);
#2549=EDGE_CURVE('',#3445,#3445,#225,.T.);
#2550=EDGE_CURVE('',#3446,#3446,#226,.T.);
#2551=EDGE_CURVE('',#3447,#3447,#227,.T.);
#2552=EDGE_CURVE('',#3448,#3448,#228,.T.);
#2553=EDGE_CURVE('',#3263,#3449,#3983,.T.);
#2554=EDGE_CURVE('',#3449,#3450,#3984,.T.);
#2555=EDGE_CURVE('',#3264,#3450,#3985,.T.);
#2556=EDGE_CURVE('',#3262,#3451,#3986,.T.);
#2557=EDGE_CURVE('',#3451,#3449,#332,.T.);
#2558=EDGE_CURVE('',#3450,#3452,#333,.T.);
#2559=EDGE_CURVE('',#3265,#3452,#3987,.T.);
#2560=EDGE_CURVE('',#3261,#3453,#3988,.T.);
#2561=EDGE_CURVE('',#3453,#3451,#3989,.T.);
#2562=EDGE_CURVE('',#3229,#3453,#334,.T.);
#2563=EDGE_CURVE('',#3266,#3454,#3990,.T.);
#2564=EDGE_CURVE('',#3454,#3228,#335,.T.);
#2565=EDGE_CURVE('',#3452,#3454,#3991,.T.);
#2566=EDGE_CURVE('',#3455,#3352,#3992,.T.);
#2567=EDGE_CURVE('',#3455,#3456,#229,.T.);
#2568=EDGE_CURVE('',#3456,#3162,#136,.T.);
#2569=EDGE_CURVE('',#3162,#3457,#137,.T.);
#2570=EDGE_CURVE('',#3457,#3458,#230,.T.);
#2571=EDGE_CURVE('',#3458,#3348,#3993,.T.);
#2572=EDGE_CURVE('',#3351,#3459,#3994,.F.);
#2573=EDGE_CURVE('',#3455,#3459,#3995,.T.);
#2574=EDGE_CURVE('',#3460,#3461,#3996,.T.);
#2575=EDGE_CURVE('',#3460,#3356,#3997,.T.);
#2576=EDGE_CURVE('',#3461,#3355,#3998,.T.);
#2577=EDGE_CURVE('',#3462,#3353,#3999,.T.);
#2578=EDGE_CURVE('',#3462,#3463,#231,.T.);
#2579=EDGE_CURVE('',#3463,#3163,#138,.T.);
#2580=EDGE_CURVE('',#3163,#3464,#139,.T.);
#2581=EDGE_CURVE('',#3464,#3461,#232,.T.);
#2582=EDGE_CURVE('',#3464,#3456,#4000,.T.);
#2583=EDGE_CURVE('',#3459,#3393,#233,.T.);
#2584=EDGE_CURVE('',#3392,#3460,#234,.T.);
#2585=EDGE_CURVE('',#3465,#3431,#4001,.T.);
#2586=EDGE_CURVE('',#3465,#3466,#235,.T.);
#2587=EDGE_CURVE('',#3466,#3343,#140,.T.);
#2588=EDGE_CURVE('',#3430,#3467,#4002,.F.);
#2589=EDGE_CURVE('',#3465,#3467,#4003,.T.);
#2590=EDGE_CURVE('',#3468,#3458,#4004,.T.);
#2591=EDGE_CURVE('',#3468,#3347,#4005,.T.);
#2592=EDGE_CURVE('',#3469,#3470,#4006,.T.);
#2593=EDGE_CURVE('',#3470,#3466,#4007,.T.);
#2594=EDGE_CURVE('',#3467,#3383,#236,.T.);
#2595=EDGE_CURVE('',#3386,#3387,#237,.T.);
#2596=EDGE_CURVE('',#3394,#3468,#238,.T.);
#2597=EDGE_CURVE('',#3457,#3471,#4008,.T.);
#2598=EDGE_CURVE('',#3471,#3469,#239,.F.);
#2599=EDGE_CURVE('',#3354,#3472,#4009,.F.);
#2600=EDGE_CURVE('',#3462,#3472,#4010,.T.);
#2601=EDGE_CURVE('',#3473,#3474,#4011,.T.);
#2602=EDGE_CURVE('',#3473,#3337,#4012,.T.);
#2603=EDGE_CURVE('',#3474,#3336,#4013,.T.);
#2604=EDGE_CURVE('',#3423,#3475,#141,.T.);
#2605=EDGE_CURVE('',#3475,#3474,#240,.T.);
#2606=EDGE_CURVE('',#3476,#3477,#241,.F.);
#2607=EDGE_CURVE('',#3477,#3463,#4014,.T.);
#2608=EDGE_CURVE('',#3472,#3391,#242,.T.);
#2609=EDGE_CURVE('',#3390,#3395,#243,.T.);
#2610=EDGE_CURVE('',#3378,#3473,#244,.T.);
#2611=EDGE_CURVE('',#3475,#3478,#4015,.T.);
#2612=EDGE_CURVE('',#3478,#3476,#4016,.T.);
#2613=EDGE_CURVE('',#3479,#3328,#4017,.T.);
#2614=EDGE_CURVE('',#3479,#3480,#245,.T.);
#2615=EDGE_CURVE('',#3480,#3323,#142,.F.);
#2616=EDGE_CURVE('',#3323,#3481,#143,.F.);
#2617=EDGE_CURVE('',#3481,#3482,#246,.T.);
#2618=EDGE_CURVE('',#3482,#3326,#4018,.T.);
#2619=EDGE_CURVE('',#3327,#3483,#4019,.F.);
#2620=EDGE_CURVE('',#3479,#3483,#4020,.T.);
#2621=EDGE_CURVE('',#3316,#3484,#247,.F.);
#2622=EDGE_CURVE('',#3484,#3480,#4021,.T.);
#2623=EDGE_CURVE('',#3483,#3247,#248,.T.);
#2624=EDGE_CURVE('',#3246,#3310,#249,.T.);
#2625=EDGE_CURVE('',#3433,#3485,#4022,.F.);
#2626=EDGE_CURVE('',#3485,#3486,#4023,.T.);
#2627=EDGE_CURVE('',#3486,#3434,#4024,.T.);
#2628=EDGE_CURVE('',#3487,#3482,#4025,.T.);
#2629=EDGE_CURVE('',#3487,#3325,#4026,.T.);
#2630=EDGE_CURVE('',#3486,#3488,#250,.T.);
#2631=EDGE_CURVE('',#3488,#3322,#144,.F.);
#2632=EDGE_CURVE('',#3481,#3488,#4027,.T.);
#2633=EDGE_CURVE('',#3485,#3251,#251,.T.);
#2634=EDGE_CURVE('',#3250,#3487,#252,.T.);
#2635=EDGE_CURVE('',#3489,#3490,#4028,.T.);
#2636=EDGE_CURVE('',#3490,#3439,#4029,.T.);
#2637=EDGE_CURVE('',#3489,#3438,#4030,.T.);
#2638=EDGE_CURVE('',#3491,#3437,#4031,.T.);
#2639=EDGE_CURVE('',#3491,#3492,#253,.T.);
#2640=EDGE_CURVE('',#3492,#3300,#145,.F.);
#2641=EDGE_CURVE('',#3300,#3493,#146,.F.);
#2642=EDGE_CURVE('',#3493,#3489,#254,.T.);
#2643=EDGE_CURVE('',#3493,#3494,#4032,.T.);
#2644=EDGE_CURVE('',#3494,#3403,#4033,.T.);
#2645=EDGE_CURVE('',#3402,#3490,#255,.T.);
#2646=EDGE_CURVE('',#3436,#3495,#4034,.F.);
#2647=EDGE_CURVE('',#3495,#3491,#4035,.T.);
#2648=EDGE_CURVE('',#3496,#3497,#4036,.T.);
#2649=EDGE_CURVE('',#3497,#3309,#4037,.T.);
#2650=EDGE_CURVE('',#3496,#3308,#4038,.T.);
#2651=EDGE_CURVE('',#3301,#3498,#147,.F.);
#2652=EDGE_CURVE('',#3498,#3496,#256,.T.);
#2653=EDGE_CURVE('',#3498,#3492,#4039,.T.);
#2654=EDGE_CURVE('',#3495,#3399,#257,.T.);
#2655=EDGE_CURVE('',#3398,#3497,#258,.T.);
#2656=EDGE_CURVE('',#3255,#3499,#4040,.T.);
#2657=EDGE_CURVE('',#3499,#3500,#4041,.T.);
#2658=EDGE_CURVE('',#3500,#3256,#4042,.T.);
#2659=EDGE_CURVE('',#3500,#3501,#148,.T.);
#2660=EDGE_CURVE('',#3501,#3257,#4043,.T.);
#2661=EDGE_CURVE('',#3501,#3502,#4044,.T.);
#2662=EDGE_CURVE('',#3502,#3258,#4045,.T.);
#2663=EDGE_CURVE('',#3502,#3503,#149,.T.);
#2664=EDGE_CURVE('',#3503,#3244,#4046,.T.);
#2665=EDGE_CURVE('',#3503,#3504,#4047,.T.);
#2666=EDGE_CURVE('',#3504,#3243,#4048,.T.);
#2667=EDGE_CURVE('',#3505,#3506,#4049,.T.);
#2668=EDGE_CURVE('',#3505,#3241,#4050,.T.);
#2669=EDGE_CURVE('',#3506,#3239,#4051,.T.);
#2670=EDGE_CURVE('',#3507,#3240,#4052,.T.);
#2671=EDGE_CURVE('',#3507,#3506,#259,.F.);
#2672=EDGE_CURVE('',#3508,#3242,#4053,.T.);
#2673=EDGE_CURVE('',#3508,#3507,#4054,.T.);
#2674=EDGE_CURVE('',#3505,#3508,#260,.F.);
#2675=EDGE_CURVE('',#3223,#3509,#4055,.T.);
#2676=EDGE_CURVE('',#3509,#3225,#261,.T.);
#2677=EDGE_CURVE('',#3226,#3510,#262,.T.);
#2678=EDGE_CURVE('',#3224,#3510,#4056,.T.);
#2679=EDGE_CURVE('',#3509,#3510,#4057,.T.);
#2680=EDGE_CURVE('',#3511,#3511,#263,.T.);
#2681=EDGE_CURVE('',#3512,#3512,#264,.T.);
#2682=EDGE_CURVE('',#3513,#3513,#265,.T.);
#2683=EDGE_CURVE('',#3514,#3514,#266,.T.);
#2684=EDGE_CURVE('',#3515,#3515,#267,.T.);
#2685=EDGE_CURVE('',#3516,#3516,#268,.T.);
#2686=EDGE_CURVE('',#3517,#3517,#269,.T.);
#2687=EDGE_CURVE('',#3518,#3519,#4058,.T.);
#2688=EDGE_CURVE('',#3519,#3363,#270,.F.);
#2689=EDGE_CURVE('',#3362,#3520,#271,.T.);
#2690=EDGE_CURVE('',#3521,#3520,#4059,.T.);
#2691=EDGE_CURVE('',#3521,#3518,#4060,.T.);
#2692=EDGE_CURVE('',#3520,#3522,#4061,.T.);
#2693=EDGE_CURVE('',#3522,#3212,#4062,.T.);
#2694=EDGE_CURVE('',#3211,#3521,#4063,.F.);
#2695=EDGE_CURVE('',#3523,#3524,#4064,.T.);
#2696=EDGE_CURVE('',#3525,#3524,#4065,.T.);
#2697=EDGE_CURVE('',#3526,#3525,#4066,.T.);
#2698=EDGE_CURVE('',#3526,#3523,#4067,.T.);
#2699=EDGE_CURVE('',#3524,#3527,#4068,.T.);
#2700=EDGE_CURVE('',#3528,#3527,#4069,.T.);
#2701=EDGE_CURVE('',#3525,#3528,#4070,.T.);
#2702=EDGE_CURVE('',#3529,#3527,#4071,.T.);
#2703=EDGE_CURVE('',#3530,#3529,#4072,.T.);
#2704=EDGE_CURVE('',#3530,#3528,#4073,.T.);
#2705=EDGE_CURVE('',#3531,#3532,#4074,.T.);
#2706=EDGE_CURVE('',#3533,#3532,#4075,.T.);
#2707=EDGE_CURVE('',#3534,#3533,#4076,.T.);
#2708=EDGE_CURVE('',#3534,#3531,#4077,.T.);
#2709=EDGE_CURVE('',#3532,#3535,#4078,.T.);
#2710=EDGE_CURVE('',#3536,#3535,#4079,.T.);
#2711=EDGE_CURVE('',#3533,#3536,#4080,.T.);
#2712=EDGE_CURVE('',#3537,#3535,#4081,.T.);
#2713=EDGE_CURVE('',#3538,#3537,#4082,.T.);
#2714=EDGE_CURVE('',#3538,#3536,#4083,.T.);
#2715=EDGE_CURVE('',#3539,#3540,#4084,.T.);
#2716=EDGE_CURVE('',#3541,#3540,#4085,.T.);
#2717=EDGE_CURVE('',#3542,#3541,#4086,.T.);
#2718=EDGE_CURVE('',#3542,#3539,#4087,.T.);
#2719=EDGE_CURVE('',#3540,#3543,#4088,.T.);
#2720=EDGE_CURVE('',#3544,#3543,#4089,.T.);
#2721=EDGE_CURVE('',#3541,#3544,#4090,.T.);
#2722=EDGE_CURVE('',#3545,#3543,#4091,.T.);
#2723=EDGE_CURVE('',#3546,#3545,#4092,.T.);
#2724=EDGE_CURVE('',#3546,#3544,#4093,.T.);
#2725=EDGE_CURVE('',#3547,#3548,#4094,.T.);
#2726=EDGE_CURVE('',#3549,#3548,#4095,.T.);
#2727=EDGE_CURVE('',#3550,#3549,#4096,.T.);
#2728=EDGE_CURVE('',#3550,#3547,#4097,.T.);
#2729=EDGE_CURVE('',#3548,#3551,#4098,.T.);
#2730=EDGE_CURVE('',#3552,#3551,#4099,.T.);
#2731=EDGE_CURVE('',#3549,#3552,#4100,.T.);
#2732=EDGE_CURVE('',#3553,#3551,#4101,.T.);
#2733=EDGE_CURVE('',#3554,#3553,#4102,.T.);
#2734=EDGE_CURVE('',#3554,#3552,#4103,.T.);
#2735=EDGE_CURVE('',#3555,#3556,#4104,.T.);
#2736=EDGE_CURVE('',#3557,#3556,#4105,.T.);
#2737=EDGE_CURVE('',#3558,#3557,#4106,.T.);
#2738=EDGE_CURVE('',#3558,#3555,#4107,.T.);
#2739=EDGE_CURVE('',#3556,#3559,#4108,.T.);
#2740=EDGE_CURVE('',#3560,#3559,#4109,.T.);
#2741=EDGE_CURVE('',#3557,#3560,#4110,.T.);
#2742=EDGE_CURVE('',#3561,#3559,#4111,.T.);
#2743=EDGE_CURVE('',#3562,#3561,#4112,.T.);
#2744=EDGE_CURVE('',#3562,#3560,#4113,.T.);
#2745=EDGE_CURVE('',#3563,#3564,#4114,.T.);
#2746=EDGE_CURVE('',#3565,#3564,#4115,.T.);
#2747=EDGE_CURVE('',#3566,#3565,#4116,.T.);
#2748=EDGE_CURVE('',#3566,#3563,#4117,.T.);
#2749=EDGE_CURVE('',#3564,#3567,#4118,.T.);
#2750=EDGE_CURVE('',#3568,#3567,#4119,.T.);
#2751=EDGE_CURVE('',#3565,#3568,#4120,.T.);
#2752=EDGE_CURVE('',#3569,#3567,#4121,.T.);
#2753=EDGE_CURVE('',#3570,#3569,#4122,.T.);
#2754=EDGE_CURVE('',#3570,#3568,#4123,.T.);
#2755=EDGE_CURVE('',#3571,#3572,#4124,.T.);
#2756=EDGE_CURVE('',#3573,#3572,#4125,.T.);
#2757=EDGE_CURVE('',#3574,#3573,#4126,.T.);
#2758=EDGE_CURVE('',#3574,#3571,#4127,.T.);
#2759=EDGE_CURVE('',#3572,#3575,#4128,.T.);
#2760=EDGE_CURVE('',#3576,#3575,#4129,.T.);
#2761=EDGE_CURVE('',#3573,#3576,#4130,.T.);
#2762=EDGE_CURVE('',#3577,#3575,#4131,.T.);
#2763=EDGE_CURVE('',#3578,#3577,#4132,.T.);
#2764=EDGE_CURVE('',#3578,#3576,#4133,.T.);
#2765=EDGE_CURVE('',#3579,#3580,#4134,.T.);
#2766=EDGE_CURVE('',#3581,#3580,#4135,.T.);
#2767=EDGE_CURVE('',#3582,#3581,#4136,.T.);
#2768=EDGE_CURVE('',#3582,#3579,#4137,.T.);
#2769=EDGE_CURVE('',#3580,#3583,#4138,.T.);
#2770=EDGE_CURVE('',#3584,#3583,#4139,.T.);
#2771=EDGE_CURVE('',#3581,#3584,#4140,.T.);
#2772=EDGE_CURVE('',#3585,#3583,#4141,.T.);
#2773=EDGE_CURVE('',#3586,#3585,#4142,.T.);
#2774=EDGE_CURVE('',#3586,#3584,#4143,.T.);
#2775=EDGE_CURVE('',#3587,#3588,#4144,.T.);
#2776=EDGE_CURVE('',#3589,#3588,#4145,.T.);
#2777=EDGE_CURVE('',#3590,#3589,#4146,.T.);
#2778=EDGE_CURVE('',#3590,#3587,#4147,.T.);
#2779=EDGE_CURVE('',#3588,#3591,#4148,.T.);
#2780=EDGE_CURVE('',#3592,#3591,#4149,.T.);
#2781=EDGE_CURVE('',#3589,#3592,#4150,.T.);
#2782=EDGE_CURVE('',#3593,#3591,#4151,.T.);
#2783=EDGE_CURVE('',#3594,#3593,#4152,.T.);
#2784=EDGE_CURVE('',#3594,#3592,#4153,.T.);
#2785=EDGE_CURVE('',#3595,#3596,#4154,.T.);
#2786=EDGE_CURVE('',#3597,#3596,#4155,.T.);
#2787=EDGE_CURVE('',#3598,#3597,#4156,.T.);
#2788=EDGE_CURVE('',#3598,#3595,#4157,.T.);
#2789=EDGE_CURVE('',#3596,#3599,#4158,.T.);
#2790=EDGE_CURVE('',#3600,#3599,#4159,.T.);
#2791=EDGE_CURVE('',#3597,#3600,#4160,.T.);
#2792=EDGE_CURVE('',#3601,#3599,#4161,.T.);
#2793=EDGE_CURVE('',#3602,#3601,#4162,.T.);
#2794=EDGE_CURVE('',#3602,#3600,#4163,.T.);
#2795=EDGE_CURVE('',#3603,#3604,#4164,.T.);
#2796=EDGE_CURVE('',#3605,#3604,#4165,.T.);
#2797=EDGE_CURVE('',#3606,#3605,#4166,.T.);
#2798=EDGE_CURVE('',#3606,#3603,#4167,.T.);
#2799=EDGE_CURVE('',#3604,#3607,#4168,.T.);
#2800=EDGE_CURVE('',#3608,#3607,#4169,.T.);
#2801=EDGE_CURVE('',#3605,#3608,#4170,.T.);
#2802=EDGE_CURVE('',#3609,#3607,#4171,.T.);
#2803=EDGE_CURVE('',#3610,#3609,#4172,.T.);
#2804=EDGE_CURVE('',#3610,#3608,#4173,.T.);
#2805=EDGE_CURVE('',#3611,#3612,#4174,.T.);
#2806=EDGE_CURVE('',#3613,#3612,#4175,.T.);
#2807=EDGE_CURVE('',#3614,#3613,#4176,.T.);
#2808=EDGE_CURVE('',#3614,#3611,#4177,.T.);
#2809=EDGE_CURVE('',#3612,#3615,#4178,.T.);
#2810=EDGE_CURVE('',#3616,#3615,#4179,.T.);
#2811=EDGE_CURVE('',#3613,#3616,#4180,.T.);
#2812=EDGE_CURVE('',#3617,#3615,#4181,.T.);
#2813=EDGE_CURVE('',#3618,#3617,#4182,.T.);
#2814=EDGE_CURVE('',#3618,#3616,#4183,.T.);
#2815=EDGE_CURVE('',#3619,#3620,#4184,.T.);
#2816=EDGE_CURVE('',#3621,#3620,#4185,.T.);
#2817=EDGE_CURVE('',#3622,#3621,#4186,.T.);
#2818=EDGE_CURVE('',#3622,#3619,#4187,.T.);
#2819=EDGE_CURVE('',#3620,#3623,#4188,.T.);
#2820=EDGE_CURVE('',#3624,#3623,#4189,.T.);
#2821=EDGE_CURVE('',#3621,#3624,#4190,.T.);
#2822=EDGE_CURVE('',#3625,#3623,#4191,.T.);
#2823=EDGE_CURVE('',#3626,#3625,#4192,.T.);
#2824=EDGE_CURVE('',#3626,#3624,#4193,.T.);
#2825=EDGE_CURVE('',#3627,#3628,#4194,.T.);
#2826=EDGE_CURVE('',#3629,#3628,#4195,.T.);
#2827=EDGE_CURVE('',#3630,#3629,#4196,.T.);
#2828=EDGE_CURVE('',#3630,#3627,#4197,.T.);
#2829=EDGE_CURVE('',#3628,#3631,#4198,.T.);
#2830=EDGE_CURVE('',#3632,#3631,#4199,.T.);
#2831=EDGE_CURVE('',#3629,#3632,#4200,.T.);
#2832=EDGE_CURVE('',#3633,#3631,#4201,.T.);
#2833=EDGE_CURVE('',#3634,#3633,#4202,.T.);
#2834=EDGE_CURVE('',#3634,#3632,#4203,.T.);
#2835=EDGE_CURVE('',#3635,#3636,#4204,.T.);
#2836=EDGE_CURVE('',#3637,#3636,#4205,.T.);
#2837=EDGE_CURVE('',#3638,#3637,#4206,.T.);
#2838=EDGE_CURVE('',#3638,#3635,#4207,.T.);
#2839=EDGE_CURVE('',#3636,#3639,#4208,.T.);
#2840=EDGE_CURVE('',#3640,#3639,#4209,.T.);
#2841=EDGE_CURVE('',#3637,#3640,#4210,.T.);
#2842=EDGE_CURVE('',#3641,#3639,#4211,.T.);
#2843=EDGE_CURVE('',#3642,#3641,#4212,.T.);
#2844=EDGE_CURVE('',#3642,#3640,#4213,.T.);
#2845=EDGE_CURVE('',#3643,#3644,#4214,.T.);
#2846=EDGE_CURVE('',#3645,#3644,#4215,.T.);
#2847=EDGE_CURVE('',#3646,#3645,#4216,.T.);
#2848=EDGE_CURVE('',#3646,#3643,#4217,.T.);
#2849=EDGE_CURVE('',#3644,#3647,#4218,.T.);
#2850=EDGE_CURVE('',#3648,#3647,#4219,.T.);
#2851=EDGE_CURVE('',#3645,#3648,#4220,.T.);
#2852=EDGE_CURVE('',#3649,#3647,#4221,.T.);
#2853=EDGE_CURVE('',#3650,#3649,#4222,.T.);
#2854=EDGE_CURVE('',#3650,#3648,#4223,.T.);
#2855=EDGE_CURVE('',#3651,#3652,#4224,.T.);
#2856=EDGE_CURVE('',#3653,#3652,#4225,.T.);
#2857=EDGE_CURVE('',#3654,#3653,#4226,.T.);
#2858=EDGE_CURVE('',#3654,#3651,#4227,.T.);
#2859=EDGE_CURVE('',#3652,#3655,#4228,.T.);
#2860=EDGE_CURVE('',#3656,#3655,#4229,.T.);
#2861=EDGE_CURVE('',#3653,#3656,#4230,.T.);
#2862=EDGE_CURVE('',#3657,#3655,#4231,.T.);
#2863=EDGE_CURVE('',#3658,#3657,#4232,.T.);
#2864=EDGE_CURVE('',#3658,#3656,#4233,.T.);
#2865=EDGE_CURVE('',#3659,#3660,#4234,.T.);
#2866=EDGE_CURVE('',#3661,#3660,#4235,.T.);
#2867=EDGE_CURVE('',#3662,#3661,#4236,.T.);
#2868=EDGE_CURVE('',#3662,#3659,#4237,.T.);
#2869=EDGE_CURVE('',#3660,#3663,#4238,.T.);
#2870=EDGE_CURVE('',#3664,#3663,#4239,.T.);
#2871=EDGE_CURVE('',#3661,#3664,#4240,.T.);
#2872=EDGE_CURVE('',#3665,#3663,#4241,.T.);
#2873=EDGE_CURVE('',#3666,#3665,#4242,.T.);
#2874=EDGE_CURVE('',#3666,#3664,#4243,.T.);
#2875=EDGE_CURVE('',#3667,#3668,#4244,.T.);
#2876=EDGE_CURVE('',#3669,#3668,#4245,.T.);
#2877=EDGE_CURVE('',#3670,#3669,#4246,.T.);
#2878=EDGE_CURVE('',#3670,#3667,#4247,.T.);
#2879=EDGE_CURVE('',#3668,#3671,#4248,.T.);
#2880=EDGE_CURVE('',#3672,#3671,#4249,.T.);
#2881=EDGE_CURVE('',#3669,#3672,#4250,.T.);
#2882=EDGE_CURVE('',#3673,#3671,#4251,.T.);
#2883=EDGE_CURVE('',#3674,#3673,#4252,.T.);
#2884=EDGE_CURVE('',#3674,#3672,#4253,.T.);
#2885=EDGE_CURVE('',#3675,#3676,#4254,.T.);
#2886=EDGE_CURVE('',#3677,#3676,#4255,.T.);
#2887=EDGE_CURVE('',#3678,#3677,#4256,.T.);
#2888=EDGE_CURVE('',#3678,#3675,#4257,.T.);
#2889=EDGE_CURVE('',#3676,#3679,#4258,.T.);
#2890=EDGE_CURVE('',#3680,#3679,#4259,.T.);
#2891=EDGE_CURVE('',#3677,#3680,#4260,.T.);
#2892=EDGE_CURVE('',#3681,#3679,#4261,.T.);
#2893=EDGE_CURVE('',#3682,#3681,#4262,.T.);
#2894=EDGE_CURVE('',#3682,#3680,#4263,.T.);
#2895=EDGE_CURVE('',#3683,#3684,#4264,.T.);
#2896=EDGE_CURVE('',#3685,#3684,#4265,.T.);
#2897=EDGE_CURVE('',#3686,#3685,#4266,.T.);
#2898=EDGE_CURVE('',#3686,#3683,#4267,.T.);
#2899=EDGE_CURVE('',#3684,#3687,#4268,.T.);
#2900=EDGE_CURVE('',#3688,#3687,#4269,.T.);
#2901=EDGE_CURVE('',#3685,#3688,#4270,.T.);
#2902=EDGE_CURVE('',#3689,#3687,#4271,.T.);
#2903=EDGE_CURVE('',#3690,#3689,#4272,.T.);
#2904=EDGE_CURVE('',#3690,#3688,#4273,.T.);
#2905=EDGE_CURVE('',#3691,#3692,#4274,.T.);
#2906=EDGE_CURVE('',#3693,#3692,#4275,.T.);
#2907=EDGE_CURVE('',#3694,#3693,#4276,.T.);
#2908=EDGE_CURVE('',#3694,#3691,#4277,.T.);
#2909=EDGE_CURVE('',#3692,#3695,#4278,.T.);
#2910=EDGE_CURVE('',#3696,#3695,#4279,.T.);
#2911=EDGE_CURVE('',#3693,#3696,#4280,.T.);
#2912=EDGE_CURVE('',#3697,#3695,#4281,.T.);
#2913=EDGE_CURVE('',#3698,#3697,#4282,.T.);
#2914=EDGE_CURVE('',#3698,#3696,#4283,.T.);
#2915=EDGE_CURVE('',#3699,#3700,#4284,.T.);
#2916=EDGE_CURVE('',#3701,#3700,#4285,.T.);
#2917=EDGE_CURVE('',#3702,#3701,#4286,.T.);
#2918=EDGE_CURVE('',#3702,#3699,#4287,.T.);
#2919=EDGE_CURVE('',#3700,#3703,#4288,.T.);
#2920=EDGE_CURVE('',#3704,#3703,#4289,.T.);
#2921=EDGE_CURVE('',#3701,#3704,#4290,.T.);
#2922=EDGE_CURVE('',#3705,#3703,#4291,.T.);
#2923=EDGE_CURVE('',#3706,#3705,#4292,.T.);
#2924=EDGE_CURVE('',#3706,#3704,#4293,.T.);
#2925=EDGE_CURVE('',#3707,#3708,#4294,.T.);
#2926=EDGE_CURVE('',#3709,#3708,#4295,.T.);
#2927=EDGE_CURVE('',#3710,#3709,#4296,.T.);
#2928=EDGE_CURVE('',#3710,#3707,#4297,.T.);
#2929=EDGE_CURVE('',#3708,#3711,#4298,.T.);
#2930=EDGE_CURVE('',#3712,#3711,#4299,.T.);
#2931=EDGE_CURVE('',#3709,#3712,#4300,.T.);
#2932=EDGE_CURVE('',#3713,#3711,#4301,.T.);
#2933=EDGE_CURVE('',#3714,#3713,#4302,.T.);
#2934=EDGE_CURVE('',#3714,#3712,#4303,.T.);
#2935=EDGE_CURVE('',#3715,#3716,#4304,.T.);
#2936=EDGE_CURVE('',#3717,#3716,#4305,.T.);
#2937=EDGE_CURVE('',#3718,#3717,#4306,.T.);
#2938=EDGE_CURVE('',#3718,#3715,#4307,.T.);
#2939=EDGE_CURVE('',#3716,#3719,#4308,.T.);
#2940=EDGE_CURVE('',#3720,#3719,#4309,.T.);
#2941=EDGE_CURVE('',#3717,#3720,#4310,.T.);
#2942=EDGE_CURVE('',#3721,#3719,#4311,.T.);
#2943=EDGE_CURVE('',#3722,#3721,#4312,.T.);
#2944=EDGE_CURVE('',#3722,#3720,#4313,.T.);
#2945=EDGE_CURVE('',#3723,#3207,#4314,.T.);
#2946=EDGE_CURVE('',#3723,#3724,#4315,.T.);
#2947=EDGE_CURVE('',#3724,#3209,#4316,.T.);
#2948=EDGE_CURVE('',#3725,#3208,#4317,.T.);
#2949=EDGE_CURVE('',#3723,#3725,#4318,.T.);
#2950=EDGE_CURVE('',#3726,#3210,#4319,.T.);
#2951=EDGE_CURVE('',#3725,#3726,#4320,.T.);
#2952=EDGE_CURVE('',#3531,#3537,#4321,.T.);
#2953=EDGE_CURVE('',#3534,#3538,#4322,.T.);
#2954=EDGE_CURVE('',#3539,#3545,#4323,.T.);
#2955=EDGE_CURVE('',#3542,#3546,#4324,.T.);
#2956=EDGE_CURVE('',#3547,#3553,#4325,.T.);
#2957=EDGE_CURVE('',#3550,#3554,#4326,.T.);
#2958=EDGE_CURVE('',#3555,#3561,#4327,.T.);
#2959=EDGE_CURVE('',#3558,#3562,#4328,.T.);
#2960=EDGE_CURVE('',#3563,#3569,#4329,.T.);
#2961=EDGE_CURVE('',#3566,#3570,#4330,.T.);
#2962=EDGE_CURVE('',#3571,#3577,#4331,.T.);
#2963=EDGE_CURVE('',#3574,#3578,#4332,.T.);
#2964=EDGE_CURVE('',#3579,#3585,#4333,.T.);
#2965=EDGE_CURVE('',#3582,#3586,#4334,.T.);
#2966=EDGE_CURVE('',#3587,#3593,#4335,.T.);
#2967=EDGE_CURVE('',#3590,#3594,#4336,.T.);
#2968=EDGE_CURVE('',#3595,#3601,#4337,.T.);
#2969=EDGE_CURVE('',#3598,#3602,#4338,.T.);
#2970=EDGE_CURVE('',#3603,#3609,#4339,.T.);
#2971=EDGE_CURVE('',#3606,#3610,#4340,.T.);
#2972=EDGE_CURVE('',#3611,#3617,#4341,.T.);
#2973=EDGE_CURVE('',#3614,#3618,#4342,.T.);
#2974=EDGE_CURVE('',#3619,#3625,#4343,.T.);
#2975=EDGE_CURVE('',#3622,#3626,#4344,.T.);
#2976=EDGE_CURVE('',#3627,#3633,#4345,.T.);
#2977=EDGE_CURVE('',#3630,#3634,#4346,.T.);
#2978=EDGE_CURVE('',#3635,#3641,#4347,.T.);
#2979=EDGE_CURVE('',#3638,#3642,#4348,.T.);
#2980=EDGE_CURVE('',#3643,#3649,#4349,.T.);
#2981=EDGE_CURVE('',#3646,#3650,#4350,.T.);
#2982=EDGE_CURVE('',#3651,#3657,#4351,.T.);
#2983=EDGE_CURVE('',#3654,#3658,#4352,.T.);
#2984=EDGE_CURVE('',#3659,#3665,#4353,.T.);
#2985=EDGE_CURVE('',#3662,#3666,#4354,.T.);
#2986=EDGE_CURVE('',#3667,#3673,#4355,.T.);
#2987=EDGE_CURVE('',#3670,#3674,#4356,.T.);
#2988=EDGE_CURVE('',#3675,#3681,#4357,.T.);
#2989=EDGE_CURVE('',#3678,#3682,#4358,.T.);
#2990=EDGE_CURVE('',#3683,#3689,#4359,.T.);
#2991=EDGE_CURVE('',#3686,#3690,#4360,.T.);
#2992=EDGE_CURVE('',#3691,#3697,#4361,.T.);
#2993=EDGE_CURVE('',#3694,#3698,#4362,.T.);
#2994=EDGE_CURVE('',#3699,#3705,#4363,.T.);
#2995=EDGE_CURVE('',#3702,#3706,#4364,.T.);
#2996=EDGE_CURVE('',#3707,#3713,#4365,.T.);
#2997=EDGE_CURVE('',#3710,#3714,#4366,.T.);
#2998=EDGE_CURVE('',#3715,#3721,#4367,.T.);
#2999=EDGE_CURVE('',#3718,#3722,#4368,.T.);
#3000=EDGE_CURVE('',#3724,#3726,#4369,.T.);
#3001=EDGE_CURVE('',#3523,#3529,#4370,.T.);
#3002=EDGE_CURVE('',#3526,#3530,#4371,.T.);
#3003=EDGE_CURVE('',#3173,#3167,#4372,.T.);
#3004=EDGE_CURVE('',#3168,#3174,#4373,.T.);
#3005=EDGE_CURVE('',#3727,#3728,#4374,.T.);
#3006=EDGE_CURVE('',#3728,#3729,#4375,.T.);
#3007=EDGE_CURVE('',#3729,#3730,#4376,.F.);
#3008=EDGE_CURVE('',#3730,#3727,#4377,.T.);
#3009=EDGE_CURVE('',#3731,#3732,#4378,.T.);
#3010=EDGE_CURVE('',#3732,#3733,#4379,.T.);
#3011=EDGE_CURVE('',#3733,#3734,#4380,.F.);
#3012=EDGE_CURVE('',#3734,#3731,#4381,.T.);
#3013=EDGE_CURVE('',#3735,#3736,#4382,.T.);
#3014=EDGE_CURVE('',#3736,#3737,#4383,.T.);
#3015=EDGE_CURVE('',#3737,#3738,#4384,.F.);
#3016=EDGE_CURVE('',#3738,#3735,#4385,.T.);
#3017=EDGE_CURVE('',#3739,#3740,#4386,.T.);
#3018=EDGE_CURVE('',#3740,#3166,#272,.T.);
#3019=EDGE_CURVE('',#3165,#3741,#273,.F.);
#3020=EDGE_CURVE('',#3742,#3741,#4387,.T.);
#3021=EDGE_CURVE('',#3742,#3743,#274,.T.);
#3022=EDGE_CURVE('',#3743,#3744,#4388,.T.);
#3023=EDGE_CURVE('',#3744,#3745,#4389,.T.);
#3024=EDGE_CURVE('',#3745,#3746,#4390,.T.);
#3025=EDGE_CURVE('',#3746,#3747,#275,.T.);
#3026=EDGE_CURVE('',#3747,#3748,#4391,.T.);
#3027=EDGE_CURVE('',#3748,#3160,#276,.F.);
#3028=EDGE_CURVE('',#3159,#3749,#277,.T.);
#3029=EDGE_CURVE('',#3749,#3750,#4392,.T.);
#3030=EDGE_CURVE('',#3750,#3751,#278,.T.);
#3031=EDGE_CURVE('',#3751,#3752,#4393,.T.);
#3032=EDGE_CURVE('',#3752,#3739,#279,.T.);
#3033=EDGE_CURVE('',#3344,#3753,#4394,.T.);
#3034=EDGE_CURVE('',#3753,#3748,#4395,.T.);
#3035=EDGE_CURVE('',#3747,#3345,#336,.T.);
#3036=EDGE_CURVE('',#3741,#3754,#4396,.F.);
#3037=EDGE_CURVE('',#3754,#3422,#4397,.T.);
#3038=EDGE_CURVE('',#3421,#3742,#337,.T.);
#3039=EDGE_CURVE('',#3232,#3504,#338,.T.);
#3040=EDGE_CURVE('',#3233,#3503,#280,.T.);
#3041=EDGE_CURVE('',#3234,#3502,#281,.T.);
#3042=EDGE_CURVE('',#3235,#3501,#282,.T.);
#3043=EDGE_CURVE('',#3236,#3500,#283,.T.);
#3044=EDGE_CURVE('',#3499,#3237,#339,.T.);
#3045=EDGE_CURVE('',#3361,#3522,#284,.T.);
#3046=EDGE_CURVE('',#3213,#3254,#285,.T.);
#3047=EDGE_CURVE('',#3245,#3311,#286,.T.);
#3048=EDGE_CURVE('',#3397,#3369,#287,.T.);
#3049=EDGE_CURVE('',#3164,#3754,#288,.T.);
#3050=EDGE_CURVE('',#3370,#3380,#289,.T.);
#3051=EDGE_CURVE('',#3753,#3161,#290,.T.);
#3052=EDGE_CURVE('',#3385,#3388,#291,.T.);
#3053=EDGE_CURVE('',#3389,#3396,#292,.T.);
#3054=EDGE_CURVE('',#3377,#3360,#293,.T.);
#3055=EDGE_CURVE('',#3737,#3732,#294,.T.);
#3056=EDGE_CURVE('',#3731,#3738,#295,.F.);
#3057=EDGE_CURVE('',#3729,#3156,#296,.T.);
#3058=EDGE_CURVE('',#3155,#3730,#297,.F.);
#3059=EDGE_CURVE('',#3338,#3172,#298,.F.);
#3060=EDGE_CURVE('',#3171,#3339,#299,.T.);
#3061=EDGE_CURVE('',#3366,#3418,#300,.T.);
#3062=EDGE_CURVE('',#3169,#3420,#301,.F.);
#3063=EDGE_CURVE('',#3419,#3170,#302,.T.);
#3064=EDGE_CURVE('',#3157,#3736,#303,.T.);
#3065=EDGE_CURVE('',#3735,#3158,#304,.F.);
#3066=EDGE_CURVE('',#3340,#3373,#305,.T.);
#3067=EDGE_CURVE('',#3374,#3297,#306,.T.);
#3068=EDGE_CURVE('',#3314,#3318,#307,.T.);
#3069=EDGE_CURVE('',#3317,#3315,#308,.T.);
#3070=EDGE_CURVE('',#3733,#3728,#309,.T.);
#3071=EDGE_CURVE('',#3727,#3734,#310,.F.);
#3072=EDGE_CURVE('',#3367,#3365,#311,.T.);
#3073=EDGE_CURVE('',#3364,#3368,#312,.T.);
#3074=EDGE_CURVE('',#3319,#3216,#313,.T.);
#3075=EDGE_CURVE('',#3181,#3732,#4398,.T.);
#3076=EDGE_CURVE('',#3733,#3180,#4399,.T.);
#3077=EDGE_CURVE('',#3728,#3179,#4400,.T.);
#3078=EDGE_CURVE('',#3182,#3737,#4401,.T.);
#3079=EDGE_CURVE('',#3729,#3178,#4402,.T.);
#3080=EDGE_CURVE('',#3175,#3736,#4403,.T.);
#3081=EDGE_CURVE('',#3156,#3177,#4404,.T.);
#3082=EDGE_CURVE('',#3176,#3157,#4405,.T.);
#3083=EDGE_CURVE('',#3749,#3735,#4406,.T.);
#3084=EDGE_CURVE('',#3750,#3738,#4407,.T.);
#3085=EDGE_CURVE('',#3751,#3731,#4408,.T.);
#3086=EDGE_CURVE('',#3752,#3734,#4409,.T.);
#3087=EDGE_CURVE('',#3739,#3727,#4410,.T.);
#3088=EDGE_CURVE('',#3740,#3730,#4411,.T.);
#3089=EDGE_CURVE('',#3267,#3499,#340,.T.);
#3090=EDGE_CURVE('',#3268,#3255,#4412,.F.);
#3091=EDGE_CURVE('',#3269,#3254,#4413,.T.);
#3092=EDGE_CURVE('',#3270,#3213,#4414,.T.);
#3093=EDGE_CURVE('',#3271,#3212,#4415,.T.);
#3094=EDGE_CURVE('',#3272,#3522,#4416,.T.);
#3095=EDGE_CURVE('',#3273,#3361,#4417,.T.);
#3096=EDGE_CURVE('',#3274,#3360,#4418,.T.);
#3097=EDGE_CURVE('',#3275,#3377,#4419,.T.);
#3098=EDGE_CURVE('',#3276,#3376,#4420,.F.);
#3099=EDGE_CURVE('',#3277,#3396,#4421,.T.);
#3100=EDGE_CURVE('',#3278,#3389,#4422,.T.);
#3101=EDGE_CURVE('',#3279,#3388,#4423,.T.);
#3102=EDGE_CURVE('',#3280,#3385,#4424,.T.);
#3103=EDGE_CURVE('',#3281,#3381,#4425,.F.);
#3104=EDGE_CURVE('',#3282,#3380,#4426,.T.);
#3105=EDGE_CURVE('',#3283,#3370,#4427,.T.);
#3106=EDGE_CURVE('',#3284,#3369,#4428,.T.);
#3107=EDGE_CURVE('',#3285,#3397,#4429,.T.);
#3108=EDGE_CURVE('',#3286,#3312,#4430,.T.);
#3109=EDGE_CURVE('',#3287,#3311,#4431,.T.);
#3110=EDGE_CURVE('',#3288,#3245,#4432,.T.);
#3111=EDGE_CURVE('',#3259,#3243,#4433,.F.);
#3112=EDGE_CURVE('',#3260,#3504,#341,.F.);
#3113=EDGE_CURVE('',#3743,#3169,#4434,.T.);
#3114=EDGE_CURVE('',#3744,#3167,#4435,.T.);
#3115=EDGE_CURVE('',#3745,#3173,#4436,.F.);
#3116=EDGE_CURVE('',#3746,#3172,#4437,.T.);
#3117=EDGE_CURVE('',#3195,#3319,#4438,.T.);
#3118=EDGE_CURVE('',#3216,#3194,#4439,.T.);
#3119=EDGE_CURVE('',#3217,#3193,#4440,.F.);
#3120=EDGE_CURVE('',#3196,#3318,#4441,.T.);
#3121=EDGE_CURVE('',#3367,#3192,#4442,.T.);
#3122=EDGE_CURVE('',#3197,#3314,#4443,.T.);
#3123=EDGE_CURVE('',#3365,#3191,#4444,.T.);
#3124=EDGE_CURVE('',#3198,#3298,#4445,.F.);
#3125=EDGE_CURVE('',#3366,#3190,#4446,.T.);
#3126=EDGE_CURVE('',#3199,#3297,#4447,.T.);
#3127=EDGE_CURVE('',#3418,#3189,#4448,.T.);
#3128=EDGE_CURVE('',#3200,#3374,#4449,.T.);
#3129=EDGE_CURVE('',#3419,#3188,#4450,.T.);
#3130=EDGE_CURVE('',#3201,#3373,#4451,.T.);
#3131=EDGE_CURVE('',#3170,#3187,#4452,.T.);
#3132=EDGE_CURVE('',#3202,#3340,#4453,.T.);
#3133=EDGE_CURVE('',#3168,#3186,#4454,.T.);
#3134=EDGE_CURVE('',#3183,#3339,#4455,.T.);
#3135=EDGE_CURVE('',#3174,#3185,#4456,.F.);
#3136=EDGE_CURVE('',#3184,#3171,#4457,.T.);
#3137=EDGE_CURVE('',#3518,#3218,#4458,.F.);
#3138=EDGE_CURVE('',#3519,#3368,#4459,.T.);
#3139=EDGE_CURVE('',#3299,#3494,#4460,.T.);
#3140=EDGE_CURVE('',#3317,#3484,#4461,.T.);
#3141=EDGE_CURVE('',#3478,#3422,#4462,.F.);
#3142=EDGE_CURVE('',#3476,#3754,#4463,.T.);
#3143=EDGE_CURVE('',#3477,#3164,#4464,.T.);
#3144=EDGE_CURVE('',#3471,#3161,#4465,.T.);
#3145=EDGE_CURVE('',#3469,#3753,#4466,.T.);
#3146=EDGE_CURVE('',#3470,#3344,#4467,.T.);
#3147=EDGE_CURVE('',#3410,#3229,#342,.T.);
#3148=EDGE_CURVE('',#3453,#3409,#343,.T.);
#3149=EDGE_CURVE('',#3451,#3408,#344,.F.);
#3150=EDGE_CURVE('',#3411,#3228,#345,.F.);
#3151=EDGE_CURVE('',#3449,#3407,#346,.T.);
#3152=EDGE_CURVE('',#3404,#3454,#347,.T.);
#3153=EDGE_CURVE('',#3450,#3406,#348,.F.);
#3154=EDGE_CURVE('',#3405,#3452,#349,.F.);
#3155=VERTEX_POINT('',#9193);
#3156=VERTEX_POINT('',#9194);
#3157=VERTEX_POINT('',#9196);
#3158=VERTEX_POINT('',#9198);
#3159=VERTEX_POINT('',#9203);
#3160=VERTEX_POINT('',#9205);
#3161=VERTEX_POINT('',#9207);
#3162=VERTEX_POINT('',#9209);
#3163=VERTEX_POINT('',#9211);
#3164=VERTEX_POINT('',#9213);
#3165=VERTEX_POINT('',#9215);
#3166=VERTEX_POINT('',#9217);
#3167=VERTEX_POINT('',#9224);
#3168=VERTEX_POINT('',#9225);
#3169=VERTEX_POINT('',#9227);
#3170=VERTEX_POINT('',#9229);
#3171=VERTEX_POINT('',#9233);
#3172=VERTEX_POINT('',#9234);
#3173=VERTEX_POINT('',#9236);
#3174=VERTEX_POINT('',#9238);
#3175=VERTEX_POINT('',#9242);
#3176=VERTEX_POINT('',#9243);
#3177=VERTEX_POINT('',#9245);
#3178=VERTEX_POINT('',#9247);
#3179=VERTEX_POINT('',#9249);
#3180=VERTEX_POINT('',#9251);
#3181=VERTEX_POINT('',#9253);
#3182=VERTEX_POINT('',#9255);
#3183=VERTEX_POINT('',#9258);
#3184=VERTEX_POINT('',#9259);
#3185=VERTEX_POINT('',#9261);
#3186=VERTEX_POINT('',#9263);
#3187=VERTEX_POINT('',#9265);
#3188=VERTEX_POINT('',#9267);
#3189=VERTEX_POINT('',#9269);
#3190=VERTEX_POINT('',#9271);
#3191=VERTEX_POINT('',#9273);
#3192=VERTEX_POINT('',#9275);
#3193=VERTEX_POINT('',#9277);
#3194=VERTEX_POINT('',#9279);
#3195=VERTEX_POINT('',#9281);
#3196=VERTEX_POINT('',#9283);
#3197=VERTEX_POINT('',#9285);
#3198=VERTEX_POINT('',#9287);
#3199=VERTEX_POINT('',#9289);
#3200=VERTEX_POINT('',#9291);
#3201=VERTEX_POINT('',#9293);
#3202=VERTEX_POINT('',#9295);
#3203=VERTEX_POINT('',#9298);
#3204=VERTEX_POINT('',#9299);
#3205=VERTEX_POINT('',#9301);
#3206=VERTEX_POINT('',#9303);
#3207=VERTEX_POINT('',#9306);
#3208=VERTEX_POINT('',#9307);
#3209=VERTEX_POINT('',#9309);
#3210=VERTEX_POINT('',#9311);
#3211=VERTEX_POINT('',#9315);
#3212=VERTEX_POINT('',#9316);
#3213=VERTEX_POINT('',#9318);
#3214=VERTEX_POINT('',#9320);
#3215=VERTEX_POINT('',#9322);
#3216=VERTEX_POINT('',#9324);
#3217=VERTEX_POINT('',#9326);
#3218=VERTEX_POINT('',#9328);
#3219=VERTEX_POINT('',#9332);
#3220=VERTEX_POINT('',#9333);
#3221=VERTEX_POINT('',#9335);
#3222=VERTEX_POINT('',#9337);
#3223=VERTEX_POINT('',#9340);
#3224=VERTEX_POINT('',#9341);
#3225=VERTEX_POINT('',#9343);
#3226=VERTEX_POINT('',#9345);
#3227=VERTEX_POINT('',#9349);
#3228=VERTEX_POINT('',#9350);
#3229=VERTEX_POINT('',#9352);
#3230=VERTEX_POINT('',#9354);
#3231=VERTEX_POINT('',#9356);
#3232=VERTEX_POINT('',#9361);
#3233=VERTEX_POINT('',#9363);
#3234=VERTEX_POINT('',#9365);
#3235=VERTEX_POINT('',#9367);
#3236=VERTEX_POINT('',#9369);
#3237=VERTEX_POINT('',#9371);
#3238=VERTEX_POINT('',#9376);
#3239=VERTEX_POINT('',#9379);
#3240=VERTEX_POINT('',#9380);
#3241=VERTEX_POINT('',#9382);
#3242=VERTEX_POINT('',#9384);
#3243=VERTEX_POINT('',#9388);
#3244=VERTEX_POINT('',#9389);
#3245=VERTEX_POINT('',#9391);
#3246=VERTEX_POINT('',#9393);
#3247=VERTEX_POINT('',#9395);
#3248=VERTEX_POINT('',#9397);
#3249=VERTEX_POINT('',#9399);
#3250=VERTEX_POINT('',#9401);
#3251=VERTEX_POINT('',#9403);
#3252=VERTEX_POINT('',#9405);
#3253=VERTEX_POINT('',#9407);
#3254=VERTEX_POINT('',#9409);
#3255=VERTEX_POINT('',#9411);
#3256=VERTEX_POINT('',#9413);
#3257=VERTEX_POINT('',#9415);
#3258=VERTEX_POINT('',#9417);
#3259=VERTEX_POINT('',#9421);
#3260=VERTEX_POINT('',#9422);
#3261=VERTEX_POINT('',#9432);
#3262=VERTEX_POINT('',#9434);
#3263=VERTEX_POINT('',#9440);
#3264=VERTEX_POINT('',#9442);
#3265=VERTEX_POINT('',#9448);
#3266=VERTEX_POINT('',#9450);
#3267=VERTEX_POINT('',#9460);
#3268=VERTEX_POINT('',#9462);
#3269=VERTEX_POINT('',#9464);
#3270=VERTEX_POINT('',#9466);
#3271=VERTEX_POINT('',#9468);
#3272=VERTEX_POINT('',#9470);
#3273=VERTEX_POINT('',#9472);
#3274=VERTEX_POINT('',#9474);
#3275=VERTEX_POINT('',#9476);
#3276=VERTEX_POINT('',#9478);
#3277=VERTEX_POINT('',#9480);
#3278=VERTEX_POINT('',#9482);
#3279=VERTEX_POINT('',#9484);
#3280=VERTEX_POINT('',#9486);
#3281=VERTEX_POINT('',#9488);
#3282=VERTEX_POINT('',#9490);
#3283=VERTEX_POINT('',#9492);
#3284=VERTEX_POINT('',#9494);
#3285=VERTEX_POINT('',#9496);
#3286=VERTEX_POINT('',#9498);
#3287=VERTEX_POINT('',#9500);
#3288=VERTEX_POINT('',#9502);
#3289=VERTEX_POINT('',#9505);
#3290=VERTEX_POINT('',#9507);
#3291=VERTEX_POINT('',#9509);
#3292=VERTEX_POINT('',#9511);
#3293=VERTEX_POINT('',#9513);
#3294=VERTEX_POINT('',#9515);
#3295=VERTEX_POINT('',#9517);
#3296=VERTEX_POINT('',#9520);
#3297=VERTEX_POINT('',#9521);
#3298=VERTEX_POINT('',#9523);
#3299=VERTEX_POINT('',#9525);
#3300=VERTEX_POINT('',#9527);
#3301=VERTEX_POINT('',#9529);
#3302=VERTEX_POINT('',#9531);
#3303=VERTEX_POINT('',#9535);
#3304=VERTEX_POINT('',#9537);
#3305=VERTEX_POINT('',#9538);
#3306=VERTEX_POINT('',#9540);
#3307=VERTEX_POINT('',#9542);
#3308=VERTEX_POINT('',#9545);
#3309=VERTEX_POINT('',#9547);
#3310=VERTEX_POINT('',#9551);
#3311=VERTEX_POINT('',#9552);
#3312=VERTEX_POINT('',#9554);
#3313=VERTEX_POINT('',#9556);
#3314=VERTEX_POINT('',#9559);
#3315=VERTEX_POINT('',#9561);
#3316=VERTEX_POINT('',#9566);
#3317=VERTEX_POINT('',#9570);
#3318=VERTEX_POINT('',#9571);
#3319=VERTEX_POINT('',#9573);
#3320=VERTEX_POINT('',#9575);
#3321=VERTEX_POINT('',#9577);
#3322=VERTEX_POINT('',#9579);
#3323=VERTEX_POINT('',#9581);
#3324=VERTEX_POINT('',#9585);
#3325=VERTEX_POINT('',#9587);
#3326=VERTEX_POINT('',#9588);
#3327=VERTEX_POINT('',#9591);
#3328=VERTEX_POINT('',#9593);
#3329=VERTEX_POINT('',#9597);
#3330=VERTEX_POINT('',#9599);
#3331=VERTEX_POINT('',#9600);
#3332=VERTEX_POINT('',#9602);
#3333=VERTEX_POINT('',#9604);
#3334=VERTEX_POINT('',#9606);
#3335=VERTEX_POINT('',#9608);
#3336=VERTEX_POINT('',#9610);
#3337=VERTEX_POINT('',#9612);
#3338=VERTEX_POINT('',#9616);
#3339=VERTEX_POINT('',#9617);
#3340=VERTEX_POINT('',#9619);
#3341=VERTEX_POINT('',#9621);
#3342=VERTEX_POINT('',#9623);
#3343=VERTEX_POINT('',#9625);
#3344=VERTEX_POINT('',#9627);
#3345=VERTEX_POINT('',#9629);
#3346=VERTEX_POINT('',#9636);
#3347=VERTEX_POINT('',#9638);
#3348=VERTEX_POINT('',#9639);
#3349=VERTEX_POINT('',#9641);
#3350=VERTEX_POINT('',#9643);
#3351=VERTEX_POINT('',#9645);
#3352=VERTEX_POINT('',#9647);
#3353=VERTEX_POINT('',#9651);
#3354=VERTEX_POINT('',#9652);
#3355=VERTEX_POINT('',#9654);
#3356=VERTEX_POINT('',#9656);
#3357=VERTEX_POINT('',#9658);
#3358=VERTEX_POINT('',#9660);
#3359=VERTEX_POINT('',#9663);
#3360=VERTEX_POINT('',#9666);
#3361=VERTEX_POINT('',#9668);
#3362=VERTEX_POINT('',#9670);
#3363=VERTEX_POINT('',#9672);
#3364=VERTEX_POINT('',#9677);
#3365=VERTEX_POINT('',#9679);
#3366=VERTEX_POINT('',#9681);
#3367=VERTEX_POINT('',#9685);
#3368=VERTEX_POINT('',#9687);
#3369=VERTEX_POINT('',#9691);
#3370=VERTEX_POINT('',#9693);
#3371=VERTEX_POINT('',#9695);
#3372=VERTEX_POINT('',#9697);
#3373=VERTEX_POINT('',#9699);
#3374=VERTEX_POINT('',#9701);
#3375=VERTEX_POINT('',#9705);
#3376=VERTEX_POINT('',#9706);
#3377=VERTEX_POINT('',#9708);
#3378=VERTEX_POINT('',#9711);
#3379=VERTEX_POINT('',#9715);
#3380=VERTEX_POINT('',#9716);
#3381=VERTEX_POINT('',#9718);
#3382=VERTEX_POINT('',#9720);
#3383=VERTEX_POINT('',#9722);
#3384=VERTEX_POINT('',#9724);
#3385=VERTEX_POINT('',#9728);
#3386=VERTEX_POINT('',#9730);
#3387=VERTEX_POINT('',#9734);
#3388=VERTEX_POINT('',#9735);
#3389=VERTEX_POINT('',#9737);
#3390=VERTEX_POINT('',#9739);
#3391=VERTEX_POINT('',#9741);
#3392=VERTEX_POINT('',#9744);
#3393=VERTEX_POINT('',#9746);
#3394=VERTEX_POINT('',#9749);
#3395=VERTEX_POINT('',#9753);
#3396=VERTEX_POINT('',#9754);
#3397=VERTEX_POINT('',#9759);
#3398=VERTEX_POINT('',#9762);
#3399=VERTEX_POINT('',#9764);
#3400=VERTEX_POINT('',#9766);
#3401=VERTEX_POINT('',#9768);
#3402=VERTEX_POINT('',#9770);
#3403=VERTEX_POINT('',#9772);
#3404=VERTEX_POINT('',#9776);
#3405=VERTEX_POINT('',#9777);
#3406=VERTEX_POINT('',#9783);
#3407=VERTEX_POINT('',#9785);
#3408=VERTEX_POINT('',#9791);
#3409=VERTEX_POINT('',#9793);
#3410=VERTEX_POINT('',#9799);
#3411=VERTEX_POINT('',#9801);
#3412=VERTEX_POINT('',#9808);
#3413=VERTEX_POINT('',#9809);
#3414=VERTEX_POINT('',#9812);
#3415=VERTEX_POINT('',#9814);
#3416=VERTEX_POINT('',#9816);
#3417=VERTEX_POINT('',#9818);
#3418=VERTEX_POINT('',#9822);
#3419=VERTEX_POINT('',#9824);
#3420=VERTEX_POINT('',#9826);
#3421=VERTEX_POINT('',#9831);
#3422=VERTEX_POINT('',#9833);
#3423=VERTEX_POINT('',#9835);
#3424=VERTEX_POINT('',#9839);
#3425=VERTEX_POINT('',#9841);
#3426=VERTEX_POINT('',#9845);
#3427=VERTEX_POINT('',#9847);
#3428=VERTEX_POINT('',#9851);
#3429=VERTEX_POINT('',#9853);
#3430=VERTEX_POINT('',#9858);
#3431=VERTEX_POINT('',#9860);
#3432=VERTEX_POINT('',#9864);
#3433=VERTEX_POINT('',#9868);
#3434=VERTEX_POINT('',#9870);
#3435=VERTEX_POINT('',#9874);
#3436=VERTEX_POINT('',#9877);
#3437=VERTEX_POINT('',#9879);
#3438=VERTEX_POINT('',#9881);
#3439=VERTEX_POINT('',#9883);
#3440=VERTEX_POINT('',#9886);
#3441=VERTEX_POINT('',#9913);
#3442=VERTEX_POINT('',#9917);
#3443=VERTEX_POINT('',#9921);
#3444=VERTEX_POINT('',#9925);
#3445=VERTEX_POINT('',#9929);
#3446=VERTEX_POINT('',#9933);
#3447=VERTEX_POINT('',#9937);
#3448=VERTEX_POINT('',#9941);
#3449=VERTEX_POINT('',#9945);
#3450=VERTEX_POINT('',#9947);
#3451=VERTEX_POINT('',#9960);
#3452=VERTEX_POINT('',#9981);
#3453=VERTEX_POINT('',#9985);
#3454=VERTEX_POINT('',#10013);
#3455=VERTEX_POINT('',#10023);
#3456=VERTEX_POINT('',#10025);
#3457=VERTEX_POINT('',#10028);
#3458=VERTEX_POINT('',#10030);
#3459=VERTEX_POINT('',#10034);
#3460=VERTEX_POINT('',#10038);
#3461=VERTEX_POINT('',#10039);
#3462=VERTEX_POINT('',#10044);
#3463=VERTEX_POINT('',#10046);
#3464=VERTEX_POINT('',#10049);
#3465=VERTEX_POINT('',#10057);
#3466=VERTEX_POINT('',#10059);
#3467=VERTEX_POINT('',#10063);
#3468=VERTEX_POINT('',#10067);
#3469=VERTEX_POINT('',#10071);
#3470=VERTEX_POINT('',#10072);
#3471=VERTEX_POINT('',#10078);
#3472=VERTEX_POINT('',#10082);
#3473=VERTEX_POINT('',#10086);
#3474=VERTEX_POINT('',#10087);
#3475=VERTEX_POINT('',#10092);
#3476=VERTEX_POINT('',#10096);
#3477=VERTEX_POINT('',#10097);
#3478=VERTEX_POINT('',#10103);
#3479=VERTEX_POINT('',#10107);
#3480=VERTEX_POINT('',#10109);
#3481=VERTEX_POINT('',#10112);
#3482=VERTEX_POINT('',#10114);
#3483=VERTEX_POINT('',#10118);
#3484=VERTEX_POINT('',#10122);
#3485=VERTEX_POINT('',#10128);
#3486=VERTEX_POINT('',#10130);
#3487=VERTEX_POINT('',#10134);
#3488=VERTEX_POINT('',#10138);
#3489=VERTEX_POINT('',#10146);
#3490=VERTEX_POINT('',#10147);
#3491=VERTEX_POINT('',#10152);
#3492=VERTEX_POINT('',#10154);
#3493=VERTEX_POINT('',#10157);
#3494=VERTEX_POINT('',#10161);
#3495=VERTEX_POINT('',#10166);
#3496=VERTEX_POINT('',#10170);
#3497=VERTEX_POINT('',#10171);
#3498=VERTEX_POINT('',#10176);
#3499=VERTEX_POINT('',#10184);
#3500=VERTEX_POINT('',#10186);
#3501=VERTEX_POINT('',#10190);
#3502=VERTEX_POINT('',#10194);
#3503=VERTEX_POINT('',#10198);
#3504=VERTEX_POINT('',#10202);
#3505=VERTEX_POINT('',#10206);
#3506=VERTEX_POINT('',#10207);
#3507=VERTEX_POINT('',#10212);
#3508=VERTEX_POINT('',#10216);
#3509=VERTEX_POINT('',#10222);
#3510=VERTEX_POINT('',#10226);
#3511=VERTEX_POINT('',#10233);
#3512=VERTEX_POINT('',#10237);
#3513=VERTEX_POINT('',#10241);
#3514=VERTEX_POINT('',#10245);
#3515=VERTEX_POINT('',#10249);
#3516=VERTEX_POINT('',#10253);
#3517=VERTEX_POINT('',#10257);
#3518=VERTEX_POINT('',#10261);
#3519=VERTEX_POINT('',#10262);
#3520=VERTEX_POINT('',#10265);
#3521=VERTEX_POINT('',#10267);
#3522=VERTEX_POINT('',#10271);
#3523=VERTEX_POINT('',#10276);
#3524=VERTEX_POINT('',#10277);
#3525=VERTEX_POINT('',#10279);
#3526=VERTEX_POINT('',#10281);
#3527=VERTEX_POINT('',#10285);
#3528=VERTEX_POINT('',#10287);
#3529=VERTEX_POINT('',#10291);
#3530=VERTEX_POINT('',#10293);
#3531=VERTEX_POINT('',#10297);
#3532=VERTEX_POINT('',#10298);
#3533=VERTEX_POINT('',#10300);
#3534=VERTEX_POINT('',#10302);
#3535=VERTEX_POINT('',#10306);
#3536=VERTEX_POINT('',#10308);
#3537=VERTEX_POINT('',#10312);
#3538=VERTEX_POINT('',#10314);
#3539=VERTEX_POINT('',#10318);
#3540=VERTEX_POINT('',#10319);
#3541=VERTEX_POINT('',#10321);
#3542=VERTEX_POINT('',#10323);
#3543=VERTEX_POINT('',#10327);
#3544=VERTEX_POINT('',#10329);
#3545=VERTEX_POINT('',#10333);
#3546=VERTEX_POINT('',#10335);
#3547=VERTEX_POINT('',#10339);
#3548=VERTEX_POINT('',#10340);
#3549=VERTEX_POINT('',#10342);
#3550=VERTEX_POINT('',#10344);
#3551=VERTEX_POINT('',#10348);
#3552=VERTEX_POINT('',#10350);
#3553=VERTEX_POINT('',#10354);
#3554=VERTEX_POINT('',#10356);
#3555=VERTEX_POINT('',#10360);
#3556=VERTEX_POINT('',#10361);
#3557=VERTEX_POINT('',#10363);
#3558=VERTEX_POINT('',#10365);
#3559=VERTEX_POINT('',#10369);
#3560=VERTEX_POINT('',#10371);
#3561=VERTEX_POINT('',#10375);
#3562=VERTEX_POINT('',#10377);
#3563=VERTEX_POINT('',#10381);
#3564=VERTEX_POINT('',#10382);
#3565=VERTEX_POINT('',#10384);
#3566=VERTEX_POINT('',#10386);
#3567=VERTEX_POINT('',#10390);
#3568=VERTEX_POINT('',#10392);
#3569=VERTEX_POINT('',#10396);
#3570=VERTEX_POINT('',#10398);
#3571=VERTEX_POINT('',#10402);
#3572=VERTEX_POINT('',#10403);
#3573=VERTEX_POINT('',#10405);
#3574=VERTEX_POINT('',#10407);
#3575=VERTEX_POINT('',#10411);
#3576=VERTEX_POINT('',#10413);
#3577=VERTEX_POINT('',#10417);
#3578=VERTEX_POINT('',#10419);
#3579=VERTEX_POINT('',#10423);
#3580=VERTEX_POINT('',#10424);
#3581=VERTEX_POINT('',#10426);
#3582=VERTEX_POINT('',#10428);
#3583=VERTEX_POINT('',#10432);
#3584=VERTEX_POINT('',#10434);
#3585=VERTEX_POINT('',#10438);
#3586=VERTEX_POINT('',#10440);
#3587=VERTEX_POINT('',#10444);
#3588=VERTEX_POINT('',#10445);
#3589=VERTEX_POINT('',#10447);
#3590=VERTEX_POINT('',#10449);
#3591=VERTEX_POINT('',#10453);
#3592=VERTEX_POINT('',#10455);
#3593=VERTEX_POINT('',#10459);
#3594=VERTEX_POINT('',#10461);
#3595=VERTEX_POINT('',#10465);
#3596=VERTEX_POINT('',#10466);
#3597=VERTEX_POINT('',#10468);
#3598=VERTEX_POINT('',#10470);
#3599=VERTEX_POINT('',#10474);
#3600=VERTEX_POINT('',#10476);
#3601=VERTEX_POINT('',#10480);
#3602=VERTEX_POINT('',#10482);
#3603=VERTEX_POINT('',#10486);
#3604=VERTEX_POINT('',#10487);
#3605=VERTEX_POINT('',#10489);
#3606=VERTEX_POINT('',#10491);
#3607=VERTEX_POINT('',#10495);
#3608=VERTEX_POINT('',#10497);
#3609=VERTEX_POINT('',#10501);
#3610=VERTEX_POINT('',#10503);
#3611=VERTEX_POINT('',#10507);
#3612=VERTEX_POINT('',#10508);
#3613=VERTEX_POINT('',#10510);
#3614=VERTEX_POINT('',#10512);
#3615=VERTEX_POINT('',#10516);
#3616=VERTEX_POINT('',#10518);
#3617=VERTEX_POINT('',#10522);
#3618=VERTEX_POINT('',#10524);
#3619=VERTEX_POINT('',#10528);
#3620=VERTEX_POINT('',#10529);
#3621=VERTEX_POINT('',#10531);
#3622=VERTEX_POINT('',#10533);
#3623=VERTEX_POINT('',#10537);
#3624=VERTEX_POINT('',#10539);
#3625=VERTEX_POINT('',#10543);
#3626=VERTEX_POINT('',#10545);
#3627=VERTEX_POINT('',#10549);
#3628=VERTEX_POINT('',#10550);
#3629=VERTEX_POINT('',#10552);
#3630=VERTEX_POINT('',#10554);
#3631=VERTEX_POINT('',#10558);
#3632=VERTEX_POINT('',#10560);
#3633=VERTEX_POINT('',#10564);
#3634=VERTEX_POINT('',#10566);
#3635=VERTEX_POINT('',#10570);
#3636=VERTEX_POINT('',#10571);
#3637=VERTEX_POINT('',#10573);
#3638=VERTEX_POINT('',#10575);
#3639=VERTEX_POINT('',#10579);
#3640=VERTEX_POINT('',#10581);
#3641=VERTEX_POINT('',#10585);
#3642=VERTEX_POINT('',#10587);
#3643=VERTEX_POINT('',#10591);
#3644=VERTEX_POINT('',#10592);
#3645=VERTEX_POINT('',#10594);
#3646=VERTEX_POINT('',#10596);
#3647=VERTEX_POINT('',#10600);
#3648=VERTEX_POINT('',#10602);
#3649=VERTEX_POINT('',#10606);
#3650=VERTEX_POINT('',#10608);
#3651=VERTEX_POINT('',#10612);
#3652=VERTEX_POINT('',#10613);
#3653=VERTEX_POINT('',#10615);
#3654=VERTEX_POINT('',#10617);
#3655=VERTEX_POINT('',#10621);
#3656=VERTEX_POINT('',#10623);
#3657=VERTEX_POINT('',#10627);
#3658=VERTEX_POINT('',#10629);
#3659=VERTEX_POINT('',#10633);
#3660=VERTEX_POINT('',#10634);
#3661=VERTEX_POINT('',#10636);
#3662=VERTEX_POINT('',#10638);
#3663=VERTEX_POINT('',#10642);
#3664=VERTEX_POINT('',#10644);
#3665=VERTEX_POINT('',#10648);
#3666=VERTEX_POINT('',#10650);
#3667=VERTEX_POINT('',#10654);
#3668=VERTEX_POINT('',#10655);
#3669=VERTEX_POINT('',#10657);
#3670=VERTEX_POINT('',#10659);
#3671=VERTEX_POINT('',#10663);
#3672=VERTEX_POINT('',#10665);
#3673=VERTEX_POINT('',#10669);
#3674=VERTEX_POINT('',#10671);
#3675=VERTEX_POINT('',#10675);
#3676=VERTEX_POINT('',#10676);
#3677=VERTEX_POINT('',#10678);
#3678=VERTEX_POINT('',#10680);
#3679=VERTEX_POINT('',#10684);
#3680=VERTEX_POINT('',#10686);
#3681=VERTEX_POINT('',#10690);
#3682=VERTEX_POINT('',#10692);
#3683=VERTEX_POINT('',#10696);
#3684=VERTEX_POINT('',#10697);
#3685=VERTEX_POINT('',#10699);
#3686=VERTEX_POINT('',#10701);
#3687=VERTEX_POINT('',#10705);
#3688=VERTEX_POINT('',#10707);
#3689=VERTEX_POINT('',#10711);
#3690=VERTEX_POINT('',#10713);
#3691=VERTEX_POINT('',#10717);
#3692=VERTEX_POINT('',#10718);
#3693=VERTEX_POINT('',#10720);
#3694=VERTEX_POINT('',#10722);
#3695=VERTEX_POINT('',#10726);
#3696=VERTEX_POINT('',#10728);
#3697=VERTEX_POINT('',#10732);
#3698=VERTEX_POINT('',#10734);
#3699=VERTEX_POINT('',#10738);
#3700=VERTEX_POINT('',#10739);
#3701=VERTEX_POINT('',#10741);
#3702=VERTEX_POINT('',#10743);
#3703=VERTEX_POINT('',#10747);
#3704=VERTEX_POINT('',#10749);
#3705=VERTEX_POINT('',#10753);
#3706=VERTEX_POINT('',#10755);
#3707=VERTEX_POINT('',#10759);
#3708=VERTEX_POINT('',#10760);
#3709=VERTEX_POINT('',#10762);
#3710=VERTEX_POINT('',#10764);
#3711=VERTEX_POINT('',#10768);
#3712=VERTEX_POINT('',#10770);
#3713=VERTEX_POINT('',#10774);
#3714=VERTEX_POINT('',#10776);
#3715=VERTEX_POINT('',#10780);
#3716=VERTEX_POINT('',#10781);
#3717=VERTEX_POINT('',#10783);
#3718=VERTEX_POINT('',#10785);
#3719=VERTEX_POINT('',#10789);
#3720=VERTEX_POINT('',#10791);
#3721=VERTEX_POINT('',#10795);
#3722=VERTEX_POINT('',#10797);
#3723=VERTEX_POINT('',#10801);
#3724=VERTEX_POINT('',#10803);
#3725=VERTEX_POINT('',#10807);
#3726=VERTEX_POINT('',#10811);
#3727=VERTEX_POINT('',#10921);
#3728=VERTEX_POINT('',#10922);
#3729=VERTEX_POINT('',#10924);
#3730=VERTEX_POINT('',#10926);
#3731=VERTEX_POINT('',#10930);
#3732=VERTEX_POINT('',#10931);
#3733=VERTEX_POINT('',#10933);
#3734=VERTEX_POINT('',#10935);
#3735=VERTEX_POINT('',#10939);
#3736=VERTEX_POINT('',#10940);
#3737=VERTEX_POINT('',#10942);
#3738=VERTEX_POINT('',#10944);
#3739=VERTEX_POINT('',#10948);
#3740=VERTEX_POINT('',#10949);
#3741=VERTEX_POINT('',#10952);
#3742=VERTEX_POINT('',#10954);
#3743=VERTEX_POINT('',#10956);
#3744=VERTEX_POINT('',#10958);
#3745=VERTEX_POINT('',#10960);
#3746=VERTEX_POINT('',#10962);
#3747=VERTEX_POINT('',#10964);
#3748=VERTEX_POINT('',#10966);
#3749=VERTEX_POINT('',#10969);
#3750=VERTEX_POINT('',#10971);
#3751=VERTEX_POINT('',#10973);
#3752=VERTEX_POINT('',#10975);
#3753=VERTEX_POINT('',#10979);
#3754=VERTEX_POINT('',#10987);
#3755=LINE('',#9192,#4468);
#3756=LINE('',#9195,#4469);
#3757=LINE('',#9197,#4470);
#3758=LINE('',#9204,#4471);
#3759=LINE('',#9206,#4472);
#3760=LINE('',#9208,#4473);
#3761=LINE('',#9210,#4474);
#3762=LINE('',#9212,#4475);
#3763=LINE('',#9214,#4476);
#3764=LINE('',#9216,#4477);
#3765=LINE('',#9223,#4478);
#3766=LINE('',#9226,#4479);
#3767=LINE('',#9228,#4480);
#3768=LINE('',#9230,#4481);
#3769=LINE('',#9232,#4482);
#3770=LINE('',#9235,#4483);
#3771=LINE('',#9237,#4484);
#3772=LINE('',#9239,#4485);
#3773=LINE('',#9244,#4486);
#3774=LINE('',#9248,#4487);
#3775=LINE('',#9252,#4488);
#3776=LINE('',#9256,#4489);
#3777=LINE('',#9260,#4490);
#3778=LINE('',#9262,#4491);
#3779=LINE('',#9264,#4492);
#3780=LINE('',#9268,#4493);
#3781=LINE('',#9272,#4494);
#3782=LINE('',#9276,#4495);
#3783=LINE('',#9278,#4496);
#3784=LINE('',#9282,#4497);
#3785=LINE('',#9286,#4498);
#3786=LINE('',#9288,#4499);
#3787=LINE('',#9292,#4500);
#3788=LINE('',#9296,#4501);
#3789=LINE('',#9297,#4502);
#3790=LINE('',#9300,#4503);
#3791=LINE('',#9302,#4504);
#3792=LINE('',#9304,#4505);
#3793=LINE('',#9305,#4506);
#3794=LINE('',#9308,#4507);
#3795=LINE('',#9310,#4508);
#3796=LINE('',#9312,#4509);
#3797=LINE('',#9314,#4510);
#3798=LINE('',#9317,#4511);
#3799=LINE('',#9319,#4512);
#3800=LINE('',#9321,#4513);
#3801=LINE('',#9323,#4514);
#3802=LINE('',#9325,#4515);
#3803=LINE('',#9327,#4516);
#3804=LINE('',#9329,#4517);
#3805=LINE('',#9331,#4518);
#3806=LINE('',#9334,#4519);
#3807=LINE('',#9336,#4520);
#3808=LINE('',#9338,#4521);
#3809=LINE('',#9339,#4522);
#3810=LINE('',#9344,#4523);
#3811=LINE('',#9348,#4524);
#3812=LINE('',#9351,#4525);
#3813=LINE('',#9353,#4526);
#3814=LINE('',#9355,#4527);
#3815=LINE('',#9362,#4528);
#3816=LINE('',#9366,#4529);
#3817=LINE('',#9370,#4530);
#3818=LINE('',#9377,#4531);
#3819=LINE('',#9381,#4532);
#3820=LINE('',#9385,#4533);
#3821=LINE('',#9387,#4534);
#3822=LINE('',#9390,#4535);
#3823=LINE('',#9392,#4536);
#3824=LINE('',#9394,#4537);
#3825=LINE('',#9396,#4538);
#3826=LINE('',#9398,#4539);
#3827=LINE('',#9400,#4540);
#3828=LINE('',#9402,#4541);
#3829=LINE('',#9404,#4542);
#3830=LINE('',#9406,#4543);
#3831=LINE('',#9408,#4544);
#3832=LINE('',#9410,#4545);
#3833=LINE('',#9412,#4546);
#3834=LINE('',#9416,#4547);
#3835=LINE('',#9420,#4548);
#3836=LINE('',#9433,#4549);
#3837=LINE('',#9441,#4550);
#3838=LINE('',#9449,#4551);
#3839=LINE('',#9461,#4552);
#3840=LINE('',#9463,#4553);
#3841=LINE('',#9467,#4554);
#3842=LINE('',#9469,#4555);
#3843=LINE('',#9473,#4556);
#3844=LINE('',#9477,#4557);
#3845=LINE('',#9479,#4558);
#3846=LINE('',#9483,#4559);
#3847=LINE('',#9487,#4560);
#3848=LINE('',#9489,#4561);
#3849=LINE('',#9493,#4562);
#3850=LINE('',#9497,#4563);
#3851=LINE('',#9499,#4564);
#3852=LINE('',#9503,#4565);
#3853=LINE('',#9519,#4566);
#3854=LINE('',#9522,#4567);
#3855=LINE('',#9524,#4568);
#3856=LINE('',#9526,#4569);
#3857=LINE('',#9528,#4570);
#3858=LINE('',#9530,#4571);
#3859=LINE('',#9532,#4572);
#3860=LINE('',#9536,#4573);
#3861=LINE('',#9541,#4574);
#3862=LINE('',#9546,#4575);
#3863=LINE('',#9550,#4576);
#3864=LINE('',#9553,#4577);
#3865=LINE('',#9555,#4578);
#3866=LINE('',#9557,#4579);
#3867=LINE('',#9558,#4580);
#3868=LINE('',#9560,#4581);
#3869=LINE('',#9567,#4582);
#3870=LINE('',#9569,#4583);
#3871=LINE('',#9572,#4584);
#3872=LINE('',#9574,#4585);
#3873=LINE('',#9576,#4586);
#3874=LINE('',#9578,#4587);
#3875=LINE('',#9580,#4588);
#3876=LINE('',#9582,#4589);
#3877=LINE('',#9586,#4590);
#3878=LINE('',#9592,#4591);
#3879=LINE('',#9598,#4592);
#3880=LINE('',#9603,#4593);
#3881=LINE('',#9607,#4594);
#3882=LINE('',#9611,#4595);
#3883=LINE('',#9615,#4596);
#3884=LINE('',#9618,#4597);
#3885=LINE('',#9620,#4598);
#3886=LINE('',#9622,#4599);
#3887=LINE('',#9624,#4600);
#3888=LINE('',#9626,#4601);
#3889=LINE('',#9628,#4602);
#3890=LINE('',#9637,#4603);
#3891=LINE('',#9642,#4604);
#3892=LINE('',#9646,#4605);
#3893=LINE('',#9650,#4606);
#3894=LINE('',#9655,#4607);
#3895=LINE('',#9659,#4608);
#3896=LINE('',#9665,#4609);
#3897=LINE('',#9667,#4610);
#3898=LINE('',#9669,#4611);
#3899=LINE('',#9671,#4612);
#3900=LINE('',#9678,#4613);
#3901=LINE('',#9680,#4614);
#3902=LINE('',#9682,#4615);
#3903=LINE('',#9684,#4616);
#3904=LINE('',#9686,#4617);
#3905=LINE('',#9688,#4618);
#3906=LINE('',#9690,#4619);
#3907=LINE('',#9692,#4620);
#3908=LINE('',#9694,#4621);
#3909=LINE('',#9696,#4622);
#3910=LINE('',#9698,#4623);
#3911=LINE('',#9700,#4624);
#3912=LINE('',#9702,#4625);
#3913=LINE('',#9704,#4626);
#3914=LINE('',#9707,#4627);
#3915=LINE('',#9709,#4628);
#3916=LINE('',#9710,#4629);
#3917=LINE('',#9712,#4630);
#3918=LINE('',#9714,#4631);
#3919=LINE('',#9717,#4632);
#3920=LINE('',#9719,#4633);
#3921=LINE('',#9721,#4634);
#3922=LINE('',#9723,#4635);
#3923=LINE('',#9725,#4636);
#3924=LINE('',#9727,#4637);
#3925=LINE('',#9729,#4638);
#3926=LINE('',#9731,#4639);
#3927=LINE('',#9733,#4640);
#3928=LINE('',#9736,#4641);
#3929=LINE('',#9738,#4642);
#3930=LINE('',#9740,#4643);
#3931=LINE('',#9742,#4644);
#3932=LINE('',#9743,#4645);
#3933=LINE('',#9745,#4646);
#3934=LINE('',#9747,#4647);
#3935=LINE('',#9748,#4648);
#3936=LINE('',#9750,#4649);
#3937=LINE('',#9752,#4650);
#3938=LINE('',#9755,#4651);
#3939=LINE('',#9756,#4652);
#3940=LINE('',#9758,#4653);
#3941=LINE('',#9760,#4654);
#3942=LINE('',#9761,#4655);
#3943=LINE('',#9763,#4656);
#3944=LINE('',#9765,#4657);
#3945=LINE('',#9767,#4658);
#3946=LINE('',#9769,#4659);
#3947=LINE('',#9771,#4660);
#3948=LINE('',#9773,#4661);
#3949=LINE('',#9775,#4662);
#3950=LINE('',#9784,#4663);
#3951=LINE('',#9792,#4664);
#3952=LINE('',#9800,#4665);
#3953=LINE('',#9807,#4666);
#3954=LINE('',#9813,#4667);
#3955=LINE('',#9817,#4668);
#3956=LINE('',#9821,#4669);
#3957=LINE('',#9823,#4670);
#3958=LINE('',#9825,#4671);
#3959=LINE('',#9832,#4672);
#3960=LINE('',#9834,#4673);
#3961=LINE('',#9836,#4674);
#3962=LINE('',#9838,#4675);
#3963=LINE('',#9840,#4676);
#3964=LINE('',#9842,#4677);
#3965=LINE('',#9844,#4678);
#3966=LINE('',#9846,#4679);
#3967=LINE('',#9848,#4680);
#3968=LINE('',#9850,#4681);
#3969=LINE('',#9852,#4682);
#3970=LINE('',#9854,#4683);
#3971=LINE('',#9859,#4684);
#3972=LINE('',#9869,#4685);
#3973=LINE('',#9878,#4686);
#3974=LINE('',#9882,#4687);
#3975=LINE('',#9896,#4688);
#3976=LINE('',#9897,#4689);
#3977=LINE('',#9899,#4690);
#3978=LINE('',#9901,#4691);
#3979=LINE('',#9903,#4692);
#3980=LINE('',#9905,#4693);
#3981=LINE('',#9907,#4694);
#3982=LINE('',#9909,#4695);
#3983=LINE('',#9944,#4696);
#3984=LINE('',#9946,#4697);
#3985=LINE('',#9948,#4698);
#3986=LINE('',#9959,#4699);
#3987=LINE('',#9982,#4700);
#3988=LINE('',#9984,#4701);
#3989=LINE('',#9986,#4702);
#3990=LINE('',#10012,#4703);
#3991=LINE('',#10020,#4704);
#3992=LINE('',#10022,#4705);
#3993=LINE('',#10031,#4706);
#3994=LINE('',#10033,#4707);
#3995=LINE('',#10035,#4708);
#3996=LINE('',#10037,#4709);
#3997=LINE('',#10040,#4710);
#3998=LINE('',#10041,#4711);
#3999=LINE('',#10043,#4712);
#4000=LINE('',#10052,#4713);
#4001=LINE('',#10056,#4714);
#4002=LINE('',#10062,#4715);
#4003=LINE('',#10064,#4716);
#4004=LINE('',#10066,#4717);
#4005=LINE('',#10068,#4718);
#4006=LINE('',#10070,#4719);
#4007=LINE('',#10073,#4720);
#4008=LINE('',#10077,#4721);
#4009=LINE('',#10081,#4722);
#4010=LINE('',#10083,#4723);
#4011=LINE('',#10085,#4724);
#4012=LINE('',#10088,#4725);
#4013=LINE('',#10089,#4726);
#4014=LINE('',#10098,#4727);
#4015=LINE('',#10102,#4728);
#4016=LINE('',#10104,#4729);
#4017=LINE('',#10106,#4730);
#4018=LINE('',#10115,#4731);
#4019=LINE('',#10117,#4732);
#4020=LINE('',#10119,#4733);
#4021=LINE('',#10123,#4734);
#4022=LINE('',#10127,#4735);
#4023=LINE('',#10129,#4736);
#4024=LINE('',#10131,#4737);
#4025=LINE('',#10133,#4738);
#4026=LINE('',#10135,#4739);
#4027=LINE('',#10141,#4740);
#4028=LINE('',#10145,#4741);
#4029=LINE('',#10148,#4742);
#4030=LINE('',#10149,#4743);
#4031=LINE('',#10151,#4744);
#4032=LINE('',#10160,#4745);
#4033=LINE('',#10162,#4746);
#4034=LINE('',#10165,#4747);
#4035=LINE('',#10167,#4748);
#4036=LINE('',#10169,#4749);
#4037=LINE('',#10172,#4750);
#4038=LINE('',#10173,#4751);
#4039=LINE('',#10179,#4752);
#4040=LINE('',#10183,#4753);
#4041=LINE('',#10185,#4754);
#4042=LINE('',#10187,#4755);
#4043=LINE('',#10191,#4756);
#4044=LINE('',#10193,#4757);
#4045=LINE('',#10195,#4758);
#4046=LINE('',#10199,#4759);
#4047=LINE('',#10201,#4760);
#4048=LINE('',#10203,#4761);
#4049=LINE('',#10205,#4762);
#4050=LINE('',#10208,#4763);
#4051=LINE('',#10209,#4764);
#4052=LINE('',#10211,#4765);
#4053=LINE('',#10215,#4766);
#4054=LINE('',#10217,#4767);
#4055=LINE('',#10221,#4768);
#4056=LINE('',#10227,#4769);
#4057=LINE('',#10229,#4770);
#4058=LINE('',#10260,#4771);
#4059=LINE('',#10266,#4772);
#4060=LINE('',#10268,#4773);
#4061=LINE('',#10270,#4774);
#4062=LINE('',#10272,#4775);
#4063=LINE('',#10273,#4776);
#4064=LINE('',#10275,#4777);
#4065=LINE('',#10278,#4778);
#4066=LINE('',#10280,#4779);
#4067=LINE('',#10282,#4780);
#4068=LINE('',#10284,#4781);
#4069=LINE('',#10286,#4782);
#4070=LINE('',#10288,#4783);
#4071=LINE('',#10290,#4784);
#4072=LINE('',#10292,#4785);
#4073=LINE('',#10294,#4786);
#4074=LINE('',#10296,#4787);
#4075=LINE('',#10299,#4788);
#4076=LINE('',#10301,#4789);
#4077=LINE('',#10303,#4790);
#4078=LINE('',#10305,#4791);
#4079=LINE('',#10307,#4792);
#4080=LINE('',#10309,#4793);
#4081=LINE('',#10311,#4794);
#4082=LINE('',#10313,#4795);
#4083=LINE('',#10315,#4796);
#4084=LINE('',#10317,#4797);
#4085=LINE('',#10320,#4798);
#4086=LINE('',#10322,#4799);
#4087=LINE('',#10324,#4800);
#4088=LINE('',#10326,#4801);
#4089=LINE('',#10328,#4802);
#4090=LINE('',#10330,#4803);
#4091=LINE('',#10332,#4804);
#4092=LINE('',#10334,#4805);
#4093=LINE('',#10336,#4806);
#4094=LINE('',#10338,#4807);
#4095=LINE('',#10341,#4808);
#4096=LINE('',#10343,#4809);
#4097=LINE('',#10345,#4810);
#4098=LINE('',#10347,#4811);
#4099=LINE('',#10349,#4812);
#4100=LINE('',#10351,#4813);
#4101=LINE('',#10353,#4814);
#4102=LINE('',#10355,#4815);
#4103=LINE('',#10357,#4816);
#4104=LINE('',#10359,#4817);
#4105=LINE('',#10362,#4818);
#4106=LINE('',#10364,#4819);
#4107=LINE('',#10366,#4820);
#4108=LINE('',#10368,#4821);
#4109=LINE('',#10370,#4822);
#4110=LINE('',#10372,#4823);
#4111=LINE('',#10374,#4824);
#4112=LINE('',#10376,#4825);
#4113=LINE('',#10378,#4826);
#4114=LINE('',#10380,#4827);
#4115=LINE('',#10383,#4828);
#4116=LINE('',#10385,#4829);
#4117=LINE('',#10387,#4830);
#4118=LINE('',#10389,#4831);
#4119=LINE('',#10391,#4832);
#4120=LINE('',#10393,#4833);
#4121=LINE('',#10395,#4834);
#4122=LINE('',#10397,#4835);
#4123=LINE('',#10399,#4836);
#4124=LINE('',#10401,#4837);
#4125=LINE('',#10404,#4838);
#4126=LINE('',#10406,#4839);
#4127=LINE('',#10408,#4840);
#4128=LINE('',#10410,#4841);
#4129=LINE('',#10412,#4842);
#4130=LINE('',#10414,#4843);
#4131=LINE('',#10416,#4844);
#4132=LINE('',#10418,#4845);
#4133=LINE('',#10420,#4846);
#4134=LINE('',#10422,#4847);
#4135=LINE('',#10425,#4848);
#4136=LINE('',#10427,#4849);
#4137=LINE('',#10429,#4850);
#4138=LINE('',#10431,#4851);
#4139=LINE('',#10433,#4852);
#4140=LINE('',#10435,#4853);
#4141=LINE('',#10437,#4854);
#4142=LINE('',#10439,#4855);
#4143=LINE('',#10441,#4856);
#4144=LINE('',#10443,#4857);
#4145=LINE('',#10446,#4858);
#4146=LINE('',#10448,#4859);
#4147=LINE('',#10450,#4860);
#4148=LINE('',#10452,#4861);
#4149=LINE('',#10454,#4862);
#4150=LINE('',#10456,#4863);
#4151=LINE('',#10458,#4864);
#4152=LINE('',#10460,#4865);
#4153=LINE('',#10462,#4866);
#4154=LINE('',#10464,#4867);
#4155=LINE('',#10467,#4868);
#4156=LINE('',#10469,#4869);
#4157=LINE('',#10471,#4870);
#4158=LINE('',#10473,#4871);
#4159=LINE('',#10475,#4872);
#4160=LINE('',#10477,#4873);
#4161=LINE('',#10479,#4874);
#4162=LINE('',#10481,#4875);
#4163=LINE('',#10483,#4876);
#4164=LINE('',#10485,#4877);
#4165=LINE('',#10488,#4878);
#4166=LINE('',#10490,#4879);
#4167=LINE('',#10492,#4880);
#4168=LINE('',#10494,#4881);
#4169=LINE('',#10496,#4882);
#4170=LINE('',#10498,#4883);
#4171=LINE('',#10500,#4884);
#4172=LINE('',#10502,#4885);
#4173=LINE('',#10504,#4886);
#4174=LINE('',#10506,#4887);
#4175=LINE('',#10509,#4888);
#4176=LINE('',#10511,#4889);
#4177=LINE('',#10513,#4890);
#4178=LINE('',#10515,#4891);
#4179=LINE('',#10517,#4892);
#4180=LINE('',#10519,#4893);
#4181=LINE('',#10521,#4894);
#4182=LINE('',#10523,#4895);
#4183=LINE('',#10525,#4896);
#4184=LINE('',#10527,#4897);
#4185=LINE('',#10530,#4898);
#4186=LINE('',#10532,#4899);
#4187=LINE('',#10534,#4900);
#4188=LINE('',#10536,#4901);
#4189=LINE('',#10538,#4902);
#4190=LINE('',#10540,#4903);
#4191=LINE('',#10542,#4904);
#4192=LINE('',#10544,#4905);
#4193=LINE('',#10546,#4906);
#4194=LINE('',#10548,#4907);
#4195=LINE('',#10551,#4908);
#4196=LINE('',#10553,#4909);
#4197=LINE('',#10555,#4910);
#4198=LINE('',#10557,#4911);
#4199=LINE('',#10559,#4912);
#4200=LINE('',#10561,#4913);
#4201=LINE('',#10563,#4914);
#4202=LINE('',#10565,#4915);
#4203=LINE('',#10567,#4916);
#4204=LINE('',#10569,#4917);
#4205=LINE('',#10572,#4918);
#4206=LINE('',#10574,#4919);
#4207=LINE('',#10576,#4920);
#4208=LINE('',#10578,#4921);
#4209=LINE('',#10580,#4922);
#4210=LINE('',#10582,#4923);
#4211=LINE('',#10584,#4924);
#4212=LINE('',#10586,#4925);
#4213=LINE('',#10588,#4926);
#4214=LINE('',#10590,#4927);
#4215=LINE('',#10593,#4928);
#4216=LINE('',#10595,#4929);
#4217=LINE('',#10597,#4930);
#4218=LINE('',#10599,#4931);
#4219=LINE('',#10601,#4932);
#4220=LINE('',#10603,#4933);
#4221=LINE('',#10605,#4934);
#4222=LINE('',#10607,#4935);
#4223=LINE('',#10609,#4936);
#4224=LINE('',#10611,#4937);
#4225=LINE('',#10614,#4938);
#4226=LINE('',#10616,#4939);
#4227=LINE('',#10618,#4940);
#4228=LINE('',#10620,#4941);
#4229=LINE('',#10622,#4942);
#4230=LINE('',#10624,#4943);
#4231=LINE('',#10626,#4944);
#4232=LINE('',#10628,#4945);
#4233=LINE('',#10630,#4946);
#4234=LINE('',#10632,#4947);
#4235=LINE('',#10635,#4948);
#4236=LINE('',#10637,#4949);
#4237=LINE('',#10639,#4950);
#4238=LINE('',#10641,#4951);
#4239=LINE('',#10643,#4952);
#4240=LINE('',#10645,#4953);
#4241=LINE('',#10647,#4954);
#4242=LINE('',#10649,#4955);
#4243=LINE('',#10651,#4956);
#4244=LINE('',#10653,#4957);
#4245=LINE('',#10656,#4958);
#4246=LINE('',#10658,#4959);
#4247=LINE('',#10660,#4960);
#4248=LINE('',#10662,#4961);
#4249=LINE('',#10664,#4962);
#4250=LINE('',#10666,#4963);
#4251=LINE('',#10668,#4964);
#4252=LINE('',#10670,#4965);
#4253=LINE('',#10672,#4966);
#4254=LINE('',#10674,#4967);
#4255=LINE('',#10677,#4968);
#4256=LINE('',#10679,#4969);
#4257=LINE('',#10681,#4970);
#4258=LINE('',#10683,#4971);
#4259=LINE('',#10685,#4972);
#4260=LINE('',#10687,#4973);
#4261=LINE('',#10689,#4974);
#4262=LINE('',#10691,#4975);
#4263=LINE('',#10693,#4976);
#4264=LINE('',#10695,#4977);
#4265=LINE('',#10698,#4978);
#4266=LINE('',#10700,#4979);
#4267=LINE('',#10702,#4980);
#4268=LINE('',#10704,#4981);
#4269=LINE('',#10706,#4982);
#4270=LINE('',#10708,#4983);
#4271=LINE('',#10710,#4984);
#4272=LINE('',#10712,#4985);
#4273=LINE('',#10714,#4986);
#4274=LINE('',#10716,#4987);
#4275=LINE('',#10719,#4988);
#4276=LINE('',#10721,#4989);
#4277=LINE('',#10723,#4990);
#4278=LINE('',#10725,#4991);
#4279=LINE('',#10727,#4992);
#4280=LINE('',#10729,#4993);
#4281=LINE('',#10731,#4994);
#4282=LINE('',#10733,#4995);
#4283=LINE('',#10735,#4996);
#4284=LINE('',#10737,#4997);
#4285=LINE('',#10740,#4998);
#4286=LINE('',#10742,#4999);
#4287=LINE('',#10744,#5000);
#4288=LINE('',#10746,#5001);
#4289=LINE('',#10748,#5002);
#4290=LINE('',#10750,#5003);
#4291=LINE('',#10752,#5004);
#4292=LINE('',#10754,#5005);
#4293=LINE('',#10756,#5006);
#4294=LINE('',#10758,#5007);
#4295=LINE('',#10761,#5008);
#4296=LINE('',#10763,#5009);
#4297=LINE('',#10765,#5010);
#4298=LINE('',#10767,#5011);
#4299=LINE('',#10769,#5012);
#4300=LINE('',#10771,#5013);
#4301=LINE('',#10773,#5014);
#4302=LINE('',#10775,#5015);
#4303=LINE('',#10777,#5016);
#4304=LINE('',#10779,#5017);
#4305=LINE('',#10782,#5018);
#4306=LINE('',#10784,#5019);
#4307=LINE('',#10786,#5020);
#4308=LINE('',#10788,#5021);
#4309=LINE('',#10790,#5022);
#4310=LINE('',#10792,#5023);
#4311=LINE('',#10794,#5024);
#4312=LINE('',#10796,#5025);
#4313=LINE('',#10798,#5026);
#4314=LINE('',#10800,#5027);
#4315=LINE('',#10802,#5028);
#4316=LINE('',#10804,#5029);
#4317=LINE('',#10806,#5030);
#4318=LINE('',#10808,#5031);
#4319=LINE('',#10810,#5032);
#4320=LINE('',#10812,#5033);
#4321=LINE('',#10814,#5034);
#4322=LINE('',#10815,#5035);
#4323=LINE('',#10817,#5036);
#4324=LINE('',#10818,#5037);
#4325=LINE('',#10820,#5038);
#4326=LINE('',#10821,#5039);
#4327=LINE('',#10823,#5040);
#4328=LINE('',#10824,#5041);
#4329=LINE('',#10826,#5042);
#4330=LINE('',#10827,#5043);
#4331=LINE('',#10829,#5044);
#4332=LINE('',#10830,#5045);
#4333=LINE('',#10832,#5046);
#4334=LINE('',#10833,#5047);
#4335=LINE('',#10835,#5048);
#4336=LINE('',#10836,#5049);
#4337=LINE('',#10838,#5050);
#4338=LINE('',#10839,#5051);
#4339=LINE('',#10841,#5052);
#4340=LINE('',#10842,#5053);
#4341=LINE('',#10844,#5054);
#4342=LINE('',#10845,#5055);
#4343=LINE('',#10847,#5056);
#4344=LINE('',#10848,#5057);
#4345=LINE('',#10850,#5058);
#4346=LINE('',#10851,#5059);
#4347=LINE('',#10853,#5060);
#4348=LINE('',#10854,#5061);
#4349=LINE('',#10856,#5062);
#4350=LINE('',#10857,#5063);
#4351=LINE('',#10859,#5064);
#4352=LINE('',#10860,#5065);
#4353=LINE('',#10862,#5066);
#4354=LINE('',#10863,#5067);
#4355=LINE('',#10865,#5068);
#4356=LINE('',#10866,#5069);
#4357=LINE('',#10868,#5070);
#4358=LINE('',#10869,#5071);
#4359=LINE('',#10871,#5072);
#4360=LINE('',#10872,#5073);
#4361=LINE('',#10874,#5074);
#4362=LINE('',#10875,#5075);
#4363=LINE('',#10877,#5076);
#4364=LINE('',#10878,#5077);
#4365=LINE('',#10880,#5078);
#4366=LINE('',#10881,#5079);
#4367=LINE('',#10883,#5080);
#4368=LINE('',#10884,#5081);
#4369=LINE('',#10886,#5082);
#4370=LINE('',#10888,#5083);
#4371=LINE('',#10889,#5084);
#4372=LINE('',#10917,#5085);
#4373=LINE('',#10918,#5086);
#4374=LINE('',#10920,#5087);
#4375=LINE('',#10923,#5088);
#4376=LINE('',#10925,#5089);
#4377=LINE('',#10927,#5090);
#4378=LINE('',#10929,#5091);
#4379=LINE('',#10932,#5092);
#4380=LINE('',#10934,#5093);
#4381=LINE('',#10936,#5094);
#4382=LINE('',#10938,#5095);
#4383=LINE('',#10941,#5096);
#4384=LINE('',#10943,#5097);
#4385=LINE('',#10945,#5098);
#4386=LINE('',#10947,#5099);
#4387=LINE('',#10953,#5100);
#4388=LINE('',#10957,#5101);
#4389=LINE('',#10959,#5102);
#4390=LINE('',#10961,#5103);
#4391=LINE('',#10965,#5104);
#4392=LINE('',#10970,#5105);
#4393=LINE('',#10974,#5106);
#4394=LINE('',#10978,#5107);
#4395=LINE('',#10980,#5108);
#4396=LINE('',#10986,#5109);
#4397=LINE('',#10988,#5110);
#4398=LINE('',#11107,#5111);
#4399=LINE('',#11108,#5112);
#4400=LINE('',#11110,#5113);
#4401=LINE('',#11112,#5114);
#4402=LINE('',#11114,#5115);
#4403=LINE('',#11116,#5116);
#4404=LINE('',#11118,#5117);
#4405=LINE('',#11120,#5118);
#4406=LINE('',#11123,#5119);
#4407=LINE('',#11125,#5120);
#4408=LINE('',#11127,#5121);
#4409=LINE('',#11129,#5122);
#4410=LINE('',#11131,#5123);
#4411=LINE('',#11133,#5124);
#4412=LINE('',#11156,#5125);
#4413=LINE('',#11158,#5126);
#4414=LINE('',#11160,#5127);
#4415=LINE('',#11162,#5128);
#4416=LINE('',#11164,#5129);
#4417=LINE('',#11166,#5130);
#4418=LINE('',#11168,#5131);
#4419=LINE('',#11170,#5132);
#4420=LINE('',#11172,#5133);
#4421=LINE('',#11174,#5134);
#4422=LINE('',#11176,#5135);
#4423=LINE('',#11178,#5136);
#4424=LINE('',#11180,#5137);
#4425=LINE('',#11182,#5138);
#4426=LINE('',#11184,#5139);
#4427=LINE('',#11186,#5140);
#4428=LINE('',#11188,#5141);
#4429=LINE('',#11190,#5142);
#4430=LINE('',#11192,#5143);
#4431=LINE('',#11194,#5144);
#4432=LINE('',#11196,#5145);
#4433=LINE('',#11198,#5146);
#4434=LINE('',#11213,#5147);
#4435=LINE('',#11215,#5148);
#4436=LINE('',#11217,#5149);
#4437=LINE('',#11219,#5150);
#4438=LINE('',#11222,#5151);
#4439=LINE('',#11223,#5152);
#4440=LINE('',#11225,#5153);
#4441=LINE('',#11227,#5154);
#4442=LINE('',#11229,#5155);
#4443=LINE('',#11231,#5156);
#4444=LINE('',#11233,#5157);
#4445=LINE('',#11235,#5158);
#4446=LINE('',#11237,#5159);
#4447=LINE('',#11239,#5160);
#4448=LINE('',#11241,#5161);
#4449=LINE('',#11243,#5162);
#4450=LINE('',#11245,#5163);
#4451=LINE('',#11247,#5164);
#4452=LINE('',#11249,#5165);
#4453=LINE('',#11251,#5166);
#4454=LINE('',#11253,#5167);
#4455=LINE('',#11255,#5168);
#4456=LINE('',#11257,#5169);
#4457=LINE('',#11259,#5170);
#4458=LINE('',#11262,#5171);
#4459=LINE('',#11264,#5172);
#4460=LINE('',#11267,#5173);
#4461=LINE('',#11272,#5174);
#4462=LINE('',#11275,#5175);
#4463=LINE('',#11277,#5176);
#4464=LINE('',#11279,#5177);
#4465=LINE('',#11283,#5178);
#4466=LINE('',#11285,#5179);
#4467=LINE('',#11287,#5180);
#4468=VECTOR('',#7345,1.);
#4469=VECTOR('',#7346,1.);
#4470=VECTOR('',#7347,1.);
#4471=VECTOR('',#7348,1.);
#4472=VECTOR('',#7349,1.);
#4473=VECTOR('',#7350,1.);
#4474=VECTOR('',#7351,1.);
#4475=VECTOR('',#7352,1.);
#4476=VECTOR('',#7353,1.);
#4477=VECTOR('',#7354,1.);
#4478=VECTOR('',#7357,1.);
#4479=VECTOR('',#7358,1.);
#4480=VECTOR('',#7359,1.);
#4481=VECTOR('',#7360,1.);
#4482=VECTOR('',#7363,1.);
#4483=VECTOR('',#7364,1.);
#4484=VECTOR('',#7365,1.);
#4485=VECTOR('',#7366,1.);
#4486=VECTOR('',#7371,1.);
#4487=VECTOR('',#7374,1.);
#4488=VECTOR('',#7377,1.);
#4489=VECTOR('',#7380,1.);
#4490=VECTOR('',#7383,1.);
#4491=VECTOR('',#7384,1.);
#4492=VECTOR('',#7385,1.);
#4493=VECTOR('',#7388,1.);
#4494=VECTOR('',#7391,1.);
#4495=VECTOR('',#7394,1.);
#4496=VECTOR('',#7395,1.);
#4497=VECTOR('',#7398,1.);
#4498=VECTOR('',#7401,1.);
#4499=VECTOR('',#7402,1.);
#4500=VECTOR('',#7405,1.);
#4501=VECTOR('',#7408,1.);
#4502=VECTOR('',#7409,1.);
#4503=VECTOR('',#7410,1.);
#4504=VECTOR('',#7411,1.);
#4505=VECTOR('',#7412,1.);
#4506=VECTOR('',#7413,1.);
#4507=VECTOR('',#7414,1.);
#4508=VECTOR('',#7415,1.);
#4509=VECTOR('',#7416,1.);
#4510=VECTOR('',#7419,1.);
#4511=VECTOR('',#7420,1.);
#4512=VECTOR('',#7421,1.);
#4513=VECTOR('',#7422,1.);
#4514=VECTOR('',#7423,1.);
#4515=VECTOR('',#7424,1.);
#4516=VECTOR('',#7425,1.);
#4517=VECTOR('',#7426,1.);
#4518=VECTOR('',#7429,1.);
#4519=VECTOR('',#7430,1.);
#4520=VECTOR('',#7431,1.);
#4521=VECTOR('',#7432,1.);
#4522=VECTOR('',#7433,1.);
#4523=VECTOR('',#7436,1.);
#4524=VECTOR('',#7441,1.);
#4525=VECTOR('',#7442,1.);
#4526=VECTOR('',#7443,1.);
#4527=VECTOR('',#7444,1.);
#4528=VECTOR('',#7445,1.);
#4529=VECTOR('',#7448,1.);
#4530=VECTOR('',#7451,1.);
#4531=VECTOR('',#7452,1.);
#4532=VECTOR('',#7455,1.);
#4533=VECTOR('',#7458,1.);
#4534=VECTOR('',#7461,1.);
#4535=VECTOR('',#7462,1.);
#4536=VECTOR('',#7463,1.);
#4537=VECTOR('',#7464,1.);
#4538=VECTOR('',#7465,1.);
#4539=VECTOR('',#7466,1.);
#4540=VECTOR('',#7467,1.);
#4541=VECTOR('',#7468,1.);
#4542=VECTOR('',#7469,1.);
#4543=VECTOR('',#7470,1.);
#4544=VECTOR('',#7471,1.);
#4545=VECTOR('',#7472,1.);
#4546=VECTOR('',#7473,1.);
#4547=VECTOR('',#7476,1.);
#4548=VECTOR('',#7481,1.);
#4549=VECTOR('',#7482,1.);
#4550=VECTOR('',#7483,1.);
#4551=VECTOR('',#7484,1.);
#4552=VECTOR('',#7485,1.);
#4553=VECTOR('',#7486,1.);
#4554=VECTOR('',#7489,1.);
#4555=VECTOR('',#7490,1.);
#4556=VECTOR('',#7493,1.);
#4557=VECTOR('',#7496,1.);
#4558=VECTOR('',#7497,1.);
#4559=VECTOR('',#7500,1.);
#4560=VECTOR('',#7503,1.);
#4561=VECTOR('',#7504,1.);
#4562=VECTOR('',#7507,1.);
#4563=VECTOR('',#7510,1.);
#4564=VECTOR('',#7511,1.);
#4565=VECTOR('',#7514,1.);
#4566=VECTOR('',#7531,1.);
#4567=VECTOR('',#7532,1.);
#4568=VECTOR('',#7533,1.);
#4569=VECTOR('',#7534,1.);
#4570=VECTOR('',#7535,1.);
#4571=VECTOR('',#7536,1.);
#4572=VECTOR('',#7537,1.);
#4573=VECTOR('',#7542,1.);
#4574=VECTOR('',#7545,1.);
#4575=VECTOR('',#7550,1.);
#4576=VECTOR('',#7555,1.);
#4577=VECTOR('',#7556,1.);
#4578=VECTOR('',#7557,1.);
#4579=VECTOR('',#7558,1.);
#4580=VECTOR('',#7559,1.);
#4581=VECTOR('',#7560,1.);
#4582=VECTOR('',#7561,1.);
#4583=VECTOR('',#7564,1.);
#4584=VECTOR('',#7565,1.);
#4585=VECTOR('',#7566,1.);
#4586=VECTOR('',#7567,1.);
#4587=VECTOR('',#7568,1.);
#4588=VECTOR('',#7569,1.);
#4589=VECTOR('',#7570,1.);
#4590=VECTOR('',#7575,1.);
#4591=VECTOR('',#7580,1.);
#4592=VECTOR('',#7587,1.);
#4593=VECTOR('',#7590,1.);
#4594=VECTOR('',#7593,1.);
#4595=VECTOR('',#7596,1.);
#4596=VECTOR('',#7601,1.);
#4597=VECTOR('',#7602,1.);
#4598=VECTOR('',#7603,1.);
#4599=VECTOR('',#7604,1.);
#4600=VECTOR('',#7605,1.);
#4601=VECTOR('',#7606,1.);
#4602=VECTOR('',#7607,1.);
#4603=VECTOR('',#7612,1.);
#4604=VECTOR('',#7615,1.);
#4605=VECTOR('',#7618,1.);
#4606=VECTOR('',#7623,1.);
#4607=VECTOR('',#7626,1.);
#4608=VECTOR('',#7629,1.);
#4609=VECTOR('',#7636,1.);
#4610=VECTOR('',#7637,1.);
#4611=VECTOR('',#7638,1.);
#4612=VECTOR('',#7639,1.);
#4613=VECTOR('',#7640,1.);
#4614=VECTOR('',#7641,1.);
#4615=VECTOR('',#7642,1.);
#4616=VECTOR('',#7645,1.);
#4617=VECTOR('',#7646,1.);
#4618=VECTOR('',#7647,1.);
#4619=VECTOR('',#7650,1.);
#4620=VECTOR('',#7651,1.);
#4621=VECTOR('',#7652,1.);
#4622=VECTOR('',#7653,1.);
#4623=VECTOR('',#7654,1.);
#4624=VECTOR('',#7655,1.);
#4625=VECTOR('',#7656,1.);
#4626=VECTOR('',#7659,1.);
#4627=VECTOR('',#7660,1.);
#4628=VECTOR('',#7661,1.);
#4629=VECTOR('',#7662,1.);
#4630=VECTOR('',#7663,1.);
#4631=VECTOR('',#7666,1.);
#4632=VECTOR('',#7667,1.);
#4633=VECTOR('',#7668,1.);
#4634=VECTOR('',#7669,1.);
#4635=VECTOR('',#7670,1.);
#4636=VECTOR('',#7671,1.);
#4637=VECTOR('',#7674,1.);
#4638=VECTOR('',#7675,1.);
#4639=VECTOR('',#7676,1.);
#4640=VECTOR('',#7679,1.);
#4641=VECTOR('',#7680,1.);
#4642=VECTOR('',#7681,1.);
#4643=VECTOR('',#7682,1.);
#4644=VECTOR('',#7683,1.);
#4645=VECTOR('',#7684,1.);
#4646=VECTOR('',#7685,1.);
#4647=VECTOR('',#7686,1.);
#4648=VECTOR('',#7687,1.);
#4649=VECTOR('',#7688,1.);
#4650=VECTOR('',#7691,1.);
#4651=VECTOR('',#7692,1.);
#4652=VECTOR('',#7693,1.);
#4653=VECTOR('',#7696,1.);
#4654=VECTOR('',#7697,1.);
#4655=VECTOR('',#7698,1.);
#4656=VECTOR('',#7699,1.);
#4657=VECTOR('',#7700,1.);
#4658=VECTOR('',#7701,1.);
#4659=VECTOR('',#7702,1.);
#4660=VECTOR('',#7703,1.);
#4661=VECTOR('',#7704,1.);
#4662=VECTOR('',#7707,1.);
#4663=VECTOR('',#7708,1.);
#4664=VECTOR('',#7709,1.);
#4665=VECTOR('',#7710,1.);
#4666=VECTOR('',#7711,1.);
#4667=VECTOR('',#7716,1.);
#4668=VECTOR('',#7719,1.);
#4669=VECTOR('',#7724,1.);
#4670=VECTOR('',#7725,1.);
#4671=VECTOR('',#7726,1.);
#4672=VECTOR('',#7727,1.);
#4673=VECTOR('',#7728,1.);
#4674=VECTOR('',#7729,1.);
#4675=VECTOR('',#7732,1.);
#4676=VECTOR('',#7733,1.);
#4677=VECTOR('',#7734,1.);
#4678=VECTOR('',#7737,1.);
#4679=VECTOR('',#7738,1.);
#4680=VECTOR('',#7739,1.);
#4681=VECTOR('',#7742,1.);
#4682=VECTOR('',#7743,1.);
#4683=VECTOR('',#7744,1.);
#4684=VECTOR('',#7751,1.);
#4685=VECTOR('',#7764,1.);
#4686=VECTOR('',#7775,1.);
#4687=VECTOR('',#7778,1.);
#4688=VECTOR('',#7801,1.);
#4689=VECTOR('',#7802,1.);
#4690=VECTOR('',#7805,1.);
#4691=VECTOR('',#7808,1.);
#4692=VECTOR('',#7811,1.);
#4693=VECTOR('',#7814,1.);
#4694=VECTOR('',#7817,1.);
#4695=VECTOR('',#7820,1.);
#4696=VECTOR('',#7873,1.);
#4697=VECTOR('',#7874,1.);
#4698=VECTOR('',#7875,1.);
#4699=VECTOR('',#7876,1.);
#4700=VECTOR('',#7877,1.);
#4701=VECTOR('',#7880,1.);
#4702=VECTOR('',#7881,1.);
#4703=VECTOR('',#7882,1.);
#4704=VECTOR('',#7885,1.);
#4705=VECTOR('',#7888,1.);
#4706=VECTOR('',#7897,1.);
#4707=VECTOR('',#7900,1.);
#4708=VECTOR('',#7901,1.);
#4709=VECTOR('',#7904,1.);
#4710=VECTOR('',#7905,1.);
#4711=VECTOR('',#7906,1.);
#4712=VECTOR('',#7909,1.);
#4713=VECTOR('',#7920,1.);
#4714=VECTOR('',#7927,1.);
#4715=VECTOR('',#7934,1.);
#4716=VECTOR('',#7935,1.);
#4717=VECTOR('',#7938,1.);
#4718=VECTOR('',#7939,1.);
#4719=VECTOR('',#7942,1.);
#4720=VECTOR('',#7943,1.);
#4721=VECTOR('',#7950,1.);
#4722=VECTOR('',#7955,1.);
#4723=VECTOR('',#7956,1.);
#4724=VECTOR('',#7959,1.);
#4725=VECTOR('',#7960,1.);
#4726=VECTOR('',#7961,1.);
#4727=VECTOR('',#7972,1.);
#4728=VECTOR('',#7979,1.);
#4729=VECTOR('',#7980,1.);
#4730=VECTOR('',#7983,1.);
#4731=VECTOR('',#7992,1.);
#4732=VECTOR('',#7995,1.);
#4733=VECTOR('',#7996,1.);
#4734=VECTOR('',#8001,1.);
#4735=VECTOR('',#8008,1.);
#4736=VECTOR('',#8009,1.);
#4737=VECTOR('',#8010,1.);
#4738=VECTOR('',#8013,1.);
#4739=VECTOR('',#8014,1.);
#4740=VECTOR('',#8023,1.);
#4741=VECTOR('',#8030,1.);
#4742=VECTOR('',#8031,1.);
#4743=VECTOR('',#8032,1.);
#4744=VECTOR('',#8035,1.);
#4745=VECTOR('',#8046,1.);
#4746=VECTOR('',#8047,1.);
#4747=VECTOR('',#8052,1.);
#4748=VECTOR('',#8053,1.);
#4749=VECTOR('',#8056,1.);
#4750=VECTOR('',#8057,1.);
#4751=VECTOR('',#8058,1.);
#4752=VECTOR('',#8067,1.);
#4753=VECTOR('',#8074,1.);
#4754=VECTOR('',#8075,1.);
#4755=VECTOR('',#8076,1.);
#4756=VECTOR('',#8081,1.);
#4757=VECTOR('',#8084,1.);
#4758=VECTOR('',#8085,1.);
#4759=VECTOR('',#8090,1.);
#4760=VECTOR('',#8093,1.);
#4761=VECTOR('',#8094,1.);
#4762=VECTOR('',#8097,1.);
#4763=VECTOR('',#8098,1.);
#4764=VECTOR('',#8099,1.);
#4765=VECTOR('',#8102,1.);
#4766=VECTOR('',#8107,1.);
#4767=VECTOR('',#8108,1.);
#4768=VECTOR('',#8115,1.);
#4769=VECTOR('',#8122,1.);
#4770=VECTOR('',#8125,1.);
#4771=VECTOR('',#8172,1.);
#4772=VECTOR('',#8177,1.);
#4773=VECTOR('',#8178,1.);
#4774=VECTOR('',#8181,1.);
#4775=VECTOR('',#8182,1.);
#4776=VECTOR('',#8183,1.);
#4777=VECTOR('',#8186,1.);
#4778=VECTOR('',#8187,1.);
#4779=VECTOR('',#8188,1.);
#4780=VECTOR('',#8189,1.);
#4781=VECTOR('',#8192,1.);
#4782=VECTOR('',#8193,1.);
#4783=VECTOR('',#8194,1.);
#4784=VECTOR('',#8197,1.);
#4785=VECTOR('',#8198,1.);
#4786=VECTOR('',#8199,1.);
#4787=VECTOR('',#8202,1.);
#4788=VECTOR('',#8203,1.);
#4789=VECTOR('',#8204,1.);
#4790=VECTOR('',#8205,1.);
#4791=VECTOR('',#8208,1.);
#4792=VECTOR('',#8209,1.);
#4793=VECTOR('',#8210,1.);
#4794=VECTOR('',#8213,1.);
#4795=VECTOR('',#8214,1.);
#4796=VECTOR('',#8215,1.);
#4797=VECTOR('',#8218,1.);
#4798=VECTOR('',#8219,1.);
#4799=VECTOR('',#8220,1.);
#4800=VECTOR('',#8221,1.);
#4801=VECTOR('',#8224,1.);
#4802=VECTOR('',#8225,1.);
#4803=VECTOR('',#8226,1.);
#4804=VECTOR('',#8229,1.);
#4805=VECTOR('',#8230,1.);
#4806=VECTOR('',#8231,1.);
#4807=VECTOR('',#8234,1.);
#4808=VECTOR('',#8235,1.);
#4809=VECTOR('',#8236,1.);
#4810=VECTOR('',#8237,1.);
#4811=VECTOR('',#8240,1.);
#4812=VECTOR('',#8241,1.);
#4813=VECTOR('',#8242,1.);
#4814=VECTOR('',#8245,1.);
#4815=VECTOR('',#8246,1.);
#4816=VECTOR('',#8247,1.);
#4817=VECTOR('',#8250,1.);
#4818=VECTOR('',#8251,1.);
#4819=VECTOR('',#8252,1.);
#4820=VECTOR('',#8253,1.);
#4821=VECTOR('',#8256,1.);
#4822=VECTOR('',#8257,1.);
#4823=VECTOR('',#8258,1.);
#4824=VECTOR('',#8261,1.);
#4825=VECTOR('',#8262,1.);
#4826=VECTOR('',#8263,1.);
#4827=VECTOR('',#8266,1.);
#4828=VECTOR('',#8267,1.);
#4829=VECTOR('',#8268,1.);
#4830=VECTOR('',#8269,1.);
#4831=VECTOR('',#8272,1.);
#4832=VECTOR('',#8273,1.);
#4833=VECTOR('',#8274,1.);
#4834=VECTOR('',#8277,1.);
#4835=VECTOR('',#8278,1.);
#4836=VECTOR('',#8279,1.);
#4837=VECTOR('',#8282,1.);
#4838=VECTOR('',#8283,1.);
#4839=VECTOR('',#8284,1.);
#4840=VECTOR('',#8285,1.);
#4841=VECTOR('',#8288,1.);
#4842=VECTOR('',#8289,1.);
#4843=VECTOR('',#8290,1.);
#4844=VECTOR('',#8293,1.);
#4845=VECTOR('',#8294,1.);
#4846=VECTOR('',#8295,1.);
#4847=VECTOR('',#8298,1.);
#4848=VECTOR('',#8299,1.);
#4849=VECTOR('',#8300,1.);
#4850=VECTOR('',#8301,1.);
#4851=VECTOR('',#8304,1.);
#4852=VECTOR('',#8305,1.);
#4853=VECTOR('',#8306,1.);
#4854=VECTOR('',#8309,1.);
#4855=VECTOR('',#8310,1.);
#4856=VECTOR('',#8311,1.);
#4857=VECTOR('',#8314,1.);
#4858=VECTOR('',#8315,1.);
#4859=VECTOR('',#8316,1.);
#4860=VECTOR('',#8317,1.);
#4861=VECTOR('',#8320,1.);
#4862=VECTOR('',#8321,1.);
#4863=VECTOR('',#8322,1.);
#4864=VECTOR('',#8325,1.);
#4865=VECTOR('',#8326,1.);
#4866=VECTOR('',#8327,1.);
#4867=VECTOR('',#8330,1.);
#4868=VECTOR('',#8331,1.);
#4869=VECTOR('',#8332,1.);
#4870=VECTOR('',#8333,1.);
#4871=VECTOR('',#8336,1.);
#4872=VECTOR('',#8337,1.);
#4873=VECTOR('',#8338,1.);
#4874=VECTOR('',#8341,1.);
#4875=VECTOR('',#8342,1.);
#4876=VECTOR('',#8343,1.);
#4877=VECTOR('',#8346,1.);
#4878=VECTOR('',#8347,1.);
#4879=VECTOR('',#8348,1.);
#4880=VECTOR('',#8349,1.);
#4881=VECTOR('',#8352,1.);
#4882=VECTOR('',#8353,1.);
#4883=VECTOR('',#8354,1.);
#4884=VECTOR('',#8357,1.);
#4885=VECTOR('',#8358,1.);
#4886=VECTOR('',#8359,1.);
#4887=VECTOR('',#8362,1.);
#4888=VECTOR('',#8363,1.);
#4889=VECTOR('',#8364,1.);
#4890=VECTOR('',#8365,1.);
#4891=VECTOR('',#8368,1.);
#4892=VECTOR('',#8369,1.);
#4893=VECTOR('',#8370,1.);
#4894=VECTOR('',#8373,1.);
#4895=VECTOR('',#8374,1.);
#4896=VECTOR('',#8375,1.);
#4897=VECTOR('',#8378,1.);
#4898=VECTOR('',#8379,1.);
#4899=VECTOR('',#8380,1.);
#4900=VECTOR('',#8381,1.);
#4901=VECTOR('',#8384,1.);
#4902=VECTOR('',#8385,1.);
#4903=VECTOR('',#8386,1.);
#4904=VECTOR('',#8389,1.);
#4905=VECTOR('',#8390,1.);
#4906=VECTOR('',#8391,1.);
#4907=VECTOR('',#8394,1.);
#4908=VECTOR('',#8395,1.);
#4909=VECTOR('',#8396,1.);
#4910=VECTOR('',#8397,1.);
#4911=VECTOR('',#8400,1.);
#4912=VECTOR('',#8401,1.);
#4913=VECTOR('',#8402,1.);
#4914=VECTOR('',#8405,1.);
#4915=VECTOR('',#8406,1.);
#4916=VECTOR('',#8407,1.);
#4917=VECTOR('',#8410,1.);
#4918=VECTOR('',#8411,1.);
#4919=VECTOR('',#8412,1.);
#4920=VECTOR('',#8413,1.);
#4921=VECTOR('',#8416,1.);
#4922=VECTOR('',#8417,1.);
#4923=VECTOR('',#8418,1.);
#4924=VECTOR('',#8421,1.);
#4925=VECTOR('',#8422,1.);
#4926=VECTOR('',#8423,1.);
#4927=VECTOR('',#8426,1.);
#4928=VECTOR('',#8427,1.);
#4929=VECTOR('',#8428,1.);
#4930=VECTOR('',#8429,1.);
#4931=VECTOR('',#8432,1.);
#4932=VECTOR('',#8433,1.);
#4933=VECTOR('',#8434,1.);
#4934=VECTOR('',#8437,1.);
#4935=VECTOR('',#8438,1.);
#4936=VECTOR('',#8439,1.);
#4937=VECTOR('',#8442,1.);
#4938=VECTOR('',#8443,1.);
#4939=VECTOR('',#8444,1.);
#4940=VECTOR('',#8445,1.);
#4941=VECTOR('',#8448,1.);
#4942=VECTOR('',#8449,1.);
#4943=VECTOR('',#8450,1.);
#4944=VECTOR('',#8453,1.);
#4945=VECTOR('',#8454,1.);
#4946=VECTOR('',#8455,1.);
#4947=VECTOR('',#8458,1.);
#4948=VECTOR('',#8459,1.);
#4949=VECTOR('',#8460,1.);
#4950=VECTOR('',#8461,1.);
#4951=VECTOR('',#8464,1.);
#4952=VECTOR('',#8465,1.);
#4953=VECTOR('',#8466,1.);
#4954=VECTOR('',#8469,1.);
#4955=VECTOR('',#8470,1.);
#4956=VECTOR('',#8471,1.);
#4957=VECTOR('',#8474,1.);
#4958=VECTOR('',#8475,1.);
#4959=VECTOR('',#8476,1.);
#4960=VECTOR('',#8477,1.);
#4961=VECTOR('',#8480,1.);
#4962=VECTOR('',#8481,1.);
#4963=VECTOR('',#8482,1.);
#4964=VECTOR('',#8485,1.);
#4965=VECTOR('',#8486,1.);
#4966=VECTOR('',#8487,1.);
#4967=VECTOR('',#8490,1.);
#4968=VECTOR('',#8491,1.);
#4969=VECTOR('',#8492,1.);
#4970=VECTOR('',#8493,1.);
#4971=VECTOR('',#8496,1.);
#4972=VECTOR('',#8497,1.);
#4973=VECTOR('',#8498,1.);
#4974=VECTOR('',#8501,1.);
#4975=VECTOR('',#8502,1.);
#4976=VECTOR('',#8503,1.);
#4977=VECTOR('',#8506,1.);
#4978=VECTOR('',#8507,1.);
#4979=VECTOR('',#8508,1.);
#4980=VECTOR('',#8509,1.);
#4981=VECTOR('',#8512,1.);
#4982=VECTOR('',#8513,1.);
#4983=VECTOR('',#8514,1.);
#4984=VECTOR('',#8517,1.);
#4985=VECTOR('',#8518,1.);
#4986=VECTOR('',#8519,1.);
#4987=VECTOR('',#8522,1.);
#4988=VECTOR('',#8523,1.);
#4989=VECTOR('',#8524,1.);
#4990=VECTOR('',#8525,1.);
#4991=VECTOR('',#8528,1.);
#4992=VECTOR('',#8529,1.);
#4993=VECTOR('',#8530,1.);
#4994=VECTOR('',#8533,1.);
#4995=VECTOR('',#8534,1.);
#4996=VECTOR('',#8535,1.);
#4997=VECTOR('',#8538,1.);
#4998=VECTOR('',#8539,1.);
#4999=VECTOR('',#8540,1.);
#5000=VECTOR('',#8541,1.);
#5001=VECTOR('',#8544,1.);
#5002=VECTOR('',#8545,1.);
#5003=VECTOR('',#8546,1.);
#5004=VECTOR('',#8549,1.);
#5005=VECTOR('',#8550,1.);
#5006=VECTOR('',#8551,1.);
#5007=VECTOR('',#8554,1.);
#5008=VECTOR('',#8555,1.);
#5009=VECTOR('',#8556,1.);
#5010=VECTOR('',#8557,1.);
#5011=VECTOR('',#8560,1.);
#5012=VECTOR('',#8561,1.);
#5013=VECTOR('',#8562,1.);
#5014=VECTOR('',#8565,1.);
#5015=VECTOR('',#8566,1.);
#5016=VECTOR('',#8567,1.);
#5017=VECTOR('',#8570,1.);
#5018=VECTOR('',#8571,1.);
#5019=VECTOR('',#8572,1.);
#5020=VECTOR('',#8573,1.);
#5021=VECTOR('',#8576,1.);
#5022=VECTOR('',#8577,1.);
#5023=VECTOR('',#8578,1.);
#5024=VECTOR('',#8581,1.);
#5025=VECTOR('',#8582,1.);
#5026=VECTOR('',#8583,1.);
#5027=VECTOR('',#8586,1.);
#5028=VECTOR('',#8587,1.);
#5029=VECTOR('',#8588,1.);
#5030=VECTOR('',#8591,1.);
#5031=VECTOR('',#8592,1.);
#5032=VECTOR('',#8595,1.);
#5033=VECTOR('',#8596,1.);
#5034=VECTOR('',#8599,1.);
#5035=VECTOR('',#8600,1.);
#5036=VECTOR('',#8603,1.);
#5037=VECTOR('',#8604,1.);
#5038=VECTOR('',#8607,1.);
#5039=VECTOR('',#8608,1.);
#5040=VECTOR('',#8611,1.);
#5041=VECTOR('',#8612,1.);
#5042=VECTOR('',#8615,1.);
#5043=VECTOR('',#8616,1.);
#5044=VECTOR('',#8619,1.);
#5045=VECTOR('',#8620,1.);
#5046=VECTOR('',#8623,1.);
#5047=VECTOR('',#8624,1.);
#5048=VECTOR('',#8627,1.);
#5049=VECTOR('',#8628,1.);
#5050=VECTOR('',#8631,1.);
#5051=VECTOR('',#8632,1.);
#5052=VECTOR('',#8635,1.);
#5053=VECTOR('',#8636,1.);
#5054=VECTOR('',#8639,1.);
#5055=VECTOR('',#8640,1.);
#5056=VECTOR('',#8643,1.);
#5057=VECTOR('',#8644,1.);
#5058=VECTOR('',#8647,1.);
#5059=VECTOR('',#8648,1.);
#5060=VECTOR('',#8651,1.);
#5061=VECTOR('',#8652,1.);
#5062=VECTOR('',#8655,1.);
#5063=VECTOR('',#8656,1.);
#5064=VECTOR('',#8659,1.);
#5065=VECTOR('',#8660,1.);
#5066=VECTOR('',#8663,1.);
#5067=VECTOR('',#8664,1.);
#5068=VECTOR('',#8667,1.);
#5069=VECTOR('',#8668,1.);
#5070=VECTOR('',#8671,1.);
#5071=VECTOR('',#8672,1.);
#5072=VECTOR('',#8675,1.);
#5073=VECTOR('',#8676,1.);
#5074=VECTOR('',#8679,1.);
#5075=VECTOR('',#8680,1.);
#5076=VECTOR('',#8683,1.);
#5077=VECTOR('',#8684,1.);
#5078=VECTOR('',#8687,1.);
#5079=VECTOR('',#8688,1.);
#5080=VECTOR('',#8691,1.);
#5081=VECTOR('',#8692,1.);
#5082=VECTOR('',#8695,1.);
#5083=VECTOR('',#8698,1.);
#5084=VECTOR('',#8699,1.);
#5085=VECTOR('',#8754,1.);
#5086=VECTOR('',#8755,1.);
#5087=VECTOR('',#8758,1.);
#5088=VECTOR('',#8759,1.);
#5089=VECTOR('',#8760,1.);
#5090=VECTOR('',#8761,1.);
#5091=VECTOR('',#8764,1.);
#5092=VECTOR('',#8765,1.);
#5093=VECTOR('',#8766,1.);
#5094=VECTOR('',#8767,1.);
#5095=VECTOR('',#8770,1.);
#5096=VECTOR('',#8771,1.);
#5097=VECTOR('',#8772,1.);
#5098=VECTOR('',#8773,1.);
#5099=VECTOR('',#8776,1.);
#5100=VECTOR('',#8781,1.);
#5101=VECTOR('',#8784,1.);
#5102=VECTOR('',#8785,1.);
#5103=VECTOR('',#8786,1.);
#5104=VECTOR('',#8789,1.);
#5105=VECTOR('',#8794,1.);
#5106=VECTOR('',#8797,1.);
#5107=VECTOR('',#8802,1.);
#5108=VECTOR('',#8803,1.);
#5109=VECTOR('',#8806,1.);
#5110=VECTOR('',#8807,1.);
#5111=VECTOR('',#8952,1.);
#5112=VECTOR('',#8953,1.);
#5113=VECTOR('',#8956,1.);
#5114=VECTOR('',#8959,1.);
#5115=VECTOR('',#8962,1.);
#5116=VECTOR('',#8965,1.);
#5117=VECTOR('',#8968,1.);
#5118=VECTOR('',#8971,1.);
#5119=VECTOR('',#8976,1.);
#5120=VECTOR('',#8979,1.);
#5121=VECTOR('',#8982,1.);
#5122=VECTOR('',#8985,1.);
#5123=VECTOR('',#8988,1.);
#5124=VECTOR('',#8991,1.);
#5125=VECTOR('',#8996,1.);
#5126=VECTOR('',#8999,1.);
#5127=VECTOR('',#9002,1.);
#5128=VECTOR('',#9005,1.);
#5129=VECTOR('',#9008,1.);
#5130=VECTOR('',#9011,1.);
#5131=VECTOR('',#9014,1.);
#5132=VECTOR('',#9017,1.);
#5133=VECTOR('',#9020,1.);
#5134=VECTOR('',#9023,1.);
#5135=VECTOR('',#9026,1.);
#5136=VECTOR('',#9029,1.);
#5137=VECTOR('',#9032,1.);
#5138=VECTOR('',#9035,1.);
#5139=VECTOR('',#9038,1.);
#5140=VECTOR('',#9041,1.);
#5141=VECTOR('',#9044,1.);
#5142=VECTOR('',#9047,1.);
#5143=VECTOR('',#9050,1.);
#5144=VECTOR('',#9053,1.);
#5145=VECTOR('',#9056,1.);
#5146=VECTOR('',#9059,1.);
#5147=VECTOR('',#9064,1.);
#5148=VECTOR('',#9067,1.);
#5149=VECTOR('',#9070,1.);
#5150=VECTOR('',#9073,1.);
#5151=VECTOR('',#9078,1.);
#5152=VECTOR('',#9079,1.);
#5153=VECTOR('',#9082,1.);
#5154=VECTOR('',#9085,1.);
#5155=VECTOR('',#9088,1.);
#5156=VECTOR('',#9091,1.);
#5157=VECTOR('',#9094,1.);
#5158=VECTOR('',#9097,1.);
#5159=VECTOR('',#9100,1.);
#5160=VECTOR('',#9103,1.);
#5161=VECTOR('',#9106,1.);
#5162=VECTOR('',#9109,1.);
#5163=VECTOR('',#9112,1.);
#5164=VECTOR('',#9115,1.);
#5165=VECTOR('',#9118,1.);
#5166=VECTOR('',#9121,1.);
#5167=VECTOR('',#9124,1.);
#5168=VECTOR('',#9127,1.);
#5169=VECTOR('',#9130,1.);
#5170=VECTOR('',#9133,1.);
#5171=VECTOR('',#9138,1.);
#5172=VECTOR('',#9141,1.);
#5173=VECTOR('',#9146,1.);
#5174=VECTOR('',#9155,1.);
#5175=VECTOR('',#9160,1.);
#5176=VECTOR('',#9163,1.);
#5177=VECTOR('',#9166,1.);
#5178=VECTOR('',#9173,1.);
#5179=VECTOR('',#9176,1.);
#5180=VECTOR('',#9179,1.);
#5181=EDGE_LOOP('',(#350,#351,#352,#353,#354,#355,#356,#357,#358,#359,#360,
#361));
#5182=EDGE_LOOP('',(#362,#363,#364,#365));
#5183=EDGE_LOOP('',(#366,#367,#368,#369));
#5184=EDGE_LOOP('',(#370,#371,#372,#373,#374,#375,#376,#377));
#5185=EDGE_LOOP('',(#378,#379,#380,#381,#382,#383,#384,#385,#386,#387,#388,
#389,#390,#391,#392,#393,#394,#395,#396,#397));
#5186=EDGE_LOOP('',(#398,#399,#400,#401));
#5187=EDGE_LOOP('',(#402,#403,#404,#405));
#5188=EDGE_LOOP('',(#406,#407,#408,#409,#410,#411,#412,#413));
#5189=EDGE_LOOP('',(#414,#415,#416,#417));
#5190=EDGE_LOOP('',(#418,#419,#420,#421));
#5191=EDGE_LOOP('',(#422,#423,#424,#425,#426,#427,#428,#429,#430,#431,#432,
#433));
#5192=EDGE_LOOP('',(#434,#435,#436,#437));
#5193=EDGE_LOOP('',(#438,#439,#440,#441,#442,#443,#444,#445,#446,#447,#448,
#449,#450,#451,#452,#453));
#5194=EDGE_LOOP('',(#454,#455,#456,#457,#458,#459,#460,#461,#462,#463,#464,
#465,#466,#467,#468,#469,#470,#471,#472,#473,#474,#475,#476,#477,#478,#479,
#480,#481,#482,#483,#484,#485,#486,#487));
#5195=EDGE_LOOP('',(#488));
#5196=EDGE_LOOP('',(#489));
#5197=EDGE_LOOP('',(#490));
#5198=EDGE_LOOP('',(#491));
#5199=EDGE_LOOP('',(#492));
#5200=EDGE_LOOP('',(#493));
#5201=EDGE_LOOP('',(#494));
#5202=EDGE_LOOP('',(#495,#496,#497,#498,#499,#500,#501));
#5203=EDGE_LOOP('',(#502));
#5204=EDGE_LOOP('',(#503,#504,#505,#506,#507,#508,#509,#510));
#5205=EDGE_LOOP('',(#511,#512,#513,#514,#515,#516,#517,#518,#519));
#5206=EDGE_LOOP('',(#520,#521,#522,#523,#524,#525,#526));
#5207=EDGE_LOOP('',(#527));
#5208=EDGE_LOOP('',(#528,#529,#530,#531,#532,#533));
#5209=EDGE_LOOP('',(#534));
#5210=EDGE_LOOP('',(#535,#536,#537,#538,#539,#540,#541,#542));
#5211=EDGE_LOOP('',(#543,#544,#545,#546,#547,#548,#549,#550));
#5212=EDGE_LOOP('',(#551));
#5213=EDGE_LOOP('',(#552,#553,#554,#555,#556,#557));
#5214=EDGE_LOOP('',(#558,#559,#560,#561,#562,#563));
#5215=EDGE_LOOP('',(#564));
#5216=EDGE_LOOP('',(#565,#566,#567,#568,#569,#570,#571,#572,#573));
#5217=EDGE_LOOP('',(#574,#575,#576,#577));
#5218=EDGE_LOOP('',(#578,#579,#580,#581,#582,#583,#584,#585));
#5219=EDGE_LOOP('',(#586,#587,#588,#589,#590,#591));
#5220=EDGE_LOOP('',(#592,#593,#594,#595,#596,#597));
#5221=EDGE_LOOP('',(#598,#599,#600,#601));
#5222=EDGE_LOOP('',(#602,#603,#604,#605,#606,#607,#608,#609,#610,#611,#612,
#613));
#5223=EDGE_LOOP('',(#614,#615,#616,#617));
#5224=EDGE_LOOP('',(#618,#619,#620,#621,#622,#623,#624,#625,#626,#627,#628));
#5225=EDGE_LOOP('',(#629,#630,#631,#632,#633,#634,#635,#636));
#5226=EDGE_LOOP('',(#637,#638,#639,#640,#641,#642,#643,#644));
#5227=EDGE_LOOP('',(#645,#646,#647,#648,#649,#650,#651,#652));
#5228=EDGE_LOOP('',(#653,#654,#655,#656));
#5229=EDGE_LOOP('',(#657,#658,#659,#660));
#5230=EDGE_LOOP('',(#661,#662,#663,#664));
#5231=EDGE_LOOP('',(#665,#666,#667,#668,#669,#670,#671,#672));
#5232=EDGE_LOOP('',(#673));
#5233=EDGE_LOOP('',(#674,#675,#676,#677,#678,#679,#680,#681));
#5234=EDGE_LOOP('',(#682));
#5235=EDGE_LOOP('',(#683,#684,#685,#686,#687,#688));
#5236=EDGE_LOOP('',(#689));
#5237=EDGE_LOOP('',(#690,#691,#692,#693));
#5238=EDGE_LOOP('',(#694,#695,#696,#697));
#5239=EDGE_LOOP('',(#698,#699,#700,#701));
#5240=EDGE_LOOP('',(#702,#703,#704,#705));
#5241=EDGE_LOOP('',(#706,#707,#708,#709));
#5242=EDGE_LOOP('',(#710,#711,#712));
#5243=EDGE_LOOP('',(#713,#714,#715));
#5244=EDGE_LOOP('',(#716,#717,#718,#719));
#5245=EDGE_LOOP('',(#720,#721,#722,#723));
#5246=EDGE_LOOP('',(#724,#725,#726));
#5247=EDGE_LOOP('',(#727,#728,#729));
#5248=EDGE_LOOP('',(#730,#731,#732,#733));
#5249=EDGE_LOOP('',(#734));
#5250=EDGE_LOOP('',(#735));
#5251=EDGE_LOOP('',(#736));
#5252=EDGE_LOOP('',(#737));
#5253=EDGE_LOOP('',(#738));
#5254=EDGE_LOOP('',(#739));
#5255=EDGE_LOOP('',(#740));
#5256=EDGE_LOOP('',(#741));
#5257=EDGE_LOOP('',(#742));
#5258=EDGE_LOOP('',(#743));
#5259=EDGE_LOOP('',(#744));
#5260=EDGE_LOOP('',(#745));
#5261=EDGE_LOOP('',(#746));
#5262=EDGE_LOOP('',(#747));
#5263=EDGE_LOOP('',(#748));
#5264=EDGE_LOOP('',(#749));
#5265=EDGE_LOOP('',(#750));
#5266=EDGE_LOOP('',(#751));
#5267=EDGE_LOOP('',(#752));
#5268=EDGE_LOOP('',(#753));
#5269=EDGE_LOOP('',(#754));
#5270=EDGE_LOOP('',(#755));
#5271=EDGE_LOOP('',(#756));
#5272=EDGE_LOOP('',(#757));
#5273=EDGE_LOOP('',(#758,#759,#760,#761));
#5274=EDGE_LOOP('',(#762,#763,#764,#765));
#5275=EDGE_LOOP('',(#766,#767,#768,#769));
#5276=EDGE_LOOP('',(#770,#771,#772,#773));
#5277=EDGE_LOOP('',(#774,#775,#776,#777));
#5278=EDGE_LOOP('',(#778,#779,#780,#781));
#5279=EDGE_LOOP('',(#782,#783,#784,#785));
#5280=EDGE_LOOP('',(#786,#787,#788,#789,#790,#791,#792));
#5281=EDGE_LOOP('',(#793,#794,#795,#796));
#5282=EDGE_LOOP('',(#797,#798,#799,#800));
#5283=EDGE_LOOP('',(#801,#802,#803,#804,#805,#806,#807));
#5284=EDGE_LOOP('',(#808,#809,#810,#811,#812,#813,#814,#815));
#5285=EDGE_LOOP('',(#816,#817,#818,#819,#820));
#5286=EDGE_LOOP('',(#821,#822,#823,#824));
#5287=EDGE_LOOP('',(#825,#826,#827,#828));
#5288=EDGE_LOOP('',(#829,#830,#831,#832,#833,#834,#835,#836,#837,#838,#839,
#840,#841,#842));
#5289=EDGE_LOOP('',(#843,#844,#845,#846));
#5290=EDGE_LOOP('',(#847,#848,#849,#850));
#5291=EDGE_LOOP('',(#851,#852,#853,#854,#855));
#5292=EDGE_LOOP('',(#856,#857,#858,#859,#860,#861,#862,#863,#864,#865,#866,
#867,#868,#869));
#5293=EDGE_LOOP('',(#870,#871,#872,#873,#874,#875,#876));
#5294=EDGE_LOOP('',(#877,#878,#879,#880));
#5295=EDGE_LOOP('',(#881,#882,#883,#884,#885,#886,#887,#888));
#5296=EDGE_LOOP('',(#889,#890,#891,#892));
#5297=EDGE_LOOP('',(#893,#894,#895,#896));
#5298=EDGE_LOOP('',(#897,#898,#899,#900,#901));
#5299=EDGE_LOOP('',(#902,#903,#904,#905,#906,#907,#908,#909));
#5300=EDGE_LOOP('',(#910,#911,#912,#913));
#5301=EDGE_LOOP('',(#914,#915,#916,#917,#918,#919,#920));
#5302=EDGE_LOOP('',(#921,#922,#923,#924,#925,#926));
#5303=EDGE_LOOP('',(#927,#928,#929,#930));
#5304=EDGE_LOOP('',(#931,#932,#933,#934));
#5305=EDGE_LOOP('',(#935,#936,#937,#938,#939));
#5306=EDGE_LOOP('',(#940,#941,#942,#943,#944,#945,#946,#947));
#5307=EDGE_LOOP('',(#948,#949,#950,#951));
#5308=EDGE_LOOP('',(#952,#953,#954,#955));
#5309=EDGE_LOOP('',(#956,#957,#958,#959));
#5310=EDGE_LOOP('',(#960,#961,#962,#963));
#5311=EDGE_LOOP('',(#964,#965,#966,#967));
#5312=EDGE_LOOP('',(#968,#969,#970,#971));
#5313=EDGE_LOOP('',(#972,#973,#974,#975));
#5314=EDGE_LOOP('',(#976,#977,#978,#979));
#5315=EDGE_LOOP('',(#980,#981,#982,#983));
#5316=EDGE_LOOP('',(#984,#985,#986));
#5317=EDGE_LOOP('',(#987,#988,#989));
#5318=EDGE_LOOP('',(#990,#991,#992,#993));
#5319=EDGE_LOOP('',(#994,#995,#996,#997));
#5320=EDGE_LOOP('',(#998,#999,#1000,#1001));
#5321=EDGE_LOOP('',(#1002));
#5322=EDGE_LOOP('',(#1003));
#5323=EDGE_LOOP('',(#1004));
#5324=EDGE_LOOP('',(#1005));
#5325=EDGE_LOOP('',(#1006));
#5326=EDGE_LOOP('',(#1007));
#5327=EDGE_LOOP('',(#1008));
#5328=EDGE_LOOP('',(#1009));
#5329=EDGE_LOOP('',(#1010));
#5330=EDGE_LOOP('',(#1011));
#5331=EDGE_LOOP('',(#1012));
#5332=EDGE_LOOP('',(#1013));
#5333=EDGE_LOOP('',(#1014));
#5334=EDGE_LOOP('',(#1015));
#5335=EDGE_LOOP('',(#1016));
#5336=EDGE_LOOP('',(#1017));
#5337=EDGE_LOOP('',(#1018));
#5338=EDGE_LOOP('',(#1019));
#5339=EDGE_LOOP('',(#1020));
#5340=EDGE_LOOP('',(#1021));
#5341=EDGE_LOOP('',(#1022));
#5342=EDGE_LOOP('',(#1023,#1024,#1025,#1026,#1027,#1028));
#5343=EDGE_LOOP('',(#1029,#1030,#1031,#1032,#1033));
#5344=EDGE_LOOP('',(#1034,#1035,#1036,#1037));
#5345=EDGE_LOOP('',(#1038,#1039,#1040,#1041));
#5346=EDGE_LOOP('',(#1042,#1043,#1044,#1045));
#5347=EDGE_LOOP('',(#1046,#1047,#1048,#1049));
#5348=EDGE_LOOP('',(#1050,#1051,#1052,#1053));
#5349=EDGE_LOOP('',(#1054,#1055,#1056,#1057));
#5350=EDGE_LOOP('',(#1058,#1059,#1060,#1061));
#5351=EDGE_LOOP('',(#1062,#1063,#1064,#1065));
#5352=EDGE_LOOP('',(#1066,#1067,#1068,#1069));
#5353=EDGE_LOOP('',(#1070,#1071,#1072,#1073));
#5354=EDGE_LOOP('',(#1074,#1075,#1076,#1077));
#5355=EDGE_LOOP('',(#1078,#1079,#1080,#1081));
#5356=EDGE_LOOP('',(#1082,#1083,#1084,#1085));
#5357=EDGE_LOOP('',(#1086,#1087,#1088,#1089));
#5358=EDGE_LOOP('',(#1090,#1091,#1092,#1093));
#5359=EDGE_LOOP('',(#1094,#1095,#1096,#1097));
#5360=EDGE_LOOP('',(#1098,#1099,#1100,#1101));
#5361=EDGE_LOOP('',(#1102,#1103,#1104,#1105));
#5362=EDGE_LOOP('',(#1106,#1107,#1108,#1109));
#5363=EDGE_LOOP('',(#1110,#1111,#1112,#1113));
#5364=EDGE_LOOP('',(#1114,#1115,#1116,#1117));
#5365=EDGE_LOOP('',(#1118,#1119,#1120,#1121));
#5366=EDGE_LOOP('',(#1122,#1123,#1124,#1125));
#5367=EDGE_LOOP('',(#1126,#1127,#1128,#1129));
#5368=EDGE_LOOP('',(#1130,#1131,#1132,#1133));
#5369=EDGE_LOOP('',(#1134,#1135,#1136,#1137));
#5370=EDGE_LOOP('',(#1138,#1139,#1140,#1141));
#5371=EDGE_LOOP('',(#1142,#1143,#1144,#1145));
#5372=EDGE_LOOP('',(#1146,#1147,#1148,#1149));
#5373=EDGE_LOOP('',(#1150,#1151,#1152,#1153));
#5374=EDGE_LOOP('',(#1154,#1155,#1156,#1157));
#5375=EDGE_LOOP('',(#1158,#1159,#1160,#1161));
#5376=EDGE_LOOP('',(#1162,#1163,#1164,#1165));
#5377=EDGE_LOOP('',(#1166,#1167,#1168,#1169));
#5378=EDGE_LOOP('',(#1170,#1171,#1172,#1173));
#5379=EDGE_LOOP('',(#1174,#1175,#1176,#1177));
#5380=EDGE_LOOP('',(#1178,#1179,#1180,#1181));
#5381=EDGE_LOOP('',(#1182,#1183,#1184,#1185));
#5382=EDGE_LOOP('',(#1186,#1187,#1188,#1189));
#5383=EDGE_LOOP('',(#1190,#1191,#1192,#1193));
#5384=EDGE_LOOP('',(#1194,#1195,#1196,#1197));
#5385=EDGE_LOOP('',(#1198,#1199,#1200,#1201));
#5386=EDGE_LOOP('',(#1202,#1203,#1204,#1205));
#5387=EDGE_LOOP('',(#1206,#1207,#1208,#1209));
#5388=EDGE_LOOP('',(#1210,#1211,#1212,#1213));
#5389=EDGE_LOOP('',(#1214,#1215,#1216,#1217));
#5390=EDGE_LOOP('',(#1218,#1219,#1220,#1221));
#5391=EDGE_LOOP('',(#1222,#1223,#1224,#1225));
#5392=EDGE_LOOP('',(#1226,#1227,#1228,#1229));
#5393=EDGE_LOOP('',(#1230,#1231,#1232,#1233));
#5394=EDGE_LOOP('',(#1234,#1235,#1236,#1237));
#5395=EDGE_LOOP('',(#1238,#1239,#1240,#1241));
#5396=EDGE_LOOP('',(#1242,#1243,#1244,#1245));
#5397=EDGE_LOOP('',(#1246,#1247,#1248,#1249));
#5398=EDGE_LOOP('',(#1250,#1251,#1252,#1253));
#5399=EDGE_LOOP('',(#1254,#1255,#1256,#1257));
#5400=EDGE_LOOP('',(#1258,#1259,#1260,#1261));
#5401=EDGE_LOOP('',(#1262,#1263,#1264,#1265));
#5402=EDGE_LOOP('',(#1266,#1267,#1268,#1269));
#5403=EDGE_LOOP('',(#1270,#1271,#1272,#1273));
#5404=EDGE_LOOP('',(#1274,#1275,#1276,#1277));
#5405=EDGE_LOOP('',(#1278,#1279,#1280,#1281));
#5406=EDGE_LOOP('',(#1282,#1283,#1284,#1285));
#5407=EDGE_LOOP('',(#1286,#1287,#1288,#1289));
#5408=EDGE_LOOP('',(#1290,#1291,#1292,#1293));
#5409=EDGE_LOOP('',(#1294,#1295,#1296,#1297));
#5410=EDGE_LOOP('',(#1298,#1299,#1300,#1301));
#5411=EDGE_LOOP('',(#1302,#1303,#1304,#1305));
#5412=EDGE_LOOP('',(#1306,#1307,#1308,#1309));
#5413=EDGE_LOOP('',(#1310,#1311,#1312,#1313));
#5414=EDGE_LOOP('',(#1314,#1315,#1316,#1317));
#5415=EDGE_LOOP('',(#1318,#1319,#1320,#1321));
#5416=EDGE_LOOP('',(#1322,#1323,#1324,#1325));
#5417=EDGE_LOOP('',(#1326,#1327,#1328,#1329));
#5418=EDGE_LOOP('',(#1330,#1331,#1332,#1333));
#5419=EDGE_LOOP('',(#1334,#1335,#1336,#1337));
#5420=EDGE_LOOP('',(#1338,#1339,#1340,#1341));
#5421=EDGE_LOOP('',(#1342,#1343,#1344,#1345));
#5422=EDGE_LOOP('',(#1346,#1347,#1348,#1349));
#5423=EDGE_LOOP('',(#1350,#1351,#1352,#1353));
#5424=EDGE_LOOP('',(#1354,#1355,#1356,#1357));
#5425=EDGE_LOOP('',(#1358,#1359,#1360,#1361));
#5426=EDGE_LOOP('',(#1362,#1363,#1364,#1365));
#5427=EDGE_LOOP('',(#1366,#1367,#1368,#1369));
#5428=EDGE_LOOP('',(#1370,#1371,#1372,#1373));
#5429=EDGE_LOOP('',(#1374,#1375,#1376,#1377));
#5430=EDGE_LOOP('',(#1378,#1379,#1380,#1381));
#5431=EDGE_LOOP('',(#1382,#1383,#1384,#1385));
#5432=EDGE_LOOP('',(#1386,#1387,#1388,#1389));
#5433=EDGE_LOOP('',(#1390,#1391,#1392,#1393));
#5434=EDGE_LOOP('',(#1394,#1395,#1396,#1397));
#5435=EDGE_LOOP('',(#1398,#1399,#1400,#1401));
#5436=EDGE_LOOP('',(#1402,#1403,#1404,#1405));
#5437=EDGE_LOOP('',(#1406,#1407,#1408,#1409));
#5438=EDGE_LOOP('',(#1410,#1411,#1412,#1413));
#5439=EDGE_LOOP('',(#1414,#1415,#1416,#1417));
#5440=EDGE_LOOP('',(#1418,#1419,#1420,#1421));
#5441=EDGE_LOOP('',(#1422,#1423,#1424,#1425));
#5442=EDGE_LOOP('',(#1426,#1427,#1428,#1429));
#5443=EDGE_LOOP('',(#1430,#1431,#1432,#1433));
#5444=EDGE_LOOP('',(#1434,#1435,#1436,#1437));
#5445=EDGE_LOOP('',(#1438,#1439,#1440,#1441));
#5446=EDGE_LOOP('',(#1442,#1443,#1444,#1445));
#5447=EDGE_LOOP('',(#1446,#1447,#1448,#1449));
#5448=EDGE_LOOP('',(#1450,#1451,#1452,#1453));
#5449=EDGE_LOOP('',(#1454,#1455,#1456,#1457));
#5450=EDGE_LOOP('',(#1458,#1459,#1460,#1461));
#5451=EDGE_LOOP('',(#1462,#1463,#1464,#1465));
#5452=EDGE_LOOP('',(#1466,#1467,#1468,#1469));
#5453=EDGE_LOOP('',(#1470,#1471,#1472,#1473));
#5454=EDGE_LOOP('',(#1474,#1475,#1476,#1477));
#5455=EDGE_LOOP('',(#1478,#1479,#1480,#1481));
#5456=EDGE_LOOP('',(#1482,#1483,#1484,#1485));
#5457=EDGE_LOOP('',(#1486,#1487,#1488,#1489));
#5458=EDGE_LOOP('',(#1490,#1491,#1492,#1493));
#5459=EDGE_LOOP('',(#1494,#1495,#1496,#1497));
#5460=EDGE_LOOP('',(#1498,#1499,#1500,#1501));
#5461=EDGE_LOOP('',(#1502,#1503,#1504,#1505));
#5462=EDGE_LOOP('',(#1506,#1507,#1508,#1509));
#5463=EDGE_LOOP('',(#1510,#1511,#1512,#1513));
#5464=EDGE_LOOP('',(#1514,#1515,#1516,#1517));
#5465=EDGE_LOOP('',(#1518,#1519,#1520,#1521));
#5466=EDGE_LOOP('',(#1522,#1523,#1524,#1525));
#5467=EDGE_LOOP('',(#1526,#1527,#1528,#1529));
#5468=EDGE_LOOP('',(#1530,#1531,#1532,#1533));
#5469=EDGE_LOOP('',(#1534,#1535,#1536,#1537));
#5470=EDGE_LOOP('',(#1538,#1539,#1540,#1541));
#5471=EDGE_LOOP('',(#1542,#1543,#1544,#1545));
#5472=EDGE_LOOP('',(#1546,#1547,#1548,#1549));
#5473=EDGE_LOOP('',(#1550,#1551,#1552,#1553));
#5474=EDGE_LOOP('',(#1554,#1555,#1556,#1557));
#5475=EDGE_LOOP('',(#1558,#1559,#1560,#1561));
#5476=EDGE_LOOP('',(#1562,#1563,#1564,#1565));
#5477=EDGE_LOOP('',(#1566,#1567,#1568,#1569));
#5478=EDGE_LOOP('',(#1570,#1571,#1572,#1573));
#5479=EDGE_LOOP('',(#1574,#1575,#1576,#1577));
#5480=EDGE_LOOP('',(#1578,#1579,#1580,#1581));
#5481=EDGE_LOOP('',(#1582,#1583,#1584,#1585));
#5482=EDGE_LOOP('',(#1586,#1587,#1588,#1589));
#5483=EDGE_LOOP('',(#1590,#1591,#1592,#1593));
#5484=EDGE_LOOP('',(#1594,#1595,#1596,#1597));
#5485=EDGE_LOOP('',(#1598,#1599,#1600,#1601));
#5486=EDGE_LOOP('',(#1602,#1603,#1604,#1605));
#5487=EDGE_LOOP('',(#1606,#1607,#1608,#1609));
#5488=EDGE_LOOP('',(#1610,#1611,#1612,#1613));
#5489=EDGE_LOOP('',(#1614,#1615,#1616,#1617));
#5490=EDGE_LOOP('',(#1618,#1619,#1620,#1621));
#5491=EDGE_LOOP('',(#1622,#1623,#1624,#1625));
#5492=EDGE_LOOP('',(#1626,#1627,#1628,#1629));
#5493=EDGE_LOOP('',(#1630,#1631,#1632,#1633));
#5494=EDGE_LOOP('',(#1634,#1635,#1636,#1637));
#5495=EDGE_LOOP('',(#1638,#1639,#1640,#1641));
#5496=EDGE_LOOP('',(#1642,#1643,#1644,#1645));
#5497=EDGE_LOOP('',(#1646,#1647,#1648,#1649));
#5498=EDGE_LOOP('',(#1650,#1651,#1652,#1653));
#5499=EDGE_LOOP('',(#1654,#1655,#1656,#1657));
#5500=EDGE_LOOP('',(#1658,#1659,#1660,#1661));
#5501=EDGE_LOOP('',(#1662,#1663,#1664,#1665));
#5502=EDGE_LOOP('',(#1666,#1667,#1668,#1669));
#5503=EDGE_LOOP('',(#1670,#1671,#1672,#1673,#1674,#1675,#1676,#1677,#1678,
#1679,#1680,#1681,#1682,#1683,#1684,#1685,#1686,#1687));
#5504=EDGE_LOOP('',(#1688,#1689,#1690,#1691,#1692));
#5505=EDGE_LOOP('',(#1693,#1694,#1695,#1696,#1697));
#5506=EDGE_LOOP('',(#1698,#1699,#1700,#1701));
#5507=EDGE_LOOP('',(#1702,#1703,#1704,#1705));
#5508=EDGE_LOOP('',(#1706,#1707,#1708,#1709));
#5509=EDGE_LOOP('',(#1710,#1711,#1712,#1713));
#5510=EDGE_LOOP('',(#1714,#1715,#1716,#1717));
#5511=EDGE_LOOP('',(#1718,#1719,#1720,#1721));
#5512=EDGE_LOOP('',(#1722,#1723,#1724,#1725));
#5513=EDGE_LOOP('',(#1726,#1727,#1728,#1729));
#5514=EDGE_LOOP('',(#1730,#1731,#1732,#1733));
#5515=EDGE_LOOP('',(#1734,#1735,#1736,#1737));
#5516=EDGE_LOOP('',(#1738,#1739,#1740,#1741));
#5517=EDGE_LOOP('',(#1742,#1743,#1744,#1745));
#5518=EDGE_LOOP('',(#1746,#1747,#1748,#1749));
#5519=EDGE_LOOP('',(#1750,#1751,#1752,#1753));
#5520=EDGE_LOOP('',(#1754,#1755,#1756,#1757));
#5521=EDGE_LOOP('',(#1758,#1759,#1760,#1761));
#5522=EDGE_LOOP('',(#1762,#1763,#1764,#1765));
#5523=EDGE_LOOP('',(#1766,#1767,#1768,#1769));
#5524=EDGE_LOOP('',(#1770,#1771,#1772,#1773));
#5525=EDGE_LOOP('',(#1774,#1775,#1776,#1777));
#5526=EDGE_LOOP('',(#1778,#1779,#1780,#1781));
#5527=EDGE_LOOP('',(#1782,#1783,#1784,#1785));
#5528=EDGE_LOOP('',(#1786,#1787,#1788,#1789));
#5529=EDGE_LOOP('',(#1790,#1791,#1792,#1793));
#5530=EDGE_LOOP('',(#1794,#1795,#1796,#1797));
#5531=EDGE_LOOP('',(#1798,#1799,#1800,#1801));
#5532=EDGE_LOOP('',(#1802,#1803,#1804,#1805));
#5533=EDGE_LOOP('',(#1806,#1807,#1808,#1809));
#5534=EDGE_LOOP('',(#1810,#1811,#1812,#1813));
#5535=EDGE_LOOP('',(#1814,#1815,#1816,#1817));
#5536=EDGE_LOOP('',(#1818,#1819,#1820,#1821));
#5537=EDGE_LOOP('',(#1822,#1823,#1824,#1825));
#5538=EDGE_LOOP('',(#1826,#1827,#1828,#1829));
#5539=EDGE_LOOP('',(#1830,#1831,#1832,#1833));
#5540=EDGE_LOOP('',(#1834,#1835,#1836,#1837));
#5541=EDGE_LOOP('',(#1838,#1839,#1840,#1841));
#5542=EDGE_LOOP('',(#1842,#1843,#1844,#1845));
#5543=EDGE_LOOP('',(#1846,#1847,#1848,#1849));
#5544=EDGE_LOOP('',(#1850,#1851,#1852,#1853));
#5545=EDGE_LOOP('',(#1854,#1855,#1856,#1857));
#5546=EDGE_LOOP('',(#1858,#1859,#1860,#1861));
#5547=EDGE_LOOP('',(#1862,#1863,#1864,#1865));
#5548=EDGE_LOOP('',(#1866,#1867,#1868,#1869));
#5549=EDGE_LOOP('',(#1870,#1871,#1872,#1873));
#5550=EDGE_LOOP('',(#1874,#1875,#1876,#1877));
#5551=EDGE_LOOP('',(#1878,#1879,#1880,#1881));
#5552=EDGE_LOOP('',(#1882,#1883,#1884,#1885));
#5553=EDGE_LOOP('',(#1886,#1887,#1888,#1889));
#5554=EDGE_LOOP('',(#1890,#1891,#1892,#1893));
#5555=EDGE_LOOP('',(#1894,#1895,#1896,#1897));
#5556=EDGE_LOOP('',(#1898,#1899,#1900,#1901));
#5557=EDGE_LOOP('',(#1902,#1903,#1904,#1905));
#5558=EDGE_LOOP('',(#1906,#1907,#1908,#1909));
#5559=EDGE_LOOP('',(#1910,#1911,#1912,#1913));
#5560=EDGE_LOOP('',(#1914,#1915,#1916,#1917));
#5561=EDGE_LOOP('',(#1918,#1919,#1920,#1921));
#5562=EDGE_LOOP('',(#1922,#1923,#1924,#1925));
#5563=EDGE_LOOP('',(#1926,#1927,#1928,#1929));
#5564=EDGE_LOOP('',(#1930,#1931,#1932,#1933));
#5565=EDGE_LOOP('',(#1934,#1935,#1936,#1937));
#5566=EDGE_LOOP('',(#1938,#1939,#1940,#1941));
#5567=EDGE_LOOP('',(#1942,#1943,#1944,#1945));
#5568=EDGE_LOOP('',(#1946,#1947,#1948,#1949));
#5569=EDGE_LOOP('',(#1950,#1951,#1952,#1953));
#5570=EDGE_LOOP('',(#1954,#1955,#1956,#1957));
#5571=EDGE_LOOP('',(#1958,#1959,#1960,#1961));
#5572=EDGE_LOOP('',(#1962,#1963,#1964,#1965));
#5573=EDGE_LOOP('',(#1966,#1967,#1968,#1969));
#5574=EDGE_LOOP('',(#1970,#1971,#1972,#1973));
#5575=EDGE_LOOP('',(#1974,#1975,#1976,#1977));
#5576=EDGE_LOOP('',(#1978,#1979,#1980,#1981));
#5577=EDGE_LOOP('',(#1982,#1983,#1984,#1985));
#5578=EDGE_LOOP('',(#1986,#1987,#1988,#1989));
#5579=EDGE_LOOP('',(#1990,#1991,#1992,#1993));
#5580=EDGE_LOOP('',(#1994,#1995,#1996,#1997));
#5581=EDGE_LOOP('',(#1998,#1999,#2000,#2001));
#5582=EDGE_LOOP('',(#2002,#2003,#2004,#2005));
#5583=EDGE_LOOP('',(#2006,#2007,#2008,#2009));
#5584=EDGE_LOOP('',(#2010,#2011,#2012,#2013));
#5585=EDGE_LOOP('',(#2014,#2015,#2016,#2017,#2018));
#5586=EDGE_LOOP('',(#2019,#2020,#2021,#2022));
#5587=EDGE_LOOP('',(#2023,#2024,#2025,#2026));
#5588=EDGE_LOOP('',(#2027,#2028,#2029,#2030));
#5589=EDGE_LOOP('',(#2031,#2032,#2033,#2034,#2035));
#5590=EDGE_LOOP('',(#2036,#2037,#2038,#2039));
#5591=EDGE_LOOP('',(#2040,#2041,#2042,#2043));
#5592=EDGE_LOOP('',(#2044,#2045,#2046,#2047));
#5593=EDGE_LOOP('',(#2048,#2049,#2050,#2051));
#5594=EDGE_LOOP('',(#2052,#2053,#2054,#2055));
#5595=EDGE_LOOP('',(#2056,#2057,#2058,#2059));
#5596=EDGE_LOOP('',(#2060,#2061,#2062,#2063));
#5597=EDGE_LOOP('',(#2064,#2065,#2066,#2067));
#5598=EDGE_LOOP('',(#2068,#2069,#2070,#2071));
#5599=EDGE_LOOP('',(#2072,#2073,#2074,#2075));
#5600=EDGE_LOOP('',(#2076,#2077,#2078,#2079));
#5601=EDGE_LOOP('',(#2080,#2081,#2082,#2083));
#5602=EDGE_LOOP('',(#2084,#2085,#2086,#2087));
#5603=EDGE_LOOP('',(#2088,#2089,#2090,#2091));
#5604=EDGE_LOOP('',(#2092,#2093,#2094,#2095));
#5605=EDGE_LOOP('',(#2096,#2097,#2098,#2099));
#5606=EDGE_LOOP('',(#2100,#2101,#2102,#2103));
#5607=EDGE_LOOP('',(#2104,#2105,#2106,#2107));
#5608=EDGE_LOOP('',(#2108,#2109,#2110,#2111));
#5609=EDGE_LOOP('',(#2112,#2113,#2114,#2115));
#5610=EDGE_LOOP('',(#2116,#2117,#2118,#2119));
#5611=EDGE_LOOP('',(#2120,#2121,#2122,#2123));
#5612=EDGE_LOOP('',(#2124,#2125,#2126,#2127));
#5613=EDGE_LOOP('',(#2128,#2129,#2130,#2131));
#5614=EDGE_LOOP('',(#2132,#2133,#2134,#2135));
#5615=EDGE_LOOP('',(#2136,#2137,#2138,#2139));
#5616=EDGE_LOOP('',(#2140,#2141,#2142,#2143));
#5617=EDGE_LOOP('',(#2144,#2145,#2146,#2147));
#5618=EDGE_LOOP('',(#2148,#2149,#2150,#2151));
#5619=EDGE_LOOP('',(#2152,#2153,#2154,#2155));
#5620=EDGE_LOOP('',(#2156,#2157,#2158,#2159));
#5621=EDGE_LOOP('',(#2160,#2161,#2162,#2163));
#5622=EDGE_LOOP('',(#2164,#2165,#2166,#2167));
#5623=EDGE_LOOP('',(#2168,#2169,#2170,#2171));
#5624=EDGE_LOOP('',(#2172,#2173,#2174,#2175));
#5625=EDGE_LOOP('',(#2176,#2177,#2178,#2179));
#5626=EDGE_LOOP('',(#2180,#2181,#2182,#2183));
#5627=EDGE_LOOP('',(#2184,#2185,#2186,#2187));
#5628=EDGE_LOOP('',(#2188,#2189,#2190,#2191));
#5629=EDGE_LOOP('',(#2192,#2193,#2194,#2195));
#5630=EDGE_LOOP('',(#2196,#2197,#2198,#2199));
#5631=EDGE_LOOP('',(#2200,#2201,#2202,#2203));
#5632=EDGE_LOOP('',(#2204,#2205,#2206,#2207));
#5633=EDGE_LOOP('',(#2208,#2209,#2210,#2211));
#5634=EDGE_LOOP('',(#2212,#2213,#2214,#2215));
#5635=EDGE_LOOP('',(#2216,#2217,#2218,#2219));
#5636=FACE_BOUND('',#5181,.T.);
#5637=FACE_BOUND('',#5182,.T.);
#5638=FACE_BOUND('',#5183,.T.);
#5639=FACE_BOUND('',#5184,.T.);
#5640=FACE_BOUND('',#5185,.T.);
#5641=FACE_BOUND('',#5186,.T.);
#5642=FACE_BOUND('',#5187,.T.);
#5643=FACE_BOUND('',#5188,.T.);
#5644=FACE_BOUND('',#5189,.T.);
#5645=FACE_BOUND('',#5190,.T.);
#5646=FACE_BOUND('',#5191,.T.);
#5647=FACE_BOUND('',#5192,.T.);
#5648=FACE_BOUND('',#5193,.T.);
#5649=FACE_BOUND('',#5194,.T.);
#5650=FACE_BOUND('',#5195,.T.);
#5651=FACE_BOUND('',#5196,.T.);
#5652=FACE_BOUND('',#5197,.T.);
#5653=FACE_BOUND('',#5198,.T.);
#5654=FACE_BOUND('',#5199,.T.);
#5655=FACE_BOUND('',#5200,.T.);
#5656=FACE_BOUND('',#5201,.T.);
#5657=FACE_BOUND('',#5202,.T.);
#5658=FACE_BOUND('',#5203,.T.);
#5659=FACE_BOUND('',#5204,.T.);
#5660=FACE_BOUND('',#5205,.T.);
#5661=FACE_BOUND('',#5206,.T.);
#5662=FACE_BOUND('',#5207,.T.);
#5663=FACE_BOUND('',#5208,.T.);
#5664=FACE_BOUND('',#5209,.T.);
#5665=FACE_BOUND('',#5210,.T.);
#5666=FACE_BOUND('',#5211,.T.);
#5667=FACE_BOUND('',#5212,.T.);
#5668=FACE_BOUND('',#5213,.T.);
#5669=FACE_BOUND('',#5214,.T.);
#5670=FACE_BOUND('',#5215,.T.);
#5671=FACE_BOUND('',#5216,.T.);
#5672=FACE_BOUND('',#5217,.T.);
#5673=FACE_BOUND('',#5218,.T.);
#5674=FACE_BOUND('',#5219,.T.);
#5675=FACE_BOUND('',#5220,.T.);
#5676=FACE_BOUND('',#5221,.T.);
#5677=FACE_BOUND('',#5222,.T.);
#5678=FACE_BOUND('',#5223,.T.);
#5679=FACE_BOUND('',#5224,.T.);
#5680=FACE_BOUND('',#5225,.T.);
#5681=FACE_BOUND('',#5226,.T.);
#5682=FACE_BOUND('',#5227,.T.);
#5683=FACE_BOUND('',#5228,.T.);
#5684=FACE_BOUND('',#5229,.T.);
#5685=FACE_BOUND('',#5230,.T.);
#5686=FACE_BOUND('',#5231,.T.);
#5687=FACE_BOUND('',#5232,.T.);
#5688=FACE_BOUND('',#5233,.T.);
#5689=FACE_BOUND('',#5234,.T.);
#5690=FACE_BOUND('',#5235,.T.);
#5691=FACE_BOUND('',#5236,.T.);
#5692=FACE_BOUND('',#5237,.T.);
#5693=FACE_BOUND('',#5238,.T.);
#5694=FACE_BOUND('',#5239,.T.);
#5695=FACE_BOUND('',#5240,.T.);
#5696=FACE_BOUND('',#5241,.T.);
#5697=FACE_BOUND('',#5242,.T.);
#5698=FACE_BOUND('',#5243,.T.);
#5699=FACE_BOUND('',#5244,.T.);
#5700=FACE_BOUND('',#5245,.T.);
#5701=FACE_BOUND('',#5246,.T.);
#5702=FACE_BOUND('',#5247,.T.);
#5703=FACE_BOUND('',#5248,.T.);
#5704=FACE_BOUND('',#5249,.T.);
#5705=FACE_BOUND('',#5250,.T.);
#5706=FACE_BOUND('',#5251,.T.);
#5707=FACE_BOUND('',#5252,.T.);
#5708=FACE_BOUND('',#5253,.T.);
#5709=FACE_BOUND('',#5254,.T.);
#5710=FACE_BOUND('',#5255,.T.);
#5711=FACE_BOUND('',#5256,.T.);
#5712=FACE_BOUND('',#5257,.T.);
#5713=FACE_BOUND('',#5258,.T.);
#5714=FACE_BOUND('',#5259,.T.);
#5715=FACE_BOUND('',#5260,.T.);
#5716=FACE_BOUND('',#5261,.T.);
#5717=FACE_BOUND('',#5262,.T.);
#5718=FACE_BOUND('',#5263,.T.);
#5719=FACE_BOUND('',#5264,.T.);
#5720=FACE_BOUND('',#5265,.T.);
#5721=FACE_BOUND('',#5266,.T.);
#5722=FACE_BOUND('',#5267,.T.);
#5723=FACE_BOUND('',#5268,.T.);
#5724=FACE_BOUND('',#5269,.T.);
#5725=FACE_BOUND('',#5270,.T.);
#5726=FACE_BOUND('',#5271,.T.);
#5727=FACE_BOUND('',#5272,.T.);
#5728=FACE_BOUND('',#5273,.T.);
#5729=FACE_BOUND('',#5274,.T.);
#5730=FACE_BOUND('',#5275,.T.);
#5731=FACE_BOUND('',#5276,.T.);
#5732=FACE_BOUND('',#5277,.T.);
#5733=FACE_BOUND('',#5278,.T.);
#5734=FACE_BOUND('',#5279,.T.);
#5735=FACE_BOUND('',#5280,.T.);
#5736=FACE_BOUND('',#5281,.T.);
#5737=FACE_BOUND('',#5282,.T.);
#5738=FACE_BOUND('',#5283,.T.);
#5739=FACE_BOUND('',#5284,.T.);
#5740=FACE_BOUND('',#5285,.T.);
#5741=FACE_BOUND('',#5286,.T.);
#5742=FACE_BOUND('',#5287,.T.);
#5743=FACE_BOUND('',#5288,.T.);
#5744=FACE_BOUND('',#5289,.T.);
#5745=FACE_BOUND('',#5290,.T.);
#5746=FACE_BOUND('',#5291,.T.);
#5747=FACE_BOUND('',#5292,.T.);
#5748=FACE_BOUND('',#5293,.T.);
#5749=FACE_BOUND('',#5294,.T.);
#5750=FACE_BOUND('',#5295,.T.);
#5751=FACE_BOUND('',#5296,.T.);
#5752=FACE_BOUND('',#5297,.T.);
#5753=FACE_BOUND('',#5298,.T.);
#5754=FACE_BOUND('',#5299,.T.);
#5755=FACE_BOUND('',#5300,.T.);
#5756=FACE_BOUND('',#5301,.T.);
#5757=FACE_BOUND('',#5302,.T.);
#5758=FACE_BOUND('',#5303,.T.);
#5759=FACE_BOUND('',#5304,.T.);
#5760=FACE_BOUND('',#5305,.T.);
#5761=FACE_BOUND('',#5306,.T.);
#5762=FACE_BOUND('',#5307,.T.);
#5763=FACE_BOUND('',#5308,.T.);
#5764=FACE_BOUND('',#5309,.T.);
#5765=FACE_BOUND('',#5310,.T.);
#5766=FACE_BOUND('',#5311,.T.);
#5767=FACE_BOUND('',#5312,.T.);
#5768=FACE_BOUND('',#5313,.T.);
#5769=FACE_BOUND('',#5314,.T.);
#5770=FACE_BOUND('',#5315,.T.);
#5771=FACE_BOUND('',#5316,.T.);
#5772=FACE_BOUND('',#5317,.T.);
#5773=FACE_BOUND('',#5318,.T.);
#5774=FACE_BOUND('',#5319,.T.);
#5775=FACE_BOUND('',#5320,.T.);
#5776=FACE_BOUND('',#5321,.T.);
#5777=FACE_BOUND('',#5322,.T.);
#5778=FACE_BOUND('',#5323,.T.);
#5779=FACE_BOUND('',#5324,.T.);
#5780=FACE_BOUND('',#5325,.T.);
#5781=FACE_BOUND('',#5326,.T.);
#5782=FACE_BOUND('',#5327,.T.);
#5783=FACE_BOUND('',#5328,.T.);
#5784=FACE_BOUND('',#5329,.T.);
#5785=FACE_BOUND('',#5330,.T.);
#5786=FACE_BOUND('',#5331,.T.);
#5787=FACE_BOUND('',#5332,.T.);
#5788=FACE_BOUND('',#5333,.T.);
#5789=FACE_BOUND('',#5334,.T.);
#5790=FACE_BOUND('',#5335,.T.);
#5791=FACE_BOUND('',#5336,.T.);
#5792=FACE_BOUND('',#5337,.T.);
#5793=FACE_BOUND('',#5338,.T.);
#5794=FACE_BOUND('',#5339,.T.);
#5795=FACE_BOUND('',#5340,.T.);
#5796=FACE_BOUND('',#5341,.T.);
#5797=FACE_BOUND('',#5342,.T.);
#5798=FACE_BOUND('',#5343,.T.);
#5799=FACE_BOUND('',#5344,.T.);
#5800=FACE_BOUND('',#5345,.T.);
#5801=FACE_BOUND('',#5346,.T.);
#5802=FACE_BOUND('',#5347,.T.);
#5803=FACE_BOUND('',#5348,.T.);
#5804=FACE_BOUND('',#5349,.T.);
#5805=FACE_BOUND('',#5350,.T.);
#5806=FACE_BOUND('',#5351,.T.);
#5807=FACE_BOUND('',#5352,.T.);
#5808=FACE_BOUND('',#5353,.T.);
#5809=FACE_BOUND('',#5354,.T.);
#5810=FACE_BOUND('',#5355,.T.);
#5811=FACE_BOUND('',#5356,.T.);
#5812=FACE_BOUND('',#5357,.T.);
#5813=FACE_BOUND('',#5358,.T.);
#5814=FACE_BOUND('',#5359,.T.);
#5815=FACE_BOUND('',#5360,.T.);
#5816=FACE_BOUND('',#5361,.T.);
#5817=FACE_BOUND('',#5362,.T.);
#5818=FACE_BOUND('',#5363,.T.);
#5819=FACE_BOUND('',#5364,.T.);
#5820=FACE_BOUND('',#5365,.T.);
#5821=FACE_BOUND('',#5366,.T.);
#5822=FACE_BOUND('',#5367,.T.);
#5823=FACE_BOUND('',#5368,.T.);
#5824=FACE_BOUND('',#5369,.T.);
#5825=FACE_BOUND('',#5370,.T.);
#5826=FACE_BOUND('',#5371,.T.);
#5827=FACE_BOUND('',#5372,.T.);
#5828=FACE_BOUND('',#5373,.T.);
#5829=FACE_BOUND('',#5374,.T.);
#5830=FACE_BOUND('',#5375,.T.);
#5831=FACE_BOUND('',#5376,.T.);
#5832=FACE_BOUND('',#5377,.T.);
#5833=FACE_BOUND('',#5378,.T.);
#5834=FACE_BOUND('',#5379,.T.);
#5835=FACE_BOUND('',#5380,.T.);
#5836=FACE_BOUND('',#5381,.T.);
#5837=FACE_BOUND('',#5382,.T.);
#5838=FACE_BOUND('',#5383,.T.);
#5839=FACE_BOUND('',#5384,.T.);
#5840=FACE_BOUND('',#5385,.T.);
#5841=FACE_BOUND('',#5386,.T.);
#5842=FACE_BOUND('',#5387,.T.);
#5843=FACE_BOUND('',#5388,.T.);
#5844=FACE_BOUND('',#5389,.T.);
#5845=FACE_BOUND('',#5390,.T.);
#5846=FACE_BOUND('',#5391,.T.);
#5847=FACE_BOUND('',#5392,.T.);
#5848=FACE_BOUND('',#5393,.T.);
#5849=FACE_BOUND('',#5394,.T.);
#5850=FACE_BOUND('',#5395,.T.);
#5851=FACE_BOUND('',#5396,.T.);
#5852=FACE_BOUND('',#5397,.T.);
#5853=FACE_BOUND('',#5398,.T.);
#5854=FACE_BOUND('',#5399,.T.);
#5855=FACE_BOUND('',#5400,.T.);
#5856=FACE_BOUND('',#5401,.T.);
#5857=FACE_BOUND('',#5402,.T.);
#5858=FACE_BOUND('',#5403,.T.);
#5859=FACE_BOUND('',#5404,.T.);
#5860=FACE_BOUND('',#5405,.T.);
#5861=FACE_BOUND('',#5406,.T.);
#5862=FACE_BOUND('',#5407,.T.);
#5863=FACE_BOUND('',#5408,.T.);
#5864=FACE_BOUND('',#5409,.T.);
#5865=FACE_BOUND('',#5410,.T.);
#5866=FACE_BOUND('',#5411,.T.);
#5867=FACE_BOUND('',#5412,.T.);
#5868=FACE_BOUND('',#5413,.T.);
#5869=FACE_BOUND('',#5414,.T.);
#5870=FACE_BOUND('',#5415,.T.);
#5871=FACE_BOUND('',#5416,.T.);
#5872=FACE_BOUND('',#5417,.T.);
#5873=FACE_BOUND('',#5418,.T.);
#5874=FACE_BOUND('',#5419,.T.);
#5875=FACE_BOUND('',#5420,.T.);
#5876=FACE_BOUND('',#5421,.T.);
#5877=FACE_BOUND('',#5422,.T.);
#5878=FACE_BOUND('',#5423,.T.);
#5879=FACE_BOUND('',#5424,.T.);
#5880=FACE_BOUND('',#5425,.T.);
#5881=FACE_BOUND('',#5426,.T.);
#5882=FACE_BOUND('',#5427,.T.);
#5883=FACE_BOUND('',#5428,.T.);
#5884=FACE_BOUND('',#5429,.T.);
#5885=FACE_BOUND('',#5430,.T.);
#5886=FACE_BOUND('',#5431,.T.);
#5887=FACE_BOUND('',#5432,.T.);
#5888=FACE_BOUND('',#5433,.T.);
#5889=FACE_BOUND('',#5434,.T.);
#5890=FACE_BOUND('',#5435,.T.);
#5891=FACE_BOUND('',#5436,.T.);
#5892=FACE_BOUND('',#5437,.T.);
#5893=FACE_BOUND('',#5438,.T.);
#5894=FACE_BOUND('',#5439,.T.);
#5895=FACE_BOUND('',#5440,.T.);
#5896=FACE_BOUND('',#5441,.T.);
#5897=FACE_BOUND('',#5442,.T.);
#5898=FACE_BOUND('',#5443,.T.);
#5899=FACE_BOUND('',#5444,.T.);
#5900=FACE_BOUND('',#5445,.T.);
#5901=FACE_BOUND('',#5446,.T.);
#5902=FACE_BOUND('',#5447,.T.);
#5903=FACE_BOUND('',#5448,.T.);
#5904=FACE_BOUND('',#5449,.T.);
#5905=FACE_BOUND('',#5450,.T.);
#5906=FACE_BOUND('',#5451,.T.);
#5907=FACE_BOUND('',#5452,.T.);
#5908=FACE_BOUND('',#5453,.T.);
#5909=FACE_BOUND('',#5454,.T.);
#5910=FACE_BOUND('',#5455,.T.);
#5911=FACE_BOUND('',#5456,.T.);
#5912=FACE_BOUND('',#5457,.T.);
#5913=FACE_BOUND('',#5458,.T.);
#5914=FACE_BOUND('',#5459,.T.);
#5915=FACE_BOUND('',#5460,.T.);
#5916=FACE_BOUND('',#5461,.T.);
#5917=FACE_BOUND('',#5462,.T.);
#5918=FACE_BOUND('',#5463,.T.);
#5919=FACE_BOUND('',#5464,.T.);
#5920=FACE_BOUND('',#5465,.T.);
#5921=FACE_BOUND('',#5466,.T.);
#5922=FACE_BOUND('',#5467,.T.);
#5923=FACE_BOUND('',#5468,.T.);
#5924=FACE_BOUND('',#5469,.T.);
#5925=FACE_BOUND('',#5470,.T.);
#5926=FACE_BOUND('',#5471,.T.);
#5927=FACE_BOUND('',#5472,.T.);
#5928=FACE_BOUND('',#5473,.T.);
#5929=FACE_BOUND('',#5474,.T.);
#5930=FACE_BOUND('',#5475,.T.);
#5931=FACE_BOUND('',#5476,.T.);
#5932=FACE_BOUND('',#5477,.T.);
#5933=FACE_BOUND('',#5478,.T.);
#5934=FACE_BOUND('',#5479,.T.);
#5935=FACE_BOUND('',#5480,.T.);
#5936=FACE_BOUND('',#5481,.T.);
#5937=FACE_BOUND('',#5482,.T.);
#5938=FACE_BOUND('',#5483,.T.);
#5939=FACE_BOUND('',#5484,.T.);
#5940=FACE_BOUND('',#5485,.T.);
#5941=FACE_BOUND('',#5486,.T.);
#5942=FACE_BOUND('',#5487,.T.);
#5943=FACE_BOUND('',#5488,.T.);
#5944=FACE_BOUND('',#5489,.T.);
#5945=FACE_BOUND('',#5490,.T.);
#5946=FACE_BOUND('',#5491,.T.);
#5947=FACE_BOUND('',#5492,.T.);
#5948=FACE_BOUND('',#5493,.T.);
#5949=FACE_BOUND('',#5494,.T.);
#5950=FACE_BOUND('',#5495,.T.);
#5951=FACE_BOUND('',#5496,.T.);
#5952=FACE_BOUND('',#5497,.T.);
#5953=FACE_BOUND('',#5498,.T.);
#5954=FACE_BOUND('',#5499,.T.);
#5955=FACE_BOUND('',#5500,.T.);
#5956=FACE_BOUND('',#5501,.T.);
#5957=FACE_BOUND('',#5502,.T.);
#5958=FACE_BOUND('',#5503,.T.);
#5959=FACE_BOUND('',#5504,.T.);
#5960=FACE_BOUND('',#5505,.T.);
#5961=FACE_BOUND('',#5506,.T.);
#5962=FACE_BOUND('',#5507,.T.);
#5963=FACE_BOUND('',#5508,.T.);
#5964=FACE_BOUND('',#5509,.T.);
#5965=FACE_BOUND('',#5510,.T.);
#5966=FACE_BOUND('',#5511,.T.);
#5967=FACE_BOUND('',#5512,.T.);
#5968=FACE_BOUND('',#5513,.T.);
#5969=FACE_BOUND('',#5514,.T.);
#5970=FACE_BOUND('',#5515,.T.);
#5971=FACE_BOUND('',#5516,.T.);
#5972=FACE_BOUND('',#5517,.T.);
#5973=FACE_BOUND('',#5518,.T.);
#5974=FACE_BOUND('',#5519,.T.);
#5975=FACE_BOUND('',#5520,.T.);
#5976=FACE_BOUND('',#5521,.T.);
#5977=FACE_BOUND('',#5522,.T.);
#5978=FACE_BOUND('',#5523,.T.);
#5979=FACE_BOUND('',#5524,.T.);
#5980=FACE_BOUND('',#5525,.T.);
#5981=FACE_BOUND('',#5526,.T.);
#5982=FACE_BOUND('',#5527,.T.);
#5983=FACE_BOUND('',#5528,.T.);
#5984=FACE_BOUND('',#5529,.T.);
#5985=FACE_BOUND('',#5530,.T.);
#5986=FACE_BOUND('',#5531,.T.);
#5987=FACE_BOUND('',#5532,.T.);
#5988=FACE_BOUND('',#5533,.T.);
#5989=FACE_BOUND('',#5534,.T.);
#5990=FACE_BOUND('',#5535,.T.);
#5991=FACE_BOUND('',#5536,.T.);
#5992=FACE_BOUND('',#5537,.T.);
#5993=FACE_BOUND('',#5538,.T.);
#5994=FACE_BOUND('',#5539,.T.);
#5995=FACE_BOUND('',#5540,.T.);
#5996=FACE_BOUND('',#5541,.T.);
#5997=FACE_BOUND('',#5542,.T.);
#5998=FACE_BOUND('',#5543,.T.);
#5999=FACE_BOUND('',#5544,.T.);
#6000=FACE_BOUND('',#5545,.T.);
#6001=FACE_BOUND('',#5546,.T.);
#6002=FACE_BOUND('',#5547,.T.);
#6003=FACE_BOUND('',#5548,.T.);
#6004=FACE_BOUND('',#5549,.T.);
#6005=FACE_BOUND('',#5550,.T.);
#6006=FACE_BOUND('',#5551,.T.);
#6007=FACE_BOUND('',#5552,.T.);
#6008=FACE_BOUND('',#5553,.T.);
#6009=FACE_BOUND('',#5554,.T.);
#6010=FACE_BOUND('',#5555,.T.);
#6011=FACE_BOUND('',#5556,.T.);
#6012=FACE_BOUND('',#5557,.T.);
#6013=FACE_BOUND('',#5558,.T.);
#6014=FACE_BOUND('',#5559,.T.);
#6015=FACE_BOUND('',#5560,.T.);
#6016=FACE_BOUND('',#5561,.T.);
#6017=FACE_BOUND('',#5562,.T.);
#6018=FACE_BOUND('',#5563,.T.);
#6019=FACE_BOUND('',#5564,.T.);
#6020=FACE_BOUND('',#5565,.T.);
#6021=FACE_BOUND('',#5566,.T.);
#6022=FACE_BOUND('',#5567,.T.);
#6023=FACE_BOUND('',#5568,.T.);
#6024=FACE_BOUND('',#5569,.T.);
#6025=FACE_BOUND('',#5570,.T.);
#6026=FACE_BOUND('',#5571,.T.);
#6027=FACE_BOUND('',#5572,.T.);
#6028=FACE_BOUND('',#5573,.T.);
#6029=FACE_BOUND('',#5574,.T.);
#6030=FACE_BOUND('',#5575,.T.);
#6031=FACE_BOUND('',#5576,.T.);
#6032=FACE_BOUND('',#5577,.T.);
#6033=FACE_BOUND('',#5578,.T.);
#6034=FACE_BOUND('',#5579,.T.);
#6035=FACE_BOUND('',#5580,.T.);
#6036=FACE_BOUND('',#5581,.T.);
#6037=FACE_BOUND('',#5582,.T.);
#6038=FACE_BOUND('',#5583,.T.);
#6039=FACE_BOUND('',#5584,.T.);
#6040=FACE_BOUND('',#5585,.T.);
#6041=FACE_BOUND('',#5586,.T.);
#6042=FACE_BOUND('',#5587,.T.);
#6043=FACE_BOUND('',#5588,.T.);
#6044=FACE_BOUND('',#5589,.T.);
#6045=FACE_BOUND('',#5590,.T.);
#6046=FACE_BOUND('',#5591,.T.);
#6047=FACE_BOUND('',#5592,.T.);
#6048=FACE_BOUND('',#5593,.T.);
#6049=FACE_BOUND('',#5594,.T.);
#6050=FACE_BOUND('',#5595,.T.);
#6051=FACE_BOUND('',#5596,.T.);
#6052=FACE_BOUND('',#5597,.T.);
#6053=FACE_BOUND('',#5598,.T.);
#6054=FACE_BOUND('',#5599,.T.);
#6055=FACE_BOUND('',#5600,.T.);
#6056=FACE_BOUND('',#5601,.T.);
#6057=FACE_BOUND('',#5602,.T.);
#6058=FACE_BOUND('',#5603,.T.);
#6059=FACE_BOUND('',#5604,.T.);
#6060=FACE_BOUND('',#5605,.T.);
#6061=FACE_BOUND('',#5606,.T.);
#6062=FACE_BOUND('',#5607,.T.);
#6063=FACE_BOUND('',#5608,.T.);
#6064=FACE_BOUND('',#5609,.T.);
#6065=FACE_BOUND('',#5610,.T.);
#6066=FACE_BOUND('',#5611,.T.);
#6067=FACE_BOUND('',#5612,.T.);
#6068=FACE_BOUND('',#5613,.T.);
#6069=FACE_BOUND('',#5614,.T.);
#6070=FACE_BOUND('',#5615,.T.);
#6071=FACE_BOUND('',#5616,.T.);
#6072=FACE_BOUND('',#5617,.T.);
#6073=FACE_BOUND('',#5618,.T.);
#6074=FACE_BOUND('',#5619,.T.);
#6075=FACE_BOUND('',#5620,.T.);
#6076=FACE_BOUND('',#5621,.T.);
#6077=FACE_BOUND('',#5622,.T.);
#6078=FACE_BOUND('',#5623,.T.);
#6079=FACE_BOUND('',#5624,.T.);
#6080=FACE_BOUND('',#5625,.T.);
#6081=FACE_BOUND('',#5626,.T.);
#6082=FACE_BOUND('',#5627,.T.);
#6083=FACE_BOUND('',#5628,.T.);
#6084=FACE_BOUND('',#5629,.T.);
#6085=FACE_BOUND('',#5630,.T.);
#6086=FACE_BOUND('',#5631,.T.);
#6087=FACE_BOUND('',#5632,.T.);
#6088=FACE_BOUND('',#5633,.T.);
#6089=FACE_BOUND('',#5634,.T.);
#6090=FACE_BOUND('',#5635,.T.);
#6091=PLANE('',#6774);
#6092=PLANE('',#6775);
#6093=PLANE('',#6776);
#6094=PLANE('',#6777);
#6095=PLANE('',#6790);
#6096=PLANE('',#6791);
#6097=PLANE('',#6794);
#6098=PLANE('',#6799);
#6099=PLANE('',#6802);
#6100=PLANE('',#6818);
#6101=PLANE('',#6819);
#6102=PLANE('',#6825);
#6103=PLANE('',#6826);
#6104=PLANE('',#6827);
#6105=PLANE('',#6832);
#6106=PLANE('',#6838);
#6107=PLANE('',#6839);
#6108=PLANE('',#6844);
#6109=PLANE('',#6849);
#6110=PLANE('',#6850);
#6111=PLANE('',#6851);
#6112=PLANE('',#6852);
#6113=PLANE('',#6853);
#6114=PLANE('',#6854);
#6115=PLANE('',#6855);
#6116=PLANE('',#6856);
#6117=PLANE('',#6857);
#6118=PLANE('',#6858);
#6119=PLANE('',#6863);
#6120=PLANE('',#6864);
#6121=PLANE('',#6865);
#6122=PLANE('',#6866);
#6123=PLANE('',#6867);
#6124=PLANE('',#6873);
#6125=PLANE('',#6879);
#6126=PLANE('',#6892);
#6127=PLANE('',#6895);
#6128=PLANE('',#6896);
#6129=PLANE('',#6899);
#6130=PLANE('',#6902);
#6131=PLANE('',#6905);
#6132=PLANE('',#6908);
#6133=PLANE('',#6911);
#6134=PLANE('',#6914);
#6135=PLANE('',#6917);
#6136=PLANE('',#6920);
#6137=PLANE('',#6923);
#6138=PLANE('',#6924);
#6139=PLANE('',#6925);
#6140=PLANE('',#6926);
#6141=PLANE('',#6932);
#6142=PLANE('',#6933);
#6143=PLANE('',#6939);
#6144=PLANE('',#6945);
#6145=PLANE('',#6946);
#6146=PLANE('',#6947);
#6147=PLANE('',#6952);
#6148=PLANE('',#6953);
#6149=PLANE('',#6957);
#6150=PLANE('',#6967);
#6151=PLANE('',#6968);
#6152=PLANE('',#6972);
#6153=PLANE('',#6973);
#6154=PLANE('',#6977);
#6155=PLANE('',#6980);
#6156=PLANE('',#6986);
#6157=PLANE('',#6988);
#6158=PLANE('',#6989);
#6159=PLANE('',#6993);
#6160=PLANE('',#6996);
#6161=PLANE('',#6999);
#6162=PLANE('',#7002);
#6163=PLANE('',#7003);
#6164=PLANE('',#7006);
#6165=PLANE('',#7013);
#6166=PLANE('',#7014);
#6167=PLANE('',#7017);
#6168=PLANE('',#7020);
#6169=PLANE('',#7023);
#6170=PLANE('',#7026);
#6171=PLANE('',#7029);
#6172=PLANE('',#7032);
#6173=PLANE('',#7035);
#6174=PLANE('',#7036);
#6175=PLANE('',#7039);
#6176=PLANE('',#7040);
#6177=PLANE('',#7041);
#6178=PLANE('',#7042);
#6179=PLANE('',#7043);
#6180=PLANE('',#7044);
#6181=PLANE('',#7045);
#6182=PLANE('',#7046);
#6183=PLANE('',#7047);
#6184=PLANE('',#7048);
#6185=PLANE('',#7049);
#6186=PLANE('',#7050);
#6187=PLANE('',#7051);
#6188=PLANE('',#7052);
#6189=PLANE('',#7053);
#6190=PLANE('',#7054);
#6191=PLANE('',#7055);
#6192=PLANE('',#7056);
#6193=PLANE('',#7057);
#6194=PLANE('',#7058);
#6195=PLANE('',#7059);
#6196=PLANE('',#7060);
#6197=PLANE('',#7061);
#6198=PLANE('',#7062);
#6199=PLANE('',#7063);
#6200=PLANE('',#7064);
#6201=PLANE('',#7065);
#6202=PLANE('',#7066);
#6203=PLANE('',#7067);
#6204=PLANE('',#7068);
#6205=PLANE('',#7069);
#6206=PLANE('',#7070);
#6207=PLANE('',#7071);
#6208=PLANE('',#7072);
#6209=PLANE('',#7073);
#6210=PLANE('',#7074);
#6211=PLANE('',#7075);
#6212=PLANE('',#7076);
#6213=PLANE('',#7077);
#6214=PLANE('',#7078);
#6215=PLANE('',#7079);
#6216=PLANE('',#7080);
#6217=PLANE('',#7081);
#6218=PLANE('',#7082);
#6219=PLANE('',#7083);
#6220=PLANE('',#7084);
#6221=PLANE('',#7085);
#6222=PLANE('',#7086);
#6223=PLANE('',#7087);
#6224=PLANE('',#7088);
#6225=PLANE('',#7089);
#6226=PLANE('',#7090);
#6227=PLANE('',#7091);
#6228=PLANE('',#7092);
#6229=PLANE('',#7093);
#6230=PLANE('',#7094);
#6231=PLANE('',#7095);
#6232=PLANE('',#7096);
#6233=PLANE('',#7097);
#6234=PLANE('',#7098);
#6235=PLANE('',#7099);
#6236=PLANE('',#7100);
#6237=PLANE('',#7101);
#6238=PLANE('',#7102);
#6239=PLANE('',#7103);
#6240=PLANE('',#7104);
#6241=PLANE('',#7105);
#6242=PLANE('',#7106);
#6243=PLANE('',#7107);
#6244=PLANE('',#7108);
#6245=PLANE('',#7109);
#6246=PLANE('',#7110);
#6247=PLANE('',#7111);
#6248=PLANE('',#7112);
#6249=PLANE('',#7113);
#6250=PLANE('',#7114);
#6251=PLANE('',#7115);
#6252=PLANE('',#7116);
#6253=PLANE('',#7117);
#6254=PLANE('',#7118);
#6255=PLANE('',#7119);
#6256=PLANE('',#7120);
#6257=PLANE('',#7121);
#6258=PLANE('',#7122);
#6259=PLANE('',#7123);
#6260=PLANE('',#7124);
#6261=PLANE('',#7125);
#6262=PLANE('',#7126);
#6263=PLANE('',#7127);
#6264=PLANE('',#7128);
#6265=PLANE('',#7129);
#6266=PLANE('',#7130);
#6267=PLANE('',#7131);
#6268=PLANE('',#7132);
#6269=PLANE('',#7133);
#6270=PLANE('',#7134);
#6271=PLANE('',#7135);
#6272=PLANE('',#7136);
#6273=PLANE('',#7137);
#6274=PLANE('',#7138);
#6275=PLANE('',#7139);
#6276=PLANE('',#7140);
#6277=PLANE('',#7141);
#6278=PLANE('',#7142);
#6279=PLANE('',#7143);
#6280=PLANE('',#7144);
#6281=PLANE('',#7145);
#6282=PLANE('',#7146);
#6283=PLANE('',#7147);
#6284=PLANE('',#7148);
#6285=PLANE('',#7149);
#6286=PLANE('',#7150);
#6287=PLANE('',#7151);
#6288=PLANE('',#7152);
#6289=PLANE('',#7153);
#6290=PLANE('',#7154);
#6291=PLANE('',#7155);
#6292=PLANE('',#7156);
#6293=PLANE('',#7157);
#6294=PLANE('',#7158);
#6295=PLANE('',#7159);
#6296=PLANE('',#7160);
#6297=PLANE('',#7161);
#6298=PLANE('',#7162);
#6299=PLANE('',#7163);
#6300=PLANE('',#7164);
#6301=PLANE('',#7165);
#6302=PLANE('',#7166);
#6303=PLANE('',#7167);
#6304=PLANE('',#7168);
#6305=PLANE('',#7169);
#6306=PLANE('',#7170);
#6307=PLANE('',#7171);
#6308=PLANE('',#7172);
#6309=PLANE('',#7173);
#6310=PLANE('',#7174);
#6311=PLANE('',#7183);
#6312=PLANE('',#7184);
#6313=PLANE('',#7256);
#6314=PLANE('',#7259);
#6315=PLANE('',#7260);
#6316=PLANE('',#7263);
#6317=PLANE('',#7265);
#6318=PLANE('',#7267);
#6319=PLANE('',#7269);
#6320=PLANE('',#7271);
#6321=PLANE('',#7272);
#6322=PLANE('',#7274);
#6323=PLANE('',#7275);
#6324=PLANE('',#7277);
#6325=PLANE('',#7279);
#6326=PLANE('',#7280);
#6327=PLANE('',#7282);
#6328=PLANE('',#7284);
#6329=PLANE('',#7285);
#6330=PLANE('',#7287);
#6331=PLANE('',#7289);
#6332=PLANE('',#7290);
#6333=PLANE('',#7292);
#6334=PLANE('',#7293);
#6335=PLANE('',#7295);
#6336=PLANE('',#7296);
#6337=PLANE('',#7297);
#6338=PLANE('',#7300);
#6339=PLANE('',#7301);
#6340=PLANE('',#7302);
#6341=PLANE('',#7305);
#6342=PLANE('',#7306);
#6343=PLANE('',#7307);
#6344=PLANE('',#7310);
#6345=PLANE('',#7311);
#6346=PLANE('',#7314);
#6347=PLANE('',#7315);
#6348=PLANE('',#7316);
#6349=PLANE('',#7318);
#6350=PLANE('',#7319);
#6351=PLANE('',#7320);
#6352=PLANE('',#7322);
#6353=PLANE('',#7323);
#6354=PLANE('',#7324);
#6355=PLANE('',#7325);
#6356=PLANE('',#7326);
#6357=PLANE('',#7328);
#6358=PLANE('',#7329);
#6359=PLANE('',#7331);
#6360=PLANE('',#7332);
#6361=PLANE('',#7333);
#6362=PLANE('',#7335);
#6363=PLANE('',#7336);
#6364=PLANE('',#7337);
#6365=PLANE('',#7338);
#6366=PLANE('',#7339);
#6367=PLANE('',#7340);
#6368=ADVANCED_FACE('',(#5636),#6091,.F.);
#6369=ADVANCED_FACE('',(#5637),#6092,.T.);
#6370=ADVANCED_FACE('',(#5638),#6093,.F.);
#6371=ADVANCED_FACE('',(#5639,#5640,#5641,#5642),#6094,.T.);
#6372=ADVANCED_FACE('',(#5643),#6095,.T.);
#6373=ADVANCED_FACE('',(#5644,#5645),#6096,.F.);
#6374=ADVANCED_FACE('',(#5646,#5647),#6097,.T.);
#6375=ADVANCED_FACE('',(#5648),#6098,.F.);
#6376=ADVANCED_FACE('',(#5649,#5650,#5651,#5652,#5653,#5654,#5655,#5656),
#6099,.T.);
#6377=ADVANCED_FACE('',(#5657),#6100,.T.);
#6378=ADVANCED_FACE('',(#5658,#5659),#6101,.F.);
#6379=ADVANCED_FACE('',(#5660),#6102,.F.);
#6380=ADVANCED_FACE('',(#5661),#6103,.T.);
#6381=ADVANCED_FACE('',(#5662,#5663),#6104,.F.);
#6382=ADVANCED_FACE('',(#5664,#5665),#6105,.F.);
#6383=ADVANCED_FACE('',(#5666),#6106,.F.);
#6384=ADVANCED_FACE('',(#5667,#5668),#6107,.F.);
#6385=ADVANCED_FACE('',(#5669,#5670),#6108,.F.);
#6386=ADVANCED_FACE('',(#5671),#6109,.T.);
#6387=ADVANCED_FACE('',(#5672),#6110,.T.);
#6388=ADVANCED_FACE('',(#5673),#6111,.F.);
#6389=ADVANCED_FACE('',(#5674),#6112,.T.);
#6390=ADVANCED_FACE('',(#5675),#6113,.F.);
#6391=ADVANCED_FACE('',(#5676),#6114,.F.);
#6392=ADVANCED_FACE('',(#5677),#6115,.T.);
#6393=ADVANCED_FACE('',(#5678),#6116,.T.);
#6394=ADVANCED_FACE('',(#5679),#6117,.T.);
#6395=ADVANCED_FACE('',(#5680,#5681),#6118,.F.);
#6396=ADVANCED_FACE('',(#5682),#6119,.F.);
#6397=ADVANCED_FACE('',(#5683),#6120,.T.);
#6398=ADVANCED_FACE('',(#5684),#6121,.T.);
#6399=ADVANCED_FACE('',(#5685),#6122,.F.);
#6400=ADVANCED_FACE('',(#5686,#5687),#6123,.F.);
#6401=ADVANCED_FACE('',(#5688,#5689),#6124,.F.);
#6402=ADVANCED_FACE('',(#5690,#5691),#6125,.F.);
#6403=ADVANCED_FACE('',(#5692),#58,.T.);
#6404=ADVANCED_FACE('',(#5693),#59,.T.);
#6405=ADVANCED_FACE('',(#5694),#60,.T.);
#6406=ADVANCED_FACE('',(#5695),#61,.T.);
#6407=ADVANCED_FACE('',(#5696),#6126,.F.);
#6408=ADVANCED_FACE('',(#5697),#24,.T.);
#6409=ADVANCED_FACE('',(#5698),#25,.T.);
#6410=ADVANCED_FACE('',(#5699),#6127,.T.);
#6411=ADVANCED_FACE('',(#5700),#6128,.F.);
#6412=ADVANCED_FACE('',(#5701),#26,.T.);
#6413=ADVANCED_FACE('',(#5702),#27,.T.);
#6414=ADVANCED_FACE('',(#5703),#6129,.T.);
#6415=ADVANCED_FACE('',(#5704,#5705),#62,.F.);
#6416=ADVANCED_FACE('',(#5706),#6130,.T.);
#6417=ADVANCED_FACE('',(#5707,#5708),#63,.F.);
#6418=ADVANCED_FACE('',(#5709),#6131,.T.);
#6419=ADVANCED_FACE('',(#5710,#5711),#64,.F.);
#6420=ADVANCED_FACE('',(#5712),#6132,.T.);
#6421=ADVANCED_FACE('',(#5713,#5714),#65,.F.);
#6422=ADVANCED_FACE('',(#5715),#6133,.T.);
#6423=ADVANCED_FACE('',(#5716,#5717),#66,.F.);
#6424=ADVANCED_FACE('',(#5718),#6134,.T.);
#6425=ADVANCED_FACE('',(#5719,#5720),#67,.F.);
#6426=ADVANCED_FACE('',(#5721),#6135,.T.);
#6427=ADVANCED_FACE('',(#5722,#5723),#68,.F.);
#6428=ADVANCED_FACE('',(#5724),#6136,.T.);
#6429=ADVANCED_FACE('',(#5725,#5726),#69,.F.);
#6430=ADVANCED_FACE('',(#5727),#6137,.T.);
#6431=ADVANCED_FACE('',(#5728),#6138,.T.);
#6432=ADVANCED_FACE('',(#5729),#14,.F.);
#6433=ADVANCED_FACE('',(#5730),#15,.F.);
#6434=ADVANCED_FACE('',(#5731),#6139,.F.);
#6435=ADVANCED_FACE('',(#5732),#16,.F.);
#6436=ADVANCED_FACE('',(#5733),#17,.F.);
#6437=ADVANCED_FACE('',(#5734),#6140,.F.);
#6438=ADVANCED_FACE('',(#5735),#70,.T.);
#6439=ADVANCED_FACE('',(#5736),#6141,.F.);
#6440=ADVANCED_FACE('',(#5737),#6142,.F.);
#6441=ADVANCED_FACE('',(#5738),#71,.T.);
#6442=ADVANCED_FACE('',(#5739),#6143,.T.);
#6443=ADVANCED_FACE('',(#5740),#72,.T.);
#6444=ADVANCED_FACE('',(#5741),#6144,.F.);
#6445=ADVANCED_FACE('',(#5742),#6145,.F.);
#6446=ADVANCED_FACE('',(#5743),#6146,.T.);
#6447=ADVANCED_FACE('',(#5744),#6147,.F.);
#6448=ADVANCED_FACE('',(#5745),#6148,.F.);
#6449=ADVANCED_FACE('',(#5746),#73,.T.);
#6450=ADVANCED_FACE('',(#5747),#6149,.T.);
#6451=ADVANCED_FACE('',(#5748),#74,.T.);
#6452=ADVANCED_FACE('',(#5749),#6150,.F.);
#6453=ADVANCED_FACE('',(#5750),#6151,.T.);
#6454=ADVANCED_FACE('',(#5751),#6152,.T.);
#6455=ADVANCED_FACE('',(#5752),#6153,.F.);
#6456=ADVANCED_FACE('',(#5753),#75,.T.);
#6457=ADVANCED_FACE('',(#5754),#6154,.T.);
#6458=ADVANCED_FACE('',(#5755),#6155,.T.);
#6459=ADVANCED_FACE('',(#5756),#76,.T.);
#6460=ADVANCED_FACE('',(#5757),#6156,.T.);
#6461=ADVANCED_FACE('',(#5758),#6157,.T.);
#6462=ADVANCED_FACE('',(#5759),#6158,.T.);
#6463=ADVANCED_FACE('',(#5760),#77,.T.);
#6464=ADVANCED_FACE('',(#5761),#6159,.T.);
#6465=ADVANCED_FACE('',(#5762),#6160,.F.);
#6466=ADVANCED_FACE('',(#5763),#78,.F.);
#6467=ADVANCED_FACE('',(#5764),#6161,.F.);
#6468=ADVANCED_FACE('',(#5765),#79,.F.);
#6469=ADVANCED_FACE('',(#5766),#6162,.F.);
#6470=ADVANCED_FACE('',(#5767),#6163,.T.);
#6471=ADVANCED_FACE('',(#5768),#80,.F.);
#6472=ADVANCED_FACE('',(#5769),#6164,.F.);
#6473=ADVANCED_FACE('',(#5770),#81,.F.);
#6474=ADVANCED_FACE('',(#5771),#82,.F.);
#6475=ADVANCED_FACE('',(#5772),#83,.F.);
#6476=ADVANCED_FACE('',(#5773),#6165,.T.);
#6477=ADVANCED_FACE('',(#5774,#5775),#6166,.F.);
#6478=ADVANCED_FACE('',(#5776,#5777),#84,.F.);
#6479=ADVANCED_FACE('',(#5778),#6167,.T.);
#6480=ADVANCED_FACE('',(#5779,#5780),#85,.F.);
#6481=ADVANCED_FACE('',(#5781),#6168,.T.);
#6482=ADVANCED_FACE('',(#5782,#5783),#86,.F.);
#6483=ADVANCED_FACE('',(#5784),#6169,.T.);
#6484=ADVANCED_FACE('',(#5785,#5786),#87,.F.);
#6485=ADVANCED_FACE('',(#5787),#6170,.T.);
#6486=ADVANCED_FACE('',(#5788,#5789),#88,.F.);
#6487=ADVANCED_FACE('',(#5790),#6171,.T.);
#6488=ADVANCED_FACE('',(#5791,#5792),#89,.F.);
#6489=ADVANCED_FACE('',(#5793),#6172,.T.);
#6490=ADVANCED_FACE('',(#5794,#5795),#90,.F.);
#6491=ADVANCED_FACE('',(#5796),#6173,.T.);
#6492=ADVANCED_FACE('',(#5797),#6174,.T.);
#6493=ADVANCED_FACE('',(#5798),#6175,.F.);
#6494=ADVANCED_FACE('',(#5799),#6176,.F.);
#6495=ADVANCED_FACE('',(#5800),#6177,.F.);
#6496=ADVANCED_FACE('',(#5801),#6178,.T.);
#6497=ADVANCED_FACE('',(#5802),#6179,.F.);
#6498=ADVANCED_FACE('',(#5803),#6180,.F.);
#6499=ADVANCED_FACE('',(#5804),#6181,.T.);
#6500=ADVANCED_FACE('',(#5805),#6182,.F.);
#6501=ADVANCED_FACE('',(#5806),#6183,.F.);
#6502=ADVANCED_FACE('',(#5807),#6184,.T.);
#6503=ADVANCED_FACE('',(#5808),#6185,.F.);
#6504=ADVANCED_FACE('',(#5809),#6186,.F.);
#6505=ADVANCED_FACE('',(#5810),#6187,.T.);
#6506=ADVANCED_FACE('',(#5811),#6188,.F.);
#6507=ADVANCED_FACE('',(#5812),#6189,.F.);
#6508=ADVANCED_FACE('',(#5813),#6190,.T.);
#6509=ADVANCED_FACE('',(#5814),#6191,.F.);
#6510=ADVANCED_FACE('',(#5815),#6192,.F.);
#6511=ADVANCED_FACE('',(#5816),#6193,.T.);
#6512=ADVANCED_FACE('',(#5817),#6194,.F.);
#6513=ADVANCED_FACE('',(#5818),#6195,.F.);
#6514=ADVANCED_FACE('',(#5819),#6196,.T.);
#6515=ADVANCED_FACE('',(#5820),#6197,.F.);
#6516=ADVANCED_FACE('',(#5821),#6198,.F.);
#6517=ADVANCED_FACE('',(#5822),#6199,.T.);
#6518=ADVANCED_FACE('',(#5823),#6200,.F.);
#6519=ADVANCED_FACE('',(#5824),#6201,.F.);
#6520=ADVANCED_FACE('',(#5825),#6202,.T.);
#6521=ADVANCED_FACE('',(#5826),#6203,.F.);
#6522=ADVANCED_FACE('',(#5827),#6204,.F.);
#6523=ADVANCED_FACE('',(#5828),#6205,.T.);
#6524=ADVANCED_FACE('',(#5829),#6206,.F.);
#6525=ADVANCED_FACE('',(#5830),#6207,.F.);
#6526=ADVANCED_FACE('',(#5831),#6208,.T.);
#6527=ADVANCED_FACE('',(#5832),#6209,.F.);
#6528=ADVANCED_FACE('',(#5833),#6210,.F.);
#6529=ADVANCED_FACE('',(#5834),#6211,.T.);
#6530=ADVANCED_FACE('',(#5835),#6212,.F.);
#6531=ADVANCED_FACE('',(#5836),#6213,.F.);
#6532=ADVANCED_FACE('',(#5837),#6214,.T.);
#6533=ADVANCED_FACE('',(#5838),#6215,.F.);
#6534=ADVANCED_FACE('',(#5839),#6216,.F.);
#6535=ADVANCED_FACE('',(#5840),#6217,.T.);
#6536=ADVANCED_FACE('',(#5841),#6218,.F.);
#6537=ADVANCED_FACE('',(#5842),#6219,.F.);
#6538=ADVANCED_FACE('',(#5843),#6220,.T.);
#6539=ADVANCED_FACE('',(#5844),#6221,.F.);
#6540=ADVANCED_FACE('',(#5845),#6222,.F.);
#6541=ADVANCED_FACE('',(#5846),#6223,.T.);
#6542=ADVANCED_FACE('',(#5847),#6224,.F.);
#6543=ADVANCED_FACE('',(#5848),#6225,.F.);
#6544=ADVANCED_FACE('',(#5849),#6226,.T.);
#6545=ADVANCED_FACE('',(#5850),#6227,.F.);
#6546=ADVANCED_FACE('',(#5851),#6228,.F.);
#6547=ADVANCED_FACE('',(#5852),#6229,.T.);
#6548=ADVANCED_FACE('',(#5853),#6230,.F.);
#6549=ADVANCED_FACE('',(#5854),#6231,.F.);
#6550=ADVANCED_FACE('',(#5855),#6232,.T.);
#6551=ADVANCED_FACE('',(#5856),#6233,.F.);
#6552=ADVANCED_FACE('',(#5857),#6234,.F.);
#6553=ADVANCED_FACE('',(#5858),#6235,.T.);
#6554=ADVANCED_FACE('',(#5859),#6236,.F.);
#6555=ADVANCED_FACE('',(#5860),#6237,.F.);
#6556=ADVANCED_FACE('',(#5861),#6238,.T.);
#6557=ADVANCED_FACE('',(#5862),#6239,.F.);
#6558=ADVANCED_FACE('',(#5863),#6240,.F.);
#6559=ADVANCED_FACE('',(#5864),#6241,.T.);
#6560=ADVANCED_FACE('',(#5865),#6242,.F.);
#6561=ADVANCED_FACE('',(#5866),#6243,.F.);
#6562=ADVANCED_FACE('',(#5867),#6244,.T.);
#6563=ADVANCED_FACE('',(#5868),#6245,.F.);
#6564=ADVANCED_FACE('',(#5869),#6246,.F.);
#6565=ADVANCED_FACE('',(#5870),#6247,.T.);
#6566=ADVANCED_FACE('',(#5871),#6248,.F.);
#6567=ADVANCED_FACE('',(#5872),#6249,.F.);
#6568=ADVANCED_FACE('',(#5873),#6250,.T.);
#6569=ADVANCED_FACE('',(#5874),#6251,.T.);
#6570=ADVANCED_FACE('',(#5875),#6252,.F.);
#6571=ADVANCED_FACE('',(#5876),#6253,.F.);
#6572=ADVANCED_FACE('',(#5877),#6254,.T.);
#6573=ADVANCED_FACE('',(#5878),#6255,.T.);
#6574=ADVANCED_FACE('',(#5879),#6256,.T.);
#6575=ADVANCED_FACE('',(#5880),#6257,.T.);
#6576=ADVANCED_FACE('',(#5881),#6258,.T.);
#6577=ADVANCED_FACE('',(#5882),#6259,.T.);
#6578=ADVANCED_FACE('',(#5883),#6260,.T.);
#6579=ADVANCED_FACE('',(#5884),#6261,.T.);
#6580=ADVANCED_FACE('',(#5885),#6262,.T.);
#6581=ADVANCED_FACE('',(#5886),#6263,.T.);
#6582=ADVANCED_FACE('',(#5887),#6264,.T.);
#6583=ADVANCED_FACE('',(#5888),#6265,.T.);
#6584=ADVANCED_FACE('',(#5889),#6266,.T.);
#6585=ADVANCED_FACE('',(#5890),#6267,.T.);
#6586=ADVANCED_FACE('',(#5891),#6268,.T.);
#6587=ADVANCED_FACE('',(#5892),#6269,.T.);
#6588=ADVANCED_FACE('',(#5893),#6270,.T.);
#6589=ADVANCED_FACE('',(#5894),#6271,.T.);
#6590=ADVANCED_FACE('',(#5895),#6272,.T.);
#6591=ADVANCED_FACE('',(#5896),#6273,.T.);
#6592=ADVANCED_FACE('',(#5897),#6274,.T.);
#6593=ADVANCED_FACE('',(#5898),#6275,.T.);
#6594=ADVANCED_FACE('',(#5899),#6276,.T.);
#6595=ADVANCED_FACE('',(#5900),#6277,.T.);
#6596=ADVANCED_FACE('',(#5901),#6278,.T.);
#6597=ADVANCED_FACE('',(#5902),#6279,.T.);
#6598=ADVANCED_FACE('',(#5903,#5904,#5905,#5906,#5907,#5908,#5909,#5910,
#5911,#5912,#5913,#5914,#5915,#5916,#5917,#5918,#5919,#5920,#5921,#5922,
#5923,#5924,#5925,#5926,#5927,#5928),#6280,.T.);
#6599=ADVANCED_FACE('',(#5929),#6281,.T.);
#6600=ADVANCED_FACE('',(#5930),#6282,.T.);
#6601=ADVANCED_FACE('',(#5931),#6283,.T.);
#6602=ADVANCED_FACE('',(#5932),#6284,.T.);
#6603=ADVANCED_FACE('',(#5933),#6285,.T.);
#6604=ADVANCED_FACE('',(#5934),#6286,.T.);
#6605=ADVANCED_FACE('',(#5935),#6287,.T.);
#6606=ADVANCED_FACE('',(#5936),#6288,.T.);
#6607=ADVANCED_FACE('',(#5937),#6289,.T.);
#6608=ADVANCED_FACE('',(#5938),#6290,.T.);
#6609=ADVANCED_FACE('',(#5939),#6291,.T.);
#6610=ADVANCED_FACE('',(#5940),#6292,.T.);
#6611=ADVANCED_FACE('',(#5941),#6293,.T.);
#6612=ADVANCED_FACE('',(#5942),#6294,.T.);
#6613=ADVANCED_FACE('',(#5943),#6295,.T.);
#6614=ADVANCED_FACE('',(#5944),#6296,.T.);
#6615=ADVANCED_FACE('',(#5945),#6297,.T.);
#6616=ADVANCED_FACE('',(#5946),#6298,.T.);
#6617=ADVANCED_FACE('',(#5947),#6299,.T.);
#6618=ADVANCED_FACE('',(#5948),#6300,.T.);
#6619=ADVANCED_FACE('',(#5949),#6301,.T.);
#6620=ADVANCED_FACE('',(#5950),#6302,.T.);
#6621=ADVANCED_FACE('',(#5951),#6303,.T.);
#6622=ADVANCED_FACE('',(#5952),#6304,.T.);
#6623=ADVANCED_FACE('',(#5953),#6305,.T.);
#6624=ADVANCED_FACE('',(#5954),#6306,.F.);
#6625=ADVANCED_FACE('',(#5955),#6307,.T.);
#6626=ADVANCED_FACE('',(#5956),#6308,.T.);
#6627=ADVANCED_FACE('',(#5957),#6309,.F.);
#6628=ADVANCED_FACE('',(#5958),#6310,.F.);
#6629=ADVANCED_FACE('',(#5959),#6311,.T.);
#6630=ADVANCED_FACE('',(#5960),#6312,.F.);
#6631=ADVANCED_FACE('',(#5961),#91,.F.);
#6632=ADVANCED_FACE('',(#5962),#12,.F.);
#6633=ADVANCED_FACE('',(#5963),#92,.F.);
#6634=ADVANCED_FACE('',(#5964),#13,.F.);
#6635=ADVANCED_FACE('',(#5965),#93,.F.);
#6636=ADVANCED_FACE('',(#5966),#94,.F.);
#6637=ADVANCED_FACE('',(#5967),#95,.F.);
#6638=ADVANCED_FACE('',(#5968),#96,.F.);
#6639=ADVANCED_FACE('',(#5969),#97,.F.);
#6640=ADVANCED_FACE('',(#5970),#98,.F.);
#6641=ADVANCED_FACE('',(#5971),#99,.F.);
#6642=ADVANCED_FACE('',(#5972),#100,.F.);
#6643=ADVANCED_FACE('',(#5973),#101,.F.);
#6644=ADVANCED_FACE('',(#5974),#102,.F.);
#6645=ADVANCED_FACE('',(#5975),#103,.F.);
#6646=ADVANCED_FACE('',(#5976),#104,.F.);
#6647=ADVANCED_FACE('',(#5977),#105,.F.);
#6648=ADVANCED_FACE('',(#5978),#106,.F.);
#6649=ADVANCED_FACE('',(#5979),#107,.F.);
#6650=ADVANCED_FACE('',(#5980),#108,.F.);
#6651=ADVANCED_FACE('',(#5981),#109,.F.);
#6652=ADVANCED_FACE('',(#5982),#110,.F.);
#6653=ADVANCED_FACE('',(#5983),#111,.F.);
#6654=ADVANCED_FACE('',(#5984),#112,.F.);
#6655=ADVANCED_FACE('',(#5985),#113,.F.);
#6656=ADVANCED_FACE('',(#5986),#114,.F.);
#6657=ADVANCED_FACE('',(#5987),#115,.F.);
#6658=ADVANCED_FACE('',(#5988),#116,.F.);
#6659=ADVANCED_FACE('',(#5989),#117,.F.);
#6660=ADVANCED_FACE('',(#5990),#118,.F.);
#6661=ADVANCED_FACE('',(#5991),#119,.F.);
#6662=ADVANCED_FACE('',(#5992),#120,.F.);
#6663=ADVANCED_FACE('',(#5993),#121,.F.);
#6664=ADVANCED_FACE('',(#5994),#122,.F.);
#6665=ADVANCED_FACE('',(#5995),#123,.F.);
#6666=ADVANCED_FACE('',(#5996),#124,.F.);
#6667=ADVANCED_FACE('',(#5997),#125,.F.);
#6668=ADVANCED_FACE('',(#5998),#126,.F.);
#6669=ADVANCED_FACE('',(#5999),#127,.F.);
#6670=ADVANCED_FACE('',(#6000),#6313,.F.);
#6671=ADVANCED_FACE('',(#6001),#28,.F.);
#6672=ADVANCED_FACE('',(#6002),#29,.F.);
#6673=ADVANCED_FACE('',(#6003),#6314,.F.);
#6674=ADVANCED_FACE('',(#6004),#6315,.T.);
#6675=ADVANCED_FACE('',(#6005),#30,.F.);
#6676=ADVANCED_FACE('',(#6006),#31,.F.);
#6677=ADVANCED_FACE('',(#6007),#6316,.T.);
#6678=ADVANCED_FACE('',(#6008),#32,.F.);
#6679=ADVANCED_FACE('',(#6009),#6317,.F.);
#6680=ADVANCED_FACE('',(#6010),#33,.F.);
#6681=ADVANCED_FACE('',(#6011),#6318,.T.);
#6682=ADVANCED_FACE('',(#6012),#34,.F.);
#6683=ADVANCED_FACE('',(#6013),#6319,.T.);
#6684=ADVANCED_FACE('',(#6014),#35,.F.);
#6685=ADVANCED_FACE('',(#6015),#18,.T.);
#6686=ADVANCED_FACE('',(#6016),#6320,.T.);
#6687=ADVANCED_FACE('',(#6017),#6321,.T.);
#6688=ADVANCED_FACE('',(#6018),#36,.F.);
#6689=ADVANCED_FACE('',(#6019),#6322,.F.);
#6690=ADVANCED_FACE('',(#6020),#6323,.T.);
#6691=ADVANCED_FACE('',(#6021),#37,.F.);
#6692=ADVANCED_FACE('',(#6022),#6324,.F.);
#6693=ADVANCED_FACE('',(#6023),#38,.F.);
#6694=ADVANCED_FACE('',(#6024),#6325,.F.);
#6695=ADVANCED_FACE('',(#6025),#6326,.F.);
#6696=ADVANCED_FACE('',(#6026),#39,.F.);
#6697=ADVANCED_FACE('',(#6027),#6327,.F.);
#6698=ADVANCED_FACE('',(#6028),#40,.F.);
#6699=ADVANCED_FACE('',(#6029),#6328,.T.);
#6700=ADVANCED_FACE('',(#6030),#6329,.T.);
#6701=ADVANCED_FACE('',(#6031),#41,.F.);
#6702=ADVANCED_FACE('',(#6032),#6330,.T.);
#6703=ADVANCED_FACE('',(#6033),#42,.F.);
#6704=ADVANCED_FACE('',(#6034),#6331,.F.);
#6705=ADVANCED_FACE('',(#6035),#6332,.T.);
#6706=ADVANCED_FACE('',(#6036),#43,.F.);
#6707=ADVANCED_FACE('',(#6037),#6333,.T.);
#6708=ADVANCED_FACE('',(#6038),#6334,.T.);
#6709=ADVANCED_FACE('',(#6039),#19,.T.);
#6710=ADVANCED_FACE('',(#6040),#44,.F.);
#6711=ADVANCED_FACE('',(#6041),#6335,.T.);
#6712=ADVANCED_FACE('',(#6042),#6336,.F.);
#6713=ADVANCED_FACE('',(#6043),#6337,.F.);
#6714=ADVANCED_FACE('',(#6044),#45,.F.);
#6715=ADVANCED_FACE('',(#6045),#46,.F.);
#6716=ADVANCED_FACE('',(#6046),#6338,.F.);
#6717=ADVANCED_FACE('',(#6047),#6339,.F.);
#6718=ADVANCED_FACE('',(#6048),#6340,.F.);
#6719=ADVANCED_FACE('',(#6049),#47,.F.);
#6720=ADVANCED_FACE('',(#6050),#48,.F.);
#6721=ADVANCED_FACE('',(#6051),#6341,.T.);
#6722=ADVANCED_FACE('',(#6052),#6342,.F.);
#6723=ADVANCED_FACE('',(#6053),#6343,.F.);
#6724=ADVANCED_FACE('',(#6054),#49,.F.);
#6725=ADVANCED_FACE('',(#6055),#50,.F.);
#6726=ADVANCED_FACE('',(#6056),#6344,.T.);
#6727=ADVANCED_FACE('',(#6057),#6345,.T.);
#6728=ADVANCED_FACE('',(#6058),#51,.F.);
#6729=ADVANCED_FACE('',(#6059),#52,.F.);
#6730=ADVANCED_FACE('',(#6060),#6346,.F.);
#6731=ADVANCED_FACE('',(#6061),#6347,.T.);
#6732=ADVANCED_FACE('',(#6062),#6348,.T.);
#6733=ADVANCED_FACE('',(#6063),#53,.F.);
#6734=ADVANCED_FACE('',(#6064),#6349,.T.);
#6735=ADVANCED_FACE('',(#6065),#6350,.F.);
#6736=ADVANCED_FACE('',(#6066),#6351,.F.);
#6737=ADVANCED_FACE('',(#6067),#54,.F.);
#6738=ADVANCED_FACE('',(#6068),#6352,.T.);
#6739=ADVANCED_FACE('',(#6069),#6353,.F.);
#6740=ADVANCED_FACE('',(#6070),#6354,.F.);
#6741=ADVANCED_FACE('',(#6071),#6355,.F.);
#6742=ADVANCED_FACE('',(#6072),#6356,.F.);
#6743=ADVANCED_FACE('',(#6073),#55,.F.);
#6744=ADVANCED_FACE('',(#6074),#6357,.T.);
#6745=ADVANCED_FACE('',(#6075),#6358,.T.);
#6746=ADVANCED_FACE('',(#6076),#56,.F.);
#6747=ADVANCED_FACE('',(#6077),#6359,.T.);
#6748=ADVANCED_FACE('',(#6078),#6360,.T.);
#6749=ADVANCED_FACE('',(#6079),#6361,.T.);
#6750=ADVANCED_FACE('',(#6080),#57,.F.);
#6751=ADVANCED_FACE('',(#6081),#6362,.F.);
#6752=ADVANCED_FACE('',(#6082),#6363,.T.);
#6753=ADVANCED_FACE('',(#6083),#20,.T.);
#6754=ADVANCED_FACE('',(#6084),#6364,.F.);
#6755=ADVANCED_FACE('',(#6085),#6365,.T.);
#6756=ADVANCED_FACE('',(#6086),#21,.T.);
#6757=ADVANCED_FACE('',(#6087),#22,.T.);
#6758=ADVANCED_FACE('',(#6088),#6366,.T.);
#6759=ADVANCED_FACE('',(#6089),#6367,.F.);
#6760=ADVANCED_FACE('',(#6090),#23,.T.);
#6761=CLOSED_SHELL('',(#6368,#6369,#6370,#6371,#6372,#6373,#6374,#6375,
#6376,#6377,#6378,#6379,#6380,#6381,#6382,#6383,#6384,#6385,#6386,#6387,
#6388,#6389,#6390,#6391,#6392,#6393,#6394,#6395,#6396,#6397,#6398,#6399,
#6400,#6401,#6402,#6403,#6404,#6405,#6406,#6407,#6408,#6409,#6410,#6411,
#6412,#6413,#6414,#6415,#6416,#6417,#6418,#6419,#6420,#6421,#6422,#6423,
#6424,#6425,#6426,#6427,#6428,#6429,#6430,#6431,#6432,#6433,#6434,#6435,
#6436,#6437,#6438,#6439,#6440,#6441,#6442,#6443,#6444,#6445,#6446,#6447,
#6448,#6449,#6450,#6451,#6452,#6453,#6454,#6455,#6456,#6457,#6458,#6459,
#6460,#6461,#6462,#6463,#6464,#6465,#6466,#6467,#6468,#6469,#6470,#6471,
#6472,#6473,#6474,#6475,#6476,#6477,#6478,#6479,#6480,#6481,#6482,#6483,
#6484,#6485,#6486,#6487,#6488,#6489,#6490,#6491,#6492,#6493,#6494,#6495,
#6496,#6497,#6498,#6499,#6500,#6501,#6502,#6503,#6504,#6505,#6506,#6507,
#6508,#6509,#6510,#6511,#6512,#6513,#6514,#6515,#6516,#6517,#6518,#6519,
#6520,#6521,#6522,#6523,#6524,#6525,#6526,#6527,#6528,#6529,#6530,#6531,
#6532,#6533,#6534,#6535,#6536,#6537,#6538,#6539,#6540,#6541,#6542,#6543,
#6544,#6545,#6546,#6547,#6548,#6549,#6550,#6551,#6552,#6553,#6554,#6555,
#6556,#6557,#6558,#6559,#6560,#6561,#6562,#6563,#6564,#6565,#6566,#6567,
#6568,#6569,#6570,#6571,#6572,#6573,#6574,#6575,#6576,#6577,#6578,#6579,
#6580,#6581,#6582,#6583,#6584,#6585,#6586,#6587,#6588,#6589,#6590,#6591,
#6592,#6593,#6594,#6595,#6596,#6597,#6598,#6599,#6600,#6601,#6602,#6603,
#6604,#6605,#6606,#6607,#6608,#6609,#6610,#6611,#6612,#6613,#6614,#6615,
#6616,#6617,#6618,#6619,#6620,#6621,#6622,#6623,#6624,#6625,#6626,#6627,
#6628,#6629,#6630,#6631,#6632,#6633,#6634,#6635,#6636,#6637,#6638,#6639,
#6640,#6641,#6642,#6643,#6644,#6645,#6646,#6647,#6648,#6649,#6650,#6651,
#6652,#6653,#6654,#6655,#6656,#6657,#6658,#6659,#6660,#6661,#6662,#6663,
#6664,#6665,#6666,#6667,#6668,#6669,#6670,#6671,#6672,#6673,#6674,#6675,
#6676,#6677,#6678,#6679,#6680,#6681,#6682,#6683,#6684,#6685,#6686,#6687,
#6688,#6689,#6690,#6691,#6692,#6693,#6694,#6695,#6696,#6697,#6698,#6699,
#6700,#6701,#6702,#6703,#6704,#6705,#6706,#6707,#6708,#6709,#6710,#6711,
#6712,#6713,#6714,#6715,#6716,#6717,#6718,#6719,#6720,#6721,#6722,#6723,
#6724,#6725,#6726,#6727,#6728,#6729,#6730,#6731,#6732,#6733,#6734,#6735,
#6736,#6737,#6738,#6739,#6740,#6741,#6742,#6743,#6744,#6745,#6746,#6747,
#6748,#6749,#6750,#6751,#6752,#6753,#6754,#6755,#6756,#6757,#6758,#6759,
#6760));
#6762=STYLED_ITEM('',(#6763),#6770);
#6763=PRESENTATION_STYLE_ASSIGNMENT((#6764));
#6764=SURFACE_STYLE_USAGE(.BOTH.,#6765);
#6765=SURFACE_SIDE_STYLE('',(#6766));
#6766=SURFACE_STYLE_FILL_AREA(#6767);
#6767=FILL_AREA_STYLE('',(#6768));
#6768=FILL_AREA_STYLE_COLOUR('',#6769);
#6769=COLOUR_RGB('',0.615686274509804,0.811764705882353,0.929411764705882);
#6770=MANIFOLD_SOLID_BREP('Beep_Top',#6761);
#6771=SHAPE_DEFINITION_REPRESENTATION(#11379,#6772);
#6772=SHAPE_REPRESENTATION('Beep_Top',(#6773),#11374);
#6773=AXIS2_PLACEMENT_3D('',#9190,#7341,#7342);
#6774=AXIS2_PLACEMENT_3D('',#9191,#7343,#7344);
#6775=AXIS2_PLACEMENT_3D('',#9222,#7355,#7356);
#6776=AXIS2_PLACEMENT_3D('',#9231,#7361,#7362);
#6777=AXIS2_PLACEMENT_3D('',#9240,#7367,#7368);
#6778=AXIS2_PLACEMENT_3D('',#9241,#7369,#7370);
#6779=AXIS2_PLACEMENT_3D('',#9246,#7372,#7373);
#6780=AXIS2_PLACEMENT_3D('',#9250,#7375,#7376);
#6781=AXIS2_PLACEMENT_3D('',#9254,#7378,#7379);
#6782=AXIS2_PLACEMENT_3D('',#9257,#7381,#7382);
#6783=AXIS2_PLACEMENT_3D('',#9266,#7386,#7387);
#6784=AXIS2_PLACEMENT_3D('',#9270,#7389,#7390);
#6785=AXIS2_PLACEMENT_3D('',#9274,#7392,#7393);
#6786=AXIS2_PLACEMENT_3D('',#9280,#7396,#7397);
#6787=AXIS2_PLACEMENT_3D('',#9284,#7399,#7400);
#6788=AXIS2_PLACEMENT_3D('',#9290,#7403,#7404);
#6789=AXIS2_PLACEMENT_3D('',#9294,#7406,#7407);
#6790=AXIS2_PLACEMENT_3D('',#9313,#7417,#7418);
#6791=AXIS2_PLACEMENT_3D('',#9330,#7427,#7428);
#6792=AXIS2_PLACEMENT_3D('',#9342,#7434,#7435);
#6793=AXIS2_PLACEMENT_3D('',#9346,#7437,#7438);
#6794=AXIS2_PLACEMENT_3D('',#9347,#7439,#7440);
#6795=AXIS2_PLACEMENT_3D('',#9364,#7446,#7447);
#6796=AXIS2_PLACEMENT_3D('',#9368,#7449,#7450);
#6797=AXIS2_PLACEMENT_3D('',#9378,#7453,#7454);
#6798=AXIS2_PLACEMENT_3D('',#9383,#7456,#7457);
#6799=AXIS2_PLACEMENT_3D('',#9386,#7459,#7460);
#6800=AXIS2_PLACEMENT_3D('',#9414,#7474,#7475);
#6801=AXIS2_PLACEMENT_3D('',#9418,#7477,#7478);
#6802=AXIS2_PLACEMENT_3D('',#9419,#7479,#7480);
#6803=AXIS2_PLACEMENT_3D('',#9465,#7487,#7488);
#6804=AXIS2_PLACEMENT_3D('',#9471,#7491,#7492);
#6805=AXIS2_PLACEMENT_3D('',#9475,#7494,#7495);
#6806=AXIS2_PLACEMENT_3D('',#9481,#7498,#7499);
#6807=AXIS2_PLACEMENT_3D('',#9485,#7501,#7502);
#6808=AXIS2_PLACEMENT_3D('',#9491,#7505,#7506);
#6809=AXIS2_PLACEMENT_3D('',#9495,#7508,#7509);
#6810=AXIS2_PLACEMENT_3D('',#9501,#7512,#7513);
#6811=AXIS2_PLACEMENT_3D('',#9504,#7515,#7516);
#6812=AXIS2_PLACEMENT_3D('',#9506,#7517,#7518);
#6813=AXIS2_PLACEMENT_3D('',#9508,#7519,#7520);
#6814=AXIS2_PLACEMENT_3D('',#9510,#7521,#7522);
#6815=AXIS2_PLACEMENT_3D('',#9512,#7523,#7524);
#6816=AXIS2_PLACEMENT_3D('',#9514,#7525,#7526);
#6817=AXIS2_PLACEMENT_3D('',#9516,#7527,#7528);
#6818=AXIS2_PLACEMENT_3D('',#9518,#7529,#7530);
#6819=AXIS2_PLACEMENT_3D('',#9533,#7538,#7539);
#6820=AXIS2_PLACEMENT_3D('',#9534,#7540,#7541);
#6821=AXIS2_PLACEMENT_3D('',#9539,#7543,#7544);
#6822=AXIS2_PLACEMENT_3D('',#9543,#7546,#7547);
#6823=AXIS2_PLACEMENT_3D('',#9544,#7548,#7549);
#6824=AXIS2_PLACEMENT_3D('',#9548,#7551,#7552);
#6825=AXIS2_PLACEMENT_3D('',#9549,#7553,#7554);
#6826=AXIS2_PLACEMENT_3D('',#9568,#7562,#7563);
#6827=AXIS2_PLACEMENT_3D('',#9583,#7571,#7572);
#6828=AXIS2_PLACEMENT_3D('',#9584,#7573,#7574);
#6829=AXIS2_PLACEMENT_3D('',#9589,#7576,#7577);
#6830=AXIS2_PLACEMENT_3D('',#9590,#7578,#7579);
#6831=AXIS2_PLACEMENT_3D('',#9594,#7581,#7582);
#6832=AXIS2_PLACEMENT_3D('',#9595,#7583,#7584);
#6833=AXIS2_PLACEMENT_3D('',#9596,#7585,#7586);
#6834=AXIS2_PLACEMENT_3D('',#9601,#7588,#7589);
#6835=AXIS2_PLACEMENT_3D('',#9605,#7591,#7592);
#6836=AXIS2_PLACEMENT_3D('',#9609,#7594,#7595);
#6837=AXIS2_PLACEMENT_3D('',#9613,#7597,#7598);
#6838=AXIS2_PLACEMENT_3D('',#9614,#7599,#7600);
#6839=AXIS2_PLACEMENT_3D('',#9634,#7608,#7609);
#6840=AXIS2_PLACEMENT_3D('',#9635,#7610,#7611);
#6841=AXIS2_PLACEMENT_3D('',#9640,#7613,#7614);
#6842=AXIS2_PLACEMENT_3D('',#9644,#7616,#7617);
#6843=AXIS2_PLACEMENT_3D('',#9648,#7619,#7620);
#6844=AXIS2_PLACEMENT_3D('',#9649,#7621,#7622);
#6845=AXIS2_PLACEMENT_3D('',#9653,#7624,#7625);
#6846=AXIS2_PLACEMENT_3D('',#9657,#7627,#7628);
#6847=AXIS2_PLACEMENT_3D('',#9661,#7630,#7631);
#6848=AXIS2_PLACEMENT_3D('',#9662,#7632,#7633);
#6849=AXIS2_PLACEMENT_3D('',#9664,#7634,#7635);
#6850=AXIS2_PLACEMENT_3D('',#9683,#7643,#7644);
#6851=AXIS2_PLACEMENT_3D('',#9689,#7648,#7649);
#6852=AXIS2_PLACEMENT_3D('',#9703,#7657,#7658);
#6853=AXIS2_PLACEMENT_3D('',#9713,#7664,#7665);
#6854=AXIS2_PLACEMENT_3D('',#9726,#7672,#7673);
#6855=AXIS2_PLACEMENT_3D('',#9732,#7677,#7678);
#6856=AXIS2_PLACEMENT_3D('',#9751,#7689,#7690);
#6857=AXIS2_PLACEMENT_3D('',#9757,#7694,#7695);
#6858=AXIS2_PLACEMENT_3D('',#9774,#7705,#7706);
#6859=AXIS2_PLACEMENT_3D('',#9810,#7712,#7713);
#6860=AXIS2_PLACEMENT_3D('',#9811,#7714,#7715);
#6861=AXIS2_PLACEMENT_3D('',#9815,#7717,#7718);
#6862=AXIS2_PLACEMENT_3D('',#9819,#7720,#7721);
#6863=AXIS2_PLACEMENT_3D('',#9820,#7722,#7723);
#6864=AXIS2_PLACEMENT_3D('',#9837,#7730,#7731);
#6865=AXIS2_PLACEMENT_3D('',#9843,#7735,#7736);
#6866=AXIS2_PLACEMENT_3D('',#9849,#7740,#7741);
#6867=AXIS2_PLACEMENT_3D('',#9855,#7745,#7746);
#6868=AXIS2_PLACEMENT_3D('',#9856,#7747,#7748);
#6869=AXIS2_PLACEMENT_3D('',#9857,#7749,#7750);
#6870=AXIS2_PLACEMENT_3D('',#9861,#7752,#7753);
#6871=AXIS2_PLACEMENT_3D('',#9862,#7754,#7755);
#6872=AXIS2_PLACEMENT_3D('',#9863,#7756,#7757);
#6873=AXIS2_PLACEMENT_3D('',#9865,#7758,#7759);
#6874=AXIS2_PLACEMENT_3D('',#9866,#7760,#7761);
#6875=AXIS2_PLACEMENT_3D('',#9867,#7762,#7763);
#6876=AXIS2_PLACEMENT_3D('',#9871,#7765,#7766);
#6877=AXIS2_PLACEMENT_3D('',#9872,#7767,#7768);
#6878=AXIS2_PLACEMENT_3D('',#9873,#7769,#7770);
#6879=AXIS2_PLACEMENT_3D('',#9875,#7771,#7772);
#6880=AXIS2_PLACEMENT_3D('',#9876,#7773,#7774);
#6881=AXIS2_PLACEMENT_3D('',#9880,#7776,#7777);
#6882=AXIS2_PLACEMENT_3D('',#9884,#7779,#7780);
#6883=AXIS2_PLACEMENT_3D('',#9885,#7781,#7782);
#6884=AXIS2_PLACEMENT_3D('',#9887,#7783,#7784);
#6885=AXIS2_PLACEMENT_3D('',#9888,#7785,#7786);
#6886=AXIS2_PLACEMENT_3D('',#9889,#7787,#7788);
#6887=AXIS2_PLACEMENT_3D('',#9890,#7789,#7790);
#6888=AXIS2_PLACEMENT_3D('',#9891,#7791,#7792);
#6889=AXIS2_PLACEMENT_3D('',#9892,#7793,#7794);
#6890=AXIS2_PLACEMENT_3D('',#9893,#7795,#7796);
#6891=AXIS2_PLACEMENT_3D('',#9894,#7797,#7798);
#6892=AXIS2_PLACEMENT_3D('',#9895,#7799,#7800);
#6893=AXIS2_PLACEMENT_3D('',#9898,#7803,#7804);
#6894=AXIS2_PLACEMENT_3D('',#9900,#7806,#7807);
#6895=AXIS2_PLACEMENT_3D('',#9902,#7809,#7810);
#6896=AXIS2_PLACEMENT_3D('',#9904,#7812,#7813);
#6897=AXIS2_PLACEMENT_3D('',#9906,#7815,#7816);
#6898=AXIS2_PLACEMENT_3D('',#9908,#7818,#7819);
#6899=AXIS2_PLACEMENT_3D('',#9910,#7821,#7822);
#6900=AXIS2_PLACEMENT_3D('',#9911,#7823,#7824);
#6901=AXIS2_PLACEMENT_3D('',#9912,#7825,#7826);
#6902=AXIS2_PLACEMENT_3D('',#9914,#7827,#7828);
#6903=AXIS2_PLACEMENT_3D('',#9915,#7829,#7830);
#6904=AXIS2_PLACEMENT_3D('',#9916,#7831,#7832);
#6905=AXIS2_PLACEMENT_3D('',#9918,#7833,#7834);
#6906=AXIS2_PLACEMENT_3D('',#9919,#7835,#7836);
#6907=AXIS2_PLACEMENT_3D('',#9920,#7837,#7838);
#6908=AXIS2_PLACEMENT_3D('',#9922,#7839,#7840);
#6909=AXIS2_PLACEMENT_3D('',#9923,#7841,#7842);
#6910=AXIS2_PLACEMENT_3D('',#9924,#7843,#7844);
#6911=AXIS2_PLACEMENT_3D('',#9926,#7845,#7846);
#6912=AXIS2_PLACEMENT_3D('',#9927,#7847,#7848);
#6913=AXIS2_PLACEMENT_3D('',#9928,#7849,#7850);
#6914=AXIS2_PLACEMENT_3D('',#9930,#7851,#7852);
#6915=AXIS2_PLACEMENT_3D('',#9931,#7853,#7854);
#6916=AXIS2_PLACEMENT_3D('',#9932,#7855,#7856);
#6917=AXIS2_PLACEMENT_3D('',#9934,#7857,#7858);
#6918=AXIS2_PLACEMENT_3D('',#9935,#7859,#7860);
#6919=AXIS2_PLACEMENT_3D('',#9936,#7861,#7862);
#6920=AXIS2_PLACEMENT_3D('',#9938,#7863,#7864);
#6921=AXIS2_PLACEMENT_3D('',#9939,#7865,#7866);
#6922=AXIS2_PLACEMENT_3D('',#9940,#7867,#7868);
#6923=AXIS2_PLACEMENT_3D('',#9942,#7869,#7870);
#6924=AXIS2_PLACEMENT_3D('',#9943,#7871,#7872);
#6925=AXIS2_PLACEMENT_3D('',#9983,#7878,#7879);
#6926=AXIS2_PLACEMENT_3D('',#10019,#7883,#7884);
#6927=AXIS2_PLACEMENT_3D('',#10021,#7886,#7887);
#6928=AXIS2_PLACEMENT_3D('',#10024,#7889,#7890);
#6929=AXIS2_PLACEMENT_3D('',#10026,#7891,#7892);
#6930=AXIS2_PLACEMENT_3D('',#10027,#7893,#7894);
#6931=AXIS2_PLACEMENT_3D('',#10029,#7895,#7896);
#6932=AXIS2_PLACEMENT_3D('',#10032,#7898,#7899);
#6933=AXIS2_PLACEMENT_3D('',#10036,#7902,#7903);
#6934=AXIS2_PLACEMENT_3D('',#10042,#7907,#7908);
#6935=AXIS2_PLACEMENT_3D('',#10045,#7910,#7911);
#6936=AXIS2_PLACEMENT_3D('',#10047,#7912,#7913);
#6937=AXIS2_PLACEMENT_3D('',#10048,#7914,#7915);
#6938=AXIS2_PLACEMENT_3D('',#10050,#7916,#7917);
#6939=AXIS2_PLACEMENT_3D('',#10051,#7918,#7919);
#6940=AXIS2_PLACEMENT_3D('',#10053,#7921,#7922);
#6941=AXIS2_PLACEMENT_3D('',#10054,#7923,#7924);
#6942=AXIS2_PLACEMENT_3D('',#10055,#7925,#7926);
#6943=AXIS2_PLACEMENT_3D('',#10058,#7928,#7929);
#6944=AXIS2_PLACEMENT_3D('',#10060,#7930,#7931);
#6945=AXIS2_PLACEMENT_3D('',#10061,#7932,#7933);
#6946=AXIS2_PLACEMENT_3D('',#10065,#7936,#7937);
#6947=AXIS2_PLACEMENT_3D('',#10069,#7940,#7941);
#6948=AXIS2_PLACEMENT_3D('',#10074,#7944,#7945);
#6949=AXIS2_PLACEMENT_3D('',#10075,#7946,#7947);
#6950=AXIS2_PLACEMENT_3D('',#10076,#7948,#7949);
#6951=AXIS2_PLACEMENT_3D('',#10079,#7951,#7952);
#6952=AXIS2_PLACEMENT_3D('',#10080,#7953,#7954);
#6953=AXIS2_PLACEMENT_3D('',#10084,#7957,#7958);
#6954=AXIS2_PLACEMENT_3D('',#10090,#7962,#7963);
#6955=AXIS2_PLACEMENT_3D('',#10091,#7964,#7965);
#6956=AXIS2_PLACEMENT_3D('',#10093,#7966,#7967);
#6957=AXIS2_PLACEMENT_3D('',#10094,#7968,#7969);
#6958=AXIS2_PLACEMENT_3D('',#10095,#7970,#7971);
#6959=AXIS2_PLACEMENT_3D('',#10099,#7973,#7974);
#6960=AXIS2_PLACEMENT_3D('',#10100,#7975,#7976);
#6961=AXIS2_PLACEMENT_3D('',#10101,#7977,#7978);
#6962=AXIS2_PLACEMENT_3D('',#10105,#7981,#7982);
#6963=AXIS2_PLACEMENT_3D('',#10108,#7984,#7985);
#6964=AXIS2_PLACEMENT_3D('',#10110,#7986,#7987);
#6965=AXIS2_PLACEMENT_3D('',#10111,#7988,#7989);
#6966=AXIS2_PLACEMENT_3D('',#10113,#7990,#7991);
#6967=AXIS2_PLACEMENT_3D('',#10116,#7993,#7994);
#6968=AXIS2_PLACEMENT_3D('',#10120,#7997,#7998);
#6969=AXIS2_PLACEMENT_3D('',#10121,#7999,#8000);
#6970=AXIS2_PLACEMENT_3D('',#10124,#8002,#8003);
#6971=AXIS2_PLACEMENT_3D('',#10125,#8004,#8005);
#6972=AXIS2_PLACEMENT_3D('',#10126,#8006,#8007);
#6973=AXIS2_PLACEMENT_3D('',#10132,#8011,#8012);
#6974=AXIS2_PLACEMENT_3D('',#10136,#8015,#8016);
#6975=AXIS2_PLACEMENT_3D('',#10137,#8017,#8018);
#6976=AXIS2_PLACEMENT_3D('',#10139,#8019,#8020);
#6977=AXIS2_PLACEMENT_3D('',#10140,#8021,#8022);
#6978=AXIS2_PLACEMENT_3D('',#10142,#8024,#8025);
#6979=AXIS2_PLACEMENT_3D('',#10143,#8026,#8027);
#6980=AXIS2_PLACEMENT_3D('',#10144,#8028,#8029);
#6981=AXIS2_PLACEMENT_3D('',#10150,#8033,#8034);
#6982=AXIS2_PLACEMENT_3D('',#10153,#8036,#8037);
#6983=AXIS2_PLACEMENT_3D('',#10155,#8038,#8039);
#6984=AXIS2_PLACEMENT_3D('',#10156,#8040,#8041);
#6985=AXIS2_PLACEMENT_3D('',#10158,#8042,#8043);
#6986=AXIS2_PLACEMENT_3D('',#10159,#8044,#8045);
#6987=AXIS2_PLACEMENT_3D('',#10163,#8048,#8049);
#6988=AXIS2_PLACEMENT_3D('',#10164,#8050,#8051);
#6989=AXIS2_PLACEMENT_3D('',#10168,#8054,#8055);
#6990=AXIS2_PLACEMENT_3D('',#10174,#8059,#8060);
#6991=AXIS2_PLACEMENT_3D('',#10175,#8061,#8062);
#6992=AXIS2_PLACEMENT_3D('',#10177,#8063,#8064);
#6993=AXIS2_PLACEMENT_3D('',#10178,#8065,#8066);
#6994=AXIS2_PLACEMENT_3D('',#10180,#8068,#8069);
#6995=AXIS2_PLACEMENT_3D('',#10181,#8070,#8071);
#6996=AXIS2_PLACEMENT_3D('',#10182,#8072,#8073);
#6997=AXIS2_PLACEMENT_3D('',#10188,#8077,#8078);
#6998=AXIS2_PLACEMENT_3D('',#10189,#8079,#8080);
#6999=AXIS2_PLACEMENT_3D('',#10192,#8082,#8083);
#7000=AXIS2_PLACEMENT_3D('',#10196,#8086,#8087);
#7001=AXIS2_PLACEMENT_3D('',#10197,#8088,#8089);
#7002=AXIS2_PLACEMENT_3D('',#10200,#8091,#8092);
#7003=AXIS2_PLACEMENT_3D('',#10204,#8095,#8096);
#7004=AXIS2_PLACEMENT_3D('',#10210,#8100,#8101);
#7005=AXIS2_PLACEMENT_3D('',#10213,#8103,#8104);
#7006=AXIS2_PLACEMENT_3D('',#10214,#8105,#8106);
#7007=AXIS2_PLACEMENT_3D('',#10218,#8109,#8110);
#7008=AXIS2_PLACEMENT_3D('',#10219,#8111,#8112);
#7009=AXIS2_PLACEMENT_3D('',#10220,#8113,#8114);
#7010=AXIS2_PLACEMENT_3D('',#10223,#8116,#8117);
#7011=AXIS2_PLACEMENT_3D('',#10224,#8118,#8119);
#7012=AXIS2_PLACEMENT_3D('',#10225,#8120,#8121);
#7013=AXIS2_PLACEMENT_3D('',#10228,#8123,#8124);
#7014=AXIS2_PLACEMENT_3D('',#10230,#8126,#8127);
#7015=AXIS2_PLACEMENT_3D('',#10231,#8128,#8129);
#7016=AXIS2_PLACEMENT_3D('',#10232,#8130,#8131);
#7017=AXIS2_PLACEMENT_3D('',#10234,#8132,#8133);
#7018=AXIS2_PLACEMENT_3D('',#10235,#8134,#8135);
#7019=AXIS2_PLACEMENT_3D('',#10236,#8136,#8137);
#7020=AXIS2_PLACEMENT_3D('',#10238,#8138,#8139);
#7021=AXIS2_PLACEMENT_3D('',#10239,#8140,#8141);
#7022=AXIS2_PLACEMENT_3D('',#10240,#8142,#8143);
#7023=AXIS2_PLACEMENT_3D('',#10242,#8144,#8145);
#7024=AXIS2_PLACEMENT_3D('',#10243,#8146,#8147);
#7025=AXIS2_PLACEMENT_3D('',#10244,#8148,#8149);
#7026=AXIS2_PLACEMENT_3D('',#10246,#8150,#8151);
#7027=AXIS2_PLACEMENT_3D('',#10247,#8152,#8153);
#7028=AXIS2_PLACEMENT_3D('',#10248,#8154,#8155);
#7029=AXIS2_PLACEMENT_3D('',#10250,#8156,#8157);
#7030=AXIS2_PLACEMENT_3D('',#10251,#8158,#8159);
#7031=AXIS2_PLACEMENT_3D('',#10252,#8160,#8161);
#7032=AXIS2_PLACEMENT_3D('',#10254,#8162,#8163);
#7033=AXIS2_PLACEMENT_3D('',#10255,#8164,#8165);
#7034=AXIS2_PLACEMENT_3D('',#10256,#8166,#8167);
#7035=AXIS2_PLACEMENT_3D('',#10258,#8168,#8169);
#7036=AXIS2_PLACEMENT_3D('',#10259,#8170,#8171);
#7037=AXIS2_PLACEMENT_3D('',#10263,#8173,#8174);
#7038=AXIS2_PLACEMENT_3D('',#10264,#8175,#8176);
#7039=AXIS2_PLACEMENT_3D('',#10269,#8179,#8180);
#7040=AXIS2_PLACEMENT_3D('',#10274,#8184,#8185);
#7041=AXIS2_PLACEMENT_3D('',#10283,#8190,#8191);
#7042=AXIS2_PLACEMENT_3D('',#10289,#8195,#8196);
#7043=AXIS2_PLACEMENT_3D('',#10295,#8200,#8201);
#7044=AXIS2_PLACEMENT_3D('',#10304,#8206,#8207);
#7045=AXIS2_PLACEMENT_3D('',#10310,#8211,#8212);
#7046=AXIS2_PLACEMENT_3D('',#10316,#8216,#8217);
#7047=AXIS2_PLACEMENT_3D('',#10325,#8222,#8223);
#7048=AXIS2_PLACEMENT_3D('',#10331,#8227,#8228);
#7049=AXIS2_PLACEMENT_3D('',#10337,#8232,#8233);
#7050=AXIS2_PLACEMENT_3D('',#10346,#8238,#8239);
#7051=AXIS2_PLACEMENT_3D('',#10352,#8243,#8244);
#7052=AXIS2_PLACEMENT_3D('',#10358,#8248,#8249);
#7053=AXIS2_PLACEMENT_3D('',#10367,#8254,#8255);
#7054=AXIS2_PLACEMENT_3D('',#10373,#8259,#8260);
#7055=AXIS2_PLACEMENT_3D('',#10379,#8264,#8265);
#7056=AXIS2_PLACEMENT_3D('',#10388,#8270,#8271);
#7057=AXIS2_PLACEMENT_3D('',#10394,#8275,#8276);
#7058=AXIS2_PLACEMENT_3D('',#10400,#8280,#8281);
#7059=AXIS2_PLACEMENT_3D('',#10409,#8286,#8287);
#7060=AXIS2_PLACEMENT_3D('',#10415,#8291,#8292);
#7061=AXIS2_PLACEMENT_3D('',#10421,#8296,#8297);
#7062=AXIS2_PLACEMENT_3D('',#10430,#8302,#8303);
#7063=AXIS2_PLACEMENT_3D('',#10436,#8307,#8308);
#7064=AXIS2_PLACEMENT_3D('',#10442,#8312,#8313);
#7065=AXIS2_PLACEMENT_3D('',#10451,#8318,#8319);
#7066=AXIS2_PLACEMENT_3D('',#10457,#8323,#8324);
#7067=AXIS2_PLACEMENT_3D('',#10463,#8328,#8329);
#7068=AXIS2_PLACEMENT_3D('',#10472,#8334,#8335);
#7069=AXIS2_PLACEMENT_3D('',#10478,#8339,#8340);
#7070=AXIS2_PLACEMENT_3D('',#10484,#8344,#8345);
#7071=AXIS2_PLACEMENT_3D('',#10493,#8350,#8351);
#7072=AXIS2_PLACEMENT_3D('',#10499,#8355,#8356);
#7073=AXIS2_PLACEMENT_3D('',#10505,#8360,#8361);
#7074=AXIS2_PLACEMENT_3D('',#10514,#8366,#8367);
#7075=AXIS2_PLACEMENT_3D('',#10520,#8371,#8372);
#7076=AXIS2_PLACEMENT_3D('',#10526,#8376,#8377);
#7077=AXIS2_PLACEMENT_3D('',#10535,#8382,#8383);
#7078=AXIS2_PLACEMENT_3D('',#10541,#8387,#8388);
#7079=AXIS2_PLACEMENT_3D('',#10547,#8392,#8393);
#7080=AXIS2_PLACEMENT_3D('',#10556,#8398,#8399);
#7081=AXIS2_PLACEMENT_3D('',#10562,#8403,#8404);
#7082=AXIS2_PLACEMENT_3D('',#10568,#8408,#8409);
#7083=AXIS2_PLACEMENT_3D('',#10577,#8414,#8415);
#7084=AXIS2_PLACEMENT_3D('',#10583,#8419,#8420);
#7085=AXIS2_PLACEMENT_3D('',#10589,#8424,#8425);
#7086=AXIS2_PLACEMENT_3D('',#10598,#8430,#8431);
#7087=AXIS2_PLACEMENT_3D('',#10604,#8435,#8436);
#7088=AXIS2_PLACEMENT_3D('',#10610,#8440,#8441);
#7089=AXIS2_PLACEMENT_3D('',#10619,#8446,#8447);
#7090=AXIS2_PLACEMENT_3D('',#10625,#8451,#8452);
#7091=AXIS2_PLACEMENT_3D('',#10631,#8456,#8457);
#7092=AXIS2_PLACEMENT_3D('',#10640,#8462,#8463);
#7093=AXIS2_PLACEMENT_3D('',#10646,#8467,#8468);
#7094=AXIS2_PLACEMENT_3D('',#10652,#8472,#8473);
#7095=AXIS2_PLACEMENT_3D('',#10661,#8478,#8479);
#7096=AXIS2_PLACEMENT_3D('',#10667,#8483,#8484);
#7097=AXIS2_PLACEMENT_3D('',#10673,#8488,#8489);
#7098=AXIS2_PLACEMENT_3D('',#10682,#8494,#8495);
#7099=AXIS2_PLACEMENT_3D('',#10688,#8499,#8500);
#7100=AXIS2_PLACEMENT_3D('',#10694,#8504,#8505);
#7101=AXIS2_PLACEMENT_3D('',#10703,#8510,#8511);
#7102=AXIS2_PLACEMENT_3D('',#10709,#8515,#8516);
#7103=AXIS2_PLACEMENT_3D('',#10715,#8520,#8521);
#7104=AXIS2_PLACEMENT_3D('',#10724,#8526,#8527);
#7105=AXIS2_PLACEMENT_3D('',#10730,#8531,#8532);
#7106=AXIS2_PLACEMENT_3D('',#10736,#8536,#8537);
#7107=AXIS2_PLACEMENT_3D('',#10745,#8542,#8543);
#7108=AXIS2_PLACEMENT_3D('',#10751,#8547,#8548);
#7109=AXIS2_PLACEMENT_3D('',#10757,#8552,#8553);
#7110=AXIS2_PLACEMENT_3D('',#10766,#8558,#8559);
#7111=AXIS2_PLACEMENT_3D('',#10772,#8563,#8564);
#7112=AXIS2_PLACEMENT_3D('',#10778,#8568,#8569);
#7113=AXIS2_PLACEMENT_3D('',#10787,#8574,#8575);
#7114=AXIS2_PLACEMENT_3D('',#10793,#8579,#8580);
#7115=AXIS2_PLACEMENT_3D('',#10799,#8584,#8585);
#7116=AXIS2_PLACEMENT_3D('',#10805,#8589,#8590);
#7117=AXIS2_PLACEMENT_3D('',#10809,#8593,#8594);
#7118=AXIS2_PLACEMENT_3D('',#10813,#8597,#8598);
#7119=AXIS2_PLACEMENT_3D('',#10816,#8601,#8602);
#7120=AXIS2_PLACEMENT_3D('',#10819,#8605,#8606);
#7121=AXIS2_PLACEMENT_3D('',#10822,#8609,#8610);
#7122=AXIS2_PLACEMENT_3D('',#10825,#8613,#8614);
#7123=AXIS2_PLACEMENT_3D('',#10828,#8617,#8618);
#7124=AXIS2_PLACEMENT_3D('',#10831,#8621,#8622);
#7125=AXIS2_PLACEMENT_3D('',#10834,#8625,#8626);
#7126=AXIS2_PLACEMENT_3D('',#10837,#8629,#8630);
#7127=AXIS2_PLACEMENT_3D('',#10840,#8633,#8634);
#7128=AXIS2_PLACEMENT_3D('',#10843,#8637,#8638);
#7129=AXIS2_PLACEMENT_3D('',#10846,#8641,#8642);
#7130=AXIS2_PLACEMENT_3D('',#10849,#8645,#8646);
#7131=AXIS2_PLACEMENT_3D('',#10852,#8649,#8650);
#7132=AXIS2_PLACEMENT_3D('',#10855,#8653,#8654);
#7133=AXIS2_PLACEMENT_3D('',#10858,#8657,#8658);
#7134=AXIS2_PLACEMENT_3D('',#10861,#8661,#8662);
#7135=AXIS2_PLACEMENT_3D('',#10864,#8665,#8666);
#7136=AXIS2_PLACEMENT_3D('',#10867,#8669,#8670);
#7137=AXIS2_PLACEMENT_3D('',#10870,#8673,#8674);
#7138=AXIS2_PLACEMENT_3D('',#10873,#8677,#8678);
#7139=AXIS2_PLACEMENT_3D('',#10876,#8681,#8682);
#7140=AXIS2_PLACEMENT_3D('',#10879,#8685,#8686);
#7141=AXIS2_PLACEMENT_3D('',#10882,#8689,#8690);
#7142=AXIS2_PLACEMENT_3D('',#10885,#8693,#8694);
#7143=AXIS2_PLACEMENT_3D('',#10887,#8696,#8697);
#7144=AXIS2_PLACEMENT_3D('',#10890,#8700,#8701);
#7145=AXIS2_PLACEMENT_3D('',#10891,#8702,#8703);
#7146=AXIS2_PLACEMENT_3D('',#10892,#8704,#8705);
#7147=AXIS2_PLACEMENT_3D('',#10893,#8706,#8707);
#7148=AXIS2_PLACEMENT_3D('',#10894,#8708,#8709);
#7149=AXIS2_PLACEMENT_3D('',#10895,#8710,#8711);
#7150=AXIS2_PLACEMENT_3D('',#10896,#8712,#8713);
#7151=AXIS2_PLACEMENT_3D('',#10897,#8714,#8715);
#7152=AXIS2_PLACEMENT_3D('',#10898,#8716,#8717);
#7153=AXIS2_PLACEMENT_3D('',#10899,#8718,#8719);
#7154=AXIS2_PLACEMENT_3D('',#10900,#8720,#8721);
#7155=AXIS2_PLACEMENT_3D('',#10901,#8722,#8723);
#7156=AXIS2_PLACEMENT_3D('',#10902,#8724,#8725);
#7157=AXIS2_PLACEMENT_3D('',#10903,#8726,#8727);
#7158=AXIS2_PLACEMENT_3D('',#10904,#8728,#8729);
#7159=AXIS2_PLACEMENT_3D('',#10905,#8730,#8731);
#7160=AXIS2_PLACEMENT_3D('',#10906,#8732,#8733);
#7161=AXIS2_PLACEMENT_3D('',#10907,#8734,#8735);
#7162=AXIS2_PLACEMENT_3D('',#10908,#8736,#8737);
#7163=AXIS2_PLACEMENT_3D('',#10909,#8738,#8739);
#7164=AXIS2_PLACEMENT_3D('',#10910,#8740,#8741);
#7165=AXIS2_PLACEMENT_3D('',#10911,#8742,#8743);
#7166=AXIS2_PLACEMENT_3D('',#10912,#8744,#8745);
#7167=AXIS2_PLACEMENT_3D('',#10913,#8746,#8747);
#7168=AXIS2_PLACEMENT_3D('',#10914,#8748,#8749);
#7169=AXIS2_PLACEMENT_3D('',#10915,#8750,#8751);
#7170=AXIS2_PLACEMENT_3D('',#10916,#8752,#8753);
#7171=AXIS2_PLACEMENT_3D('',#10919,#8756,#8757);
#7172=AXIS2_PLACEMENT_3D('',#10928,#8762,#8763);
#7173=AXIS2_PLACEMENT_3D('',#10937,#8768,#8769);
#7174=AXIS2_PLACEMENT_3D('',#10946,#8774,#8775);
#7175=AXIS2_PLACEMENT_3D('',#10950,#8777,#8778);
#7176=AXIS2_PLACEMENT_3D('',#10951,#8779,#8780);
#7177=AXIS2_PLACEMENT_3D('',#10955,#8782,#8783);
#7178=AXIS2_PLACEMENT_3D('',#10963,#8787,#8788);
#7179=AXIS2_PLACEMENT_3D('',#10967,#8790,#8791);
#7180=AXIS2_PLACEMENT_3D('',#10968,#8792,#8793);
#7181=AXIS2_PLACEMENT_3D('',#10972,#8795,#8796);
#7182=AXIS2_PLACEMENT_3D('',#10976,#8798,#8799);
#7183=AXIS2_PLACEMENT_3D('',#10977,#8800,#8801);
#7184=AXIS2_PLACEMENT_3D('',#10985,#8804,#8805);
#7185=AXIS2_PLACEMENT_3D('',#10993,#8808,#8809);
#7186=AXIS2_PLACEMENT_3D('',#11001,#8810,#8811);
#7187=AXIS2_PLACEMENT_3D('',#11017,#8812,#8813);
#7188=AXIS2_PLACEMENT_3D('',#11018,#8814,#8815);
#7189=AXIS2_PLACEMENT_3D('',#11019,#8816,#8817);
#7190=AXIS2_PLACEMENT_3D('',#11035,#8818,#8819);
#7191=AXIS2_PLACEMENT_3D('',#11036,#8820,#8821);
#7192=AXIS2_PLACEMENT_3D('',#11042,#8822,#8823);
#7193=AXIS2_PLACEMENT_3D('',#11043,#8824,#8825);
#7194=AXIS2_PLACEMENT_3D('',#11044,#8826,#8827);
#7195=AXIS2_PLACEMENT_3D('',#11045,#8828,#8829);
#7196=AXIS2_PLACEMENT_3D('',#11046,#8830,#8831);
#7197=AXIS2_PLACEMENT_3D('',#11047,#8832,#8833);
#7198=AXIS2_PLACEMENT_3D('',#11048,#8834,#8835);
#7199=AXIS2_PLACEMENT_3D('',#11049,#8836,#8837);
#7200=AXIS2_PLACEMENT_3D('',#11050,#8838,#8839);
#7201=AXIS2_PLACEMENT_3D('',#11051,#8840,#8841);
#7202=AXIS2_PLACEMENT_3D('',#11052,#8842,#8843);
#7203=AXIS2_PLACEMENT_3D('',#11053,#8844,#8845);
#7204=AXIS2_PLACEMENT_3D('',#11054,#8846,#8847);
#7205=AXIS2_PLACEMENT_3D('',#11055,#8848,#8849);
#7206=AXIS2_PLACEMENT_3D('',#11056,#8850,#8851);
#7207=AXIS2_PLACEMENT_3D('',#11057,#8852,#8853);
#7208=AXIS2_PLACEMENT_3D('',#11058,#8854,#8855);
#7209=AXIS2_PLACEMENT_3D('',#11059,#8856,#8857);
#7210=AXIS2_PLACEMENT_3D('',#11060,#8858,#8859);
#7211=AXIS2_PLACEMENT_3D('',#11061,#8860,#8861);
#7212=AXIS2_PLACEMENT_3D('',#11062,#8862,#8863);
#7213=AXIS2_PLACEMENT_3D('',#11063,#8864,#8865);
#7214=AXIS2_PLACEMENT_3D('',#11064,#8866,#8867);
#7215=AXIS2_PLACEMENT_3D('',#11065,#8868,#8869);
#7216=AXIS2_PLACEMENT_3D('',#11066,#8870,#8871);
#7217=AXIS2_PLACEMENT_3D('',#11067,#8872,#8873);
#7218=AXIS2_PLACEMENT_3D('',#11068,#8874,#8875);
#7219=AXIS2_PLACEMENT_3D('',#11069,#8876,#8877);
#7220=AXIS2_PLACEMENT_3D('',#11070,#8878,#8879);
#7221=AXIS2_PLACEMENT_3D('',#11071,#8880,#8881);
#7222=AXIS2_PLACEMENT_3D('',#11072,#8882,#8883);
#7223=AXIS2_PLACEMENT_3D('',#11073,#8884,#8885);
#7224=AXIS2_PLACEMENT_3D('',#11074,#8886,#8887);
#7225=AXIS2_PLACEMENT_3D('',#11075,#8888,#8889);
#7226=AXIS2_PLACEMENT_3D('',#11076,#8890,#8891);
#7227=AXIS2_PLACEMENT_3D('',#11077,#8892,#8893);
#7228=AXIS2_PLACEMENT_3D('',#11078,#8894,#8895);
#7229=AXIS2_PLACEMENT_3D('',#11079,#8896,#8897);
#7230=AXIS2_PLACEMENT_3D('',#11080,#8898,#8899);
#7231=AXIS2_PLACEMENT_3D('',#11081,#8900,#8901);
#7232=AXIS2_PLACEMENT_3D('',#11082,#8902,#8903);
#7233=AXIS2_PLACEMENT_3D('',#11083,#8904,#8905);
#7234=AXIS2_PLACEMENT_3D('',#11084,#8906,#8907);
#7235=AXIS2_PLACEMENT_3D('',#11085,#8908,#8909);
#7236=AXIS2_PLACEMENT_3D('',#11086,#8910,#8911);
#7237=AXIS2_PLACEMENT_3D('',#11087,#8912,#8913);
#7238=AXIS2_PLACEMENT_3D('',#11088,#8914,#8915);
#7239=AXIS2_PLACEMENT_3D('',#11089,#8916,#8917);
#7240=AXIS2_PLACEMENT_3D('',#11090,#8918,#8919);
#7241=AXIS2_PLACEMENT_3D('',#11091,#8920,#8921);
#7242=AXIS2_PLACEMENT_3D('',#11092,#8922,#8923);
#7243=AXIS2_PLACEMENT_3D('',#11093,#8924,#8925);
#7244=AXIS2_PLACEMENT_3D('',#11094,#8926,#8927);
#7245=AXIS2_PLACEMENT_3D('',#11095,#8928,#8929);
#7246=AXIS2_PLACEMENT_3D('',#11096,#8930,#8931);
#7247=AXIS2_PLACEMENT_3D('',#11097,#8932,#8933);
#7248=AXIS2_PLACEMENT_3D('',#11098,#8934,#8935);
#7249=AXIS2_PLACEMENT_3D('',#11099,#8936,#8937);
#7250=AXIS2_PLACEMENT_3D('',#11100,#8938,#8939);
#7251=AXIS2_PLACEMENT_3D('',#11101,#8940,#8941);
#7252=AXIS2_PLACEMENT_3D('',#11102,#8942,#8943);
#7253=AXIS2_PLACEMENT_3D('',#11103,#8944,#8945);
#7254=AXIS2_PLACEMENT_3D('',#11104,#8946,#8947);
#7255=AXIS2_PLACEMENT_3D('',#11105,#8948,#8949);
#7256=AXIS2_PLACEMENT_3D('',#11106,#8950,#8951);
#7257=AXIS2_PLACEMENT_3D('',#11109,#8954,#8955);
#7258=AXIS2_PLACEMENT_3D('',#11111,#8957,#8958);
#7259=AXIS2_PLACEMENT_3D('',#11113,#8960,#8961);
#7260=AXIS2_PLACEMENT_3D('',#11115,#8963,#8964);
#7261=AXIS2_PLACEMENT_3D('',#11117,#8966,#8967);
#7262=AXIS2_PLACEMENT_3D('',#11119,#8969,#8970);
#7263=AXIS2_PLACEMENT_3D('',#11121,#8972,#8973);
#7264=AXIS2_PLACEMENT_3D('',#11122,#8974,#8975);
#7265=AXIS2_PLACEMENT_3D('',#11124,#8977,#8978);
#7266=AXIS2_PLACEMENT_3D('',#11126,#8980,#8981);
#7267=AXIS2_PLACEMENT_3D('',#11128,#8983,#8984);
#7268=AXIS2_PLACEMENT_3D('',#11130,#8986,#8987);
#7269=AXIS2_PLACEMENT_3D('',#11132,#8989,#8990);
#7270=AXIS2_PLACEMENT_3D('',#11134,#8992,#8993);
#7271=AXIS2_PLACEMENT_3D('',#11155,#8994,#8995);
#7272=AXIS2_PLACEMENT_3D('',#11157,#8997,#8998);
#7273=AXIS2_PLACEMENT_3D('',#11159,#9000,#9001);
#7274=AXIS2_PLACEMENT_3D('',#11161,#9003,#9004);
#7275=AXIS2_PLACEMENT_3D('',#11163,#9006,#9007);
#7276=AXIS2_PLACEMENT_3D('',#11165,#9009,#9010);
#7277=AXIS2_PLACEMENT_3D('',#11167,#9012,#9013);
#7278=AXIS2_PLACEMENT_3D('',#11169,#9015,#9016);
#7279=AXIS2_PLACEMENT_3D('',#11171,#9018,#9019);
#7280=AXIS2_PLACEMENT_3D('',#11173,#9021,#9022);
#7281=AXIS2_PLACEMENT_3D('',#11175,#9024,#9025);
#7282=AXIS2_PLACEMENT_3D('',#11177,#9027,#9028);
#7283=AXIS2_PLACEMENT_3D('',#11179,#9030,#9031);
#7284=AXIS2_PLACEMENT_3D('',#11181,#9033,#9034);
#7285=AXIS2_PLACEMENT_3D('',#11183,#9036,#9037);
#7286=AXIS2_PLACEMENT_3D('',#11185,#9039,#9040);
#7287=AXIS2_PLACEMENT_3D('',#11187,#9042,#9043);
#7288=AXIS2_PLACEMENT_3D('',#11189,#9045,#9046);
#7289=AXIS2_PLACEMENT_3D('',#11191,#9048,#9049);
#7290=AXIS2_PLACEMENT_3D('',#11193,#9051,#9052);
#7291=AXIS2_PLACEMENT_3D('',#11195,#9054,#9055);
#7292=AXIS2_PLACEMENT_3D('',#11197,#9057,#9058);
#7293=AXIS2_PLACEMENT_3D('',#11199,#9060,#9061);
#7294=AXIS2_PLACEMENT_3D('',#11212,#9062,#9063);
#7295=AXIS2_PLACEMENT_3D('',#11214,#9065,#9066);
#7296=AXIS2_PLACEMENT_3D('',#11216,#9068,#9069);
#7297=AXIS2_PLACEMENT_3D('',#11218,#9071,#9072);
#7298=AXIS2_PLACEMENT_3D('',#11220,#9074,#9075);
#7299=AXIS2_PLACEMENT_3D('',#11221,#9076,#9077);
#7300=AXIS2_PLACEMENT_3D('',#11224,#9080,#9081);
#7301=AXIS2_PLACEMENT_3D('',#11226,#9083,#9084);
#7302=AXIS2_PLACEMENT_3D('',#11228,#9086,#9087);
#7303=AXIS2_PLACEMENT_3D('',#11230,#9089,#9090);
#7304=AXIS2_PLACEMENT_3D('',#11232,#9092,#9093);
#7305=AXIS2_PLACEMENT_3D('',#11234,#9095,#9096);
#7306=AXIS2_PLACEMENT_3D('',#11236,#9098,#9099);
#7307=AXIS2_PLACEMENT_3D('',#11238,#9101,#9102);
#7308=AXIS2_PLACEMENT_3D('',#11240,#9104,#9105);
#7309=AXIS2_PLACEMENT_3D('',#11242,#9107,#9108);
#7310=AXIS2_PLACEMENT_3D('',#11244,#9110,#9111);
#7311=AXIS2_PLACEMENT_3D('',#11246,#9113,#9114);
#7312=AXIS2_PLACEMENT_3D('',#11248,#9116,#9117);
#7313=AXIS2_PLACEMENT_3D('',#11250,#9119,#9120);
#7314=AXIS2_PLACEMENT_3D('',#11252,#9122,#9123);
#7315=AXIS2_PLACEMENT_3D('',#11254,#9125,#9126);
#7316=AXIS2_PLACEMENT_3D('',#11256,#9128,#9129);
#7317=AXIS2_PLACEMENT_3D('',#11258,#9131,#9132);
#7318=AXIS2_PLACEMENT_3D('',#11260,#9134,#9135);
#7319=AXIS2_PLACEMENT_3D('',#11261,#9136,#9137);
#7320=AXIS2_PLACEMENT_3D('',#11263,#9139,#9140);
#7321=AXIS2_PLACEMENT_3D('',#11265,#9142,#9143);
#7322=AXIS2_PLACEMENT_3D('',#11266,#9144,#9145);
#7323=AXIS2_PLACEMENT_3D('',#11268,#9147,#9148);
#7324=AXIS2_PLACEMENT_3D('',#11269,#9149,#9150);
#7325=AXIS2_PLACEMENT_3D('',#11270,#9151,#9152);
#7326=AXIS2_PLACEMENT_3D('',#11271,#9153,#9154);
#7327=AXIS2_PLACEMENT_3D('',#11273,#9156,#9157);
#7328=AXIS2_PLACEMENT_3D('',#11274,#9158,#9159);
#7329=AXIS2_PLACEMENT_3D('',#11276,#9161,#9162);
#7330=AXIS2_PLACEMENT_3D('',#11278,#9164,#9165);
#7331=AXIS2_PLACEMENT_3D('',#11280,#9167,#9168);
#7332=AXIS2_PLACEMENT_3D('',#11281,#9169,#9170);
#7333=AXIS2_PLACEMENT_3D('',#11282,#9171,#9172);
#7334=AXIS2_PLACEMENT_3D('',#11284,#9174,#9175);
#7335=AXIS2_PLACEMENT_3D('',#11286,#9177,#9178);
#7336=AXIS2_PLACEMENT_3D('',#11288,#9180,#9181);
#7337=AXIS2_PLACEMENT_3D('',#11309,#9182,#9183);
#7338=AXIS2_PLACEMENT_3D('',#11314,#9184,#9185);
#7339=AXIS2_PLACEMENT_3D('',#11351,#9186,#9187);
#7340=AXIS2_PLACEMENT_3D('',#11356,#9188,#9189);
#7341=DIRECTION('',(0.,0.,1.));
#7342=DIRECTION('',(1.,0.,0.));
#7343=DIRECTION('',(0.,-1.,0.));
#7344=DIRECTION('',(0.,0.,-1.));
#7345=DIRECTION('',(0.,0.,1.));
#7346=DIRECTION('',(1.,0.,0.));
#7347=DIRECTION('',(0.,0.,1.));
#7348=DIRECTION('',(1.,0.,0.));
#7349=DIRECTION('',(0.,0.,1.));
#7350=DIRECTION('',(-1.,0.,0.));
#7351=DIRECTION('',(-1.,0.,0.));
#7352=DIRECTION('',(-1.,0.,0.));
#7353=DIRECTION('',(0.,0.,1.));
#7354=DIRECTION('',(1.,0.,0.));
#7355=DIRECTION('',(-1.,0.,0.));
#7356=DIRECTION('',(0.,0.,1.));
#7357=DIRECTION('',(0.,0.,1.));
#7358=DIRECTION('',(0.,-1.,0.));
#7359=DIRECTION('',(0.,0.,1.));
#7360=DIRECTION('',(0.,1.,0.));
#7361=DIRECTION('',(-1.,0.,0.));
#7362=DIRECTION('',(0.,0.,1.));
#7363=DIRECTION('',(0.,0.,1.));
#7364=DIRECTION('',(0.,1.,0.));
#7365=DIRECTION('',(0.,0.,1.));
#7366=DIRECTION('',(0.,-1.,0.));
#7367=DIRECTION('',(0.,0.,1.));
#7368=DIRECTION('',(1.,0.,0.));
#7369=DIRECTION('',(0.,0.,1.));
#7370=DIRECTION('',(1.,0.,0.));
#7371=DIRECTION('',(-1.,0.,0.));
#7372=DIRECTION('',(0.,0.,1.));
#7373=DIRECTION('',(1.,0.,0.));
#7374=DIRECTION('',(0.,1.,0.));
#7375=DIRECTION('',(0.,0.,1.));
#7376=DIRECTION('',(1.,0.,0.));
#7377=DIRECTION('',(1.,0.,0.));
#7378=DIRECTION('',(0.,0.,1.));
#7379=DIRECTION('',(1.,0.,0.));
#7380=DIRECTION('',(0.,-1.,0.));
#7381=DIRECTION('',(0.,0.,1.));
#7382=DIRECTION('',(1.,0.,0.));
#7383=DIRECTION('',(0.,1.,0.));
#7384=DIRECTION('',(-1.,0.,0.));
#7385=DIRECTION('',(0.,-1.,0.));
#7386=DIRECTION('',(0.,0.,1.));
#7387=DIRECTION('',(1.,0.,0.));
#7388=DIRECTION('',(-1.,0.,0.));
#7389=DIRECTION('',(0.,0.,1.));
#7390=DIRECTION('',(1.,0.,0.));
#7391=DIRECTION('',(0.,1.,0.));
#7392=DIRECTION('',(0.,0.,1.));
#7393=DIRECTION('',(1.,0.,0.));
#7394=DIRECTION('',(1.,0.,0.));
#7395=DIRECTION('',(-1.82123199577617E-16,1.,0.));
#7396=DIRECTION('',(0.,0.,1.));
#7397=DIRECTION('',(1.,0.,0.));
#7398=DIRECTION('',(1.,0.,0.));
#7399=DIRECTION('',(0.,0.,1.));
#7400=DIRECTION('',(1.,0.,0.));
#7401=DIRECTION('',(0.,-1.,0.));
#7402=DIRECTION('',(1.,0.,0.));
#7403=DIRECTION('',(0.,0.,1.));
#7404=DIRECTION('',(1.,0.,0.));
#7405=DIRECTION('',(0.,-1.,0.));
#7406=DIRECTION('',(0.,0.,1.));
#7407=DIRECTION('',(1.,0.,0.));
#7408=DIRECTION('',(-1.,0.,0.));
#7409=DIRECTION('',(1.,0.,0.));
#7410=DIRECTION('',(0.,1.,0.));
#7411=DIRECTION('',(-1.,0.,0.));
#7412=DIRECTION('',(5.71749420447604E-17,-1.,0.));
#7413=DIRECTION('',(1.,0.,0.));
#7414=DIRECTION('',(0.,1.,0.));
#7415=DIRECTION('',(1.,0.,0.));
#7416=DIRECTION('',(0.,1.,0.));
#7417=DIRECTION('',(1.,1.82123199577617E-16,0.));
#7418=DIRECTION('',(-1.82123199577617E-16,1.,0.));
#7419=DIRECTION('',(0.,0.,-1.));
#7420=DIRECTION('',(-1.82123199577617E-16,1.,0.));
#7421=DIRECTION('',(0.,0.,-1.));
#7422=DIRECTION('',(0.,1.,0.));
#7423=DIRECTION('',(0.,0.,1.));
#7424=DIRECTION('',(1.82123199577617E-16,-1.,0.));
#7425=DIRECTION('',(0.,0.,1.));
#7426=DIRECTION('',(-1.82123199577617E-16,1.,0.));
#7427=DIRECTION('',(0.,-1.,0.));
#7428=DIRECTION('',(0.,0.,-1.));
#7429=DIRECTION('',(0.,0.,1.));
#7430=DIRECTION('',(1.,0.,0.));
#7431=DIRECTION('',(0.,0.,1.));
#7432=DIRECTION('',(-1.,-5.71749420447604E-17,0.));
#7433=DIRECTION('',(-1.,0.,7.35761418588183E-34));
#7434=DIRECTION('',(0.,-1.,0.));
#7435=DIRECTION('',(7.18079857356011E-16,0.,1.));
#7436=DIRECTION('',(-1.,0.,7.18079857356011E-16));
#7437=DIRECTION('',(0.,-1.,0.));
#7438=DIRECTION('',(7.18079857356011E-16,0.,1.));
#7439=DIRECTION('',(6.25847833199956E-17,-0.996194698091745,0.0871557427476582));
#7440=DIRECTION('',(0.,-0.0871557427476582,-0.996194698091746));
#7441=DIRECTION('',(4.9831245404654E-18,-0.0871557427476582,-0.996194698091745));
#7442=DIRECTION('',(1.,6.27809372451287E-17,-4.90461027812968E-19));
#7443=DIRECTION('',(4.9831245404654E-18,-0.0871557427476582,-0.996194698091745));
#7444=DIRECTION('',(1.,6.28238470249636E-17,0.));
#7445=DIRECTION('',(7.70371977754895E-34,-0.0871557427476582,-0.996194698091746));
#7446=DIRECTION('',(6.25847833199956E-17,-0.996194698091745,0.0871557427476582));
#7447=DIRECTION('',(-7.15347346704535E-16,-0.0871557427476582,-0.996194698091746));
#7448=DIRECTION('',(1.,8.71068291850046E-17,2.77555756156289E-16));
#7449=DIRECTION('',(6.25847833199956E-17,-0.996194698091745,0.0871557427476582));
#7450=DIRECTION('',(-7.15347346704535E-16,-0.0871557427476582,-0.996194698091746));
#7451=DIRECTION('',(-7.70371977754895E-34,0.0871557427476582,0.996194698091746));
#7452=DIRECTION('',(1.,6.28238470249636E-17,0.));
#7453=DIRECTION('',(6.25847833199956E-17,-0.996194698091746,0.0871557427476582));
#7454=DIRECTION('',(0.,-0.0871557427476582,-0.996194698091746));
#7455=DIRECTION('',(-1.,-6.23466293246003E-17,5.45462327495547E-18));
#7456=DIRECTION('',(6.25847833199956E-17,-0.996194698091746,0.0871557427476582));
#7457=DIRECTION('',(0.,-0.0871557427476582,-0.996194698091746));
#7458=DIRECTION('',(-1.,-6.23466293246003E-17,5.45462327495547E-18));
#7459=DIRECTION('',(0.,1.,0.));
#7460=DIRECTION('',(0.,0.,1.));
#7461=DIRECTION('',(0.,0.,1.));
#7462=DIRECTION('',(1.,0.,0.));
#7463=DIRECTION('',(0.,0.,-1.));
#7464=DIRECTION('',(1.,0.,0.));
#7465=DIRECTION('',(0.,0.,-1.));
#7466=DIRECTION('',(1.,0.,0.));
#7467=DIRECTION('',(0.,0.,-1.));
#7468=DIRECTION('',(1.,0.,0.));
#7469=DIRECTION('',(0.,0.,-1.));
#7470=DIRECTION('',(1.,0.,0.));
#7471=DIRECTION('',(0.,0.,-1.));
#7472=DIRECTION('',(1.,0.,0.));
#7473=DIRECTION('',(0.,0.,-1.));
#7474=DIRECTION('',(0.,-1.,0.));
#7475=DIRECTION('',(0.,0.,-1.));
#7476=DIRECTION('',(-1.,0.,-2.77555756156289E-16));
#7477=DIRECTION('',(0.,-1.,0.));
#7478=DIRECTION('',(0.,0.,-1.));
#7479=DIRECTION('',(0.,0.,-1.));
#7480=DIRECTION('',(1.,0.,0.));
#7481=DIRECTION('',(0.,1.,0.));
#7482=DIRECTION('',(-4.34307920528345E-19,1.,0.));
#7483=DIRECTION('',(-1.,-6.63095327926864E-35,0.));
#7484=DIRECTION('',(6.22700713858071E-17,-1.,0.));
#7485=DIRECTION('',(0.,-1.,0.));
#7486=DIRECTION('',(-1.,0.,0.));
#7487=DIRECTION('',(0.,0.,-1.));
#7488=DIRECTION('',(-1.,0.,0.));
#7489=DIRECTION('',(1.82123199577617E-16,-1.,0.));
#7490=DIRECTION('',(-1.,0.,0.));
#7491=DIRECTION('',(0.,0.,-1.));
#7492=DIRECTION('',(-1.,0.,0.));
#7493=DIRECTION('',(0.,-1.,0.));
#7494=DIRECTION('',(0.,0.,-1.));
#7495=DIRECTION('',(-1.,0.,0.));
#7496=DIRECTION('',(1.,0.,0.));
#7497=DIRECTION('',(0.,-1.,0.));
#7498=DIRECTION('',(0.,0.,-1.));
#7499=DIRECTION('',(-1.,0.,0.));
#7500=DIRECTION('',(1.,0.,0.));
#7501=DIRECTION('',(0.,0.,-1.));
#7502=DIRECTION('',(-1.,0.,0.));
#7503=DIRECTION('',(0.,1.,0.));
#7504=DIRECTION('',(1.,-1.21415466385078E-16,0.));
#7505=DIRECTION('',(0.,0.,-1.));
#7506=DIRECTION('',(-1.,0.,0.));
#7507=DIRECTION('',(0.,1.,0.));
#7508=DIRECTION('',(0.,0.,-1.));
#7509=DIRECTION('',(-1.,0.,0.));
#7510=DIRECTION('',(-1.,0.,0.));
#7511=DIRECTION('',(0.,1.,0.));
#7512=DIRECTION('',(0.,0.,-1.));
#7513=DIRECTION('',(-1.,0.,0.));
#7514=DIRECTION('',(-1.,0.,0.));
#7515=DIRECTION('',(0.,0.,-1.));
#7516=DIRECTION('',(-1.,0.,0.));
#7517=DIRECTION('',(0.,0.,-1.));
#7518=DIRECTION('',(-1.,0.,0.));
#7519=DIRECTION('',(0.,0.,-1.));
#7520=DIRECTION('',(-1.,0.,0.));
#7521=DIRECTION('',(0.,0.,-1.));
#7522=DIRECTION('',(-1.,0.,0.));
#7523=DIRECTION('',(0.,0.,-1.));
#7524=DIRECTION('',(-1.,0.,0.));
#7525=DIRECTION('',(0.,0.,-1.));
#7526=DIRECTION('',(-1.,0.,0.));
#7527=DIRECTION('',(0.,0.,-1.));
#7528=DIRECTION('',(-1.,0.,0.));
#7529=DIRECTION('',(0.,-1.,0.));
#7530=DIRECTION('',(0.,0.,-1.));
#7531=DIRECTION('',(0.,0.,1.));
#7532=DIRECTION('',(-1.,0.,0.));
#7533=DIRECTION('',(0.,0.,1.));
#7534=DIRECTION('',(1.,0.,0.));
#7535=DIRECTION('',(1.,0.,0.));
#7536=DIRECTION('',(0.,0.,-1.));
#7537=DIRECTION('',(1.,0.,0.));
#7538=DIRECTION('',(0.,0.,1.));
#7539=DIRECTION('',(1.,0.,0.));
#7540=DIRECTION('',(0.,0.,-1.));
#7541=DIRECTION('',(-1.,0.,0.));
#7542=DIRECTION('',(-1.,0.,0.));
#7543=DIRECTION('',(0.,0.,1.));
#7544=DIRECTION('',(1.,0.,0.));
#7545=DIRECTION('',(0.,1.,0.));
#7546=DIRECTION('',(0.,0.,1.));
#7547=DIRECTION('',(1.,0.,0.));
#7548=DIRECTION('',(0.,0.,-1.));
#7549=DIRECTION('',(-1.,0.,0.));
#7550=DIRECTION('',(0.,1.,0.));
#7551=DIRECTION('',(0.,0.,1.));
#7552=DIRECTION('',(1.,0.,0.));
#7553=DIRECTION('',(1.,0.,0.));
#7554=DIRECTION('',(0.,0.,-1.));
#7555=DIRECTION('',(0.,0.,-1.));
#7556=DIRECTION('',(0.,-1.,0.));
#7557=DIRECTION('',(0.,0.,-1.));
#7558=DIRECTION('',(0.,-1.,0.));
#7559=DIRECTION('',(0.,1.,0.));
#7560=DIRECTION('',(0.,0.,1.));
#7561=DIRECTION('',(0.,1.,0.));
#7562=DIRECTION('',(0.,-1.,0.));
#7563=DIRECTION('',(0.,0.,-1.));
#7564=DIRECTION('',(0.,0.,1.));
#7565=DIRECTION('',(-1.,0.,0.));
#7566=DIRECTION('',(0.,0.,1.));
#7567=DIRECTION('',(1.,0.,0.));
#7568=DIRECTION('',(0.,0.,-1.));
#7569=DIRECTION('',(1.,0.,0.));
#7570=DIRECTION('',(1.,0.,0.));
#7571=DIRECTION('',(0.,0.,1.));
#7572=DIRECTION('',(1.,0.,0.));
#7573=DIRECTION('',(0.,0.,-1.));
#7574=DIRECTION('',(-1.,0.,0.));
#7575=DIRECTION('',(0.,-1.,0.));
#7576=DIRECTION('',(0.,0.,1.));
#7577=DIRECTION('',(1.,0.,0.));
#7578=DIRECTION('',(0.,0.,1.));
#7579=DIRECTION('',(1.,0.,0.));
#7580=DIRECTION('',(0.,1.,0.));
#7581=DIRECTION('',(0.,0.,-1.));
#7582=DIRECTION('',(-1.,0.,0.));
#7583=DIRECTION('',(0.,0.,1.));
#7584=DIRECTION('',(1.,0.,0.));
#7585=DIRECTION('',(0.,0.,-1.));
#7586=DIRECTION('',(-1.,0.,0.));
#7587=DIRECTION('',(1.,0.,0.));
#7588=DIRECTION('',(0.,0.,1.));
#7589=DIRECTION('',(1.,0.,0.));
#7590=DIRECTION('',(0.,-1.,0.));
#7591=DIRECTION('',(0.,0.,1.));
#7592=DIRECTION('',(1.,0.,0.));
#7593=DIRECTION('',(1.,0.,0.));
#7594=DIRECTION('',(0.,0.,-1.));
#7595=DIRECTION('',(-1.,0.,0.));
#7596=DIRECTION('',(0.,1.,0.));
#7597=DIRECTION('',(0.,0.,1.));
#7598=DIRECTION('',(1.,0.,0.));
#7599=DIRECTION('',(0.,-1.,0.));
#7600=DIRECTION('',(0.,0.,-1.));
#7601=DIRECTION('',(0.,0.,1.));
#7602=DIRECTION('',(1.,0.,0.));
#7603=DIRECTION('',(0.,0.,1.));
#7604=DIRECTION('',(1.,0.,0.));
#7605=DIRECTION('',(0.,0.,-1.));
#7606=DIRECTION('',(-1.,0.,0.));
#7607=DIRECTION('',(0.,0.,1.));
#7608=DIRECTION('',(0.,0.,1.));
#7609=DIRECTION('',(1.,0.,0.));
#7610=DIRECTION('',(0.,0.,-1.));
#7611=DIRECTION('',(-1.,0.,0.));
#7612=DIRECTION('',(0.,1.,0.));
#7613=DIRECTION('',(0.,0.,1.));
#7614=DIRECTION('',(1.,0.,0.));
#7615=DIRECTION('',(1.,0.,0.));
#7616=DIRECTION('',(0.,0.,1.));
#7617=DIRECTION('',(1.,0.,0.));
#7618=DIRECTION('',(0.,-1.,0.));
#7619=DIRECTION('',(0.,0.,-1.));
#7620=DIRECTION('',(-1.,0.,0.));
#7621=DIRECTION('',(0.,0.,1.));
#7622=DIRECTION('',(1.,0.,0.));
#7623=DIRECTION('',(0.,-1.,0.));
#7624=DIRECTION('',(0.,0.,-1.));
#7625=DIRECTION('',(-1.,0.,0.));
#7626=DIRECTION('',(0.,1.,0.));
#7627=DIRECTION('',(0.,0.,1.));
#7628=DIRECTION('',(1.,0.,0.));
#7629=DIRECTION('',(1.,0.,0.));
#7630=DIRECTION('',(0.,0.,1.));
#7631=DIRECTION('',(1.,0.,0.));
#7632=DIRECTION('',(0.,0.,-1.));
#7633=DIRECTION('',(-1.,0.,0.));
#7634=DIRECTION('',(1.,0.,0.));
#7635=DIRECTION('',(0.,0.,-1.));
#7636=DIRECTION('',(0.,0.,-1.));
#7637=DIRECTION('',(0.,1.,0.));
#7638=DIRECTION('',(0.,0.,-1.));
#7639=DIRECTION('',(0.,-1.,0.));
#7640=DIRECTION('',(0.,0.,1.));
#7641=DIRECTION('',(0.,-1.,0.));
#7642=DIRECTION('',(0.,0.,1.));
#7643=DIRECTION('',(0.,-1.,0.));
#7644=DIRECTION('',(0.,0.,-1.));
#7645=DIRECTION('',(-1.,0.,0.));
#7646=DIRECTION('',(0.,0.,1.));
#7647=DIRECTION('',(1.,0.,0.));
#7648=DIRECTION('',(1.,0.,0.));
#7649=DIRECTION('',(0.,0.,-1.));
#7650=DIRECTION('',(0.,0.,-1.));
#7651=DIRECTION('',(0.,-1.,0.));
#7652=DIRECTION('',(0.,0.,-1.));
#7653=DIRECTION('',(0.,-1.,0.));
#7654=DIRECTION('',(0.,0.,1.));
#7655=DIRECTION('',(0.,1.,0.));
#7656=DIRECTION('',(0.,0.,1.));
#7657=DIRECTION('',(0.,1.,0.));
#7658=DIRECTION('',(0.,0.,1.));
#7659=DIRECTION('',(0.,0.,-1.));
#7660=DIRECTION('',(-1.,0.,0.));
#7661=DIRECTION('',(0.,0.,-1.));
#7662=DIRECTION('',(0.,0.,-1.));
#7663=DIRECTION('',(1.,0.,0.));
#7664=DIRECTION('',(-1.21415466385078E-16,-1.,0.));
#7665=DIRECTION('',(1.,-1.21415466385078E-16,0.));
#7666=DIRECTION('',(0.,0.,-1.));
#7667=DIRECTION('',(-1.,1.21415466385078E-16,0.));
#7668=DIRECTION('',(0.,0.,-1.));
#7669=DIRECTION('',(-1.,1.21415466385078E-16,0.));
#7670=DIRECTION('',(0.,0.,-1.));
#7671=DIRECTION('',(-1.,1.21415466385078E-16,0.));
#7672=DIRECTION('',(1.,0.,0.));
#7673=DIRECTION('',(0.,0.,-1.));
#7674=DIRECTION('',(0.,-1.,0.));
#7675=DIRECTION('',(0.,0.,-1.));
#7676=DIRECTION('',(0.,-1.,0.));
#7677=DIRECTION('',(0.,1.,0.));
#7678=DIRECTION('',(0.,0.,1.));
#7679=DIRECTION('',(0.,0.,-1.));
#7680=DIRECTION('',(-1.,0.,0.));
#7681=DIRECTION('',(0.,0.,-1.));
#7682=DIRECTION('',(1.,0.,0.));
#7683=DIRECTION('',(0.,0.,-1.));
#7684=DIRECTION('',(0.,0.,-1.));
#7685=DIRECTION('',(1.,0.,0.));
#7686=DIRECTION('',(0.,0.,-1.));
#7687=DIRECTION('',(0.,0.,-1.));
#7688=DIRECTION('',(1.,0.,0.));
#7689=DIRECTION('',(1.,0.,0.));
#7690=DIRECTION('',(0.,0.,-1.));
#7691=DIRECTION('',(0.,0.,-1.));
#7692=DIRECTION('',(0.,1.,0.));
#7693=DIRECTION('',(0.,-1.,0.));
#7694=DIRECTION('',(0.,-1.,0.));
#7695=DIRECTION('',(0.,0.,-1.));
#7696=DIRECTION('',(1.,0.,0.));
#7697=DIRECTION('',(0.,0.,-1.));
#7698=DIRECTION('',(0.,0.,-1.));
#7699=DIRECTION('',(-1.,0.,0.));
#7700=DIRECTION('',(0.,0.,-1.));
#7701=DIRECTION('',(-1.,0.,0.));
#7702=DIRECTION('',(0.,0.,-1.));
#7703=DIRECTION('',(-1.,0.,0.));
#7704=DIRECTION('',(-0.707106781186548,0.,0.707106781186548));
#7705=DIRECTION('',(-4.9831245404654E-18,0.0871557427476582,0.996194698091746));
#7706=DIRECTION('',(0.,-0.996194698091746,0.0871557427476582));
#7707=DIRECTION('',(6.2071966036085E-17,-0.996194698091746,0.0871557427476582));
#7708=DIRECTION('',(1.,4.34307920528345E-19,4.9641622471425E-18));
#7709=DIRECTION('',(-9.62964972193618E-35,0.996194698091746,-0.0871557427476582));
#7710=DIRECTION('',(-1.,-6.27809372451287E-17,4.90461027812969E-19));
#7711=DIRECTION('',(-5.69573741286931E-17,0.996194698091746,-0.0871557427476582));
#7712=DIRECTION('',(-4.9831245404654E-18,0.0871557427476582,0.996194698091746));
#7713=DIRECTION('',(-5.69573741286931E-17,0.996194698091746,-0.0871557427476582));
#7714=DIRECTION('',(-4.9831245404654E-18,0.0871557427476582,0.996194698091746));
#7715=DIRECTION('',(5.69573741286931E-17,-0.996194698091746,0.0871557427476582));
#7716=DIRECTION('',(0.,-0.996194698091746,0.0871557427476582));
#7717=DIRECTION('',(-4.9831245404654E-18,0.0871557427476582,0.996194698091746));
#7718=DIRECTION('',(-5.69573741286931E-17,0.996194698091746,-0.0871557427476582));
#7719=DIRECTION('',(1.,0.,0.));
#7720=DIRECTION('',(-4.9831245404654E-18,0.0871557427476582,0.996194698091746));
#7721=DIRECTION('',(5.69573741286931E-17,-0.996194698091746,0.0871557427476582));
#7722=DIRECTION('',(0.,-1.,0.));
#7723=DIRECTION('',(0.,0.,-1.));
#7724=DIRECTION('',(0.,0.,1.));
#7725=DIRECTION('',(1.,0.,0.));
#7726=DIRECTION('',(0.,0.,1.));
#7727=DIRECTION('',(0.,0.,1.));
#7728=DIRECTION('',(-1.,0.,0.));
#7729=DIRECTION('',(0.,0.,-1.));
#7730=DIRECTION('',(-1.,-5.71749420447604E-17,0.));
#7731=DIRECTION('',(5.71749420447604E-17,-1.,0.));
#7732=DIRECTION('',(0.,0.,1.));
#7733=DIRECTION('',(-5.71749420447604E-17,1.,0.));
#7734=DIRECTION('',(0.,0.,1.));
#7735=DIRECTION('',(0.,-1.,0.));
#7736=DIRECTION('',(0.,0.,-1.));
#7737=DIRECTION('',(0.,0.,1.));
#7738=DIRECTION('',(-1.,0.,0.));
#7739=DIRECTION('',(0.,0.,1.));
#7740=DIRECTION('',(-1.,0.,0.));
#7741=DIRECTION('',(0.,0.,1.));
#7742=DIRECTION('',(0.,0.,1.));
#7743=DIRECTION('',(0.,-1.,0.));
#7744=DIRECTION('',(0.,0.,1.));
#7745=DIRECTION('',(0.,0.,1.));
#7746=DIRECTION('',(1.,0.,0.));
#7747=DIRECTION('',(0.,0.,1.));
#7748=DIRECTION('',(1.,0.,0.));
#7749=DIRECTION('',(0.,0.,1.));
#7750=DIRECTION('',(1.,0.,0.));
#7751=DIRECTION('',(0.,-1.,0.));
#7752=DIRECTION('',(0.,0.,-1.));
#7753=DIRECTION('',(-1.,0.,0.));
#7754=DIRECTION('',(0.,0.,1.));
#7755=DIRECTION('',(1.,0.,0.));
#7756=DIRECTION('',(0.,0.,-1.));
#7757=DIRECTION('',(-1.,0.,0.));
#7758=DIRECTION('',(0.,0.,1.));
#7759=DIRECTION('',(1.,0.,0.));
#7760=DIRECTION('',(0.,0.,1.));
#7761=DIRECTION('',(1.,0.,0.));
#7762=DIRECTION('',(0.,0.,1.));
#7763=DIRECTION('',(1.,0.,0.));
#7764=DIRECTION('',(0.,-1.,0.));
#7765=DIRECTION('',(0.,0.,-1.));
#7766=DIRECTION('',(-1.,0.,0.));
#7767=DIRECTION('',(0.,0.,1.));
#7768=DIRECTION('',(1.,0.,0.));
#7769=DIRECTION('',(0.,0.,-1.));
#7770=DIRECTION('',(-1.,0.,0.));
#7771=DIRECTION('',(0.,0.,1.));
#7772=DIRECTION('',(1.,0.,0.));
#7773=DIRECTION('',(0.,0.,1.));
#7774=DIRECTION('',(1.,0.,0.));
#7775=DIRECTION('',(0.,-1.,0.));
#7776=DIRECTION('',(0.,0.,-1.));
#7777=DIRECTION('',(-1.,0.,0.));
#7778=DIRECTION('',(0.,1.,0.));
#7779=DIRECTION('',(0.,0.,1.));
#7780=DIRECTION('',(1.,0.,0.));
#7781=DIRECTION('',(0.,0.,-1.));
#7782=DIRECTION('',(-1.,0.,0.));
#7783=DIRECTION('',(0.,0.,-1.));
#7784=DIRECTION('',(-1.,0.,0.));
#7785=DIRECTION('',(0.,0.,1.));
#7786=DIRECTION('',(1.,0.,0.));
#7787=DIRECTION('',(0.,0.,1.));
#7788=DIRECTION('',(1.,0.,0.));
#7789=DIRECTION('',(0.,0.,1.));
#7790=DIRECTION('',(1.,0.,0.));
#7791=DIRECTION('',(0.,0.,1.));
#7792=DIRECTION('',(1.,0.,0.));
#7793=DIRECTION('',(0.,0.,1.));
#7794=DIRECTION('',(1.,0.,0.));
#7795=DIRECTION('',(0.,0.,-1.));
#7796=DIRECTION('',(-1.,0.,0.));
#7797=DIRECTION('',(0.,0.,1.));
#7798=DIRECTION('',(1.,0.,0.));
#7799=DIRECTION('',(0.707106781186548,4.04287892337979E-17,-0.707106781186547));
#7800=DIRECTION('',(5.71749420447604E-17,-1.,0.));
#7801=DIRECTION('',(0.707106781186548,0.,0.707106781186548));
#7802=DIRECTION('',(-0.707106781186547,0.,-0.707106781186548));
#7803=DIRECTION('',(0.,0.,-1.));
#7804=DIRECTION('',(-1.,0.,0.));
#7805=DIRECTION('',(0.,-0.707106781186548,0.707106781186547));
#7806=DIRECTION('',(0.,0.,-1.));
#7807=DIRECTION('',(-1.,0.,0.));
#7808=DIRECTION('',(0.,-0.707106781186548,-0.707106781186548));
#7809=DIRECTION('',(0.,0.707106781186547,0.707106781186548));
#7810=DIRECTION('',(-1.,0.,0.));
#7811=DIRECTION('',(0.,-0.707106781186548,0.707106781186547));
#7812=DIRECTION('',(0.,0.707106781186548,-0.707106781186548));
#7813=DIRECTION('',(1.,0.,0.));
#7814=DIRECTION('',(0.,-0.707106781186548,-0.707106781186548));
#7815=DIRECTION('',(0.,0.,-1.));
#7816=DIRECTION('',(-1.,0.,0.));
#7817=DIRECTION('',(-0.707106781186548,0.,0.707106781186547));
#7818=DIRECTION('',(0.,0.,-1.));
#7819=DIRECTION('',(-1.,0.,0.));
#7820=DIRECTION('',(0.707106781186548,0.,-0.707106781186547));
#7821=DIRECTION('',(0.707106781186547,0.,0.707106781186548));
#7822=DIRECTION('',(0.,1.,0.));
#7823=DIRECTION('',(0.,0.,-1.));
#7824=DIRECTION('',(-1.,0.,0.));
#7825=DIRECTION('',(0.,0.,-1.));
#7826=DIRECTION('',(-1.,0.,0.));
#7827=DIRECTION('',(0.,0.,-1.));
#7828=DIRECTION('',(1.,0.,0.));
#7829=DIRECTION('',(0.,0.,-1.));
#7830=DIRECTION('',(-1.,0.,0.));
#7831=DIRECTION('',(0.,0.,-1.));
#7832=DIRECTION('',(-1.,0.,0.));
#7833=DIRECTION('',(0.,0.,-1.));
#7834=DIRECTION('',(1.,0.,0.));
#7835=DIRECTION('',(0.,0.,-1.));
#7836=DIRECTION('',(-1.,0.,0.));
#7837=DIRECTION('',(0.,0.,-1.));
#7838=DIRECTION('',(-1.,0.,0.));
#7839=DIRECTION('',(0.,0.,-1.));
#7840=DIRECTION('',(1.,0.,0.));
#7841=DIRECTION('',(0.,0.,-1.));
#7842=DIRECTION('',(-1.,0.,0.));
#7843=DIRECTION('',(0.,0.,-1.));
#7844=DIRECTION('',(-1.,0.,0.));
#7845=DIRECTION('',(0.,0.,-1.));
#7846=DIRECTION('',(1.,0.,0.));
#7847=DIRECTION('',(0.,0.,-1.));
#7848=DIRECTION('',(-1.,0.,0.));
#7849=DIRECTION('',(0.,0.,-1.));
#7850=DIRECTION('',(-1.,0.,0.));
#7851=DIRECTION('',(0.,0.,-1.));
#7852=DIRECTION('',(1.,0.,0.));
#7853=DIRECTION('',(0.,0.,-1.));
#7854=DIRECTION('',(-1.,0.,0.));
#7855=DIRECTION('',(0.,0.,-1.));
#7856=DIRECTION('',(-1.,0.,0.));
#7857=DIRECTION('',(0.,0.,-1.));
#7858=DIRECTION('',(1.,0.,0.));
#7859=DIRECTION('',(0.,0.,-1.));
#7860=DIRECTION('',(-1.,0.,0.));
#7861=DIRECTION('',(0.,0.,-1.));
#7862=DIRECTION('',(-1.,0.,0.));
#7863=DIRECTION('',(0.,0.,-1.));
#7864=DIRECTION('',(1.,0.,0.));
#7865=DIRECTION('',(0.,0.,-1.));
#7866=DIRECTION('',(-1.,0.,0.));
#7867=DIRECTION('',(0.,0.,-1.));
#7868=DIRECTION('',(-1.,0.,0.));
#7869=DIRECTION('',(0.,0.,-1.));
#7870=DIRECTION('',(1.,0.,0.));
#7871=DIRECTION('',(-6.60572050010149E-35,0.996194698091745,-0.0871557427476582));
#7872=DIRECTION('',(0.,0.0871557427476582,0.996194698091746));
#7873=DIRECTION('',(4.9831245404654E-18,-0.0871557427476582,-0.996194698091745));
#7874=DIRECTION('',(-1.,-4.34307920528345E-19,-4.9641622471425E-18));
#7875=DIRECTION('',(4.9831245404654E-18,-0.0871557427476582,-0.996194698091745));
#7876=DIRECTION('',(4.9831245404654E-18,-0.0871557427476582,-0.996194698091745));
#7877=DIRECTION('',(4.9831245404654E-18,-0.0871557427476582,-0.996194698091745));
#7878=DIRECTION('',(1.,4.34307920528345E-19,4.9641622471425E-18));
#7879=DIRECTION('',(4.9641622471425E-18,0.,-1.));
#7880=DIRECTION('',(4.9831245404654E-18,-0.0871557427476582,-0.996194698091745));
#7881=DIRECTION('',(9.62964972193618E-35,-0.996194698091746,0.0871557427476582));
#7882=DIRECTION('',(4.9831245404654E-18,-0.0871557427476582,-0.996194698091745));
#7883=DIRECTION('',(-1.,-6.22700713858071E-17,4.45766056539905E-19));
#7884=DIRECTION('',(6.22700713858071E-17,-1.,0.));
#7885=DIRECTION('',(-6.2071966036085E-17,0.996194698091746,-0.0871557427476582));
#7886=DIRECTION('',(0.,0.,-1.));
#7887=DIRECTION('',(-1.,0.,0.));
#7888=DIRECTION('',(0.,0.,-1.));
#7889=DIRECTION('',(0.,0.,-1.));
#7890=DIRECTION('',(-1.,0.,0.));
#7891=DIRECTION('',(0.,0.707106781186548,-0.707106781186548));
#7892=DIRECTION('',(0.,-0.707106781186548,-0.707106781186548));
#7893=DIRECTION('',(0.,0.707106781186548,-0.707106781186548));
#7894=DIRECTION('',(0.,-0.707106781186548,-0.707106781186548));
#7895=DIRECTION('',(0.,0.,-1.));
#7896=DIRECTION('',(-1.,0.,0.));
#7897=DIRECTION('',(0.,0.,-1.));
#7898=DIRECTION('',(1.,0.,0.));
#7899=DIRECTION('',(0.,0.,-1.));
#7900=DIRECTION('',(0.,0.,-1.));
#7901=DIRECTION('',(0.,-1.,0.));
#7902=DIRECTION('',(-1.,0.,0.));
#7903=DIRECTION('',(0.,0.,1.));
#7904=DIRECTION('',(0.,1.,0.));
#7905=DIRECTION('',(0.,0.,-1.));
#7906=DIRECTION('',(0.,0.,-1.));
#7907=DIRECTION('',(0.,0.,-1.));
#7908=DIRECTION('',(-1.,0.,0.));
#7909=DIRECTION('',(0.,0.,-1.));
#7910=DIRECTION('',(0.,0.,-1.));
#7911=DIRECTION('',(-1.,0.,0.));
#7912=DIRECTION('',(0.,0.707106781186548,-0.707106781186548));
#7913=DIRECTION('',(0.,-0.707106781186548,-0.707106781186548));
#7914=DIRECTION('',(0.,0.707106781186548,-0.707106781186548));
#7915=DIRECTION('',(0.,-0.707106781186548,-0.707106781186548));
#7916=DIRECTION('',(0.,0.,-1.));
#7917=DIRECTION('',(-1.,0.,0.));
#7918=DIRECTION('',(0.,0.,-1.));
#7919=DIRECTION('',(1.,0.,0.));
#7920=DIRECTION('',(1.,0.,0.));
#7921=DIRECTION('',(0.,0.,-1.));
#7922=DIRECTION('',(-1.,0.,0.));
#7923=DIRECTION('',(0.,0.,-1.));
#7924=DIRECTION('',(-1.,0.,0.));
#7925=DIRECTION('',(0.,0.,-1.));
#7926=DIRECTION('',(-1.,0.,0.));
#7927=DIRECTION('',(0.,0.,-1.));
#7928=DIRECTION('',(0.,0.,-1.));
#7929=DIRECTION('',(-1.,0.,0.));
#7930=DIRECTION('',(0.,0.707106781186548,-0.707106781186548));
#7931=DIRECTION('',(0.,-0.707106781186548,-0.707106781186548));
#7932=DIRECTION('',(1.,0.,0.));
#7933=DIRECTION('',(0.,0.,-1.));
#7934=DIRECTION('',(0.,0.,-1.));
#7935=DIRECTION('',(0.,-1.,0.));
#7936=DIRECTION('',(-1.,0.,0.));
#7937=DIRECTION('',(0.,0.,1.));
#7938=DIRECTION('',(0.,1.,0.));
#7939=DIRECTION('',(0.,0.,-1.));
#7940=DIRECTION('',(0.,0.,-1.));
#7941=DIRECTION('',(1.,0.,0.));
#7942=DIRECTION('',(0.,1.,0.));
#7943=DIRECTION('',(1.,0.,0.));
#7944=DIRECTION('',(0.,0.,-1.));
#7945=DIRECTION('',(-1.,0.,0.));
#7946=DIRECTION('',(0.,0.,-1.));
#7947=DIRECTION('',(-1.,0.,0.));
#7948=DIRECTION('',(0.,0.,-1.));
#7949=DIRECTION('',(-1.,0.,0.));
#7950=DIRECTION('',(1.,0.,0.));
#7951=DIRECTION('',(0.,0.,-1.));
#7952=DIRECTION('',(-1.,0.,0.));
#7953=DIRECTION('',(1.,0.,0.));
#7954=DIRECTION('',(0.,0.,-1.));
#7955=DIRECTION('',(0.,0.,-1.));
#7956=DIRECTION('',(0.,-1.,0.));
#7957=DIRECTION('',(-1.,0.,0.));
#7958=DIRECTION('',(0.,0.,1.));
#7959=DIRECTION('',(0.,1.,0.));
#7960=DIRECTION('',(0.,0.,-1.));
#7961=DIRECTION('',(0.,0.,-1.));
#7962=DIRECTION('',(0.,0.,-1.));
#7963=DIRECTION('',(-1.,0.,0.));
#7964=DIRECTION('',(0.,0.707106781186548,-0.707106781186548));
#7965=DIRECTION('',(0.,-0.707106781186548,-0.707106781186548));
#7966=DIRECTION('',(0.,0.,-1.));
#7967=DIRECTION('',(-1.,0.,0.));
#7968=DIRECTION('',(0.,0.,-1.));
#7969=DIRECTION('',(1.,0.,0.));
#7970=DIRECTION('',(0.,0.,-1.));
#7971=DIRECTION('',(-1.,0.,0.));
#7972=DIRECTION('',(1.,0.,0.));
#7973=DIRECTION('',(0.,0.,-1.));
#7974=DIRECTION('',(-1.,0.,0.));
#7975=DIRECTION('',(0.,0.,-1.));
#7976=DIRECTION('',(-1.,0.,0.));
#7977=DIRECTION('',(0.,0.,-1.));
#7978=DIRECTION('',(-1.,0.,0.));
#7979=DIRECTION('',(1.,0.,0.));
#7980=DIRECTION('',(0.,-1.,0.));
#7981=DIRECTION('',(0.,0.,-1.));
#7982=DIRECTION('',(-1.,0.,0.));
#7983=DIRECTION('',(0.,0.,-1.));
#7984=DIRECTION('',(0.,0.,-1.));
#7985=DIRECTION('',(-1.,0.,0.));
#7986=DIRECTION('',(0.,0.707106781186548,0.707106781186548));
#7987=DIRECTION('',(0.,0.707106781186548,-0.707106781186548));
#7988=DIRECTION('',(0.,0.707106781186548,0.707106781186548));
#7989=DIRECTION('',(0.,0.707106781186548,-0.707106781186548));
#7990=DIRECTION('',(0.,0.,-1.));
#7991=DIRECTION('',(-1.,0.,0.));
#7992=DIRECTION('',(0.,0.,-1.));
#7993=DIRECTION('',(-1.,0.,0.));
#7994=DIRECTION('',(0.,0.,1.));
#7995=DIRECTION('',(0.,0.,-1.));
#7996=DIRECTION('',(0.,1.,0.));
#7997=DIRECTION('',(0.,0.,-1.));
#7998=DIRECTION('',(1.,0.,0.));
#7999=DIRECTION('',(0.,0.,-1.));
#8000=DIRECTION('',(-1.,0.,0.));
#8001=DIRECTION('',(-1.,0.,0.));
#8002=DIRECTION('',(0.,0.,-1.));
#8003=DIRECTION('',(-1.,0.,0.));
#8004=DIRECTION('',(0.,0.,-1.));
#8005=DIRECTION('',(-1.,0.,0.));
#8006=DIRECTION('',(1.,0.,0.));
#8007=DIRECTION('',(0.,0.,-1.));
#8008=DIRECTION('',(0.,0.,-1.));
#8009=DIRECTION('',(0.,-1.,0.));
#8010=DIRECTION('',(0.,0.,-1.));
#8011=DIRECTION('',(1.,0.,0.));
#8012=DIRECTION('',(0.,0.,-1.));
#8013=DIRECTION('',(0.,-1.,0.));
#8014=DIRECTION('',(0.,0.,-1.));
#8015=DIRECTION('',(0.,0.,-1.));
#8016=DIRECTION('',(-1.,0.,0.));
#8017=DIRECTION('',(0.,0.,-1.));
#8018=DIRECTION('',(-1.,0.,0.));
#8019=DIRECTION('',(0.,0.707106781186548,0.707106781186548));
#8020=DIRECTION('',(0.,0.707106781186548,-0.707106781186548));
#8021=DIRECTION('',(0.,0.,-1.));
#8022=DIRECTION('',(1.,0.,0.));
#8023=DIRECTION('',(-1.,0.,0.));
#8024=DIRECTION('',(0.,0.,-1.));
#8025=DIRECTION('',(-1.,0.,0.));
#8026=DIRECTION('',(0.,0.,-1.));
#8027=DIRECTION('',(-1.,0.,0.));
#8028=DIRECTION('',(-1.,0.,0.));
#8029=DIRECTION('',(0.,0.,1.));
#8030=DIRECTION('',(0.,1.,0.));
#8031=DIRECTION('',(0.,0.,-1.));
#8032=DIRECTION('',(0.,0.,-1.));
#8033=DIRECTION('',(0.,0.,-1.));
#8034=DIRECTION('',(-1.,0.,0.));
#8035=DIRECTION('',(0.,0.,-1.));
#8036=DIRECTION('',(0.,0.,-1.));
#8037=DIRECTION('',(-1.,0.,0.));
#8038=DIRECTION('',(0.,0.707106781186548,0.707106781186548));
#8039=DIRECTION('',(0.,0.707106781186548,-0.707106781186548));
#8040=DIRECTION('',(0.,0.707106781186548,0.707106781186548));
#8041=DIRECTION('',(0.,0.707106781186548,-0.707106781186548));
#8042=DIRECTION('',(0.,0.,-1.));
#8043=DIRECTION('',(-1.,0.,0.));
#8044=DIRECTION('',(0.,0.,-1.));
#8045=DIRECTION('',(1.,0.,0.));
#8046=DIRECTION('',(-1.,0.,0.));
#8047=DIRECTION('',(0.,1.,0.));
#8048=DIRECTION('',(0.,0.,-1.));
#8049=DIRECTION('',(-1.,0.,0.));
#8050=DIRECTION('',(1.,0.,0.));
#8051=DIRECTION('',(0.,0.,-1.));
#8052=DIRECTION('',(0.,0.,-1.));
#8053=DIRECTION('',(0.,-1.,0.));
#8054=DIRECTION('',(-1.,0.,0.));
#8055=DIRECTION('',(0.,0.,1.));
#8056=DIRECTION('',(0.,1.,0.));
#8057=DIRECTION('',(0.,0.,-1.));
#8058=DIRECTION('',(0.,0.,-1.));
#8059=DIRECTION('',(0.,0.,-1.));
#8060=DIRECTION('',(-1.,0.,0.));
#8061=DIRECTION('',(0.,0.707106781186548,0.707106781186548));
#8062=DIRECTION('',(0.,0.707106781186548,-0.707106781186548));
#8063=DIRECTION('',(0.,0.,-1.));
#8064=DIRECTION('',(-1.,0.,0.));
#8065=DIRECTION('',(0.,0.,-1.));
#8066=DIRECTION('',(1.,0.,0.));
#8067=DIRECTION('',(-1.,0.,0.));
#8068=DIRECTION('',(0.,0.,-1.));
#8069=DIRECTION('',(-1.,0.,0.));
#8070=DIRECTION('',(0.,0.,-1.));
#8071=DIRECTION('',(-1.,0.,0.));
#8072=DIRECTION('',(-1.,0.,0.));
#8073=DIRECTION('',(0.,0.,1.));
#8074=DIRECTION('',(0.,1.,0.));
#8075=DIRECTION('',(0.,0.0871557427476582,0.996194698091746));
#8076=DIRECTION('',(0.,-1.,0.));
#8077=DIRECTION('',(0.,-1.,0.));
#8078=DIRECTION('',(0.,0.,-1.));
#8079=DIRECTION('',(-5.22146173508664E-17,0.997352817253308,-0.0727142208710908));
#8080=DIRECTION('',(0.,-0.0727142208710908,-0.997352817253308));
#8081=DIRECTION('',(0.,-1.,0.));
#8082=DIRECTION('',(-2.77555756156289E-16,0.,1.));
#8083=DIRECTION('',(1.,0.,2.77555756156289E-16));
#8084=DIRECTION('',(1.,8.71068291850046E-17,2.77555756156289E-16));
#8085=DIRECTION('',(0.,-1.,0.));
#8086=DIRECTION('',(0.,-1.,0.));
#8087=DIRECTION('',(0.,0.,-1.));
#8088=DIRECTION('',(-5.22146173508662E-17,0.997352817253308,-0.0727142208710906));
#8089=DIRECTION('',(0.,-0.0727142208710906,-0.997352817253308));
#8090=DIRECTION('',(0.,-1.,0.));
#8091=DIRECTION('',(1.,0.,0.));
#8092=DIRECTION('',(0.,0.,-1.));
#8093=DIRECTION('',(0.,-0.0871557427476582,-0.996194698091746));
#8094=DIRECTION('',(0.,-1.,0.));
#8095=DIRECTION('',(0.,0.0871557427476582,0.996194698091745));
#8096=DIRECTION('',(0.,-0.996194698091746,0.0871557427476582));
#8097=DIRECTION('',(1.,6.23466293246003E-17,-5.45462327495547E-18));
#8098=DIRECTION('',(6.25847833199956E-17,-0.996194698091745,0.0871557427476582));
#8099=DIRECTION('',(6.25847833199956E-17,-0.996194698091745,0.0871557427476582));
#8100=DIRECTION('',(6.25847833199956E-17,-0.996194698091745,0.0871557427476582));
#8101=DIRECTION('',(0.,-0.0871557427476582,-0.996194698091746));
#8102=DIRECTION('',(6.25847833199956E-17,-0.996194698091745,0.0871557427476582));
#8103=DIRECTION('',(6.25847833199956E-17,-0.996194698091746,0.0871557427476582));
#8104=DIRECTION('',(0.,-0.0871557427476582,-0.996194698091746));
#8105=DIRECTION('',(0.,0.0871557427476582,0.996194698091745));
#8106=DIRECTION('',(0.,-0.996194698091746,0.0871557427476582));
#8107=DIRECTION('',(6.25847833199956E-17,-0.996194698091745,0.0871557427476582));
#8108=DIRECTION('',(1.,6.23466293246003E-17,-5.45462327495547E-18));
#8109=DIRECTION('',(6.25847833199956E-17,-0.996194698091745,0.0871557427476582));
#8110=DIRECTION('',(0.,-0.0871557427476582,-0.996194698091746));
#8111=DIRECTION('',(6.25847833199956E-17,-0.996194698091746,0.0871557427476582));
#8112=DIRECTION('',(0.,-0.0871557427476582,-0.996194698091746));
#8113=DIRECTION('',(6.25847833199956E-17,-0.996194698091746,0.0871557427476582));
#8114=DIRECTION('',(0.,-0.0871557427476582,-0.996194698091746));
#8115=DIRECTION('',(6.25847833199956E-17,-0.996194698091746,0.0871557427476582));
#8116=DIRECTION('',(6.25847833199956E-17,-0.996194698091746,0.0871557427476582));
#8117=DIRECTION('',(0.,-0.0871557427476582,-0.996194698091746));
#8118=DIRECTION('',(6.25847833199956E-17,-0.996194698091746,0.0871557427476582));
#8119=DIRECTION('',(0.,-0.0871557427476582,-0.996194698091746));
#8120=DIRECTION('',(6.25847833199956E-17,-0.996194698091746,0.0871557427476582));
#8121=DIRECTION('',(0.,-0.0871557427476582,-0.996194698091746));
#8122=DIRECTION('',(6.25847833199956E-17,-0.996194698091746,0.0871557427476582));
#8123=DIRECTION('',(7.32961624258009E-34,0.0871557427476582,0.996194698091746));
#8124=DIRECTION('',(0.,-0.996194698091746,0.0871557427476582));
#8125=DIRECTION('',(-1.,-6.23466293246003E-17,5.45462327495547E-18));
#8126=DIRECTION('',(6.25847833199956E-17,-0.996194698091746,0.0871557427476582));
#8127=DIRECTION('',(1.,6.23466293246003E-17,-5.45462327495547E-18));
#8128=DIRECTION('',(0.,0.,-1.));
#8129=DIRECTION('',(-1.,0.,0.));
#8130=DIRECTION('',(0.,0.,-1.));
#8131=DIRECTION('',(-1.,0.,0.));
#8132=DIRECTION('',(0.,0.,-1.));
#8133=DIRECTION('',(1.,0.,0.));
#8134=DIRECTION('',(0.,0.,-1.));
#8135=DIRECTION('',(-1.,0.,0.));
#8136=DIRECTION('',(0.,0.,-1.));
#8137=DIRECTION('',(-1.,0.,0.));
#8138=DIRECTION('',(0.,0.,-1.));
#8139=DIRECTION('',(1.,0.,0.));
#8140=DIRECTION('',(0.,0.,-1.));
#8141=DIRECTION('',(-1.,0.,0.));
#8142=DIRECTION('',(0.,0.,-1.));
#8143=DIRECTION('',(-1.,0.,0.));
#8144=DIRECTION('',(0.,0.,-1.));
#8145=DIRECTION('',(1.,0.,0.));
#8146=DIRECTION('',(0.,0.,-1.));
#8147=DIRECTION('',(-1.,0.,0.));
#8148=DIRECTION('',(0.,0.,-1.));
#8149=DIRECTION('',(-1.,0.,0.));
#8150=DIRECTION('',(0.,0.,-1.));
#8151=DIRECTION('',(1.,0.,0.));
#8152=DIRECTION('',(0.,0.,-1.));
#8153=DIRECTION('',(-1.,0.,0.));
#8154=DIRECTION('',(0.,0.,-1.));
#8155=DIRECTION('',(-1.,0.,0.));
#8156=DIRECTION('',(0.,0.,-1.));
#8157=DIRECTION('',(1.,0.,0.));
#8158=DIRECTION('',(0.,0.,-1.));
#8159=DIRECTION('',(-1.,0.,0.));
#8160=DIRECTION('',(0.,0.,-1.));
#8161=DIRECTION('',(-1.,0.,0.));
#8162=DIRECTION('',(0.,0.,-1.));
#8163=DIRECTION('',(1.,0.,0.));
#8164=DIRECTION('',(0.,0.,-1.));
#8165=DIRECTION('',(-1.,0.,0.));
#8166=DIRECTION('',(0.,0.,-1.));
#8167=DIRECTION('',(-1.,0.,0.));
#8168=DIRECTION('',(0.,0.,-1.));
#8169=DIRECTION('',(1.,0.,0.));
#8170=DIRECTION('',(0.,0.,-1.));
#8171=DIRECTION('',(1.,0.,0.));
#8172=DIRECTION('',(-1.,0.,0.));
#8173=DIRECTION('',(0.,0.,-1.));
#8174=DIRECTION('',(-1.,0.,0.));
#8175=DIRECTION('',(0.,0.,-1.));
#8176=DIRECTION('',(-1.,0.,0.));
#8177=DIRECTION('',(-1.,0.,0.));
#8178=DIRECTION('',(1.82123199577617E-16,-1.,0.));
#8179=DIRECTION('',(0.,1.,0.));
#8180=DIRECTION('',(0.,0.,1.));
#8181=DIRECTION('',(0.,0.,-1.));
#8182=DIRECTION('',(1.,0.,0.));
#8183=DIRECTION('',(0.707106781186547,0.,0.707106781186548));
#8184=DIRECTION('',(0.,-1.,0.));
#8185=DIRECTION('',(0.,0.,-1.));
#8186=DIRECTION('',(1.,0.,0.));
#8187=DIRECTION('',(0.,0.,1.));
#8188=DIRECTION('',(1.,0.,0.));
#8189=DIRECTION('',(0.,0.,1.));
#8190=DIRECTION('',(-1.,0.,0.));
#8191=DIRECTION('',(0.,0.,1.));
#8192=DIRECTION('',(0.,-1.,0.));
#8193=DIRECTION('',(0.,0.,1.));
#8194=DIRECTION('',(0.,-1.,0.));
#8195=DIRECTION('',(0.,-1.,0.));
#8196=DIRECTION('',(0.,0.,-1.));
#8197=DIRECTION('',(1.,0.,0.));
#8198=DIRECTION('',(0.,0.,1.));
#8199=DIRECTION('',(1.,0.,0.));
#8200=DIRECTION('',(0.,-1.,0.));
#8201=DIRECTION('',(0.,0.,-1.));
#8202=DIRECTION('',(1.,0.,0.));
#8203=DIRECTION('',(0.,0.,1.));
#8204=DIRECTION('',(1.,0.,0.));
#8205=DIRECTION('',(0.,0.,1.));
#8206=DIRECTION('',(-1.,0.,0.));
#8207=DIRECTION('',(0.,0.,1.));
#8208=DIRECTION('',(0.,-1.,0.));
#8209=DIRECTION('',(0.,0.,1.));
#8210=DIRECTION('',(0.,-1.,0.));
#8211=DIRECTION('',(0.,-1.,0.));
#8212=DIRECTION('',(0.,0.,-1.));
#8213=DIRECTION('',(1.,0.,0.));
#8214=DIRECTION('',(0.,0.,1.));
#8215=DIRECTION('',(1.,0.,0.));
#8216=DIRECTION('',(0.,-1.,0.));
#8217=DIRECTION('',(0.,0.,-1.));
#8218=DIRECTION('',(1.,0.,0.));
#8219=DIRECTION('',(0.,0.,1.));
#8220=DIRECTION('',(1.,0.,0.));
#8221=DIRECTION('',(0.,0.,1.));
#8222=DIRECTION('',(-1.,0.,0.));
#8223=DIRECTION('',(0.,0.,1.));
#8224=DIRECTION('',(0.,-1.,0.));
#8225=DIRECTION('',(0.,0.,1.));
#8226=DIRECTION('',(0.,-1.,0.));
#8227=DIRECTION('',(0.,-1.,0.));
#8228=DIRECTION('',(0.,0.,-1.));
#8229=DIRECTION('',(1.,0.,0.));
#8230=DIRECTION('',(0.,0.,1.));
#8231=DIRECTION('',(1.,0.,0.));
#8232=DIRECTION('',(0.,-1.,0.));
#8233=DIRECTION('',(0.,0.,-1.));
#8234=DIRECTION('',(1.,0.,0.));
#8235=DIRECTION('',(0.,0.,1.));
#8236=DIRECTION('',(1.,0.,0.));
#8237=DIRECTION('',(0.,0.,1.));
#8238=DIRECTION('',(-1.,0.,0.));
#8239=DIRECTION('',(0.,0.,1.));
#8240=DIRECTION('',(0.,-1.,0.));
#8241=DIRECTION('',(0.,0.,1.));
#8242=DIRECTION('',(0.,-1.,0.));
#8243=DIRECTION('',(0.,-1.,0.));
#8244=DIRECTION('',(0.,0.,-1.));
#8245=DIRECTION('',(1.,0.,0.));
#8246=DIRECTION('',(0.,0.,1.));
#8247=DIRECTION('',(1.,0.,0.));
#8248=DIRECTION('',(0.,-1.,0.));
#8249=DIRECTION('',(0.,0.,-1.));
#8250=DIRECTION('',(1.,0.,0.));
#8251=DIRECTION('',(0.,0.,1.));
#8252=DIRECTION('',(1.,0.,0.));
#8253=DIRECTION('',(0.,0.,1.));
#8254=DIRECTION('',(-1.,0.,0.));
#8255=DIRECTION('',(0.,0.,1.));
#8256=DIRECTION('',(0.,-1.,0.));
#8257=DIRECTION('',(0.,0.,1.));
#8258=DIRECTION('',(0.,-1.,0.));
#8259=DIRECTION('',(0.,-1.,0.));
#8260=DIRECTION('',(0.,0.,-1.));
#8261=DIRECTION('',(1.,0.,0.));
#8262=DIRECTION('',(0.,0.,1.));
#8263=DIRECTION('',(1.,0.,0.));
#8264=DIRECTION('',(0.,-1.,0.));
#8265=DIRECTION('',(0.,0.,-1.));
#8266=DIRECTION('',(1.,0.,0.));
#8267=DIRECTION('',(0.,0.,1.));
#8268=DIRECTION('',(1.,0.,0.));
#8269=DIRECTION('',(0.,0.,1.));
#8270=DIRECTION('',(-1.,0.,0.));
#8271=DIRECTION('',(0.,0.,1.));
#8272=DIRECTION('',(0.,-1.,0.));
#8273=DIRECTION('',(0.,0.,1.));
#8274=DIRECTION('',(0.,-1.,0.));
#8275=DIRECTION('',(0.,-1.,0.));
#8276=DIRECTION('',(0.,0.,-1.));
#8277=DIRECTION('',(1.,0.,0.));
#8278=DIRECTION('',(0.,0.,1.));
#8279=DIRECTION('',(1.,0.,0.));
#8280=DIRECTION('',(0.,-1.,0.));
#8281=DIRECTION('',(0.,0.,-1.));
#8282=DIRECTION('',(1.,0.,0.));
#8283=DIRECTION('',(0.,0.,1.));
#8284=DIRECTION('',(1.,0.,0.));
#8285=DIRECTION('',(0.,0.,1.));
#8286=DIRECTION('',(-1.,0.,0.));
#8287=DIRECTION('',(0.,0.,1.));
#8288=DIRECTION('',(0.,-1.,0.));
#8289=DIRECTION('',(0.,0.,1.));
#8290=DIRECTION('',(0.,-1.,0.));
#8291=DIRECTION('',(0.,-1.,0.));
#8292=DIRECTION('',(0.,0.,-1.));
#8293=DIRECTION('',(1.,0.,0.));
#8294=DIRECTION('',(0.,0.,1.));
#8295=DIRECTION('',(1.,0.,0.));
#8296=DIRECTION('',(0.,-1.,0.));
#8297=DIRECTION('',(0.,0.,-1.));
#8298=DIRECTION('',(1.,0.,0.));
#8299=DIRECTION('',(0.,0.,1.));
#8300=DIRECTION('',(1.,0.,0.));
#8301=DIRECTION('',(0.,0.,1.));
#8302=DIRECTION('',(-1.,0.,0.));
#8303=DIRECTION('',(0.,0.,1.));
#8304=DIRECTION('',(0.,-1.,0.));
#8305=DIRECTION('',(0.,0.,1.));
#8306=DIRECTION('',(0.,-1.,0.));
#8307=DIRECTION('',(0.,-1.,0.));
#8308=DIRECTION('',(0.,0.,-1.));
#8309=DIRECTION('',(1.,0.,0.));
#8310=DIRECTION('',(0.,0.,1.));
#8311=DIRECTION('',(1.,0.,0.));
#8312=DIRECTION('',(0.,-1.,0.));
#8313=DIRECTION('',(0.,0.,-1.));
#8314=DIRECTION('',(1.,0.,0.));
#8315=DIRECTION('',(0.,0.,1.));
#8316=DIRECTION('',(1.,0.,0.));
#8317=DIRECTION('',(0.,0.,1.));
#8318=DIRECTION('',(-1.,0.,0.));
#8319=DIRECTION('',(0.,0.,1.));
#8320=DIRECTION('',(0.,-1.,0.));
#8321=DIRECTION('',(0.,0.,1.));
#8322=DIRECTION('',(0.,-1.,0.));
#8323=DIRECTION('',(0.,-1.,0.));
#8324=DIRECTION('',(0.,0.,-1.));
#8325=DIRECTION('',(1.,0.,0.));
#8326=DIRECTION('',(0.,0.,1.));
#8327=DIRECTION('',(1.,0.,0.));
#8328=DIRECTION('',(0.,-1.,0.));
#8329=DIRECTION('',(0.,0.,-1.));
#8330=DIRECTION('',(1.,0.,0.));
#8331=DIRECTION('',(0.,0.,1.));
#8332=DIRECTION('',(1.,0.,0.));
#8333=DIRECTION('',(0.,0.,1.));
#8334=DIRECTION('',(-1.,0.,0.));
#8335=DIRECTION('',(0.,0.,1.));
#8336=DIRECTION('',(0.,-1.,0.));
#8337=DIRECTION('',(0.,0.,1.));
#8338=DIRECTION('',(0.,-1.,0.));
#8339=DIRECTION('',(0.,-1.,0.));
#8340=DIRECTION('',(0.,0.,-1.));
#8341=DIRECTION('',(1.,0.,0.));
#8342=DIRECTION('',(0.,0.,1.));
#8343=DIRECTION('',(1.,0.,0.));
#8344=DIRECTION('',(0.,-1.,0.));
#8345=DIRECTION('',(0.,0.,-1.));
#8346=DIRECTION('',(1.,0.,0.));
#8347=DIRECTION('',(0.,0.,1.));
#8348=DIRECTION('',(1.,0.,0.));
#8349=DIRECTION('',(0.,0.,1.));
#8350=DIRECTION('',(-1.,0.,0.));
#8351=DIRECTION('',(0.,0.,1.));
#8352=DIRECTION('',(0.,-1.,0.));
#8353=DIRECTION('',(0.,0.,1.));
#8354=DIRECTION('',(0.,-1.,0.));
#8355=DIRECTION('',(0.,-1.,0.));
#8356=DIRECTION('',(0.,0.,-1.));
#8357=DIRECTION('',(1.,0.,0.));
#8358=DIRECTION('',(0.,0.,1.));
#8359=DIRECTION('',(1.,0.,0.));
#8360=DIRECTION('',(0.,-1.,0.));
#8361=DIRECTION('',(0.,0.,-1.));
#8362=DIRECTION('',(1.,0.,0.));
#8363=DIRECTION('',(0.,0.,1.));
#8364=DIRECTION('',(1.,0.,0.));
#8365=DIRECTION('',(0.,0.,1.));
#8366=DIRECTION('',(-1.,0.,0.));
#8367=DIRECTION('',(0.,0.,1.));
#8368=DIRECTION('',(0.,-1.,0.));
#8369=DIRECTION('',(0.,0.,1.));
#8370=DIRECTION('',(0.,-1.,0.));
#8371=DIRECTION('',(0.,-1.,0.));
#8372=DIRECTION('',(0.,0.,-1.));
#8373=DIRECTION('',(1.,0.,0.));
#8374=DIRECTION('',(0.,0.,1.));
#8375=DIRECTION('',(1.,0.,0.));
#8376=DIRECTION('',(0.,-1.,0.));
#8377=DIRECTION('',(0.,0.,-1.));
#8378=DIRECTION('',(1.,0.,0.));
#8379=DIRECTION('',(0.,0.,1.));
#8380=DIRECTION('',(1.,0.,0.));
#8381=DIRECTION('',(0.,0.,1.));
#8382=DIRECTION('',(-1.,0.,0.));
#8383=DIRECTION('',(0.,0.,1.));
#8384=DIRECTION('',(0.,-1.,0.));
#8385=DIRECTION('',(0.,0.,1.));
#8386=DIRECTION('',(0.,-1.,0.));
#8387=DIRECTION('',(0.,-1.,0.));
#8388=DIRECTION('',(0.,0.,-1.));
#8389=DIRECTION('',(1.,0.,0.));
#8390=DIRECTION('',(0.,0.,1.));
#8391=DIRECTION('',(1.,0.,0.));
#8392=DIRECTION('',(0.,-1.,0.));
#8393=DIRECTION('',(0.,0.,-1.));
#8394=DIRECTION('',(1.,0.,0.));
#8395=DIRECTION('',(0.,0.,1.));
#8396=DIRECTION('',(1.,0.,0.));
#8397=DIRECTION('',(0.,0.,1.));
#8398=DIRECTION('',(-1.,0.,0.));
#8399=DIRECTION('',(0.,0.,1.));
#8400=DIRECTION('',(0.,-1.,0.));
#8401=DIRECTION('',(0.,0.,1.));
#8402=DIRECTION('',(0.,-1.,0.));
#8403=DIRECTION('',(0.,-1.,0.));
#8404=DIRECTION('',(0.,0.,-1.));
#8405=DIRECTION('',(1.,0.,0.));
#8406=DIRECTION('',(0.,0.,1.));
#8407=DIRECTION('',(1.,0.,0.));
#8408=DIRECTION('',(0.,-1.,0.));
#8409=DIRECTION('',(0.,0.,-1.));
#8410=DIRECTION('',(1.,0.,0.));
#8411=DIRECTION('',(0.,0.,1.));
#8412=DIRECTION('',(1.,0.,0.));
#8413=DIRECTION('',(0.,0.,1.));
#8414=DIRECTION('',(-1.,0.,0.));
#8415=DIRECTION('',(0.,0.,1.));
#8416=DIRECTION('',(0.,-1.,0.));
#8417=DIRECTION('',(0.,0.,1.));
#8418=DIRECTION('',(0.,-1.,0.));
#8419=DIRECTION('',(0.,-1.,0.));
#8420=DIRECTION('',(0.,0.,-1.));
#8421=DIRECTION('',(1.,0.,0.));
#8422=DIRECTION('',(0.,0.,1.));
#8423=DIRECTION('',(1.,0.,0.));
#8424=DIRECTION('',(0.,-1.,0.));
#8425=DIRECTION('',(0.,0.,-1.));
#8426=DIRECTION('',(1.,0.,0.));
#8427=DIRECTION('',(0.,0.,1.));
#8428=DIRECTION('',(1.,0.,0.));
#8429=DIRECTION('',(0.,0.,1.));
#8430=DIRECTION('',(-1.,0.,0.));
#8431=DIRECTION('',(0.,0.,1.));
#8432=DIRECTION('',(0.,-1.,0.));
#8433=DIRECTION('',(0.,0.,1.));
#8434=DIRECTION('',(0.,-1.,0.));
#8435=DIRECTION('',(0.,-1.,0.));
#8436=DIRECTION('',(0.,0.,-1.));
#8437=DIRECTION('',(1.,0.,0.));
#8438=DIRECTION('',(0.,0.,1.));
#8439=DIRECTION('',(1.,0.,0.));
#8440=DIRECTION('',(0.,-1.,0.));
#8441=DIRECTION('',(0.,0.,-1.));
#8442=DIRECTION('',(1.,0.,0.));
#8443=DIRECTION('',(0.,0.,1.));
#8444=DIRECTION('',(1.,0.,0.));
#8445=DIRECTION('',(0.,0.,1.));
#8446=DIRECTION('',(-1.,0.,0.));
#8447=DIRECTION('',(0.,0.,1.));
#8448=DIRECTION('',(0.,-1.,0.));
#8449=DIRECTION('',(0.,0.,1.));
#8450=DIRECTION('',(0.,-1.,0.));
#8451=DIRECTION('',(0.,-1.,0.));
#8452=DIRECTION('',(0.,0.,-1.));
#8453=DIRECTION('',(1.,0.,0.));
#8454=DIRECTION('',(0.,0.,1.));
#8455=DIRECTION('',(1.,0.,0.));
#8456=DIRECTION('',(0.,-1.,0.));
#8457=DIRECTION('',(0.,0.,-1.));
#8458=DIRECTION('',(1.,0.,0.));
#8459=DIRECTION('',(0.,0.,1.));
#8460=DIRECTION('',(1.,0.,0.));
#8461=DIRECTION('',(0.,0.,1.));
#8462=DIRECTION('',(-1.,0.,0.));
#8463=DIRECTION('',(0.,0.,1.));
#8464=DIRECTION('',(0.,-1.,0.));
#8465=DIRECTION('',(0.,0.,1.));
#8466=DIRECTION('',(0.,-1.,0.));
#8467=DIRECTION('',(0.,-1.,0.));
#8468=DIRECTION('',(0.,0.,-1.));
#8469=DIRECTION('',(1.,0.,0.));
#8470=DIRECTION('',(0.,0.,1.));
#8471=DIRECTION('',(1.,0.,0.));
#8472=DIRECTION('',(0.,-1.,0.));
#8473=DIRECTION('',(0.,0.,-1.));
#8474=DIRECTION('',(1.,0.,0.));
#8475=DIRECTION('',(0.,0.,1.));
#8476=DIRECTION('',(1.,0.,0.));
#8477=DIRECTION('',(0.,0.,1.));
#8478=DIRECTION('',(-1.,0.,0.));
#8479=DIRECTION('',(0.,0.,1.));
#8480=DIRECTION('',(0.,-1.,0.));
#8481=DIRECTION('',(0.,0.,1.));
#8482=DIRECTION('',(0.,-1.,0.));
#8483=DIRECTION('',(0.,-1.,0.));
#8484=DIRECTION('',(0.,0.,-1.));
#8485=DIRECTION('',(1.,0.,0.));
#8486=DIRECTION('',(0.,0.,1.));
#8487=DIRECTION('',(1.,0.,0.));
#8488=DIRECTION('',(0.,-1.,0.));
#8489=DIRECTION('',(0.,0.,-1.));
#8490=DIRECTION('',(1.,0.,0.));
#8491=DIRECTION('',(0.,0.,1.));
#8492=DIRECTION('',(1.,0.,0.));
#8493=DIRECTION('',(0.,0.,1.));
#8494=DIRECTION('',(-1.,0.,0.));
#8495=DIRECTION('',(0.,0.,1.));
#8496=DIRECTION('',(0.,-1.,0.));
#8497=DIRECTION('',(0.,0.,1.));
#8498=DIRECTION('',(0.,-1.,0.));
#8499=DIRECTION('',(0.,-1.,0.));
#8500=DIRECTION('',(0.,0.,-1.));
#8501=DIRECTION('',(1.,0.,0.));
#8502=DIRECTION('',(0.,0.,1.));
#8503=DIRECTION('',(1.,0.,0.));
#8504=DIRECTION('',(0.,-1.,0.));
#8505=DIRECTION('',(0.,0.,-1.));
#8506=DIRECTION('',(1.,0.,0.));
#8507=DIRECTION('',(0.,0.,1.));
#8508=DIRECTION('',(1.,0.,0.));
#8509=DIRECTION('',(0.,0.,1.));
#8510=DIRECTION('',(-1.,0.,0.));
#8511=DIRECTION('',(0.,0.,1.));
#8512=DIRECTION('',(0.,-1.,0.));
#8513=DIRECTION('',(0.,0.,1.));
#8514=DIRECTION('',(0.,-1.,0.));
#8515=DIRECTION('',(0.,-1.,0.));
#8516=DIRECTION('',(0.,0.,-1.));
#8517=DIRECTION('',(1.,0.,0.));
#8518=DIRECTION('',(0.,0.,1.));
#8519=DIRECTION('',(1.,0.,0.));
#8520=DIRECTION('',(0.,-1.,0.));
#8521=DIRECTION('',(0.,0.,-1.));
#8522=DIRECTION('',(1.,0.,0.));
#8523=DIRECTION('',(0.,0.,1.));
#8524=DIRECTION('',(1.,0.,0.));
#8525=DIRECTION('',(0.,0.,1.));
#8526=DIRECTION('',(-1.,0.,0.));
#8527=DIRECTION('',(0.,0.,1.));
#8528=DIRECTION('',(0.,-1.,0.));
#8529=DIRECTION('',(0.,0.,1.));
#8530=DIRECTION('',(0.,-1.,0.));
#8531=DIRECTION('',(0.,-1.,0.));
#8532=DIRECTION('',(0.,0.,-1.));
#8533=DIRECTION('',(1.,0.,0.));
#8534=DIRECTION('',(0.,0.,1.));
#8535=DIRECTION('',(1.,0.,0.));
#8536=DIRECTION('',(0.,-1.,0.));
#8537=DIRECTION('',(0.,0.,-1.));
#8538=DIRECTION('',(1.,0.,0.));
#8539=DIRECTION('',(0.,0.,1.));
#8540=DIRECTION('',(1.,0.,0.));
#8541=DIRECTION('',(0.,0.,1.));
#8542=DIRECTION('',(-1.,0.,0.));
#8543=DIRECTION('',(0.,0.,1.));
#8544=DIRECTION('',(0.,-1.,0.));
#8545=DIRECTION('',(0.,0.,1.));
#8546=DIRECTION('',(0.,-1.,0.));
#8547=DIRECTION('',(0.,-1.,0.));
#8548=DIRECTION('',(0.,0.,-1.));
#8549=DIRECTION('',(1.,0.,0.));
#8550=DIRECTION('',(0.,0.,1.));
#8551=DIRECTION('',(1.,0.,0.));
#8552=DIRECTION('',(0.,-1.,0.));
#8553=DIRECTION('',(0.,0.,-1.));
#8554=DIRECTION('',(1.,0.,0.));
#8555=DIRECTION('',(0.,0.,1.));
#8556=DIRECTION('',(1.,0.,0.));
#8557=DIRECTION('',(0.,0.,1.));
#8558=DIRECTION('',(-1.,0.,0.));
#8559=DIRECTION('',(0.,0.,1.));
#8560=DIRECTION('',(0.,-1.,0.));
#8561=DIRECTION('',(0.,0.,1.));
#8562=DIRECTION('',(0.,-1.,0.));
#8563=DIRECTION('',(0.,-1.,0.));
#8564=DIRECTION('',(0.,0.,-1.));
#8565=DIRECTION('',(1.,0.,0.));
#8566=DIRECTION('',(0.,0.,1.));
#8567=DIRECTION('',(1.,0.,0.));
#8568=DIRECTION('',(0.,-1.,0.));
#8569=DIRECTION('',(0.,0.,-1.));
#8570=DIRECTION('',(1.,0.,0.));
#8571=DIRECTION('',(0.,0.,1.));
#8572=DIRECTION('',(1.,0.,0.));
#8573=DIRECTION('',(0.,0.,1.));
#8574=DIRECTION('',(-1.,0.,0.));
#8575=DIRECTION('',(0.,0.,1.));
#8576=DIRECTION('',(0.,-1.,0.));
#8577=DIRECTION('',(0.,0.,1.));
#8578=DIRECTION('',(0.,-1.,0.));
#8579=DIRECTION('',(0.,-1.,0.));
#8580=DIRECTION('',(0.,0.,-1.));
#8581=DIRECTION('',(1.,0.,0.));
#8582=DIRECTION('',(0.,0.,1.));
#8583=DIRECTION('',(1.,0.,0.));
#8584=DIRECTION('',(1.,0.,0.));
#8585=DIRECTION('',(0.,0.,-1.));
#8586=DIRECTION('',(0.,0.,1.));
#8587=DIRECTION('',(0.,1.,0.));
#8588=DIRECTION('',(0.,0.,1.));
#8589=DIRECTION('',(0.,-1.,0.));
#8590=DIRECTION('',(0.,0.,-1.));
#8591=DIRECTION('',(0.,0.,1.));
#8592=DIRECTION('',(1.,0.,0.));
#8593=DIRECTION('',(1.,0.,0.));
#8594=DIRECTION('',(0.,0.,-1.));
#8595=DIRECTION('',(0.,0.,1.));
#8596=DIRECTION('',(0.,1.,0.));
#8597=DIRECTION('',(-1.,0.,0.));
#8598=DIRECTION('',(0.,0.,1.));
#8599=DIRECTION('',(0.,-1.,0.));
#8600=DIRECTION('',(0.,-1.,0.));
#8601=DIRECTION('',(-1.,0.,0.));
#8602=DIRECTION('',(0.,0.,1.));
#8603=DIRECTION('',(0.,-1.,0.));
#8604=DIRECTION('',(0.,-1.,0.));
#8605=DIRECTION('',(-1.,0.,0.));
#8606=DIRECTION('',(0.,0.,1.));
#8607=DIRECTION('',(0.,-1.,0.));
#8608=DIRECTION('',(0.,-1.,0.));
#8609=DIRECTION('',(-1.,0.,0.));
#8610=DIRECTION('',(0.,0.,1.));
#8611=DIRECTION('',(0.,-1.,0.));
#8612=DIRECTION('',(0.,-1.,0.));
#8613=DIRECTION('',(-1.,0.,0.));
#8614=DIRECTION('',(0.,0.,1.));
#8615=DIRECTION('',(0.,-1.,0.));
#8616=DIRECTION('',(0.,-1.,0.));
#8617=DIRECTION('',(-1.,0.,0.));
#8618=DIRECTION('',(0.,0.,1.));
#8619=DIRECTION('',(0.,-1.,0.));
#8620=DIRECTION('',(0.,-1.,0.));
#8621=DIRECTION('',(-1.,0.,0.));
#8622=DIRECTION('',(0.,0.,1.));
#8623=DIRECTION('',(0.,-1.,0.));
#8624=DIRECTION('',(0.,-1.,0.));
#8625=DIRECTION('',(-1.,0.,0.));
#8626=DIRECTION('',(0.,0.,1.));
#8627=DIRECTION('',(0.,-1.,0.));
#8628=DIRECTION('',(0.,-1.,0.));
#8629=DIRECTION('',(-1.,0.,0.));
#8630=DIRECTION('',(0.,0.,1.));
#8631=DIRECTION('',(0.,-1.,0.));
#8632=DIRECTION('',(0.,-1.,0.));
#8633=DIRECTION('',(-1.,0.,0.));
#8634=DIRECTION('',(0.,0.,1.));
#8635=DIRECTION('',(0.,-1.,0.));
#8636=DIRECTION('',(0.,-1.,0.));
#8637=DIRECTION('',(-1.,0.,0.));
#8638=DIRECTION('',(0.,0.,1.));
#8639=DIRECTION('',(0.,-1.,0.));
#8640=DIRECTION('',(0.,-1.,0.));
#8641=DIRECTION('',(-1.,0.,0.));
#8642=DIRECTION('',(0.,0.,1.));
#8643=DIRECTION('',(0.,-1.,0.));
#8644=DIRECTION('',(0.,-1.,0.));
#8645=DIRECTION('',(-1.,0.,0.));
#8646=DIRECTION('',(0.,0.,1.));
#8647=DIRECTION('',(0.,-1.,0.));
#8648=DIRECTION('',(0.,-1.,0.));
#8649=DIRECTION('',(-1.,0.,0.));
#8650=DIRECTION('',(0.,0.,1.));
#8651=DIRECTION('',(0.,-1.,0.));
#8652=DIRECTION('',(0.,-1.,0.));
#8653=DIRECTION('',(-1.,0.,0.));
#8654=DIRECTION('',(0.,0.,1.));
#8655=DIRECTION('',(0.,-1.,0.));
#8656=DIRECTION('',(0.,-1.,0.));
#8657=DIRECTION('',(-1.,0.,0.));
#8658=DIRECTION('',(0.,0.,1.));
#8659=DIRECTION('',(0.,-1.,0.));
#8660=DIRECTION('',(0.,-1.,0.));
#8661=DIRECTION('',(-1.,0.,0.));
#8662=DIRECTION('',(0.,0.,1.));
#8663=DIRECTION('',(0.,-1.,0.));
#8664=DIRECTION('',(0.,-1.,0.));
#8665=DIRECTION('',(-1.,0.,0.));
#8666=DIRECTION('',(0.,0.,1.));
#8667=DIRECTION('',(0.,-1.,0.));
#8668=DIRECTION('',(0.,-1.,0.));
#8669=DIRECTION('',(-1.,0.,0.));
#8670=DIRECTION('',(0.,0.,1.));
#8671=DIRECTION('',(0.,-1.,0.));
#8672=DIRECTION('',(0.,-1.,0.));
#8673=DIRECTION('',(-1.,0.,0.));
#8674=DIRECTION('',(0.,0.,1.));
#8675=DIRECTION('',(0.,-1.,0.));
#8676=DIRECTION('',(0.,-1.,0.));
#8677=DIRECTION('',(-1.,0.,0.));
#8678=DIRECTION('',(0.,0.,1.));
#8679=DIRECTION('',(0.,-1.,0.));
#8680=DIRECTION('',(0.,-1.,0.));
#8681=DIRECTION('',(-1.,0.,0.));
#8682=DIRECTION('',(0.,0.,1.));
#8683=DIRECTION('',(0.,-1.,0.));
#8684=DIRECTION('',(0.,-1.,0.));
#8685=DIRECTION('',(-1.,0.,0.));
#8686=DIRECTION('',(0.,0.,1.));
#8687=DIRECTION('',(0.,-1.,0.));
#8688=DIRECTION('',(0.,-1.,0.));
#8689=DIRECTION('',(-1.,0.,0.));
#8690=DIRECTION('',(0.,0.,1.));
#8691=DIRECTION('',(0.,-1.,0.));
#8692=DIRECTION('',(0.,-1.,0.));
#8693=DIRECTION('',(0.,-1.,0.));
#8694=DIRECTION('',(0.,0.,-1.));
#8695=DIRECTION('',(1.,0.,0.));
#8696=DIRECTION('',(-1.,0.,0.));
#8697=DIRECTION('',(0.,0.,1.));
#8698=DIRECTION('',(0.,-1.,0.));
#8699=DIRECTION('',(0.,-1.,0.));
#8700=DIRECTION('',(0.,0.,1.));
#8701=DIRECTION('',(1.,0.,0.));
#8702=DIRECTION('',(0.,0.,1.));
#8703=DIRECTION('',(1.,0.,0.));
#8704=DIRECTION('',(0.,0.,1.));
#8705=DIRECTION('',(1.,0.,0.));
#8706=DIRECTION('',(0.,0.,1.));
#8707=DIRECTION('',(1.,0.,0.));
#8708=DIRECTION('',(0.,0.,1.));
#8709=DIRECTION('',(1.,0.,0.));
#8710=DIRECTION('',(0.,0.,1.));
#8711=DIRECTION('',(1.,0.,0.));
#8712=DIRECTION('',(0.,0.,1.));
#8713=DIRECTION('',(1.,0.,0.));
#8714=DIRECTION('',(0.,0.,1.));
#8715=DIRECTION('',(1.,0.,0.));
#8716=DIRECTION('',(0.,0.,1.));
#8717=DIRECTION('',(1.,0.,0.));
#8718=DIRECTION('',(0.,0.,1.));
#8719=DIRECTION('',(1.,0.,0.));
#8720=DIRECTION('',(0.,0.,1.));
#8721=DIRECTION('',(1.,0.,0.));
#8722=DIRECTION('',(0.,0.,1.));
#8723=DIRECTION('',(1.,0.,0.));
#8724=DIRECTION('',(0.,0.,1.));
#8725=DIRECTION('',(1.,0.,0.));
#8726=DIRECTION('',(0.,0.,1.));
#8727=DIRECTION('',(1.,0.,0.));
#8728=DIRECTION('',(0.,0.,1.));
#8729=DIRECTION('',(1.,0.,0.));
#8730=DIRECTION('',(0.,0.,1.));
#8731=DIRECTION('',(1.,0.,0.));
#8732=DIRECTION('',(0.,0.,1.));
#8733=DIRECTION('',(1.,0.,0.));
#8734=DIRECTION('',(0.,0.,1.));
#8735=DIRECTION('',(1.,0.,0.));
#8736=DIRECTION('',(0.,0.,1.));
#8737=DIRECTION('',(1.,0.,0.));
#8738=DIRECTION('',(0.,0.,1.));
#8739=DIRECTION('',(1.,0.,0.));
#8740=DIRECTION('',(0.,0.,1.));
#8741=DIRECTION('',(1.,0.,0.));
#8742=DIRECTION('',(0.,0.,1.));
#8743=DIRECTION('',(1.,0.,0.));
#8744=DIRECTION('',(0.,0.,1.));
#8745=DIRECTION('',(1.,0.,0.));
#8746=DIRECTION('',(0.,0.,1.));
#8747=DIRECTION('',(1.,0.,0.));
#8748=DIRECTION('',(0.,0.,1.));
#8749=DIRECTION('',(1.,0.,0.));
#8750=DIRECTION('',(0.,0.,1.));
#8751=DIRECTION('',(1.,0.,0.));
#8752=DIRECTION('',(0.,-1.,0.));
#8753=DIRECTION('',(0.,0.,-1.));
#8754=DIRECTION('',(-1.,0.,0.));
#8755=DIRECTION('',(1.,0.,0.));
#8756=DIRECTION('',(1.,0.,0.));
#8757=DIRECTION('',(0.,0.,-1.));
#8758=DIRECTION('',(0.,0.,1.));
#8759=DIRECTION('',(0.,-1.,0.));
#8760=DIRECTION('',(0.,0.,1.));
#8761=DIRECTION('',(0.,1.,0.));
#8762=DIRECTION('',(0.,-1.,0.));
#8763=DIRECTION('',(0.,0.,-1.));
#8764=DIRECTION('',(0.,0.,1.));
#8765=DIRECTION('',(-1.,0.,0.));
#8766=DIRECTION('',(0.,0.,1.));
#8767=DIRECTION('',(1.,0.,0.));
#8768=DIRECTION('',(1.,0.,0.));
#8769=DIRECTION('',(0.,0.,-1.));
#8770=DIRECTION('',(0.,0.,1.));
#8771=DIRECTION('',(0.,1.,0.));
#8772=DIRECTION('',(0.,0.,1.));
#8773=DIRECTION('',(0.,-1.,0.));
#8774=DIRECTION('',(0.,0.,1.));
#8775=DIRECTION('',(1.,0.,0.));
#8776=DIRECTION('',(0.,-1.,0.));
#8777=DIRECTION('',(0.,0.,1.));
#8778=DIRECTION('',(1.,0.,0.));
#8779=DIRECTION('',(0.,0.,1.));
#8780=DIRECTION('',(1.,0.,0.));
#8781=DIRECTION('',(0.,-1.,0.));
#8782=DIRECTION('',(0.,0.,1.));
#8783=DIRECTION('',(1.,0.,0.));
#8784=DIRECTION('',(0.,1.,0.));
#8785=DIRECTION('',(1.,0.,0.));
#8786=DIRECTION('',(0.,-1.,0.));
#8787=DIRECTION('',(0.,0.,1.));
#8788=DIRECTION('',(1.,0.,0.));
#8789=DIRECTION('',(0.,-1.,0.));
#8790=DIRECTION('',(0.,0.,1.));
#8791=DIRECTION('',(1.,0.,0.));
#8792=DIRECTION('',(0.,0.,1.));
#8793=DIRECTION('',(1.,0.,0.));
#8794=DIRECTION('',(0.,1.,0.));
#8795=DIRECTION('',(0.,0.,1.));
#8796=DIRECTION('',(1.,0.,0.));
#8797=DIRECTION('',(-1.,0.,0.));
#8798=DIRECTION('',(0.,0.,1.));
#8799=DIRECTION('',(1.,0.,0.));
#8800=DIRECTION('',(-1.,0.,0.));
#8801=DIRECTION('',(0.,0.,1.));
#8802=DIRECTION('',(0.,-1.,0.));
#8803=DIRECTION('',(0.,0.,1.));
#8804=DIRECTION('',(-1.,0.,0.));
#8805=DIRECTION('',(0.,0.,1.));
#8806=DIRECTION('',(0.,0.,1.));
#8807=DIRECTION('',(0.,1.,0.));
#8808=DIRECTION('',(0.,-0.0871557427476582,-0.996194698091746));
#8809=DIRECTION('',(0.,0.996194698091746,-0.0871557427476582));
#8810=DIRECTION('',(0.,-0.0871557427476595,-0.996194698091745));
#8811=DIRECTION('',(0.,0.996194698091746,-0.0871557427476595));
#8812=DIRECTION('',(1.,0.,0.));
#8813=DIRECTION('',(0.,0.,-1.));
#8814=DIRECTION('',(1.,8.71068291850046E-17,2.77555756156289E-16));
#8815=DIRECTION('',(2.77555756156289E-16,0.,-1.));
#8816=DIRECTION('',(1.,0.,0.));
#8817=DIRECTION('',(0.,0.,-1.));
#8818=DIRECTION('',(0.,0.0871557427476595,0.996194698091745));
#8819=DIRECTION('',(0.,-0.996194698091746,0.0871557427476595));
#8820=DIRECTION('',(0.,0.0871557427476582,0.996194698091746));
#8821=DIRECTION('',(0.,-0.996194698091746,0.0871557427476582));
#8822=DIRECTION('',(0.,0.,1.));
#8823=DIRECTION('',(1.,0.,0.));
#8824=DIRECTION('',(0.,0.,-1.));
#8825=DIRECTION('',(-1.,0.,0.));
#8826=DIRECTION('',(0.,0.,-1.));
#8827=DIRECTION('',(-1.,0.,0.));
#8828=DIRECTION('',(0.,0.,-1.));
#8829=DIRECTION('',(-1.,0.,0.));
#8830=DIRECTION('',(0.,0.,-1.));
#8831=DIRECTION('',(-1.,0.,0.));
#8832=DIRECTION('',(0.,0.,-1.));
#8833=DIRECTION('',(-1.,0.,0.));
#8834=DIRECTION('',(0.,0.,1.));
#8835=DIRECTION('',(1.,0.,0.));
#8836=DIRECTION('',(0.,0.,1.));
#8837=DIRECTION('',(1.,0.,0.));
#8838=DIRECTION('',(0.,0.,-1.));
#8839=DIRECTION('',(-1.,0.,0.));
#8840=DIRECTION('',(0.,0.,1.));
#8841=DIRECTION('',(1.,0.,0.));
#8842=DIRECTION('',(0.,0.,1.));
#8843=DIRECTION('',(1.,0.,0.));
#8844=DIRECTION('',(0.,0.,1.));
#8845=DIRECTION('',(1.,0.,0.));
#8846=DIRECTION('',(0.,0.,-1.));
#8847=DIRECTION('',(-1.,0.,0.));
#8848=DIRECTION('',(0.,0.,-1.));
#8849=DIRECTION('',(-1.,0.,0.));
#8850=DIRECTION('',(0.,0.,-1.));
#8851=DIRECTION('',(-1.,0.,0.));
#8852=DIRECTION('',(0.,0.,-1.));
#8853=DIRECTION('',(-1.,0.,0.));
#8854=DIRECTION('',(0.,0.,1.));
#8855=DIRECTION('',(1.,0.,0.));
#8856=DIRECTION('',(0.,0.,1.));
#8857=DIRECTION('',(1.,0.,0.));
#8858=DIRECTION('',(0.,0.,-1.));
#8859=DIRECTION('',(-1.,0.,0.));
#8860=DIRECTION('',(0.,0.,1.));
#8861=DIRECTION('',(1.,0.,0.));
#8862=DIRECTION('',(0.,0.,-1.));
#8863=DIRECTION('',(-1.,0.,0.));
#8864=DIRECTION('',(0.,0.,-1.));
#8865=DIRECTION('',(-1.,0.,0.));
#8866=DIRECTION('',(0.,0.,-1.));
#8867=DIRECTION('',(-1.,0.,0.));
#8868=DIRECTION('',(0.,0.,-1.));
#8869=DIRECTION('',(-1.,0.,0.));
#8870=DIRECTION('',(0.,0.,-1.));
#8871=DIRECTION('',(-1.,0.,0.));
#8872=DIRECTION('',(0.,0.,-1.));
#8873=DIRECTION('',(-1.,0.,0.));
#8874=DIRECTION('',(0.,0.,-1.));
#8875=DIRECTION('',(-1.,0.,0.));
#8876=DIRECTION('',(0.,0.,1.));
#8877=DIRECTION('',(1.,0.,0.));
#8878=DIRECTION('',(0.,0.,-1.));
#8879=DIRECTION('',(-1.,0.,0.));
#8880=DIRECTION('',(0.,0.,-1.));
#8881=DIRECTION('',(-1.,0.,0.));
#8882=DIRECTION('',(0.,0.,1.));
#8883=DIRECTION('',(1.,0.,0.));
#8884=DIRECTION('',(0.,0.,-1.));
#8885=DIRECTION('',(-1.,0.,0.));
#8886=DIRECTION('',(0.,0.,1.));
#8887=DIRECTION('',(1.,0.,0.));
#8888=DIRECTION('',(0.,0.,1.));
#8889=DIRECTION('',(1.,0.,0.));
#8890=DIRECTION('',(0.,0.,1.));
#8891=DIRECTION('',(1.,0.,0.));
#8892=DIRECTION('',(0.,0.,1.));
#8893=DIRECTION('',(1.,0.,0.));
#8894=DIRECTION('',(0.,0.,1.));
#8895=DIRECTION('',(1.,0.,0.));
#8896=DIRECTION('',(0.,0.,1.));
#8897=DIRECTION('',(1.,0.,0.));
#8898=DIRECTION('',(0.,0.,-1.));
#8899=DIRECTION('',(-1.,0.,0.));
#8900=DIRECTION('',(0.,0.,1.));
#8901=DIRECTION('',(1.,0.,0.));
#8902=DIRECTION('',(0.,0.,1.));
#8903=DIRECTION('',(1.,0.,0.));
#8904=DIRECTION('',(0.,0.,1.));
#8905=DIRECTION('',(1.,0.,0.));
#8906=DIRECTION('',(0.,0.,1.));
#8907=DIRECTION('',(1.,0.,0.));
#8908=DIRECTION('',(0.,0.,1.));
#8909=DIRECTION('',(1.,0.,0.));
#8910=DIRECTION('',(0.,0.,1.));
#8911=DIRECTION('',(1.,0.,0.));
#8912=DIRECTION('',(0.,0.,1.));
#8913=DIRECTION('',(1.,0.,0.));
#8914=DIRECTION('',(0.,0.,-1.));
#8915=DIRECTION('',(-1.,0.,0.));
#8916=DIRECTION('',(0.,0.,1.));
#8917=DIRECTION('',(1.,0.,0.));
#8918=DIRECTION('',(0.,0.,1.));
#8919=DIRECTION('',(1.,0.,0.));
#8920=DIRECTION('',(0.,0.,-1.));
#8921=DIRECTION('',(-1.,0.,0.));
#8922=DIRECTION('',(0.,0.,1.));
#8923=DIRECTION('',(1.,0.,0.));
#8924=DIRECTION('',(0.,0.,1.));
#8925=DIRECTION('',(1.,0.,0.));
#8926=DIRECTION('',(0.,0.,1.));
#8927=DIRECTION('',(1.,0.,0.));
#8928=DIRECTION('',(0.,0.,1.));
#8929=DIRECTION('',(1.,0.,0.));
#8930=DIRECTION('',(0.,0.,1.));
#8931=DIRECTION('',(1.,0.,0.));
#8932=DIRECTION('',(0.,0.,-1.));
#8933=DIRECTION('',(-1.,0.,0.));
#8934=DIRECTION('',(0.,0.,-1.));
#8935=DIRECTION('',(-1.,0.,0.));
#8936=DIRECTION('',(0.,0.,1.));
#8937=DIRECTION('',(1.,0.,0.));
#8938=DIRECTION('',(0.,0.,1.));
#8939=DIRECTION('',(1.,0.,0.));
#8940=DIRECTION('',(0.,0.,-1.));
#8941=DIRECTION('',(-1.,0.,0.));
#8942=DIRECTION('',(0.,0.,1.));
#8943=DIRECTION('',(1.,0.,0.));
#8944=DIRECTION('',(0.,0.,-1.));
#8945=DIRECTION('',(-1.,0.,0.));
#8946=DIRECTION('',(0.,0.,-1.));
#8947=DIRECTION('',(-1.,0.,0.));
#8948=DIRECTION('',(0.,0.,1.));
#8949=DIRECTION('',(1.,0.,0.));
#8950=DIRECTION('',(0.,0.707106781186548,-0.707106781186548));
#8951=DIRECTION('',(1.,0.,0.));
#8952=DIRECTION('',(0.,-0.707106781186548,-0.707106781186548));
#8953=DIRECTION('',(0.,0.707106781186548,0.707106781186548));
#8954=DIRECTION('',(0.,0.,1.));
#8955=DIRECTION('',(1.,0.,0.));
#8956=DIRECTION('',(-0.707106781186548,0.,0.707106781186548));
#8957=DIRECTION('',(0.,0.,1.));
#8958=DIRECTION('',(1.,0.,0.));
#8959=DIRECTION('',(-0.707106781186548,0.,-0.707106781186548));
#8960=DIRECTION('',(-0.707106781186548,0.,-0.707106781186548));
#8961=DIRECTION('',(0.,1.,0.));
#8962=DIRECTION('',(-0.707106781186548,0.,0.707106781186548));
#8963=DIRECTION('',(-0.707106781186548,0.,0.707106781186548));
#8964=DIRECTION('',(0.,-1.,0.));
#8965=DIRECTION('',(-0.707106781186548,0.,-0.707106781186548));
#8966=DIRECTION('',(0.,0.,1.));
#8967=DIRECTION('',(1.,0.,0.));
#8968=DIRECTION('',(0.,-0.707106781186548,0.707106781186548));
#8969=DIRECTION('',(0.,0.,1.));
#8970=DIRECTION('',(1.,0.,0.));
#8971=DIRECTION('',(0.,0.707106781186548,-0.707106781186548));
#8972=DIRECTION('',(0.,0.70710678118655,0.707106781186545));
#8973=DIRECTION('',(-1.,0.,0.));
#8974=DIRECTION('',(0.,0.,-1.));
#8975=DIRECTION('',(-1.,0.,0.));
#8976=DIRECTION('',(-0.707106781186548,0.,0.707106781186548));
#8977=DIRECTION('',(0.707106781186548,0.,0.707106781186548));
#8978=DIRECTION('',(0.,1.,0.));
#8979=DIRECTION('',(-0.707106781186548,0.,0.707106781186548));
#8980=DIRECTION('',(0.,0.,-1.));
#8981=DIRECTION('',(-1.,0.,0.));
#8982=DIRECTION('',(0.,-0.707106781186548,0.707106781186548));
#8983=DIRECTION('',(0.,-0.707106781186548,-0.707106781186548));
#8984=DIRECTION('',(-1.,0.,0.));
#8985=DIRECTION('',(0.,-0.707106781186548,0.707106781186548));
#8986=DIRECTION('',(0.,0.,-1.));
#8987=DIRECTION('',(-1.,0.,0.));
#8988=DIRECTION('',(0.707106781186548,0.,0.707106781186548));
#8989=DIRECTION('',(0.707106781186548,0.,-0.707106781186548));
#8990=DIRECTION('',(0.,-1.,0.));
#8991=DIRECTION('',(0.707106781186548,0.,0.707106781186548));
#8992=DIRECTION('',(0.,0.,-1.));
#8993=DIRECTION('',(-1.,0.,0.));
#8994=DIRECTION('',(0.707106781186548,0.,-0.707106781186548));
#8995=DIRECTION('',(0.,1.,0.));
#8996=DIRECTION('',(-0.577350269189626,0.577350269189626,-0.577350269189626));
#8997=DIRECTION('',(0.,-0.707106781186548,-0.707106781186548));
#8998=DIRECTION('',(1.,0.,0.));
#8999=DIRECTION('',(0.,-0.707106781186548,0.707106781186548));
#9000=DIRECTION('',(0.,0.,-1.));
#9001=DIRECTION('',(-1.,0.,0.));
#9002=DIRECTION('',(0.707106781186548,0.,0.707106781186548));
#9003=DIRECTION('',(-0.707106781186541,-1.28780549432723E-16,0.707106781186554));
#9004=DIRECTION('',(-1.82123199577617E-16,1.,0.));
#9005=DIRECTION('',(0.577350269189633,-0.577350269189622,0.577350269189622));
#9006=DIRECTION('',(0.,-0.707106781186548,-0.707106781186548));
#9007=DIRECTION('',(-1.,0.,0.));
#9008=DIRECTION('',(0.,-0.707106781186548,0.707106781186548));
#9009=DIRECTION('',(0.,0.,-1.));
#9010=DIRECTION('',(-1.,0.,0.));
#9011=DIRECTION('',(0.707106781186548,0.,0.707106781186548));
#9012=DIRECTION('',(-0.707106781186555,0.,0.70710678118654));
#9013=DIRECTION('',(0.,1.,0.));
#9014=DIRECTION('',(0.70710678118654,0.,0.707106781186555));
#9015=DIRECTION('',(0.,0.,-1.));
#9016=DIRECTION('',(-1.,0.,0.));
#9017=DIRECTION('',(0.,0.707106781186548,0.707106781186548));
#9018=DIRECTION('',(0.,-0.707106781186548,0.707106781186548));
#9019=DIRECTION('',(-1.,0.,0.));
#9020=DIRECTION('',(-0.577350269189626,-0.577350269189626,-0.577350269189626));
#9021=DIRECTION('',(-0.707106781186548,0.,0.707106781186548));
#9022=DIRECTION('',(0.,1.,0.));
#9023=DIRECTION('',(0.707106781186548,0.,0.707106781186548));
#9024=DIRECTION('',(0.,0.,-1.));
#9025=DIRECTION('',(-1.,0.,0.));
#9026=DIRECTION('',(0.,0.707106781186548,0.707106781186548));
#9027=DIRECTION('',(0.,-0.707106781186548,0.707106781186548));
#9028=DIRECTION('',(-1.,0.,0.));
#9029=DIRECTION('',(0.,0.707106781186548,0.707106781186548));
#9030=DIRECTION('',(0.,0.,-1.));
#9031=DIRECTION('',(-1.,0.,0.));
#9032=DIRECTION('',(-0.707106781186548,0.,0.707106781186548));
#9033=DIRECTION('',(-0.707106781186548,0.,-0.707106781186548));
#9034=DIRECTION('',(0.,-1.,0.));
#9035=DIRECTION('',(0.577350269189626,-0.577350269189626,-0.577350269189626));
#9036=DIRECTION('',(8.58536996218163E-17,0.707106781186548,-0.707106781186547));
#9037=DIRECTION('',(-1.,1.21415466385078E-16,0.));
#9038=DIRECTION('',(0.,0.707106781186548,0.707106781186548));
#9039=DIRECTION('',(0.,0.,-1.));
#9040=DIRECTION('',(-1.,0.,0.));
#9041=DIRECTION('',(-0.707106781186548,0.,0.707106781186548));
#9042=DIRECTION('',(-0.707106781186548,0.,-0.707106781186548));
#9043=DIRECTION('',(0.,-1.,0.));
#9044=DIRECTION('',(-0.707106781186548,0.,0.707106781186548));
#9045=DIRECTION('',(0.,0.,-1.));
#9046=DIRECTION('',(-1.,0.,0.));
#9047=DIRECTION('',(0.,-0.707106781186548,0.707106781186548));
#9048=DIRECTION('',(0.,0.707106781186548,0.707106781186548));
#9049=DIRECTION('',(1.,0.,0.));
#9050=DIRECTION('',(-0.577350269189626,-0.577350269189626,0.577350269189626));
#9051=DIRECTION('',(-0.707106781186548,0.,-0.707106781186548));
#9052=DIRECTION('',(0.,-1.,0.));
#9053=DIRECTION('',(-0.707106781186548,0.,0.707106781186548));
#9054=DIRECTION('',(0.,0.,-1.));
#9055=DIRECTION('',(-1.,0.,0.));
#9056=DIRECTION('',(0.,-0.707106781186548,0.707106781186548));
#9057=DIRECTION('',(0.,-0.707106781186548,-0.707106781186548));
#9058=DIRECTION('',(1.,0.,0.));
#9059=DIRECTION('',(0.577350269189626,0.577350269189626,-0.577350269189626));
#9060=DIRECTION('',(-0.707106781186548,0.,-0.707106781186548));
#9061=DIRECTION('',(0.,1.,0.));
#9062=DIRECTION('',(0.,0.,-1.));
#9063=DIRECTION('',(-1.,0.,0.));
#9064=DIRECTION('',(-0.707106781186548,0.,0.707106781186548));
#9065=DIRECTION('',(-0.707106781186548,0.,-0.707106781186548));
#9066=DIRECTION('',(0.,1.,0.));
#9067=DIRECTION('',(-0.577350269189626,0.577350269189626,0.577350269189626));
#9068=DIRECTION('',(0.,-0.707106781186548,0.707106781186548));
#9069=DIRECTION('',(1.,0.,0.));
#9070=DIRECTION('',(-0.577350269189626,-0.577350269189626,-0.577350269189626));
#9071=DIRECTION('',(-0.707106781186548,0.,0.707106781186548));
#9072=DIRECTION('',(0.,-1.,0.));
#9073=DIRECTION('',(0.707106781186548,0.,0.707106781186548));
#9074=DIRECTION('',(0.,0.,-1.));
#9075=DIRECTION('',(-1.,0.,0.));
#9076=DIRECTION('',(0.,0.,1.));
#9077=DIRECTION('',(1.,0.,0.));
#9078=DIRECTION('',(0.,-0.707106781186548,-0.707106781186548));
#9079=DIRECTION('',(-0.707106781186548,0.,0.707106781186548));
#9080=DIRECTION('',(-0.707106781186554,-1.28780549432725E-16,-0.707106781186541));
#9081=DIRECTION('',(-1.82123199577617E-16,1.,0.));
#9082=DIRECTION('',(0.577350269189619,-0.577350269189629,-0.577350269189629));
#9083=DIRECTION('',(0.,0.707106781186548,-0.707106781186548));
#9084=DIRECTION('',(1.,0.,0.));
#9085=DIRECTION('',(0.,-0.707106781186548,-0.707106781186548));
#9086=DIRECTION('',(0.,0.707106781186548,-0.707106781186548));
#9087=DIRECTION('',(1.,0.,0.));
#9088=DIRECTION('',(0.,0.707106781186548,0.707106781186548));
#9089=DIRECTION('',(0.,0.,1.));
#9090=DIRECTION('',(1.,0.,0.));
#9091=DIRECTION('',(-0.707106781186548,0.,-0.707106781186548));
#9092=DIRECTION('',(0.,0.,1.));
#9093=DIRECTION('',(1.,0.,0.));
#9094=DIRECTION('',(-0.707106781186548,0.,0.707106781186547));
#9095=DIRECTION('',(-0.707106781186548,0.,0.707106781186548));
#9096=DIRECTION('',(0.,-1.,0.));
#9097=DIRECTION('',(0.577350269189626,0.577350269189626,0.577350269189626));
#9098=DIRECTION('',(-0.707106781186555,0.,-0.70710678118654));
#9099=DIRECTION('',(0.,1.,0.));
#9100=DIRECTION('',(-0.70710678118654,-1.83995210002006E-15,0.707106781186555));
#9101=DIRECTION('',(0.,0.707106781186548,-0.707106781186548));
#9102=DIRECTION('',(1.,0.,0.));
#9103=DIRECTION('',(0.,-0.707106781186548,-0.707106781186548));
#9104=DIRECTION('',(0.,0.,1.));
#9105=DIRECTION('',(1.,0.,0.));
#9106=DIRECTION('',(0.,-0.707106781186548,0.707106781186548));
#9107=DIRECTION('',(0.,0.,1.));
#9108=DIRECTION('',(1.,0.,0.));
#9109=DIRECTION('',(-0.707106781186548,0.,-0.707106781186548));
#9110=DIRECTION('',(0.,0.707106781186545,0.70710678118655));
#9111=DIRECTION('',(-1.,0.,0.));
#9112=DIRECTION('',(0.,-0.70710678118655,0.707106781186545));
#9113=DIRECTION('',(-0.707106781186548,0.,0.707106781186548));
#9114=DIRECTION('',(0.,-1.,0.));
#9115=DIRECTION('',(-0.707106781186548,0.,-0.707106781186548));
#9116=DIRECTION('',(0.,0.,1.));
#9117=DIRECTION('',(1.,0.,0.));
#9118=DIRECTION('',(0.707106781186548,0.,0.707106781186548));
#9119=DIRECTION('',(0.,0.,1.));
#9120=DIRECTION('',(1.,0.,0.));
#9121=DIRECTION('',(0.,0.707106781186548,-0.707106781186548));
#9122=DIRECTION('',(0.707106781186548,0.,-0.707106781186548));
#9123=DIRECTION('',(0.,-1.,0.));
#9124=DIRECTION('',(0.577350269189626,-0.577350269189626,0.577350269189626));
#9125=DIRECTION('',(0.,0.707106781186545,0.70710678118655));
#9126=DIRECTION('',(-1.,0.,0.));
#9127=DIRECTION('',(0.,0.70710678118655,-0.707106781186545));
#9128=DIRECTION('',(0.,0.707106781186548,0.707106781186548));
#9129=DIRECTION('',(-1.,0.,0.));
#9130=DIRECTION('',(0.577350269189626,0.577350269189626,-0.577350269189626));
#9131=DIRECTION('',(0.,0.,1.));
#9132=DIRECTION('',(1.,0.,0.));
#9133=DIRECTION('',(0.707106781186548,0.,-0.707106781186548));
#9134=DIRECTION('',(0.707106781186548,0.,0.707106781186548));
#9135=DIRECTION('',(0.,1.,0.));
#9136=DIRECTION('',(-0.707106781186548,-1.28780549432724E-16,0.707106781186547));
#9137=DIRECTION('',(1.82123199577617E-16,-1.,0.));
#9138=DIRECTION('',(-0.577350269189625,0.577350269189626,-0.577350269189626));
#9139=DIRECTION('',(0.,0.707106781186548,0.707106781186548));
#9140=DIRECTION('',(-1.,0.,0.));
#9141=DIRECTION('',(0.,-0.707106781186548,0.707106781186548));
#9142=DIRECTION('',(0.,0.,-1.));
#9143=DIRECTION('',(-1.,0.,0.));
#9144=DIRECTION('',(-0.707106781186548,0.,-0.707106781186548));
#9145=DIRECTION('',(0.,-1.,0.));
#9146=DIRECTION('',(0.577350269189626,0.577350269189626,-0.577350269189626));
#9147=DIRECTION('',(0.,0.707106781186548,0.707106781186548));
#9148=DIRECTION('',(1.,0.,0.));
#9149=DIRECTION('',(0.,0.707106781186548,0.707106781186548));
#9150=DIRECTION('',(1.,0.,0.));
#9151=DIRECTION('',(0.,0.707106781186548,0.707106781186548));
#9152=DIRECTION('',(1.,0.,0.));
#9153=DIRECTION('',(0.,0.707106781186548,0.707106781186548));
#9154=DIRECTION('',(1.,0.,0.));
#9155=DIRECTION('',(0.,0.707106781186548,-0.707106781186548));
#9156=DIRECTION('',(0.,0.,-1.));
#9157=DIRECTION('',(-1.,0.,0.));
#9158=DIRECTION('',(0.,0.707106781186548,-0.707106781186548));
#9159=DIRECTION('',(-1.,0.,0.));
#9160=DIRECTION('',(-0.577350269189626,-0.577350269189626,-0.577350269189626));
#9161=DIRECTION('',(0.707106781186548,0.,-0.707106781186548));
#9162=DIRECTION('',(0.,1.,0.));
#9163=DIRECTION('',(0.707106781186548,0.,0.707106781186548));
#9164=DIRECTION('',(0.,0.,-1.));
#9165=DIRECTION('',(-1.,0.,0.));
#9166=DIRECTION('',(0.,0.707106781186548,0.707106781186548));
#9167=DIRECTION('',(0.,0.707106781186548,-0.707106781186548));
#9168=DIRECTION('',(-1.,0.,0.));
#9169=DIRECTION('',(0.,0.707106781186548,-0.707106781186548));
#9170=DIRECTION('',(-1.,0.,0.));
#9171=DIRECTION('',(0.,0.707106781186548,-0.707106781186548));
#9172=DIRECTION('',(-1.,0.,0.));
#9173=DIRECTION('',(0.,0.707106781186548,0.707106781186548));
#9174=DIRECTION('',(0.,0.,-1.));
#9175=DIRECTION('',(-1.,0.,0.));
#9176=DIRECTION('',(-0.707106781186548,0.,0.707106781186548));
#9177=DIRECTION('',(0.707106781186548,0.,0.707106781186548));
#9178=DIRECTION('',(0.,-1.,0.));
#9179=DIRECTION('',(-0.577350269189626,0.577350269189626,0.577350269189626));
#9180=DIRECTION('',(0.,0.707106781186548,-0.707106781186548));
#9181=DIRECTION('',(-1.,0.,0.));
#9182=DIRECTION('',(0.707106781186539,0.0616284167162201,0.704416026402767));
#9183=DIRECTION('',(9.62964972193618E-35,-0.996194698091746,0.0871557427476582));
#9184=DIRECTION('',(4.77777258387197E-17,-0.766044443118976,-0.642787609686542));
#9185=DIRECTION('',(1.,6.27809372451287E-17,-4.90461027812967E-19));
#9186=DIRECTION('',(3.52360115406022E-18,0.642787609686532,-0.766044443118985));
#9187=DIRECTION('',(-1.,-4.34307920528345E-19,-4.9641622471425E-18));
#9188=DIRECTION('',(-0.707106781186553,0.0616284167162188,0.704416026402753));
#9189=DIRECTION('',(-6.2071966036085E-17,0.996194698091746,-0.0871557427476582));
#9190=CARTESIAN_POINT('',(0.,0.,0.));
#9191=CARTESIAN_POINT('',(0.104775,-0.0054375,-0.0078));
#9192=CARTESIAN_POINT('',(0.04745,-0.0054375,-0.0078));
#9193=CARTESIAN_POINT('',(0.04745,-0.0054375,-0.00675));
#9194=CARTESIAN_POINT('',(0.04745,-0.0054375,-0.00025));
#9195=CARTESIAN_POINT('',(0.1621,-0.0054375,-0.00025));
#9196=CARTESIAN_POINT('',(0.1621,-0.0054375,-0.00025));
#9197=CARTESIAN_POINT('',(0.1621,-0.0054375,-0.007));
#9198=CARTESIAN_POINT('',(0.1621,-0.0054375,-0.00675));
#9199=CARTESIAN_POINT('',(0.1621,-0.0054375,-0.00675));
#9200=CARTESIAN_POINT('',(0.162311009923567,-0.0054375,-0.00675));
#9201=CARTESIAN_POINT('',(0.162492473705979,-0.0054375,-0.00687586596198329));
#9202=CARTESIAN_POINT('',(0.162659016994375,-0.0054375,-0.007));
#9203=CARTESIAN_POINT('',(0.162659016994375,-0.0054375,-0.007));
#9204=CARTESIAN_POINT('',(0.104775,-0.0054375,-0.007));
#9205=CARTESIAN_POINT('',(0.1655125,-0.0054375,-0.007));
#9206=CARTESIAN_POINT('',(0.1655125,-0.0054375,-0.0078));
#9207=CARTESIAN_POINT('',(0.1655125,-0.0054375,-0.01155));
#9208=CARTESIAN_POINT('',(0.157886447,-0.0054375,-0.01155));
#9209=CARTESIAN_POINT('',(0.157886447,-0.0054375,-0.01155));
#9210=CARTESIAN_POINT('',(0.0515937,-0.0054375,-0.01155));
#9211=CARTESIAN_POINT('',(0.0515937,-0.0054375,-0.01155));
#9212=CARTESIAN_POINT('',(0.0440375,-0.0054375,-0.01155));
#9213=CARTESIAN_POINT('',(0.0440375,-0.0054375,-0.01155));
#9214=CARTESIAN_POINT('',(0.0440375,-0.0054375,-0.007));
#9215=CARTESIAN_POINT('',(0.0440375,-0.0054375,-0.007));
#9216=CARTESIAN_POINT('',(0.104775,-0.0054375,-0.007));
#9217=CARTESIAN_POINT('',(0.0468909830056251,-0.0054375,-0.007));
#9218=CARTESIAN_POINT('',(0.0468909830056251,-0.0054375,-0.007));
#9219=CARTESIAN_POINT('',(0.047057505998723,-0.0054375,-0.00687588108920548));
#9220=CARTESIAN_POINT('',(0.0472389373056534,-0.0054375,-0.00675));
#9221=CARTESIAN_POINT('',(0.04745,-0.0054375,-0.00675));
#9222=CARTESIAN_POINT('',(0.0435375,0.00646875,-0.007));
#9223=CARTESIAN_POINT('',(0.0435375,0.018375,-0.007));
#9224=CARTESIAN_POINT('',(0.0435375,0.018375,-0.00675));
#9225=CARTESIAN_POINT('',(0.0435375,0.018375,-0.00025));
#9226=CARTESIAN_POINT('',(0.0435375,-0.000175,-0.00675));
#9227=CARTESIAN_POINT('',(0.0435375,-0.000175,-0.00675));
#9228=CARTESIAN_POINT('',(0.0435375,-0.000175,-0.007));
#9229=CARTESIAN_POINT('',(0.0435375,-0.000175,-0.00025));
#9230=CARTESIAN_POINT('',(0.0435375,0.00646875,-0.00025));
#9231=CARTESIAN_POINT('',(0.1660125,0.00646875,-0.007));
#9232=CARTESIAN_POINT('',(0.1660125,-0.000175,-0.007));
#9233=CARTESIAN_POINT('',(0.1660125,-0.000175,-0.00025));
#9234=CARTESIAN_POINT('',(0.1660125,-0.000175,-0.00675));
#9235=CARTESIAN_POINT('',(0.1660125,0.00646875,-0.00675));
#9236=CARTESIAN_POINT('',(0.1660125,0.018375,-0.00675));
#9237=CARTESIAN_POINT('',(0.1660125,0.018375,-0.007));
#9238=CARTESIAN_POINT('',(0.1660125,0.018375,-0.00025));
#9239=CARTESIAN_POINT('',(0.1660125,-0.000175,-0.00025));
#9240=CARTESIAN_POINT('',(0.104775,0.04524375,0.));
#9241=CARTESIAN_POINT('',(0.1621,-0.0049375,0.));
#9242=CARTESIAN_POINT('',(0.16285,-0.0049375,0.));
#9243=CARTESIAN_POINT('',(0.1621,-0.0056875,0.));
#9244=CARTESIAN_POINT('',(0.04745,-0.0056875,0.));
#9245=CARTESIAN_POINT('',(0.04745,-0.0056875,0.));
#9246=CARTESIAN_POINT('',(0.04745,-0.0049375,0.));
#9247=CARTESIAN_POINT('',(0.0467,-0.0049375,0.));
#9248=CARTESIAN_POINT('',(0.0467,0.04524375,0.));
#9249=CARTESIAN_POINT('',(0.0467,0.0144625,0.));
#9250=CARTESIAN_POINT('',(0.04745,0.0144625,0.));
#9251=CARTESIAN_POINT('',(0.04745,0.0152125,0.));
#9252=CARTESIAN_POINT('',(0.104775,0.0152125,0.));
#9253=CARTESIAN_POINT('',(0.1621,0.0152125,0.));
#9254=CARTESIAN_POINT('',(0.1621,0.0144625,0.));
#9255=CARTESIAN_POINT('',(0.16285,0.0144625,0.));
#9256=CARTESIAN_POINT('',(0.16285,-0.0049375,0.));
#9257=CARTESIAN_POINT('',(0.1665125,-0.000175,0.));
#9258=CARTESIAN_POINT('',(0.1665125,-0.000925,0.));
#9259=CARTESIAN_POINT('',(0.1657625,-0.000175,0.));
#9260=CARTESIAN_POINT('',(0.1657625,0.018375,0.));
#9261=CARTESIAN_POINT('',(0.1657625,0.018125,0.));
#9262=CARTESIAN_POINT('',(0.0435375,0.018125,0.));
#9263=CARTESIAN_POINT('',(0.0437875,0.018125,0.));
#9264=CARTESIAN_POINT('',(0.0437875,0.04524375,0.));
#9265=CARTESIAN_POINT('',(0.0437875,-0.000175,0.));
#9266=CARTESIAN_POINT('',(0.0430375,-0.000175,0.));
#9267=CARTESIAN_POINT('',(0.0430375,-0.000925,0.));
#9268=CARTESIAN_POINT('',(-0.000175,-0.000925,0.));
#9269=CARTESIAN_POINT('',(-0.000175,-0.000925,0.));
#9270=CARTESIAN_POINT('',(-0.000175,-0.000175,0.));
#9271=CARTESIAN_POINT('',(-0.000925,-0.000175,0.));
#9272=CARTESIAN_POINT('',(-0.000925,0.04524375,0.));
#9273=CARTESIAN_POINT('',(-0.000925,0.076375,0.));
#9274=CARTESIAN_POINT('',(-0.000175,0.076375,0.));
#9275=CARTESIAN_POINT('',(-0.000175,0.077125,0.));
#9276=CARTESIAN_POINT('',(0.104775,0.077125,0.));
#9277=CARTESIAN_POINT('',(0.0086,0.077125,0.));
#9278=CARTESIAN_POINT('',(0.0086,0.04524375,0.));
#9279=CARTESIAN_POINT('',(0.0086,0.095425,0.));
#9280=CARTESIAN_POINT('',(0.00935,0.095425,0.));
#9281=CARTESIAN_POINT('',(0.00935,0.096175,0.));
#9282=CARTESIAN_POINT('',(0.104775,0.096175,0.));
#9283=CARTESIAN_POINT('',(0.124,0.096175,0.));
#9284=CARTESIAN_POINT('',(0.124,0.095425,0.));
#9285=CARTESIAN_POINT('',(0.12475,0.095425,0.));
#9286=CARTESIAN_POINT('',(0.12475,0.076875,0.));
#9287=CARTESIAN_POINT('',(0.12475,0.077125,0.));
#9288=CARTESIAN_POINT('',(0.104775,0.077125,0.));
#9289=CARTESIAN_POINT('',(0.209725,0.077125,0.));
#9290=CARTESIAN_POINT('',(0.209725,0.076375,0.));
#9291=CARTESIAN_POINT('',(0.210475,0.076375,0.));
#9292=CARTESIAN_POINT('',(0.210475,-0.000175,0.));
#9293=CARTESIAN_POINT('',(0.210475,-0.000175,0.));
#9294=CARTESIAN_POINT('',(0.209725,-0.000175,0.));
#9295=CARTESIAN_POINT('',(0.209725,-0.000925,0.));
#9296=CARTESIAN_POINT('',(0.1665125,-0.000925,0.));
#9297=CARTESIAN_POINT('',(0.104775,-0.0104375,0.));
#9298=CARTESIAN_POINT('',(-0.005675,-0.0104375,0.));
#9299=CARTESIAN_POINT('',(0.215225,-0.0104375,0.));
#9300=CARTESIAN_POINT('',(0.215225,0.100925,0.));
#9301=CARTESIAN_POINT('',(0.215225,0.100925,0.));
#9302=CARTESIAN_POINT('',(-0.005675,0.100925,0.));
#9303=CARTESIAN_POINT('',(-0.005675,0.100925,0.));
#9304=CARTESIAN_POINT('',(-0.005675,0.04524375,0.));
#9305=CARTESIAN_POINT('',(0.1698625,0.081875,0.));
#9306=CARTESIAN_POINT('',(0.1295,0.081875,0.));
#9307=CARTESIAN_POINT('',(0.210225,0.081875,0.));
#9308=CARTESIAN_POINT('',(0.1295,0.0889,0.));
#9309=CARTESIAN_POINT('',(0.1295,0.095925,0.));
#9310=CARTESIAN_POINT('',(0.1698625,0.095925,0.));
#9311=CARTESIAN_POINT('',(0.210225,0.095925,0.));
#9312=CARTESIAN_POINT('',(0.210225,0.0889,0.));
#9313=CARTESIAN_POINT('',(0.00885,0.0864,-0.0078));
#9314=CARTESIAN_POINT('',(0.00885,0.082875,-0.011798));
#9315=CARTESIAN_POINT('',(0.00885,0.082875,-0.01155));
#9316=CARTESIAN_POINT('',(0.00885,0.082875,-0.01925));
#9317=CARTESIAN_POINT('',(0.00885,0.0864,-0.01925));
#9318=CARTESIAN_POINT('',(0.00885,0.101425,-0.01925));
#9319=CARTESIAN_POINT('',(0.00885,0.101425,-0.0078));
#9320=CARTESIAN_POINT('',(0.00885,0.101425,-0.0128));
#9321=CARTESIAN_POINT('',(0.00885,0.098925,-0.0128));
#9322=CARTESIAN_POINT('',(0.00885,0.095425,-0.0128));
#9323=CARTESIAN_POINT('',(0.00885,0.095425,0.));
#9324=CARTESIAN_POINT('',(0.00885,0.095425,-0.00025));
#9325=CARTESIAN_POINT('',(0.00885,0.0864,-0.00025));
#9326=CARTESIAN_POINT('',(0.00885,0.076875,-0.00025));
#9327=CARTESIAN_POINT('',(0.00885,0.076875,-0.0078));
#9328=CARTESIAN_POINT('',(0.00885,0.076875,-0.01155));
#9329=CARTESIAN_POINT('',(0.00885,0.0864,-0.01155));
#9330=CARTESIAN_POINT('',(0.104775,0.105925,-0.0078));
#9331=CARTESIAN_POINT('',(-0.005675,0.105925,0.));
#9332=CARTESIAN_POINT('',(-0.005675,0.105925,-0.0310178429271649));
#9333=CARTESIAN_POINT('',(-0.005675,0.105925,-0.005));
#9334=CARTESIAN_POINT('',(0.215225,0.105925,-0.005));
#9335=CARTESIAN_POINT('',(0.215225,0.105925,-0.005));
#9336=CARTESIAN_POINT('',(0.215225,0.105925,-0.0078));
#9337=CARTESIAN_POINT('',(0.215225,0.105925,-0.0310178429271649));
#9338=CARTESIAN_POINT('',(0.220227,0.105925,-0.0310178429271649));
#9339=CARTESIAN_POINT('',(0.104775,0.105925,-0.0226288690544621));
#9340=CARTESIAN_POINT('',(0.107699999865278,0.105925,-0.0226288690544621));
#9341=CARTESIAN_POINT('',(0.101849999865278,0.105925,-0.0226288690544621));
#9342=CARTESIAN_POINT('',(0.107699999865278,0.105925,-0.0189147356555518));
#9343=CARTESIAN_POINT('',(0.110652085047132,0.105925,-0.016675701370078));
#9344=CARTESIAN_POINT('',(0.104775,0.105925,-0.016675701370078));
#9345=CARTESIAN_POINT('',(0.0988979146834234,0.105925,-0.016675701370078));
#9346=CARTESIAN_POINT('',(0.101849999865278,0.105925,-0.0189147356555518));
#9347=CARTESIAN_POINT('',(0.104775,0.104925215320798,-0.0194980076106038));
#9348=CARTESIAN_POINT('',(-0.005675,0.104925215320798,-0.0194980076106038));
#9349=CARTESIAN_POINT('',(-0.005675,0.104925041009312,-0.0195));
#9350=CARTESIAN_POINT('',(-0.005675,0.103954399539503,-0.0305944827671468));
#9351=CARTESIAN_POINT('',(0.215225,0.103954399539503,-0.0305944827671467));
#9352=CARTESIAN_POINT('',(0.215225,0.103954399539503,-0.0305944827671467));
#9353=CARTESIAN_POINT('',(0.215225,0.104925215320798,-0.0194980076106038));
#9354=CARTESIAN_POINT('',(0.215225,0.104925041009312,-0.0195));
#9355=CARTESIAN_POINT('',(0.104775,0.104925041009312,-0.0195));
#9356=CARTESIAN_POINT('',(0.114101413130252,0.104925021564445,-0.0195002222558513));
#9357=CARTESIAN_POINT('',(0.114101254351149,0.104925003556447,-0.0195004280882138));
#9358=CARTESIAN_POINT('',(0.113929411289509,0.104936512936197,-0.0193688752756951));
#9359=CARTESIAN_POINT('',(0.113743353498566,0.104949245773592,-0.0192233382783103));
#9360=CARTESIAN_POINT('',(0.113524975925186,0.104948901844487,-0.0192272694059625));
#9361=CARTESIAN_POINT('',(0.113524991934585,0.104949274803323,-0.0192281913717247));
#9362=CARTESIAN_POINT('',(0.113524999865278,0.104925215320798,-0.0194980076106038));
#9363=CARTESIAN_POINT('',(0.113524999865278,0.105096205766639,-0.0175435778713738));
#9364=CARTESIAN_POINT('',(0.111024999865278,0.105096205766639,-0.0175435778713738));
#9365=CARTESIAN_POINT('',(0.111024999865278,0.105314927425453,-0.0150435778713739));
#9366=CARTESIAN_POINT('',(0.104775,0.105314927425453,-0.0150435778713738));
#9367=CARTESIAN_POINT('',(0.0985249998652776,0.105314927425453,-0.0150435778713739));
#9368=CARTESIAN_POINT('',(0.0985249998652776,0.105096205766639,-0.0175435778713738));
#9369=CARTESIAN_POINT('',(0.0960249998652776,0.105096205766639,-0.0175435778713738));
#9370=CARTESIAN_POINT('',(0.0960249998652776,0.104925215320798,-0.0194980076106038));
#9371=CARTESIAN_POINT('',(0.096025015270527,0.104948860646859,-0.0192277402970048));
#9372=CARTESIAN_POINT('',(0.096025023812169,0.104948901844477,-0.0192272694060848));
#9373=CARTESIAN_POINT('',(0.0958057822010579,0.10494924713469,-0.0192233227208887));
#9374=CARTESIAN_POINT('',(0.0956209197099644,0.10493653512331,-0.0193686216758335));
#9375=CARTESIAN_POINT('',(0.0954487453781731,0.104925003556364,-0.0195004280891573));
#9376=CARTESIAN_POINT('',(0.0954484492745042,0.104924531509062,-0.0195));
#9377=CARTESIAN_POINT('',(0.104775,0.104925041009312,-0.0195));
#9378=CARTESIAN_POINT('',(0.107699999865278,0.104983451864728,-0.0188323608675515));
#9379=CARTESIAN_POINT('',(0.107699999865278,0.104835287102057,-0.0205258918543074));
#9380=CARTESIAN_POINT('',(0.107699999865278,0.105131616627399,-0.0171388298807955));
#9381=CARTESIAN_POINT('',(0.104774999865278,0.104835287102057,-0.0205258918543074));
#9382=CARTESIAN_POINT('',(0.101849999865277,0.104835287102057,-0.0205258918543074));
#9383=CARTESIAN_POINT('',(0.101849999865277,0.104983451864728,-0.0188323608675515));
#9384=CARTESIAN_POINT('',(0.101849999865277,0.105131616627399,-0.0171388298807955));
#9385=CARTESIAN_POINT('',(0.104774999865278,0.105131616627399,-0.0171388298807955));
#9386=CARTESIAN_POINT('',(0.066675,0.101925,-0.012798));
#9387=CARTESIAN_POINT('',(0.114024999865278,0.101925,-0.0185));
#9388=CARTESIAN_POINT('',(0.114024999865278,0.101925,-0.01925));
#9389=CARTESIAN_POINT('',(0.114024999865278,0.101925,-0.0175));
#9390=CARTESIAN_POINT('',(0.124,0.101925,-0.01925));
#9391=CARTESIAN_POINT('',(0.124,0.101925,-0.01925));
#9392=CARTESIAN_POINT('',(0.124,0.101925,-0.0118));
#9393=CARTESIAN_POINT('',(0.124,0.101925,-0.0118));
#9394=CARTESIAN_POINT('',(0.066675,0.101925,-0.0118));
#9395=CARTESIAN_POINT('',(0.0692780810000001,0.101925,-0.0118));
#9396=CARTESIAN_POINT('',(0.0692780810000001,0.101925,-0.0128));
#9397=CARTESIAN_POINT('',(0.0692780810000001,0.101925,-0.0128));
#9398=CARTESIAN_POINT('',(0.066675,0.101925,-0.0128));
#9399=CARTESIAN_POINT('',(0.062484319,0.101925,-0.0128));
#9400=CARTESIAN_POINT('',(0.062484319,0.101925,-0.0118));
#9401=CARTESIAN_POINT('',(0.062484319,0.101925,-0.0118));
#9402=CARTESIAN_POINT('',(0.066675,0.101925,-0.0118));
#9403=CARTESIAN_POINT('',(0.0216530810000001,0.101925,-0.0118));
#9404=CARTESIAN_POINT('',(0.0216530810000001,0.101925,-0.012798));
#9405=CARTESIAN_POINT('',(0.0216530810000001,0.101925,-0.0128));
#9406=CARTESIAN_POINT('',(0.066675,0.101925,-0.0128));
#9407=CARTESIAN_POINT('',(0.00935,0.101925,-0.0128));
#9408=CARTESIAN_POINT('',(0.00935,0.101925,-0.012798));
#9409=CARTESIAN_POINT('',(0.00935,0.101925,-0.01925));
#9410=CARTESIAN_POINT('',(0.0955249998652776,0.101925,-0.01925));
#9411=CARTESIAN_POINT('',(0.0955249998652776,0.101925,-0.01925));
#9412=CARTESIAN_POINT('',(0.0955249998652776,0.101925,-0.0185));
#9413=CARTESIAN_POINT('',(0.0955249998652776,0.101925,-0.0175));
#9414=CARTESIAN_POINT('',(0.0985249998652776,0.101925,-0.0175));
#9415=CARTESIAN_POINT('',(0.0985249998652776,0.101925,-0.0145));
#9416=CARTESIAN_POINT('',(0.104774999865278,0.101925,-0.0145));
#9417=CARTESIAN_POINT('',(0.111024999865278,0.101925,-0.0145));
#9418=CARTESIAN_POINT('',(0.111024999865278,0.101925,-0.0175));
#9419=CARTESIAN_POINT('',(0.104775,-0.00605625,-0.0195));
#9420=CARTESIAN_POINT('',(0.114274999865278,0.104423131090541,-0.0195));
#9421=CARTESIAN_POINT('',(0.114274999865278,0.102175,-0.0195));
#9422=CARTESIAN_POINT('',(0.114274999865278,0.104445003256422,-0.0195));
#9423=CARTESIAN_POINT('',(0.114274999865278,0.104445003256422,-0.0195));
#9424=CARTESIAN_POINT('',(0.114280046988204,0.104620344093071,-0.0195));
#9425=CARTESIAN_POINT('',(0.114222230518462,0.104780017010534,-0.0195));
#9426=CARTESIAN_POINT('',(0.114101550456051,0.104924022008812,-0.0195));
#9427=CARTESIAN_POINT('',(0.218225,0.101894409353171,-0.0195));
#9428=CARTESIAN_POINT('',(0.218225,0.102690746870072,-0.0195));
#9429=CARTESIAN_POINT('',(0.217581638200736,0.104254412201864,-0.0195));
#9430=CARTESIAN_POINT('',(0.216021563495816,0.104925041009312,-0.0195));
#9431=CARTESIAN_POINT('',(0.215225,0.104925041009312,-0.0195));
#9432=CARTESIAN_POINT('',(0.218225,0.101894409353171,-0.0195));
#9433=CARTESIAN_POINT('',(0.218225,0.0462363547169815,-0.0195));
#9434=CARTESIAN_POINT('',(0.218225,-0.0103204888715989,-0.0195));
#9435=CARTESIAN_POINT('',(0.215225,-0.0133511205277399,-0.0195));
#9436=CARTESIAN_POINT('',(0.216021425071591,-0.0133511205277399,-0.0195));
#9437=CARTESIAN_POINT('',(0.217578684164269,-0.0126836347325716,-0.0195));
#9438=CARTESIAN_POINT('',(0.218225,-0.0111166797619846,-0.0195));
#9439=CARTESIAN_POINT('',(0.218225,-0.0103204888715989,-0.0195));
#9440=CARTESIAN_POINT('',(0.215225,-0.0133511205277399,-0.0195));
#9441=CARTESIAN_POINT('',(0.104775,-0.0133511205277399,-0.0195));
#9442=CARTESIAN_POINT('',(-0.005675,-0.0133511205277399,-0.0195));
#9443=CARTESIAN_POINT('',(-0.008675,-0.0103204888715988,-0.0195));
#9444=CARTESIAN_POINT('',(-0.008675,-0.011116826388499,-0.0195));
#9445=CARTESIAN_POINT('',(-0.0080316382007365,-0.0126804917202912,-0.0195));
#9446=CARTESIAN_POINT('',(-0.00647156349581568,-0.0133511205277403,-0.0195));
#9447=CARTESIAN_POINT('',(-0.005675,-0.0133511205277399,-0.0195));
#9448=CARTESIAN_POINT('',(-0.008675,-0.0103204888715988,-0.0195));
#9449=CARTESIAN_POINT('',(-0.008675,0.0462363547169815,-0.0195));
#9450=CARTESIAN_POINT('',(-0.008675,0.101894409353171,-0.0195));
#9451=CARTESIAN_POINT('',(-0.005675,0.104925041009312,-0.0195));
#9452=CARTESIAN_POINT('',(-0.00647142507159107,0.104925041009312,-0.0195));
#9453=CARTESIAN_POINT('',(-0.00802868416426903,0.104257555214144,-0.0195));
#9454=CARTESIAN_POINT('',(-0.008675,0.102690600243557,-0.0195));
#9455=CARTESIAN_POINT('',(-0.008675,0.101894409353171,-0.0195));
#9456=CARTESIAN_POINT('',(0.0954484492745042,0.104924022008812,-0.0195));
#9457=CARTESIAN_POINT('',(0.0953277692120933,0.104780017010534,-0.0195));
#9458=CARTESIAN_POINT('',(0.0952699527423511,0.104620344093071,-0.0195));
#9459=CARTESIAN_POINT('',(0.0952749998652775,0.104445003256422,-0.0195));
#9460=CARTESIAN_POINT('',(0.0952749998652776,0.104445003256422,-0.0195));
#9461=CARTESIAN_POINT('',(0.0952749998652776,0.101925,-0.0195));
#9462=CARTESIAN_POINT('',(0.0952749998652776,0.102175,-0.0195));
#9463=CARTESIAN_POINT('',(0.00935,0.102175,-0.0195));
#9464=CARTESIAN_POINT('',(0.00935,0.102175,-0.0195));
#9465=CARTESIAN_POINT('',(0.00935,0.101425,-0.0195));
#9466=CARTESIAN_POINT('',(0.0086,0.101425,-0.0195));
#9467=CARTESIAN_POINT('',(0.0086,-0.00605625,-0.0195));
#9468=CARTESIAN_POINT('',(0.0086,0.083125,-0.0195));
#9469=CARTESIAN_POINT('',(-0.000175,0.083125,-0.0195));
#9470=CARTESIAN_POINT('',(-0.000175,0.083125,-0.0195));
#9471=CARTESIAN_POINT('',(-0.000175,0.082375,-0.0195));
#9472=CARTESIAN_POINT('',(-0.000925,0.082375,-0.0195));
#9473=CARTESIAN_POINT('',(-0.000925,-0.00605625,-0.0195));
#9474=CARTESIAN_POINT('',(-0.000925,-0.006175,-0.0195));
#9475=CARTESIAN_POINT('',(-0.000175,-0.006175,-0.0195));
#9476=CARTESIAN_POINT('',(-0.000175,-0.006925,-0.0195));
#9477=CARTESIAN_POINT('',(0.104775,-0.006925,-0.0195));
#9478=CARTESIAN_POINT('',(0.0419375,-0.006925,-0.0195));
#9479=CARTESIAN_POINT('',(0.0419375,-0.00605625,-0.0195));
#9480=CARTESIAN_POINT('',(0.0419375,-0.0109375,-0.0195));
#9481=CARTESIAN_POINT('',(0.0426875,-0.0109375,-0.0195));
#9482=CARTESIAN_POINT('',(0.0426875,-0.0116875,-0.0195));
#9483=CARTESIAN_POINT('',(0.104775,-0.0116875,-0.0195));
#9484=CARTESIAN_POINT('',(0.1668625,-0.0116875,-0.0195));
#9485=CARTESIAN_POINT('',(0.1668625,-0.0109375,-0.0195));
#9486=CARTESIAN_POINT('',(0.1676125,-0.0109375,-0.0195));
#9487=CARTESIAN_POINT('',(0.1676125,-0.006675,-0.0195));
#9488=CARTESIAN_POINT('',(0.1676125,-0.006925,-0.0195));
#9489=CARTESIAN_POINT('',(0.209725,-0.006925,-0.0195));
#9490=CARTESIAN_POINT('',(0.209725,-0.006925,-0.0195));
#9491=CARTESIAN_POINT('',(0.209725,-0.006175,-0.0195));
#9492=CARTESIAN_POINT('',(0.210475,-0.006175,-0.0195));
#9493=CARTESIAN_POINT('',(0.210475,0.082375,-0.0195));
#9494=CARTESIAN_POINT('',(0.210475,0.082375,-0.0195));
#9495=CARTESIAN_POINT('',(0.209725,0.082375,-0.0195));
#9496=CARTESIAN_POINT('',(0.209725,0.083125,-0.0195));
#9497=CARTESIAN_POINT('',(0.104775,0.083125,-0.0195));
#9498=CARTESIAN_POINT('',(0.12475,0.083125,-0.0195));
#9499=CARTESIAN_POINT('',(0.12475,0.101425,-0.0195));
#9500=CARTESIAN_POINT('',(0.12475,0.101425,-0.0195));
#9501=CARTESIAN_POINT('',(0.124,0.101425,-0.0195));
#9502=CARTESIAN_POINT('',(0.124,0.102175,-0.0195));
#9503=CARTESIAN_POINT('',(0.114024999865278,0.102175,-0.0195));
#9504=CARTESIAN_POINT('',(-0.004675,0.100925041009312,-0.0195));
#9505=CARTESIAN_POINT('',(-0.006125,0.100925041009312,-0.0195));
#9506=CARTESIAN_POINT('',(0.214225,0.100925041009312,-0.0195));
#9507=CARTESIAN_POINT('',(0.212775,0.100925041009312,-0.0195));
#9508=CARTESIAN_POINT('',(0.214225,-0.00935112052773995,-0.0195));
#9509=CARTESIAN_POINT('',(0.212775,-0.00935112052773995,-0.0195));
#9510=CARTESIAN_POINT('',(0.1713625,-0.00935112052773995,-0.0195));
#9511=CARTESIAN_POINT('',(0.1699125,-0.00935112052773995,-0.0195));
#9512=CARTESIAN_POINT('',(0.0381875,-0.00935112052773995,-0.0195));
#9513=CARTESIAN_POINT('',(0.0367375,-0.00935112052773995,-0.0195));
#9514=CARTESIAN_POINT('',(0.1285,0.100925041009312,-0.0195));
#9515=CARTESIAN_POINT('',(0.12705,0.100925041009312,-0.0195));
#9516=CARTESIAN_POINT('',(-0.004675,-0.00935112052773995,-0.0195));
#9517=CARTESIAN_POINT('',(-0.006125,-0.00935112052773995,-0.0195));
#9518=CARTESIAN_POINT('',(0.1673625,0.076875,-0.0078));
#9519=CARTESIAN_POINT('',(0.209725,0.076875,-0.0078));
#9520=CARTESIAN_POINT('',(0.209725,0.076875,-0.0128));
#9521=CARTESIAN_POINT('',(0.209725,0.076875,-0.00025));
#9522=CARTESIAN_POINT('',(0.1673625,0.076875,-0.00025));
#9523=CARTESIAN_POINT('',(0.1245,0.076875,-0.00025));
#9524=CARTESIAN_POINT('',(0.1245,0.076875,-0.0078));
#9525=CARTESIAN_POINT('',(0.1245,0.076875,-0.01155));
#9526=CARTESIAN_POINT('',(0.1673625,0.076875,-0.01155));
#9527=CARTESIAN_POINT('',(0.1531938,0.076875,-0.01155));
#9528=CARTESIAN_POINT('',(0.1673625,0.076875,-0.01155));
#9529=CARTESIAN_POINT('',(0.2008188,0.076875,-0.01155));
#9530=CARTESIAN_POINT('',(0.2008188,0.076875,-0.0118));
#9531=CARTESIAN_POINT('',(0.2008188,0.076875,-0.0128));
#9532=CARTESIAN_POINT('',(0.1673625,0.076875,-0.0128));
#9533=CARTESIAN_POINT('',(0.104775,0.04524375,-0.0128));
#9534=CARTESIAN_POINT('',(0.2008188,0.0797718780000001,-0.0128));
#9535=CARTESIAN_POINT('',(0.1992938,0.0797718780000001,-0.0128));
#9536=CARTESIAN_POINT('',(0.1673625,0.082875,-0.0128));
#9537=CARTESIAN_POINT('',(0.209725,0.082875,-0.0128));
#9538=CARTESIAN_POINT('',(0.197421922,0.082875,-0.0128));
#9539=CARTESIAN_POINT('',(0.209725,0.082375,-0.0128));
#9540=CARTESIAN_POINT('',(0.210225,0.082375,-0.0128));
#9541=CARTESIAN_POINT('',(0.210225,0.079875,-0.0128));
#9542=CARTESIAN_POINT('',(0.210225,0.076375,-0.0128));
#9543=CARTESIAN_POINT('',(0.209725,0.076375,-0.0128));
#9544=CARTESIAN_POINT('',(0.2008188,0.0797718780000001,-0.0128));
#9545=CARTESIAN_POINT('',(0.197921922,0.0797718780000001,-0.0128));
#9546=CARTESIAN_POINT('',(0.197921922,0.0813234390000001,-0.0128));
#9547=CARTESIAN_POINT('',(0.197921922,0.082375,-0.0128));
#9548=CARTESIAN_POINT('',(0.197421922,0.082375,-0.0128));
#9549=CARTESIAN_POINT('',(0.1245,0.0864,-0.0078));
#9550=CARTESIAN_POINT('',(0.1245,0.101425,-0.0195));
#9551=CARTESIAN_POINT('',(0.1245,0.101425,-0.0118));
#9552=CARTESIAN_POINT('',(0.1245,0.101425,-0.01925));
#9553=CARTESIAN_POINT('',(0.1245,0.082875,-0.01925));
#9554=CARTESIAN_POINT('',(0.1245,0.082875,-0.01925));
#9555=CARTESIAN_POINT('',(0.1245,0.082875,-0.012798));
#9556=CARTESIAN_POINT('',(0.1245,0.082875,-0.01155));
#9557=CARTESIAN_POINT('',(0.1245,0.076875,-0.01155));
#9558=CARTESIAN_POINT('',(0.1245,0.095425,-0.00025));
#9559=CARTESIAN_POINT('',(0.1245,0.095425,-0.00025));
#9560=CARTESIAN_POINT('',(0.1245,0.095425,-0.0078));
#9561=CARTESIAN_POINT('',(0.1245,0.095425,-0.01155));
#9562=CARTESIAN_POINT('',(0.1245,0.095425,-0.01155));
#9563=CARTESIAN_POINT('',(0.1245,0.0956360099235667,-0.01155));
#9564=CARTESIAN_POINT('',(0.1245,0.0958174737059789,-0.0116758659619833));
#9565=CARTESIAN_POINT('',(0.1245,0.095984016994375,-0.0118));
#9566=CARTESIAN_POINT('',(0.1245,0.095984016994375,-0.0118));
#9567=CARTESIAN_POINT('',(0.1245,0.098925,-0.0118));
#9568=CARTESIAN_POINT('',(0.066675,0.095925,-0.0078));
#9569=CARTESIAN_POINT('',(0.124,0.095925,-0.0078));
#9570=CARTESIAN_POINT('',(0.124,0.095925,-0.01155));
#9571=CARTESIAN_POINT('',(0.124,0.095925,-0.00025));
#9572=CARTESIAN_POINT('',(0.066675,0.095925,-0.00025));
#9573=CARTESIAN_POINT('',(0.00935,0.095925,-0.00025));
#9574=CARTESIAN_POINT('',(0.00935,0.095925,-0.0128));
#9575=CARTESIAN_POINT('',(0.00935,0.095925,-0.0128));
#9576=CARTESIAN_POINT('',(0.066675,0.095925,-0.0128));
#9577=CARTESIAN_POINT('',(0.0182562,0.095925,-0.0128));
#9578=CARTESIAN_POINT('',(0.0182562,0.095925,-0.0118));
#9579=CARTESIAN_POINT('',(0.0182562,0.095925,-0.01155));
#9580=CARTESIAN_POINT('',(0.066675,0.095925,-0.01155));
#9581=CARTESIAN_POINT('',(0.0658812,0.095925,-0.01155));
#9582=CARTESIAN_POINT('',(0.066675,0.095925,-0.01155));
#9583=CARTESIAN_POINT('',(0.104775,0.04524375,-0.0128));
#9584=CARTESIAN_POINT('',(0.0658812,0.0988218810000001,-0.0128));
#9585=CARTESIAN_POINT('',(0.0643562,0.0988218810000001,-0.0128));
#9586=CARTESIAN_POINT('',(0.062984319,0.1003734405,-0.0128));
#9587=CARTESIAN_POINT('',(0.062984319,0.101425,-0.0128));
#9588=CARTESIAN_POINT('',(0.062984319,0.0988218810000001,-0.0128));
#9589=CARTESIAN_POINT('',(0.062484319,0.101425,-0.0128));
#9590=CARTESIAN_POINT('',(0.0692780810000001,0.101425,-0.0128));
#9591=CARTESIAN_POINT('',(0.0687780810000001,0.101425,-0.0128));
#9592=CARTESIAN_POINT('',(0.0687780810000001,0.1003734405,-0.0128));
#9593=CARTESIAN_POINT('',(0.0687780810000001,0.0988218810000001,-0.0128));
#9594=CARTESIAN_POINT('',(0.0658812,0.0988218810000001,-0.0128));
#9595=CARTESIAN_POINT('',(0.104775,0.04524375,-0.0128));
#9596=CARTESIAN_POINT('',(0.00396870000000005,-0.00357187799999993,-0.0128));
#9597=CARTESIAN_POINT('',(0.00244370000000005,-0.00357187799999993,-0.0128));
#9598=CARTESIAN_POINT('',(0.02075625,-0.006675,-0.0128));
#9599=CARTESIAN_POINT('',(-0.000175,-0.006675,-0.0128));
#9600=CARTESIAN_POINT('',(0.007365578,-0.006675,-0.0128));
#9601=CARTESIAN_POINT('',(-0.000175,-0.006175,-0.0128));
#9602=CARTESIAN_POINT('',(-0.000675,-0.006175,-0.0128));
#9603=CARTESIAN_POINT('',(-0.000675,-0.003675,-0.0128));
#9604=CARTESIAN_POINT('',(-0.000675,-0.000175,-0.0128));
#9605=CARTESIAN_POINT('',(-0.000175,-0.000175,-0.0128));
#9606=CARTESIAN_POINT('',(-0.000175,-0.000675,-0.0128));
#9607=CARTESIAN_POINT('',(0.02075625,-0.000675,-0.0128));
#9608=CARTESIAN_POINT('',(0.00396870000000005,-0.000675,-0.0128));
#9609=CARTESIAN_POINT('',(0.00396870000000005,-0.00357187799999993,-0.0128));
#9610=CARTESIAN_POINT('',(0.006865578,-0.00357187799999993,-0.0128));
#9611=CARTESIAN_POINT('',(0.006865578,-0.005123439,-0.0128));
#9612=CARTESIAN_POINT('',(0.006865578,-0.006175,-0.0128));
#9613=CARTESIAN_POINT('',(0.007365578,-0.006175,-0.0128));
#9614=CARTESIAN_POINT('',(0.18879375,-0.000675,-0.0078));
#9615=CARTESIAN_POINT('',(0.1665125,-0.000675,0.));
#9616=CARTESIAN_POINT('',(0.1665125,-0.000675,-0.00675));
#9617=CARTESIAN_POINT('',(0.1665125,-0.000675,-0.00025));
#9618=CARTESIAN_POINT('',(0.209725,-0.000675,-0.00025));
#9619=CARTESIAN_POINT('',(0.209725,-0.000675,-0.00025));
#9620=CARTESIAN_POINT('',(0.209725,-0.000675,-0.0128));
#9621=CARTESIAN_POINT('',(0.209725,-0.000675,-0.0128));
#9622=CARTESIAN_POINT('',(0.18879375,-0.000675,-0.0128));
#9623=CARTESIAN_POINT('',(0.2055813,-0.000675,-0.0128));
#9624=CARTESIAN_POINT('',(0.2055813,-0.000675,-0.0118));
#9625=CARTESIAN_POINT('',(0.2055813,-0.000675,-0.01155));
#9626=CARTESIAN_POINT('',(0.1660125,-0.000675,-0.01155));
#9627=CARTESIAN_POINT('',(0.1660125,-0.000675,-0.01155));
#9628=CARTESIAN_POINT('',(0.1660125,-0.000675,-0.011802));
#9629=CARTESIAN_POINT('',(0.1660125,-0.000675,-0.00695710678118655));
#9630=CARTESIAN_POINT('',(0.1660125,-0.000675,-0.00695710678118655));
#9631=CARTESIAN_POINT('',(0.166162214902188,-0.000675,-0.00685124235860492));
#9632=CARTESIAN_POINT('',(0.166325820705491,-0.000675,-0.00675));
#9633=CARTESIAN_POINT('',(0.1665125,-0.000675,-0.00675));
#9634=CARTESIAN_POINT('',(0.104775,0.04524375,-0.0128));
#9635=CARTESIAN_POINT('',(0.157886447,-0.008334381,-0.0128));
#9636=CARTESIAN_POINT('',(0.156361447,-0.008334381,-0.0128));
#9637=CARTESIAN_POINT('',(0.160783328,-0.00988594049999997,-0.0128));
#9638=CARTESIAN_POINT('',(0.160783328,-0.0109375,-0.0128));
#9639=CARTESIAN_POINT('',(0.160783328,-0.008334381,-0.0128));
#9640=CARTESIAN_POINT('',(0.161283328,-0.0109375,-0.0128));
#9641=CARTESIAN_POINT('',(0.161283328,-0.0114375,-0.0128));
#9642=CARTESIAN_POINT('',(0.104775,-0.0114375,-0.0128));
#9643=CARTESIAN_POINT('',(0.154489566,-0.0114375,-0.0128));
#9644=CARTESIAN_POINT('',(0.154489566,-0.0109375,-0.0128));
#9645=CARTESIAN_POINT('',(0.154989566,-0.0109375,-0.0128));
#9646=CARTESIAN_POINT('',(0.154989566,-0.00988594049999997,-0.0128));
#9647=CARTESIAN_POINT('',(0.154989566,-0.008334381,-0.0128));
#9648=CARTESIAN_POINT('',(0.157886447,-0.008334381,-0.0128));
#9649=CARTESIAN_POINT('',(0.104775,0.04524375,-0.0128));
#9650=CARTESIAN_POINT('',(0.0486968220000001,-0.009885939,-0.0128));
#9651=CARTESIAN_POINT('',(0.0486968220000001,-0.008334378,-0.0128));
#9652=CARTESIAN_POINT('',(0.0486968220000001,-0.0109375,-0.0128));
#9653=CARTESIAN_POINT('',(0.0515937,-0.008334378,-0.0128));
#9654=CARTESIAN_POINT('',(0.054490578,-0.008334378,-0.0128));
#9655=CARTESIAN_POINT('',(0.054490578,-0.009885939,-0.0128));
#9656=CARTESIAN_POINT('',(0.054490578,-0.0109375,-0.0128));
#9657=CARTESIAN_POINT('',(0.054990578,-0.0109375,-0.0128));
#9658=CARTESIAN_POINT('',(0.054990578,-0.0114375,-0.0128));
#9659=CARTESIAN_POINT('',(0.104775,-0.0114375,-0.0128));
#9660=CARTESIAN_POINT('',(0.0481968220000001,-0.0114375,-0.0128));
#9661=CARTESIAN_POINT('',(0.0481968220000001,-0.0109375,-0.0128));
#9662=CARTESIAN_POINT('',(0.0515937,-0.008334378,-0.0128));
#9663=CARTESIAN_POINT('',(0.0500687,-0.008334378,-0.0128));
#9664=CARTESIAN_POINT('',(-0.000675,0.0381,-0.0078));
#9665=CARTESIAN_POINT('',(-0.000675,-0.006175,-0.0195));
#9666=CARTESIAN_POINT('',(-0.000675,-0.006175,-0.01925));
#9667=CARTESIAN_POINT('',(-0.000675,0.0381,-0.01925));
#9668=CARTESIAN_POINT('',(-0.000675,0.082375,-0.01925));
#9669=CARTESIAN_POINT('',(-0.000675,0.082375,-0.0078));
#9670=CARTESIAN_POINT('',(-0.000675000000000009,0.082375,-0.0118));
#9671=CARTESIAN_POINT('',(-0.000675000000000009,0.079875,-0.0118));
#9672=CARTESIAN_POINT('',(-0.000675000000000009,0.0769340169943749,-0.0118));
#9673=CARTESIAN_POINT('',(-0.00067500000000001,0.0769340169943749,-0.0118));
#9674=CARTESIAN_POINT('',(-0.00067500000000001,0.076767494001277,-0.0116758810892055));
#9675=CARTESIAN_POINT('',(-0.000675,0.0765860626943466,-0.01155));
#9676=CARTESIAN_POINT('',(-0.000675,0.076375,-0.01155));
#9677=CARTESIAN_POINT('',(-0.000675,0.076375,-0.01155));
#9678=CARTESIAN_POINT('',(-0.000675,0.076375,0.));
#9679=CARTESIAN_POINT('',(-0.000675,0.076375,-0.00025));
#9680=CARTESIAN_POINT('',(-0.000675,0.0381,-0.00025));
#9681=CARTESIAN_POINT('',(-0.000675,-0.000175,-0.00025));
#9682=CARTESIAN_POINT('',(-0.000675,-0.000175,-0.0078));
#9683=CARTESIAN_POINT('',(0.0040875,0.076875,-0.0078));
#9684=CARTESIAN_POINT('',(0.0040875,0.076875,-0.00025));
#9685=CARTESIAN_POINT('',(-0.000175,0.076875,-0.00025));
#9686=CARTESIAN_POINT('',(-0.000175,0.076875,-0.0118));
#9687=CARTESIAN_POINT('',(-0.000175,0.076875,-0.01155));
#9688=CARTESIAN_POINT('',(0.0040875,0.076875,-0.01155));
#9689=CARTESIAN_POINT('',(0.210225,0.0381,-0.0078));
#9690=CARTESIAN_POINT('',(0.210225,0.082375,-0.0078));
#9691=CARTESIAN_POINT('',(0.210225,0.082375,-0.01925));
#9692=CARTESIAN_POINT('',(0.210225,-0.006175,-0.01925));
#9693=CARTESIAN_POINT('',(0.210225,-0.006175,-0.01925));
#9694=CARTESIAN_POINT('',(0.210225,-0.006175,-0.0128));
#9695=CARTESIAN_POINT('',(0.210225,-0.006175,-0.0128));
#9696=CARTESIAN_POINT('',(0.210225,-0.003675,-0.0128));
#9697=CARTESIAN_POINT('',(0.210225,-0.000175,-0.0128));
#9698=CARTESIAN_POINT('',(0.210225,-0.000175,0.));
#9699=CARTESIAN_POINT('',(0.210225,-0.000175,-0.00025));
#9700=CARTESIAN_POINT('',(0.210225,0.076375,-0.00025));
#9701=CARTESIAN_POINT('',(0.210225,0.076375,-0.00025));
#9702=CARTESIAN_POINT('',(0.210225,0.076375,-0.0078));
#9703=CARTESIAN_POINT('',(0.02075625,-0.006675,-0.012798));
#9704=CARTESIAN_POINT('',(0.0421875,-0.006675,-0.012798));
#9705=CARTESIAN_POINT('',(0.0421875,-0.006675,-0.0118));
#9706=CARTESIAN_POINT('',(0.0421875,-0.006675,-0.01925));
#9707=CARTESIAN_POINT('',(0.02075625,-0.006675,-0.01925));
#9708=CARTESIAN_POINT('',(-0.000175,-0.006675,-0.01925));
#9709=CARTESIAN_POINT('',(-0.000175,-0.006675,-0.0128));
#9710=CARTESIAN_POINT('',(0.007365578,-0.006675,-0.012798));
#9711=CARTESIAN_POINT('',(0.007365578,-0.006675,-0.0118));
#9712=CARTESIAN_POINT('',(0.02075625,-0.006675,-0.0118));
#9713=CARTESIAN_POINT('',(0.18879375,-0.006675,-0.012798));
#9714=CARTESIAN_POINT('',(0.209725,-0.006675,-0.0195));
#9715=CARTESIAN_POINT('',(0.209725,-0.006675,-0.0128));
#9716=CARTESIAN_POINT('',(0.209725,-0.006675,-0.01925));
#9717=CARTESIAN_POINT('',(0.1673625,-0.006675,-0.01925));
#9718=CARTESIAN_POINT('',(0.1673625,-0.006675,-0.01925));
#9719=CARTESIAN_POINT('',(0.1673625,-0.006675,-0.012798));
#9720=CARTESIAN_POINT('',(0.1673625,-0.006675,-0.0118));
#9721=CARTESIAN_POINT('',(0.18879375,-0.006675,-0.0118));
#9722=CARTESIAN_POINT('',(0.202184419,-0.006675,-0.0118));
#9723=CARTESIAN_POINT('',(0.202184419,-0.006675,-0.0128));
#9724=CARTESIAN_POINT('',(0.202184419,-0.006675,-0.0128));
#9725=CARTESIAN_POINT('',(0.18879375,-0.006675,-0.0128));
#9726=CARTESIAN_POINT('',(0.1673625,-0.00905625,-0.012798));
#9727=CARTESIAN_POINT('',(0.1673625,-0.0109375,-0.01925));
#9728=CARTESIAN_POINT('',(0.1673625,-0.0109375,-0.01925));
#9729=CARTESIAN_POINT('',(0.1673625,-0.0109375,-0.012798));
#9730=CARTESIAN_POINT('',(0.1673625,-0.0109375,-0.0118));
#9731=CARTESIAN_POINT('',(0.1673625,-0.00905625,-0.0118));
#9732=CARTESIAN_POINT('',(0.104775,-0.0114375,-0.012798));
#9733=CARTESIAN_POINT('',(0.1668625,-0.0114375,-0.012798));
#9734=CARTESIAN_POINT('',(0.1668625,-0.0114375,-0.0118));
#9735=CARTESIAN_POINT('',(0.1668625,-0.0114375,-0.01925));
#9736=CARTESIAN_POINT('',(0.104775,-0.0114375,-0.01925));
#9737=CARTESIAN_POINT('',(0.0426875,-0.0114375,-0.01925));
#9738=CARTESIAN_POINT('',(0.0426875,-0.0114375,-0.0118));
#9739=CARTESIAN_POINT('',(0.0426875,-0.0114375,-0.0118));
#9740=CARTESIAN_POINT('',(0.104775,-0.0114375,-0.0118));
#9741=CARTESIAN_POINT('',(0.0481968220000001,-0.0114375,-0.0118));
#9742=CARTESIAN_POINT('',(0.0481968220000001,-0.0114375,-0.012798));
#9743=CARTESIAN_POINT('',(0.054990578,-0.0114375,-0.012798));
#9744=CARTESIAN_POINT('',(0.054990578,-0.0114375,-0.0118));
#9745=CARTESIAN_POINT('',(0.104775,-0.0114375,-0.0118));
#9746=CARTESIAN_POINT('',(0.154489566,-0.0114375,-0.0118));
#9747=CARTESIAN_POINT('',(0.154489566,-0.0114375,-0.012798));
#9748=CARTESIAN_POINT('',(0.161283328,-0.0114375,-0.012798));
#9749=CARTESIAN_POINT('',(0.161283328,-0.0114375,-0.0118));
#9750=CARTESIAN_POINT('',(0.104775,-0.0114375,-0.0118));
#9751=CARTESIAN_POINT('',(0.0421875,-0.00905625,-0.012798));
#9752=CARTESIAN_POINT('',(0.0421875,-0.0109375,-0.0195));
#9753=CARTESIAN_POINT('',(0.0421875,-0.0109375,-0.0118));
#9754=CARTESIAN_POINT('',(0.0421875,-0.0109375,-0.01925));
#9755=CARTESIAN_POINT('',(0.0421875,-0.00905625,-0.01925));
#9756=CARTESIAN_POINT('',(0.0421875,-0.00905625,-0.0118));
#9757=CARTESIAN_POINT('',(0.1673625,0.082875,-0.012798));
#9758=CARTESIAN_POINT('',(0.1673625,0.082875,-0.01925));
#9759=CARTESIAN_POINT('',(0.209725,0.082875,-0.01925));
#9760=CARTESIAN_POINT('',(0.209725,0.082875,-0.012798));
#9761=CARTESIAN_POINT('',(0.197421922,0.082875,-0.0118));
#9762=CARTESIAN_POINT('',(0.197421922,0.082875,-0.0118));
#9763=CARTESIAN_POINT('',(0.1673625,0.082875,-0.0118));
#9764=CARTESIAN_POINT('',(0.156590678,0.082875,-0.0118));
#9765=CARTESIAN_POINT('',(0.156590678,0.082875,-0.0128));
#9766=CARTESIAN_POINT('',(0.156590678,0.082875,-0.0128));
#9767=CARTESIAN_POINT('',(0.1673625,0.082875,-0.0128));
#9768=CARTESIAN_POINT('',(0.149796922,0.082875,-0.0128));
#9769=CARTESIAN_POINT('',(0.149796922,0.082875,-0.0118));
#9770=CARTESIAN_POINT('',(0.149796922,0.082875,-0.0118));
#9771=CARTESIAN_POINT('',(0.1673625,0.082875,-0.0118));
#9772=CARTESIAN_POINT('',(0.12475,0.082875,-0.0118));
#9773=CARTESIAN_POINT('',(0.12475,0.082875,-0.0118));
#9774=CARTESIAN_POINT('',(0.220227,0.04524375,-0.0257089214635825));
#9775=CARTESIAN_POINT('',(-0.008925,0.04524375,-0.0257089214635825));
#9776=CARTESIAN_POINT('',(-0.008925,0.100925,-0.0305803996095354));
#9777=CARTESIAN_POINT('',(-0.008925,-0.0104375,-0.0208374433176296));
#9778=CARTESIAN_POINT('',(-0.00892500000000024,-0.0104375,-0.0208374433176296));
#9779=CARTESIAN_POINT('',(-0.00892803358683889,-0.0112907960301974,-0.0207627895883557));
#9780=CARTESIAN_POINT('',(-0.00822347042029458,-0.0129813932305535,-0.0206148814987359));
#9781=CARTESIAN_POINT('',(-0.0065276078088429,-0.0136973571979872,-0.0205522427680924));
#9782=CARTESIAN_POINT('',(-0.00567500000000024,-0.0136941592783395,-0.0205525225498084));
#9783=CARTESIAN_POINT('',(-0.005675,-0.0136941592783394,-0.0205525225498084));
#9784=CARTESIAN_POINT('',(0.215225,-0.0136941592783394,-0.0205525225498084));
#9785=CARTESIAN_POINT('',(0.215225,-0.0136941592783394,-0.0205525225498084));
#9786=CARTESIAN_POINT('',(0.215225,-0.0136941592783394,-0.0205525225498084));
#9787=CARTESIAN_POINT('',(0.216081100272374,-0.0136974136287664,-0.0205522378310389));
#9788=CARTESIAN_POINT('',(0.217775102028214,-0.0129794871899634,-0.0206150482556797));
#9789=CARTESIAN_POINT('',(0.218477840377791,-0.0112879564044283,-0.0207630380234191));
#9790=CARTESIAN_POINT('',(0.218475,-0.0104375,-0.0208374433176296));
#9791=CARTESIAN_POINT('',(0.218475,-0.0104375,-0.0208374433176296));
#9792=CARTESIAN_POINT('',(0.218475,0.04524375,-0.0257089214635825));
#9793=CARTESIAN_POINT('',(0.218475,0.100925,-0.0305803996095354));
#9794=CARTESIAN_POINT('',(0.218475,0.100925,-0.0305803996095353));
#9795=CARTESIAN_POINT('',(0.218478033586838,0.10177829603016,-0.030655053338806));
#9796=CARTESIAN_POINT('',(0.217773470420308,0.103468893230572,-0.0308029614284308));
#9797=CARTESIAN_POINT('',(0.216077607808815,0.104184857197987,-0.0308656001590726));
#9798=CARTESIAN_POINT('',(0.215225,0.104181659278339,-0.0308653203773566));
#9799=CARTESIAN_POINT('',(0.215225,0.104181659278339,-0.0308653203773566));
#9800=CARTESIAN_POINT('',(-0.005675,0.104181659278339,-0.0308653203773566));
#9801=CARTESIAN_POINT('',(-0.00567500000000007,0.104181659278339,-0.0308653203773566));
#9802=CARTESIAN_POINT('',(-0.00567500000000024,0.10418165927834,-0.0308653203773566));
#9803=CARTESIAN_POINT('',(-0.0065311002724296,0.104184913628767,-0.0308656050961261));
#9804=CARTESIAN_POINT('',(-0.00822510202818725,0.103466987190024,-0.0308027946714906));
#9805=CARTESIAN_POINT('',(-0.00892784037779091,0.101775456404307,-0.0306548049037353));
#9806=CARTESIAN_POINT('',(-0.00892500000000024,0.100925,-0.0305803996095354));
#9807=CARTESIAN_POINT('',(-0.010675,0.04524375,-0.0257089214635825));
#9808=CARTESIAN_POINT('',(-0.010675,-0.0104375,-0.0208374433176296));
#9809=CARTESIAN_POINT('',(-0.010675,0.100925,-0.0305803996095354));
#9810=CARTESIAN_POINT('',(-0.005675,0.100925,-0.0305803996095354));
#9811=CARTESIAN_POINT('',(0.215225,0.100925,-0.0305803996095354));
#9812=CARTESIAN_POINT('',(0.220225,0.100925,-0.0305803996095354));
#9813=CARTESIAN_POINT('',(0.220225,0.04524375,-0.0257089214635825));
#9814=CARTESIAN_POINT('',(0.220225,-0.0104375,-0.0208374433176296));
#9815=CARTESIAN_POINT('',(0.215225,-0.0104375,-0.0208374433176296));
#9816=CARTESIAN_POINT('',(0.215225,-0.0154375,-0.0204));
#9817=CARTESIAN_POINT('',(0.104775,-0.0154375,-0.0204));
#9818=CARTESIAN_POINT('',(-0.005675,-0.0154375,-0.0204));
#9819=CARTESIAN_POINT('',(-0.005675,-0.0104375,-0.0208374433176296));
#9820=CARTESIAN_POINT('',(0.02075625,-0.000675,-0.0078));
#9821=CARTESIAN_POINT('',(-0.000175,-0.000675,-0.0078));
#9822=CARTESIAN_POINT('',(-0.000175,-0.000675,-0.00025));
#9823=CARTESIAN_POINT('',(0.0430375,-0.000675,-0.00025));
#9824=CARTESIAN_POINT('',(0.0430375,-0.000675,-0.00025));
#9825=CARTESIAN_POINT('',(0.0430375,-0.000675,-0.0078));
#9826=CARTESIAN_POINT('',(0.0430375,-0.000675,-0.00675));
#9827=CARTESIAN_POINT('',(0.0430375,-0.000675,-0.00675));
#9828=CARTESIAN_POINT('',(0.0432233035613574,-0.000675,-0.00675));
#9829=CARTESIAN_POINT('',(0.0433876343133612,-0.000675,-0.00685113573789705));
#9830=CARTESIAN_POINT('',(0.0435375,-0.000675,-0.00695710678118655));
#9831=CARTESIAN_POINT('',(0.0435375,-0.000675,-0.00695710678118655));
#9832=CARTESIAN_POINT('',(0.0435375,-0.000675,-0.011802));
#9833=CARTESIAN_POINT('',(0.0435375,-0.000675,-0.01155));
#9834=CARTESIAN_POINT('',(0.00396870000000005,-0.000675,-0.01155));
#9835=CARTESIAN_POINT('',(0.00396870000000005,-0.000675,-0.01155));
#9836=CARTESIAN_POINT('',(0.00396870000000005,-0.000675,-0.0118));
#9837=CARTESIAN_POINT('',(-0.010675,0.04524375,-0.0078));
#9838=CARTESIAN_POINT('',(-0.010675,-0.0104375,-0.0078));
#9839=CARTESIAN_POINT('',(-0.010675,-0.0104375,-0.005));
#9840=CARTESIAN_POINT('',(-0.010675,0.04524375,-0.005));
#9841=CARTESIAN_POINT('',(-0.010675,0.100925,-0.005));
#9842=CARTESIAN_POINT('',(-0.010675,0.100925,-0.0310178429271649));
#9843=CARTESIAN_POINT('',(0.104775,-0.0154375,-0.0078));
#9844=CARTESIAN_POINT('',(0.215225,-0.0154375,0.));
#9845=CARTESIAN_POINT('',(0.215225,-0.0154375,-0.005));
#9846=CARTESIAN_POINT('',(0.104775,-0.0154375,-0.005));
#9847=CARTESIAN_POINT('',(-0.005675,-0.0154375,-0.005));
#9848=CARTESIAN_POINT('',(-0.005675,-0.0154375,-0.0078));
#9849=CARTESIAN_POINT('',(0.220225,0.04524375,-0.0078));
#9850=CARTESIAN_POINT('',(0.220225,0.100925,-0.0078));
#9851=CARTESIAN_POINT('',(0.220225,0.100925,-0.005));
#9852=CARTESIAN_POINT('',(0.220225,-0.0104375,-0.005));
#9853=CARTESIAN_POINT('',(0.220225,-0.0104375,-0.005));
#9854=CARTESIAN_POINT('',(0.220225,-0.0104375,-0.0204));
#9855=CARTESIAN_POINT('',(0.104775,0.04524375,-0.0128));
#9856=CARTESIAN_POINT('',(0.209725,-0.006175,-0.0128));
#9857=CARTESIAN_POINT('',(0.202184419,-0.006175,-0.0128));
#9858=CARTESIAN_POINT('',(0.202684419,-0.006175,-0.0128));
#9859=CARTESIAN_POINT('',(0.202684419,-0.00512344049999996,-0.0128));
#9860=CARTESIAN_POINT('',(0.202684419,-0.00357188099999993,-0.0128));
#9861=CARTESIAN_POINT('',(0.2055813,-0.00357188099999993,-0.0128));
#9862=CARTESIAN_POINT('',(0.209725,-0.000175,-0.0128));
#9863=CARTESIAN_POINT('',(0.2055813,-0.00357188099999993,-0.0128));
#9864=CARTESIAN_POINT('',(0.2040563,-0.00357188099999993,-0.0128));
#9865=CARTESIAN_POINT('',(0.104775,0.04524375,-0.0128));
#9866=CARTESIAN_POINT('',(0.00935,0.101425,-0.0128));
#9867=CARTESIAN_POINT('',(0.0216530810000001,0.101425,-0.0128));
#9868=CARTESIAN_POINT('',(0.0211530810000001,0.101425,-0.0128));
#9869=CARTESIAN_POINT('',(0.0211530810000001,0.1003734405,-0.0128));
#9870=CARTESIAN_POINT('',(0.0211530810000001,0.0988218810000001,-0.0128));
#9871=CARTESIAN_POINT('',(0.0182562,0.0988218810000001,-0.0128));
#9872=CARTESIAN_POINT('',(0.00935,0.095425,-0.0128));
#9873=CARTESIAN_POINT('',(0.0182562,0.0988218810000001,-0.0128));
#9874=CARTESIAN_POINT('',(0.0167312,0.0988218810000001,-0.0128));
#9875=CARTESIAN_POINT('',(0.104775,0.04524375,-0.0128));
#9876=CARTESIAN_POINT('',(0.156590678,0.082375,-0.0128));
#9877=CARTESIAN_POINT('',(0.156090678,0.082375,-0.0128));
#9878=CARTESIAN_POINT('',(0.156090678,0.0813234390000001,-0.0128));
#9879=CARTESIAN_POINT('',(0.156090678,0.0797718780000001,-0.0128));
#9880=CARTESIAN_POINT('',(0.1531938,0.0797718780000001,-0.0128));
#9881=CARTESIAN_POINT('',(0.150296922,0.0797718780000001,-0.0128));
#9882=CARTESIAN_POINT('',(0.150296922,0.0813234390000001,-0.0128));
#9883=CARTESIAN_POINT('',(0.150296922,0.082375,-0.0128));
#9884=CARTESIAN_POINT('',(0.149796922,0.082375,-0.0128));
#9885=CARTESIAN_POINT('',(0.1531938,0.0797718780000001,-0.0128));
#9886=CARTESIAN_POINT('',(0.1516688,0.0797718780000001,-0.0128));
#9887=CARTESIAN_POINT('',(-0.005675,0.100925,-0.0078));
#9888=CARTESIAN_POINT('',(-0.005675,0.100925,-0.005));
#9889=CARTESIAN_POINT('',(0.215225,0.100925,-0.0078));
#9890=CARTESIAN_POINT('',(0.215225,0.100925,-0.005));
#9891=CARTESIAN_POINT('',(-0.005675,-0.0104375,-0.0078));
#9892=CARTESIAN_POINT('',(-0.005675,-0.0104375,-0.005));
#9893=CARTESIAN_POINT('',(0.215225,-0.0104375,-0.0078));
#9894=CARTESIAN_POINT('',(0.215225,-0.0104375,-0.005));
#9895=CARTESIAN_POINT('',(-0.005675,0.04524375,0.));
#9896=CARTESIAN_POINT('',(-0.010675,0.100925,-0.005));
#9897=CARTESIAN_POINT('',(-0.005675,-0.0104375,0.));
#9898=CARTESIAN_POINT('',(-0.005675,0.100925,-0.005));
#9899=CARTESIAN_POINT('',(-0.005675,0.105925,-0.005));
#9900=CARTESIAN_POINT('',(-0.005675,-0.0104375,-0.005));
#9901=CARTESIAN_POINT('',(-0.005675,-0.0104375,0.));
#9902=CARTESIAN_POINT('',(0.104775,0.105925,-0.005));
#9903=CARTESIAN_POINT('',(0.215225,0.105925,-0.005));
#9904=CARTESIAN_POINT('',(0.104775,-0.0104375,0.));
#9905=CARTESIAN_POINT('',(0.215225,-0.0104375,0.));
#9906=CARTESIAN_POINT('',(0.215225,0.100925,-0.005));
#9907=CARTESIAN_POINT('',(0.220225,0.100925,-0.005));
#9908=CARTESIAN_POINT('',(0.215225,-0.0104375,-0.005));
#9909=CARTESIAN_POINT('',(0.215225,-0.0104375,0.));
#9910=CARTESIAN_POINT('',(0.220225,0.04524375,-0.005));
#9911=CARTESIAN_POINT('',(0.1531938,0.0797718780000001,-0.0068));
#9912=CARTESIAN_POINT('',(0.1531938,0.0797718780000001,-0.0068));
#9913=CARTESIAN_POINT('',(0.1516688,0.0797718780000001,-0.0068));
#9914=CARTESIAN_POINT('',(0.1673625,0.079875,-0.0068));
#9915=CARTESIAN_POINT('',(0.2008188,0.0797718780000001,-0.0068));
#9916=CARTESIAN_POINT('',(0.2008188,0.0797718780000001,-0.0068));
#9917=CARTESIAN_POINT('',(0.1992938,0.0797718780000001,-0.0068));
#9918=CARTESIAN_POINT('',(0.1673625,0.079875,-0.0068));
#9919=CARTESIAN_POINT('',(0.0182562,0.0988218810000001,-0.0068));
#9920=CARTESIAN_POINT('',(0.0182562,0.0988218810000001,-0.0068));
#9921=CARTESIAN_POINT('',(0.0167312,0.0988218810000001,-0.0068));
#9922=CARTESIAN_POINT('',(0.066675,0.098925,-0.0068));
#9923=CARTESIAN_POINT('',(0.0658812,0.0988218810000001,-0.0068));
#9924=CARTESIAN_POINT('',(0.0658812,0.0988218810000001,-0.0068));
#9925=CARTESIAN_POINT('',(0.0643562,0.0988218810000001,-0.0068));
#9926=CARTESIAN_POINT('',(0.066675,0.098925,-0.0068));
#9927=CARTESIAN_POINT('',(0.157886447,-0.008334381,-0.0068));
#9928=CARTESIAN_POINT('',(0.157886447,-0.008334381,-0.0068));
#9929=CARTESIAN_POINT('',(0.156361447,-0.008334381,-0.0068));
#9930=CARTESIAN_POINT('',(0.104775,-0.00605625,-0.0068));
#9931=CARTESIAN_POINT('',(0.00396870000000005,-0.00357187799999993,-0.0068));
#9932=CARTESIAN_POINT('',(0.00396870000000005,-0.00357187799999993,-0.0068));
#9933=CARTESIAN_POINT('',(0.00244370000000005,-0.00357187799999993,-0.0068));
#9934=CARTESIAN_POINT('',(0.104775,-0.00605625,-0.0068));
#9935=CARTESIAN_POINT('',(0.0515937,-0.008334378,-0.0068));
#9936=CARTESIAN_POINT('',(0.0515937,-0.008334378,-0.0068));
#9937=CARTESIAN_POINT('',(0.0500687,-0.008334378,-0.0068));
#9938=CARTESIAN_POINT('',(0.104775,-0.00605625,-0.0068));
#9939=CARTESIAN_POINT('',(0.2055813,-0.00357188099999993,-0.0068));
#9940=CARTESIAN_POINT('',(0.2055813,-0.00357188099999993,-0.0068));
#9941=CARTESIAN_POINT('',(0.2040563,-0.00357188099999993,-0.0068));
#9942=CARTESIAN_POINT('',(0.104775,-0.00605625,-0.0068));
#9943=CARTESIAN_POINT('',(0.104775,-0.012452505886835,-0.00922878765442949));
#9944=CARTESIAN_POINT('',(0.215225,-0.012452505886835,-0.00922878765442949));
#9945=CARTESIAN_POINT('',(0.215225,-0.0134233216681296,-0.0203252628109724));
#9946=CARTESIAN_POINT('',(-0.005675,-0.0134233216681296,-0.0203252628109724));
#9947=CARTESIAN_POINT('',(-0.005675,-0.0134233216681296,-0.0203252628109724));
#9948=CARTESIAN_POINT('',(-0.005675,-0.012452505886835,-0.00922878765442949));
#9949=CARTESIAN_POINT('',(0.218225,-0.0103199175384426,-0.0194934696321413));
#9950=CARTESIAN_POINT('',(0.218225,-0.0104157110643131,-0.0205883946431067));
#9951=CARTESIAN_POINT('',(0.218225,-0.0111130791164639,-0.0194240769857201));
#9952=CARTESIAN_POINT('',(0.218225,-0.0112088726423343,-0.0205190019966854));
#9953=CARTESIAN_POINT('',(0.217568668619119,-0.0126783040814367,-0.0192871375454173));
#9954=CARTESIAN_POINT('',(0.217568668619119,-0.0127740976073072,-0.0203820625563827));
#9955=CARTESIAN_POINT('',(0.216012156031272,-0.0133275281422591,-0.019230337800007));
#9956=CARTESIAN_POINT('',(0.216012156031272,-0.0134233216681296,-0.0203252628109724));
#9957=CARTESIAN_POINT('',(0.215225,-0.0133275281422591,-0.019230337800007));
#9958=CARTESIAN_POINT('',(0.215225,-0.0134233216681296,-0.0203252628109724));
#9959=CARTESIAN_POINT('',(0.218225,-0.00944489528301853,-0.00949191948656379));
#9960=CARTESIAN_POINT('',(0.218225,-0.0104157110643131,-0.0205883946431067));
#9961=CARTESIAN_POINT('',(0.218225,-0.0104157110643131,-0.0205883946431067));
#9962=CARTESIAN_POINT('',(0.218225,-0.0112088726423343,-0.0205190019966854));
#9963=CARTESIAN_POINT('',(0.217568668619119,-0.0127740976073072,-0.0203820625563826));
#9964=CARTESIAN_POINT('',(0.216012156031272,-0.0134233216681296,-0.0203252628109724));
#9965=CARTESIAN_POINT('',(0.215225,-0.0134233216681296,-0.0203252628109724));
#9966=CARTESIAN_POINT('',(-0.005675,-0.0133275281422591,-0.019230337800007));
#9967=CARTESIAN_POINT('',(-0.005675,-0.0134233216681296,-0.0203252628109724));
#9968=CARTESIAN_POINT('',(-0.00646215603127327,-0.0133275281422594,-0.019230337800007));
#9969=CARTESIAN_POINT('',(-0.00646215603127327,-0.0134233216681299,-0.0203252628109724));
#9970=CARTESIAN_POINT('',(-0.00801866861911773,-0.0126783040814367,-0.0192871375454173));
#9971=CARTESIAN_POINT('',(-0.00801866861911773,-0.0127740976073071,-0.0203820625563826));
#9972=CARTESIAN_POINT('',(-0.008675,-0.0111130791164638,-0.0194240769857201));
#9973=CARTESIAN_POINT('',(-0.008675,-0.0112088726423343,-0.0205190019966854));
#9974=CARTESIAN_POINT('',(-0.008675,-0.0103199175384426,-0.0194934696321413));
#9975=CARTESIAN_POINT('',(-0.008675,-0.010415711064313,-0.0205883946431067));
#9976=CARTESIAN_POINT('',(-0.005675,-0.0134233216681296,-0.0203252628109724));
#9977=CARTESIAN_POINT('',(-0.00646215603127327,-0.0134233216681299,-0.0203252628109724));
#9978=CARTESIAN_POINT('',(-0.00801866861911773,-0.0127740976073071,-0.0203820625563826));
#9979=CARTESIAN_POINT('',(-0.008675,-0.0112088726423343,-0.0205190019966854));
#9980=CARTESIAN_POINT('',(-0.008675,-0.010415711064313,-0.0205883946431067));
#9981=CARTESIAN_POINT('',(-0.008675,-0.010415711064313,-0.0205883946431067));
#9982=CARTESIAN_POINT('',(-0.008675,-0.00944489528301847,-0.0094919194865638));
#9983=CARTESIAN_POINT('',(0.218225,0.0462363547169815,-0.0143633976325166));
#9984=CARTESIAN_POINT('',(0.218225,0.101917604716981,-0.0192348757784695));
#9985=CARTESIAN_POINT('',(0.218225,0.100946788935687,-0.0303313509350126));
#9986=CARTESIAN_POINT('',(0.218225,0.0452655389356869,-0.0254598727890596));
#9987=CARTESIAN_POINT('',(0.215225,0.104930864858131,-0.0194334331033971));
#9988=CARTESIAN_POINT('',(0.215225,0.103954399539503,-0.0305944827671468));
#9989=CARTESIAN_POINT('',(0.216012156031272,0.104930864858131,-0.0194334331033971));
#9990=CARTESIAN_POINT('',(0.216012156031272,0.103954399539503,-0.0305944827671468));
#9991=CARTESIAN_POINT('',(0.217568668619118,0.104281640797308,-0.0193766333579867));
#9992=CARTESIAN_POINT('',(0.217568668619118,0.103305175478681,-0.0305376830217364));
#9993=CARTESIAN_POINT('',(0.218225,0.102716415832337,-0.0192396939176844));
#9994=CARTESIAN_POINT('',(0.218225,0.101739950513709,-0.0304007435814341));
#9995=CARTESIAN_POINT('',(0.218225,0.101923254254315,-0.0191703012712628));
#9996=CARTESIAN_POINT('',(0.218225,0.100946788935687,-0.0303313509350125));
#9997=CARTESIAN_POINT('',(0.215225,0.103954399539503,-0.0305944827671467));
#9998=CARTESIAN_POINT('',(0.216012156031272,0.103954399539503,-0.0305944827671467));
#9999=CARTESIAN_POINT('',(0.217568668619118,0.103305175478681,-0.0305376830217363));
#10000=CARTESIAN_POINT('',(0.218225,0.101739950513709,-0.030400743581434));
#10001=CARTESIAN_POINT('',(0.218225,0.100946788935687,-0.0303313509350124));
#10002=CARTESIAN_POINT('',(-0.008675,0.101923254254315,-0.0191703012712628));
#10003=CARTESIAN_POINT('',(-0.008675,0.100946788935687,-0.0303313509350124));
#10004=CARTESIAN_POINT('',(-0.008675,0.102716415832337,-0.0192396939176844));
#10005=CARTESIAN_POINT('',(-0.008675,0.101739950513709,-0.030400743581434));
#10006=CARTESIAN_POINT('',(-0.00801866861911765,0.104281640797308,-0.0193766333579867));
#10007=CARTESIAN_POINT('',(-0.00801866861911765,0.10330517547868,-0.0305376830217363));
#10008=CARTESIAN_POINT('',(-0.00646215603127344,0.104930864858131,-0.0194334331033971));
#10009=CARTESIAN_POINT('',(-0.00646215603127344,0.103954399539503,-0.0305944827671467));
#10010=CARTESIAN_POINT('',(-0.005675,0.104930864858131,-0.0194334331033971));
#10011=CARTESIAN_POINT('',(-0.005675,0.103954399539503,-0.0305944827671467));
#10012=CARTESIAN_POINT('',(-0.008675,0.101917604716981,-0.0192348757784695));
#10013=CARTESIAN_POINT('',(-0.008675,0.100946788935687,-0.0303313509350124));
#10014=CARTESIAN_POINT('',(-0.008675,0.100946788935687,-0.0303313509350124));
#10015=CARTESIAN_POINT('',(-0.008675,0.101739950513709,-0.030400743581434));
#10016=CARTESIAN_POINT('',(-0.00801866861911765,0.10330517547868,-0.0305376830217363));
#10017=CARTESIAN_POINT('',(-0.00646215603127344,0.103954399539503,-0.0305944827671467));
#10018=CARTESIAN_POINT('',(-0.005675,0.103954399539503,-0.0305944827671467));
#10019=CARTESIAN_POINT('',(-0.008675,0.0462363547169815,-0.0143633976325166));
#10020=CARTESIAN_POINT('',(-0.008675,0.0452655389356869,-0.0254598727890596));
#10021=CARTESIAN_POINT('',(0.157886447,-0.008334381,-0.0118));
#10022=CARTESIAN_POINT('',(0.154989566,-0.008334381,-0.0118));
#10023=CARTESIAN_POINT('',(0.154989566,-0.008334381,-0.0118));
#10024=CARTESIAN_POINT('',(0.157886447,-0.008334381,-0.0118));
#10025=CARTESIAN_POINT('',(0.156709187258057,-0.0056875,-0.0118));
#10026=CARTESIAN_POINT('',(0.157886447,-0.008334381,-0.0144468809999999));
#10027=CARTESIAN_POINT('',(0.157886447,-0.008334381,-0.0144468809999999));
#10028=CARTESIAN_POINT('',(0.159063706741943,-0.0056875,-0.0118));
#10029=CARTESIAN_POINT('',(0.157886447,-0.008334381,-0.0118));
#10030=CARTESIAN_POINT('',(0.160783328,-0.008334381,-0.0118));
#10031=CARTESIAN_POINT('',(0.160783328,-0.008334381,-0.0118));
#10032=CARTESIAN_POINT('',(0.154989566,-0.00988594049999997,-0.0118));
#10033=CARTESIAN_POINT('',(0.154989566,-0.0109375,-0.0118));
#10034=CARTESIAN_POINT('',(0.154989566,-0.0109375,-0.0118));
#10035=CARTESIAN_POINT('',(0.154989566,-0.00988594049999997,-0.0118));
#10036=CARTESIAN_POINT('',(0.054490578,-0.009885939,-0.0118));
#10037=CARTESIAN_POINT('',(0.054490578,-0.009885939,-0.0118));
#10038=CARTESIAN_POINT('',(0.054490578,-0.0109375,-0.0118));
#10039=CARTESIAN_POINT('',(0.054490578,-0.008334378,-0.0118));
#10040=CARTESIAN_POINT('',(0.054490578,-0.0109375,-0.0118));
#10041=CARTESIAN_POINT('',(0.054490578,-0.008334378,-0.0118));
#10042=CARTESIAN_POINT('',(0.0515937,-0.008334378,-0.0118));
#10043=CARTESIAN_POINT('',(0.0486968220000001,-0.008334378,-0.0118));
#10044=CARTESIAN_POINT('',(0.0486968220000001,-0.008334378,-0.0118));
#10045=CARTESIAN_POINT('',(0.0515937,-0.008334378,-0.0118));
#10046=CARTESIAN_POINT('',(0.0504164408951298,-0.0056875,-0.0118));
#10047=CARTESIAN_POINT('',(0.0515937,-0.008334378,-0.0144468779999999));
#10048=CARTESIAN_POINT('',(0.0515937,-0.008334378,-0.0144468779999999));
#10049=CARTESIAN_POINT('',(0.0527709591048703,-0.0056875,-0.0118));
#10050=CARTESIAN_POINT('',(0.0515937,-0.008334378,-0.0118));
#10051=CARTESIAN_POINT('',(0.104775,-0.00605625,-0.0118));
#10052=CARTESIAN_POINT('',(0.157886447,-0.0056875,-0.0118));
#10053=CARTESIAN_POINT('',(0.154489566,-0.0109375,-0.0118));
#10054=CARTESIAN_POINT('',(0.054990578,-0.0109375,-0.0118));
#10055=CARTESIAN_POINT('',(0.2055813,-0.00357188099999993,-0.0118));
#10056=CARTESIAN_POINT('',(0.202684419,-0.00357188099999993,-0.0118));
#10057=CARTESIAN_POINT('',(0.202684419,-0.00357188099999993,-0.0118));
#10058=CARTESIAN_POINT('',(0.2055813,-0.00357188099999993,-0.0118));
#10059=CARTESIAN_POINT('',(0.204404040258057,-0.000925,-0.0118));
#10060=CARTESIAN_POINT('',(0.2055813,-0.00357188099999993,-0.0144468809999999));
#10061=CARTESIAN_POINT('',(0.202684419,-0.00512344049999996,-0.0118));
#10062=CARTESIAN_POINT('',(0.202684419,-0.006175,-0.0118));
#10063=CARTESIAN_POINT('',(0.202684419,-0.006175,-0.0118));
#10064=CARTESIAN_POINT('',(0.202684419,-0.00512344049999996,-0.0118));
#10065=CARTESIAN_POINT('',(0.160783328,-0.00988594049999997,-0.0118));
#10066=CARTESIAN_POINT('',(0.160783328,-0.00988594049999997,-0.0118));
#10067=CARTESIAN_POINT('',(0.160783328,-0.0109375,-0.0118));
#10068=CARTESIAN_POINT('',(0.160783328,-0.0109375,-0.0118));
#10069=CARTESIAN_POINT('',(0.104775,-0.00605625,-0.0118));
#10070=CARTESIAN_POINT('',(0.1662625,-0.00605625,-0.0118));
#10071=CARTESIAN_POINT('',(0.1662625,-0.0049375,-0.0118));
#10072=CARTESIAN_POINT('',(0.1662625,-0.000925,-0.0118));
#10073=CARTESIAN_POINT('',(0.2055813,-0.000925,-0.0118));
#10074=CARTESIAN_POINT('',(0.202184419,-0.006175,-0.0118));
#10075=CARTESIAN_POINT('',(0.1668625,-0.0109375,-0.0118));
#10076=CARTESIAN_POINT('',(0.161283328,-0.0109375,-0.0118));
#10077=CARTESIAN_POINT('',(0.1655125,-0.0056875,-0.0118));
#10078=CARTESIAN_POINT('',(0.1655125,-0.0056875,-0.0118));
#10079=CARTESIAN_POINT('',(0.1655125,-0.0049375,-0.0118));
#10080=CARTESIAN_POINT('',(0.0486968220000001,-0.009885939,-0.0118));
#10081=CARTESIAN_POINT('',(0.0486968220000001,-0.0109375,-0.0118));
#10082=CARTESIAN_POINT('',(0.0486968220000001,-0.0109375,-0.0118));
#10083=CARTESIAN_POINT('',(0.0486968220000001,-0.009885939,-0.0118));
#10084=CARTESIAN_POINT('',(0.006865578,-0.005123439,-0.0118));
#10085=CARTESIAN_POINT('',(0.006865578,-0.005123439,-0.0118));
#10086=CARTESIAN_POINT('',(0.006865578,-0.006175,-0.0118));
#10087=CARTESIAN_POINT('',(0.006865578,-0.00357187799999993,-0.0118));
#10088=CARTESIAN_POINT('',(0.006865578,-0.006175,-0.0118));
#10089=CARTESIAN_POINT('',(0.006865578,-0.00357187799999993,-0.0118));
#10090=CARTESIAN_POINT('',(0.00396870000000005,-0.00357187799999993,-0.0118));
#10091=CARTESIAN_POINT('',(0.00396870000000005,-0.00357187799999993,-0.0144468779999999));
#10092=CARTESIAN_POINT('',(0.00514595910487033,-0.000925,-0.0118));
#10093=CARTESIAN_POINT('',(0.00396870000000005,-0.00357187799999993,-0.0118));
#10094=CARTESIAN_POINT('',(0.104775,-0.00605625,-0.0118));
#10095=CARTESIAN_POINT('',(0.0440375,-0.0049375,-0.0118));
#10096=CARTESIAN_POINT('',(0.0432875,-0.0049375,-0.0118));
#10097=CARTESIAN_POINT('',(0.0440375,-0.0056875,-0.0118));
#10098=CARTESIAN_POINT('',(0.0515937,-0.0056875,-0.0118));
#10099=CARTESIAN_POINT('',(0.0481968220000001,-0.0109375,-0.0118));
#10100=CARTESIAN_POINT('',(0.0426875,-0.0109375,-0.0118));
#10101=CARTESIAN_POINT('',(0.007365578,-0.006175,-0.0118));
#10102=CARTESIAN_POINT('',(0.0435375,-0.000925,-0.0118));
#10103=CARTESIAN_POINT('',(0.0432875,-0.000925,-0.0118));
#10104=CARTESIAN_POINT('',(0.0432875,-0.0049375,-0.0118));
#10105=CARTESIAN_POINT('',(0.0658812,0.0988218810000001,-0.0118));
#10106=CARTESIAN_POINT('',(0.0687780810000001,0.0988218810000001,-0.0118));
#10107=CARTESIAN_POINT('',(0.0687780810000001,0.0988218810000001,-0.0118));
#10108=CARTESIAN_POINT('',(0.0658812,0.0988218810000001,-0.0118));
#10109=CARTESIAN_POINT('',(0.0670584597419432,0.096175,-0.0118));
#10110=CARTESIAN_POINT('',(0.0658812,0.0988218810000001,-0.0144468810000001));
#10111=CARTESIAN_POINT('',(0.0658812,0.0988218810000001,-0.0144468810000001));
#10112=CARTESIAN_POINT('',(0.0647039402580569,0.096175,-0.0118));
#10113=CARTESIAN_POINT('',(0.0658812,0.0988218810000001,-0.0118));
#10114=CARTESIAN_POINT('',(0.062984319,0.0988218810000001,-0.0118));
#10115=CARTESIAN_POINT('',(0.062984319,0.0988218810000001,-0.0118));
#10116=CARTESIAN_POINT('',(0.0687780810000001,0.1003734405,-0.0118));
#10117=CARTESIAN_POINT('',(0.0687780810000001,0.101425,-0.0118));
#10118=CARTESIAN_POINT('',(0.0687780810000001,0.101425,-0.0118));
#10119=CARTESIAN_POINT('',(0.0687780810000001,0.1003734405,-0.0118));
#10120=CARTESIAN_POINT('',(0.066675,0.098925,-0.0118));
#10121=CARTESIAN_POINT('',(0.124,0.095425,-0.0118));
#10122=CARTESIAN_POINT('',(0.124,0.096175,-0.0118));
#10123=CARTESIAN_POINT('',(0.066675,0.096175,-0.0118));
#10124=CARTESIAN_POINT('',(0.0692780810000001,0.101425,-0.0118));
#10125=CARTESIAN_POINT('',(0.124,0.101425,-0.0118));
#10126=CARTESIAN_POINT('',(0.0211530810000001,0.1003734405,-0.0118));
#10127=CARTESIAN_POINT('',(0.0211530810000001,0.101425,-0.0118));
#10128=CARTESIAN_POINT('',(0.0211530810000001,0.101425,-0.0118));
#10129=CARTESIAN_POINT('',(0.0211530810000001,0.1003734405,-0.0118));
#10130=CARTESIAN_POINT('',(0.0211530810000001,0.0988218810000001,-0.0118));
#10131=CARTESIAN_POINT('',(0.0211530810000001,0.0988218810000001,-0.0118));
#10132=CARTESIAN_POINT('',(0.062984319,0.1003734405,-0.0118));
#10133=CARTESIAN_POINT('',(0.062984319,0.1003734405,-0.0118));
#10134=CARTESIAN_POINT('',(0.062984319,0.101425,-0.0118));
#10135=CARTESIAN_POINT('',(0.062984319,0.101425,-0.0128));
#10136=CARTESIAN_POINT('',(0.0182562,0.0988218810000001,-0.0118));
#10137=CARTESIAN_POINT('',(0.0182562,0.0988218810000001,-0.0118));
#10138=CARTESIAN_POINT('',(0.0194334597419432,0.096175,-0.0118));
#10139=CARTESIAN_POINT('',(0.0182562,0.0988218810000001,-0.0144468810000001));
#10140=CARTESIAN_POINT('',(0.066675,0.098925,-0.0118));
#10141=CARTESIAN_POINT('',(0.066675,0.096175,-0.0118));
#10142=CARTESIAN_POINT('',(0.0216530810000001,0.101425,-0.0118));
#10143=CARTESIAN_POINT('',(0.062484319,0.101425,-0.0118));
#10144=CARTESIAN_POINT('',(0.150296922,0.0813234390000001,-0.0118));
#10145=CARTESIAN_POINT('',(0.150296922,0.0813234390000001,-0.0118));
#10146=CARTESIAN_POINT('',(0.150296922,0.0797718780000001,-0.0118));
#10147=CARTESIAN_POINT('',(0.150296922,0.082375,-0.0118));
#10148=CARTESIAN_POINT('',(0.150296922,0.082375,-0.0128));
#10149=CARTESIAN_POINT('',(0.150296922,0.0797718780000001,-0.0118));
#10150=CARTESIAN_POINT('',(0.1531938,0.0797718780000001,-0.0118));
#10151=CARTESIAN_POINT('',(0.156090678,0.0797718780000001,-0.0118));
#10152=CARTESIAN_POINT('',(0.156090678,0.0797718780000001,-0.0118));
#10153=CARTESIAN_POINT('',(0.1531938,0.0797718780000001,-0.0118));
#10154=CARTESIAN_POINT('',(0.154371059104871,0.077125,-0.0118));
#10155=CARTESIAN_POINT('',(0.1531938,0.0797718780000001,-0.014446878));
#10156=CARTESIAN_POINT('',(0.1531938,0.0797718780000001,-0.014446878));
#10157=CARTESIAN_POINT('',(0.15201654089513,0.077125,-0.0118));
#10158=CARTESIAN_POINT('',(0.1531938,0.0797718780000001,-0.0118));
#10159=CARTESIAN_POINT('',(0.1673625,0.079875,-0.0118));
#10160=CARTESIAN_POINT('',(0.1673625,0.077125,-0.0118));
#10161=CARTESIAN_POINT('',(0.12475,0.077125,-0.0118));
#10162=CARTESIAN_POINT('',(0.12475,0.082875,-0.0118));
#10163=CARTESIAN_POINT('',(0.149796922,0.082375,-0.0118));
#10164=CARTESIAN_POINT('',(0.156090678,0.0813234390000001,-0.0118));
#10165=CARTESIAN_POINT('',(0.156090678,0.082375,-0.0118));
#10166=CARTESIAN_POINT('',(0.156090678,0.082375,-0.0118));
#10167=CARTESIAN_POINT('',(0.156090678,0.0813234390000001,-0.0118));
#10168=CARTESIAN_POINT('',(0.197921922,0.0813234390000001,-0.0118));
#10169=CARTESIAN_POINT('',(0.197921922,0.0813234390000001,-0.0118));
#10170=CARTESIAN_POINT('',(0.197921922,0.0797718780000001,-0.0118));
#10171=CARTESIAN_POINT('',(0.197921922,0.082375,-0.0118));
#10172=CARTESIAN_POINT('',(0.197921922,0.082375,-0.0128));
#10173=CARTESIAN_POINT('',(0.197921922,0.0797718780000001,-0.0118));
#10174=CARTESIAN_POINT('',(0.2008188,0.0797718780000001,-0.0118));
#10175=CARTESIAN_POINT('',(0.2008188,0.0797718780000001,-0.014446878));
#10176=CARTESIAN_POINT('',(0.19964154089513,0.077125,-0.0118));
#10177=CARTESIAN_POINT('',(0.2008188,0.0797718780000001,-0.0118));
#10178=CARTESIAN_POINT('',(0.1673625,0.079875,-0.0118));
#10179=CARTESIAN_POINT('',(0.1673625,0.077125,-0.0118));
#10180=CARTESIAN_POINT('',(0.156590678,0.082375,-0.0118));
#10181=CARTESIAN_POINT('',(0.197421922,0.082375,-0.0118));
#10182=CARTESIAN_POINT('',(0.0955249998652776,0.105364484326942,-0.0185));
#10183=CARTESIAN_POINT('',(0.0955249998652776,0.104423131090541,-0.01925));
#10184=CARTESIAN_POINT('',(0.0955249998652776,0.104445003256422,-0.01925));
#10185=CARTESIAN_POINT('',(0.0955249998652776,0.104517105814809,-0.0184258639864729));
#10186=CARTESIAN_POINT('',(0.0955249998652776,0.104598108417593,-0.0175));
#10187=CARTESIAN_POINT('',(0.0955249998652776,0.105364484326942,-0.0175));
#10188=CARTESIAN_POINT('',(0.0985249998652776,0.105364484326942,-0.0175));
#10189=CARTESIAN_POINT('',(0.0985249998652776,0.104598108417593,-0.0175));
#10190=CARTESIAN_POINT('',(0.0985249998652776,0.104816830076407,-0.0145));
#10191=CARTESIAN_POINT('',(0.0985249998652776,0.105364484326942,-0.0145));
#10192=CARTESIAN_POINT('',(0.104774999865278,0.105364484326942,-0.0145));
#10193=CARTESIAN_POINT('',(0.104774999865278,0.104816830076407,-0.0145));
#10194=CARTESIAN_POINT('',(0.111024999865278,0.104816830076407,-0.0145));
#10195=CARTESIAN_POINT('',(0.111024999865278,0.105364484326942,-0.0145));
#10196=CARTESIAN_POINT('',(0.111024999865278,0.105364484326942,-0.0175));
#10197=CARTESIAN_POINT('',(0.111024999865278,0.104598108417593,-0.0175));
#10198=CARTESIAN_POINT('',(0.114024999865278,0.104598108417593,-0.0175));
#10199=CARTESIAN_POINT('',(0.114024999865278,0.105364484326942,-0.0175));
#10200=CARTESIAN_POINT('',(0.114024999865278,0.105364484326942,-0.0185));
#10201=CARTESIAN_POINT('',(0.114024999865278,0.104517105814809,-0.0184258639864729));
#10202=CARTESIAN_POINT('',(0.114024999865278,0.104445003256422,-0.01925));
#10203=CARTESIAN_POINT('',(0.114024999865278,0.101925,-0.01925));
#10204=CARTESIAN_POINT('',(0.104774999865277,0.366536434088069,-0.043421775447315));
#10205=CARTESIAN_POINT('',(0.104774999865278,0.105582433125626,-0.0205912586613682));
#10206=CARTESIAN_POINT('',(0.101849999865277,0.105582433125626,-0.0205912586613681));
#10207=CARTESIAN_POINT('',(0.107699999865278,0.105582433125626,-0.0205912586613682));
#10208=CARTESIAN_POINT('',(0.101849999865277,0.366536434088069,-0.043421775447315));
#10209=CARTESIAN_POINT('',(0.107699999865277,0.366536434088069,-0.043421775447315));
#10210=CARTESIAN_POINT('',(0.107699999865277,0.36668459885074,-0.0417282444605591));
#10211=CARTESIAN_POINT('',(0.107699999865278,0.366832763613411,-0.0400347134738031));
#10212=CARTESIAN_POINT('',(0.107699999865278,0.105878762650968,-0.0172041966878562));
#10213=CARTESIAN_POINT('',(0.107699999865278,0.105730597888297,-0.0188977276746122));
#10214=CARTESIAN_POINT('',(0.104774999865277,0.366832763613411,-0.0400347134738031));
#10215=CARTESIAN_POINT('',(0.101849999865277,0.366832763613411,-0.0400347134738031));
#10216=CARTESIAN_POINT('',(0.101849999865277,0.105878762650968,-0.0172041966878562));
#10217=CARTESIAN_POINT('',(0.104774999865278,0.105878762650968,-0.0172041966878562));
#10218=CARTESIAN_POINT('',(0.101849999865277,0.36668459885074,-0.0417282444605591));
#10219=CARTESIAN_POINT('',(0.101849999865277,0.105730597888297,-0.0188977276746122));
#10220=CARTESIAN_POINT('',(0.107699999865278,0.367490714106787,-0.0417987704069584));
#10221=CARTESIAN_POINT('',(0.107699999865278,0.36716823785862,-0.0454846907898979));
#10222=CARTESIAN_POINT('',(0.107699999865278,0.10540812164013,-0.0225836480575517));
#10223=CARTESIAN_POINT('',(0.107699999865278,0.105730597888297,-0.0188977276746122));
#10224=CARTESIAN_POINT('',(0.101849999865277,0.367490714106787,-0.0417987704069584));
#10225=CARTESIAN_POINT('',(0.101849999865278,0.105730597888297,-0.0188977276746122));
#10226=CARTESIAN_POINT('',(0.101849999865278,0.10540812164013,-0.0225836480575517));
#10227=CARTESIAN_POINT('',(0.101849999865277,0.36716823785862,-0.0454846907898979));
#10228=CARTESIAN_POINT('',(0.104774999865277,0.36716823785862,-0.0454846907898979));
#10229=CARTESIAN_POINT('',(0.104774999865278,0.10540812164013,-0.0225836480575517));
#10230=CARTESIAN_POINT('',(0.104774999865278,0.105730597888297,-0.0188977276746122));
#10231=CARTESIAN_POINT('',(-0.004675,-0.00935112052773995,-0.0155));
#10232=CARTESIAN_POINT('',(-0.004675,-0.00935112052773995,-0.0155));
#10233=CARTESIAN_POINT('',(-0.006125,-0.00935112052773995,-0.0155));
#10234=CARTESIAN_POINT('',(0.104775,0.045786960240787,-0.0155));
#10235=CARTESIAN_POINT('',(0.1285,0.100925041009312,-0.0155));
#10236=CARTESIAN_POINT('',(0.1285,0.100925041009312,-0.0155));
#10237=CARTESIAN_POINT('',(0.12705,0.100925041009312,-0.0155));
#10238=CARTESIAN_POINT('',(0.104775,0.045786960240787,-0.0155));
#10239=CARTESIAN_POINT('',(0.0381875,-0.00935112052773995,-0.0155));
#10240=CARTESIAN_POINT('',(0.0381875,-0.00935112052773995,-0.0155));
#10241=CARTESIAN_POINT('',(0.0367375,-0.00935112052773995,-0.0155));
#10242=CARTESIAN_POINT('',(0.104775,0.045786960240787,-0.0155));
#10243=CARTESIAN_POINT('',(0.1713625,-0.00935112052773995,-0.0155));
#10244=CARTESIAN_POINT('',(0.1713625,-0.00935112052773995,-0.0155));
#10245=CARTESIAN_POINT('',(0.1699125,-0.00935112052773995,-0.0155));
#10246=CARTESIAN_POINT('',(0.104775,0.045786960240787,-0.0155));
#10247=CARTESIAN_POINT('',(0.214225,-0.00935112052773995,-0.0155));
#10248=CARTESIAN_POINT('',(0.214225,-0.00935112052773995,-0.0155));
#10249=CARTESIAN_POINT('',(0.212775,-0.00935112052773995,-0.0155));
#10250=CARTESIAN_POINT('',(0.104775,0.045786960240787,-0.0155));
#10251=CARTESIAN_POINT('',(0.214225,0.100925041009312,-0.0155));
#10252=CARTESIAN_POINT('',(0.214225,0.100925041009312,-0.0155));
#10253=CARTESIAN_POINT('',(0.212775,0.100925041009312,-0.0155));
#10254=CARTESIAN_POINT('',(0.104775,0.045786960240787,-0.0155));
#10255=CARTESIAN_POINT('',(-0.004675,0.100925041009312,-0.0155));
#10256=CARTESIAN_POINT('',(-0.004675,0.100925041009312,-0.0155));
#10257=CARTESIAN_POINT('',(-0.006125,0.100925041009312,-0.0155));
#10258=CARTESIAN_POINT('',(0.104775,0.045786960240787,-0.0155));
#10259=CARTESIAN_POINT('',(0.066675,0.098925,-0.0118));
#10260=CARTESIAN_POINT('',(0.066675,0.077125,-0.0118));
#10261=CARTESIAN_POINT('',(0.0086,0.077125,-0.0118));
#10262=CARTESIAN_POINT('',(-0.000175,0.077125,-0.0118));
#10263=CARTESIAN_POINT('',(-0.000175,0.076375,-0.0118));
#10264=CARTESIAN_POINT('',(-0.000175,0.082375,-0.0118));
#10265=CARTESIAN_POINT('',(-0.000175,0.082875,-0.0118));
#10266=CARTESIAN_POINT('',(0.0040875,0.082875,-0.0118));
#10267=CARTESIAN_POINT('',(0.0086,0.082875,-0.0118));
#10268=CARTESIAN_POINT('',(0.0086,0.098925,-0.0118));
#10269=CARTESIAN_POINT('',(0.0040875,0.082875,-0.011798));
#10270=CARTESIAN_POINT('',(-0.000175,0.082875,-0.011798));
#10271=CARTESIAN_POINT('',(-0.000175,0.082875,-0.01925));
#10272=CARTESIAN_POINT('',(0.00885,0.082875,-0.01925));
#10273=CARTESIAN_POINT('',(0.00634475,0.082875,-0.01405525));
#10274=CARTESIAN_POINT('',(0.13407625,0.087015,-0.0005));
#10275=CARTESIAN_POINT('',(0.13407625,0.087015,0.));
#10276=CARTESIAN_POINT('',(0.1307,0.087015,0.));
#10277=CARTESIAN_POINT('',(0.1374525,0.087015,0.));
#10278=CARTESIAN_POINT('',(0.1374525,0.087015,-0.0005));
#10279=CARTESIAN_POINT('',(0.1374525,0.087015,-0.0005));
#10280=CARTESIAN_POINT('',(0.13407625,0.087015,-0.0005));
#10281=CARTESIAN_POINT('',(0.1307,0.087015,-0.0005));
#10282=CARTESIAN_POINT('',(0.1307,0.087015,-0.0005));
#10283=CARTESIAN_POINT('',(0.1374525,0.08633,-0.0005));
#10284=CARTESIAN_POINT('',(0.1374525,0.08633,0.));
#10285=CARTESIAN_POINT('',(0.1374525,0.085645,0.));
#10286=CARTESIAN_POINT('',(0.1374525,0.085645,-0.0005));
#10287=CARTESIAN_POINT('',(0.1374525,0.085645,-0.0005));
#10288=CARTESIAN_POINT('',(0.1374525,0.08633,-0.0005));
#10289=CARTESIAN_POINT('',(0.13407625,0.085645,-0.0005));
#10290=CARTESIAN_POINT('',(0.13407625,0.085645,0.));
#10291=CARTESIAN_POINT('',(0.1307,0.085645,0.));
#10292=CARTESIAN_POINT('',(0.1307,0.085645,-0.0005));
#10293=CARTESIAN_POINT('',(0.1307,0.085645,-0.0005));
#10294=CARTESIAN_POINT('',(0.13407625,0.085645,-0.0005));
#10295=CARTESIAN_POINT('',(0.13407625,0.084445,-0.0005));
#10296=CARTESIAN_POINT('',(0.13407625,0.084445,0.));
#10297=CARTESIAN_POINT('',(0.1307,0.084445,0.));
#10298=CARTESIAN_POINT('',(0.1374525,0.084445,0.));
#10299=CARTESIAN_POINT('',(0.1374525,0.084445,-0.0005));
#10300=CARTESIAN_POINT('',(0.1374525,0.084445,-0.0005));
#10301=CARTESIAN_POINT('',(0.13407625,0.084445,-0.0005));
#10302=CARTESIAN_POINT('',(0.1307,0.084445,-0.0005));
#10303=CARTESIAN_POINT('',(0.1307,0.084445,-0.0005));
#10304=CARTESIAN_POINT('',(0.1374525,0.08376,-0.0005));
#10305=CARTESIAN_POINT('',(0.1374525,0.08376,0.));
#10306=CARTESIAN_POINT('',(0.1374525,0.083075,0.));
#10307=CARTESIAN_POINT('',(0.1374525,0.083075,-0.0005));
#10308=CARTESIAN_POINT('',(0.1374525,0.083075,-0.0005));
#10309=CARTESIAN_POINT('',(0.1374525,0.08376,-0.0005));
#10310=CARTESIAN_POINT('',(0.13407625,0.083075,-0.0005));
#10311=CARTESIAN_POINT('',(0.13407625,0.083075,0.));
#10312=CARTESIAN_POINT('',(0.1307,0.083075,0.));
#10313=CARTESIAN_POINT('',(0.1307,0.083075,-0.0005));
#10314=CARTESIAN_POINT('',(0.1307,0.083075,-0.0005));
#10315=CARTESIAN_POINT('',(0.13407625,0.083075,-0.0005));
#10316=CARTESIAN_POINT('',(0.14202875,0.089585,-0.0005));
#10317=CARTESIAN_POINT('',(0.14202875,0.089585,0.));
#10318=CARTESIAN_POINT('',(0.1386525,0.089585,0.));
#10319=CARTESIAN_POINT('',(0.145405,0.089585,0.));
#10320=CARTESIAN_POINT('',(0.145405,0.089585,-0.0005));
#10321=CARTESIAN_POINT('',(0.145405,0.089585,-0.0005));
#10322=CARTESIAN_POINT('',(0.14202875,0.089585,-0.0005));
#10323=CARTESIAN_POINT('',(0.1386525,0.089585,-0.0005));
#10324=CARTESIAN_POINT('',(0.1386525,0.089585,-0.0005));
#10325=CARTESIAN_POINT('',(0.145405,0.0889,-0.0005));
#10326=CARTESIAN_POINT('',(0.145405,0.0889,0.));
#10327=CARTESIAN_POINT('',(0.145405,0.088215,0.));
#10328=CARTESIAN_POINT('',(0.145405,0.088215,-0.0005));
#10329=CARTESIAN_POINT('',(0.145405,0.088215,-0.0005));
#10330=CARTESIAN_POINT('',(0.145405,0.0889,-0.0005));
#10331=CARTESIAN_POINT('',(0.14202875,0.088215,-0.0005));
#10332=CARTESIAN_POINT('',(0.14202875,0.088215,0.));
#10333=CARTESIAN_POINT('',(0.1386525,0.088215,0.));
#10334=CARTESIAN_POINT('',(0.1386525,0.088215,-0.0005));
#10335=CARTESIAN_POINT('',(0.1386525,0.088215,-0.0005));
#10336=CARTESIAN_POINT('',(0.14202875,0.088215,-0.0005));
#10337=CARTESIAN_POINT('',(0.14202875,0.087015,-0.0005));
#10338=CARTESIAN_POINT('',(0.14202875,0.087015,0.));
#10339=CARTESIAN_POINT('',(0.1386525,0.087015,0.));
#10340=CARTESIAN_POINT('',(0.145405,0.087015,0.));
#10341=CARTESIAN_POINT('',(0.145405,0.087015,-0.0005));
#10342=CARTESIAN_POINT('',(0.145405,0.087015,-0.0005));
#10343=CARTESIAN_POINT('',(0.14202875,0.087015,-0.0005));
#10344=CARTESIAN_POINT('',(0.1386525,0.087015,-0.0005));
#10345=CARTESIAN_POINT('',(0.1386525,0.087015,-0.0005));
#10346=CARTESIAN_POINT('',(0.145405,0.08633,-0.0005));
#10347=CARTESIAN_POINT('',(0.145405,0.08633,0.));
#10348=CARTESIAN_POINT('',(0.145405,0.085645,0.));
#10349=CARTESIAN_POINT('',(0.145405,0.085645,-0.0005));
#10350=CARTESIAN_POINT('',(0.145405,0.085645,-0.0005));
#10351=CARTESIAN_POINT('',(0.145405,0.08633,-0.0005));
#10352=CARTESIAN_POINT('',(0.14202875,0.085645,-0.0005));
#10353=CARTESIAN_POINT('',(0.14202875,0.085645,0.));
#10354=CARTESIAN_POINT('',(0.1386525,0.085645,0.));
#10355=CARTESIAN_POINT('',(0.1386525,0.085645,-0.0005));
#10356=CARTESIAN_POINT('',(0.1386525,0.085645,-0.0005));
#10357=CARTESIAN_POINT('',(0.14202875,0.085645,-0.0005));
#10358=CARTESIAN_POINT('',(0.14202875,0.084445,-0.0005));
#10359=CARTESIAN_POINT('',(0.14202875,0.084445,0.));
#10360=CARTESIAN_POINT('',(0.1386525,0.084445,0.));
#10361=CARTESIAN_POINT('',(0.145405,0.084445,0.));
#10362=CARTESIAN_POINT('',(0.145405,0.084445,-0.0005));
#10363=CARTESIAN_POINT('',(0.145405,0.084445,-0.0005));
#10364=CARTESIAN_POINT('',(0.14202875,0.084445,-0.0005));
#10365=CARTESIAN_POINT('',(0.1386525,0.084445,-0.0005));
#10366=CARTESIAN_POINT('',(0.1386525,0.084445,-0.0005));
#10367=CARTESIAN_POINT('',(0.145405,0.08376,-0.0005));
#10368=CARTESIAN_POINT('',(0.145405,0.08376,0.));
#10369=CARTESIAN_POINT('',(0.145405,0.083075,0.));
#10370=CARTESIAN_POINT('',(0.145405,0.083075,-0.0005));
#10371=CARTESIAN_POINT('',(0.145405,0.083075,-0.0005));
#10372=CARTESIAN_POINT('',(0.145405,0.08376,-0.0005));
#10373=CARTESIAN_POINT('',(0.14202875,0.083075,-0.0005));
#10374=CARTESIAN_POINT('',(0.14202875,0.083075,0.));
#10375=CARTESIAN_POINT('',(0.1386525,0.083075,0.));
#10376=CARTESIAN_POINT('',(0.1386525,0.083075,-0.0005));
#10377=CARTESIAN_POINT('',(0.1386525,0.083075,-0.0005));
#10378=CARTESIAN_POINT('',(0.14202875,0.083075,-0.0005));
#10379=CARTESIAN_POINT('',(0.14998125,0.087015,-0.0005));
#10380=CARTESIAN_POINT('',(0.14998125,0.087015,0.));
#10381=CARTESIAN_POINT('',(0.146605,0.087015,0.));
#10382=CARTESIAN_POINT('',(0.1533575,0.087015,0.));
#10383=CARTESIAN_POINT('',(0.1533575,0.087015,-0.0005));
#10384=CARTESIAN_POINT('',(0.1533575,0.087015,-0.0005));
#10385=CARTESIAN_POINT('',(0.14998125,0.087015,-0.0005));
#10386=CARTESIAN_POINT('',(0.146605,0.087015,-0.0005));
#10387=CARTESIAN_POINT('',(0.146605,0.087015,-0.0005));
#10388=CARTESIAN_POINT('',(0.1533575,0.08633,-0.0005));
#10389=CARTESIAN_POINT('',(0.1533575,0.08633,0.));
#10390=CARTESIAN_POINT('',(0.1533575,0.085645,0.));
#10391=CARTESIAN_POINT('',(0.1533575,0.085645,-0.0005));
#10392=CARTESIAN_POINT('',(0.1533575,0.085645,-0.0005));
#10393=CARTESIAN_POINT('',(0.1533575,0.08633,-0.0005));
#10394=CARTESIAN_POINT('',(0.14998125,0.085645,-0.0005));
#10395=CARTESIAN_POINT('',(0.14998125,0.085645,0.));
#10396=CARTESIAN_POINT('',(0.146605,0.085645,0.));
#10397=CARTESIAN_POINT('',(0.146605,0.085645,-0.0005));
#10398=CARTESIAN_POINT('',(0.146605,0.085645,-0.0005));
#10399=CARTESIAN_POINT('',(0.14998125,0.085645,-0.0005));
#10400=CARTESIAN_POINT('',(0.14998125,0.084445,-0.0005));
#10401=CARTESIAN_POINT('',(0.14998125,0.084445,0.));
#10402=CARTESIAN_POINT('',(0.146605,0.084445,0.));
#10403=CARTESIAN_POINT('',(0.1533575,0.084445,0.));
#10404=CARTESIAN_POINT('',(0.1533575,0.084445,-0.0005));
#10405=CARTESIAN_POINT('',(0.1533575,0.084445,-0.0005));
#10406=CARTESIAN_POINT('',(0.14998125,0.084445,-0.0005));
#10407=CARTESIAN_POINT('',(0.146605,0.084445,-0.0005));
#10408=CARTESIAN_POINT('',(0.146605,0.084445,-0.0005));
#10409=CARTESIAN_POINT('',(0.1533575,0.08376,-0.0005));
#10410=CARTESIAN_POINT('',(0.1533575,0.08376,0.));
#10411=CARTESIAN_POINT('',(0.1533575,0.083075,0.));
#10412=CARTESIAN_POINT('',(0.1533575,0.083075,-0.0005));
#10413=CARTESIAN_POINT('',(0.1533575,0.083075,-0.0005));
#10414=CARTESIAN_POINT('',(0.1533575,0.08376,-0.0005));
#10415=CARTESIAN_POINT('',(0.14998125,0.083075,-0.0005));
#10416=CARTESIAN_POINT('',(0.14998125,0.083075,0.));
#10417=CARTESIAN_POINT('',(0.146605,0.083075,0.));
#10418=CARTESIAN_POINT('',(0.146605,0.083075,-0.0005));
#10419=CARTESIAN_POINT('',(0.146605,0.083075,-0.0005));
#10420=CARTESIAN_POINT('',(0.14998125,0.083075,-0.0005));
#10421=CARTESIAN_POINT('',(0.15793375,0.084445,-0.0005));
#10422=CARTESIAN_POINT('',(0.15793375,0.084445,0.));
#10423=CARTESIAN_POINT('',(0.1545575,0.084445,0.));
#10424=CARTESIAN_POINT('',(0.16131,0.084445,0.));
#10425=CARTESIAN_POINT('',(0.16131,0.084445,-0.0005));
#10426=CARTESIAN_POINT('',(0.16131,0.084445,-0.0005));
#10427=CARTESIAN_POINT('',(0.15793375,0.084445,-0.0005));
#10428=CARTESIAN_POINT('',(0.1545575,0.084445,-0.0005));
#10429=CARTESIAN_POINT('',(0.1545575,0.084445,-0.0005));
#10430=CARTESIAN_POINT('',(0.16131,0.08376,-0.0005));
#10431=CARTESIAN_POINT('',(0.16131,0.08376,0.));
#10432=CARTESIAN_POINT('',(0.16131,0.083075,0.));
#10433=CARTESIAN_POINT('',(0.16131,0.083075,-0.0005));
#10434=CARTESIAN_POINT('',(0.16131,0.083075,-0.0005));
#10435=CARTESIAN_POINT('',(0.16131,0.08376,-0.0005));
#10436=CARTESIAN_POINT('',(0.15793375,0.083075,-0.0005));
#10437=CARTESIAN_POINT('',(0.15793375,0.083075,0.));
#10438=CARTESIAN_POINT('',(0.1545575,0.083075,0.));
#10439=CARTESIAN_POINT('',(0.1545575,0.083075,-0.0005));
#10440=CARTESIAN_POINT('',(0.1545575,0.083075,-0.0005));
#10441=CARTESIAN_POINT('',(0.15793375,0.083075,-0.0005));
#10442=CARTESIAN_POINT('',(0.16588625,0.084445,-0.0005));
#10443=CARTESIAN_POINT('',(0.16588625,0.084445,0.));
#10444=CARTESIAN_POINT('',(0.16251,0.084445,0.));
#10445=CARTESIAN_POINT('',(0.1692625,0.084445,0.));
#10446=CARTESIAN_POINT('',(0.1692625,0.084445,-0.0005));
#10447=CARTESIAN_POINT('',(0.1692625,0.084445,-0.0005));
#10448=CARTESIAN_POINT('',(0.16588625,0.084445,-0.0005));
#10449=CARTESIAN_POINT('',(0.16251,0.084445,-0.0005));
#10450=CARTESIAN_POINT('',(0.16251,0.084445,-0.0005));
#10451=CARTESIAN_POINT('',(0.1692625,0.08376,-0.0005));
#10452=CARTESIAN_POINT('',(0.1692625,0.08376,0.));
#10453=CARTESIAN_POINT('',(0.1692625,0.083075,0.));
#10454=CARTESIAN_POINT('',(0.1692625,0.083075,-0.0005));
#10455=CARTESIAN_POINT('',(0.1692625,0.083075,-0.0005));
#10456=CARTESIAN_POINT('',(0.1692625,0.08376,-0.0005));
#10457=CARTESIAN_POINT('',(0.16588625,0.083075,-0.0005));
#10458=CARTESIAN_POINT('',(0.16588625,0.083075,0.));
#10459=CARTESIAN_POINT('',(0.16251,0.083075,0.));
#10460=CARTESIAN_POINT('',(0.16251,0.083075,-0.0005));
#10461=CARTESIAN_POINT('',(0.16251,0.083075,-0.0005));
#10462=CARTESIAN_POINT('',(0.16588625,0.083075,-0.0005));
#10463=CARTESIAN_POINT('',(0.17383875,0.087015,-0.0005));
#10464=CARTESIAN_POINT('',(0.17383875,0.087015,0.));
#10465=CARTESIAN_POINT('',(0.1704625,0.087015,0.));
#10466=CARTESIAN_POINT('',(0.177215,0.087015,0.));
#10467=CARTESIAN_POINT('',(0.177215,0.087015,-0.0005));
#10468=CARTESIAN_POINT('',(0.177215,0.087015,-0.0005));
#10469=CARTESIAN_POINT('',(0.17383875,0.087015,-0.0005));
#10470=CARTESIAN_POINT('',(0.1704625,0.087015,-0.0005));
#10471=CARTESIAN_POINT('',(0.1704625,0.087015,-0.0005));
#10472=CARTESIAN_POINT('',(0.177215,0.08633,-0.0005));
#10473=CARTESIAN_POINT('',(0.177215,0.08633,0.));
#10474=CARTESIAN_POINT('',(0.177215,0.085645,0.));
#10475=CARTESIAN_POINT('',(0.177215,0.085645,-0.0005));
#10476=CARTESIAN_POINT('',(0.177215,0.085645,-0.0005));
#10477=CARTESIAN_POINT('',(0.177215,0.08633,-0.0005));
#10478=CARTESIAN_POINT('',(0.17383875,0.085645,-0.0005));
#10479=CARTESIAN_POINT('',(0.17383875,0.085645,0.));
#10480=CARTESIAN_POINT('',(0.1704625,0.085645,0.));
#10481=CARTESIAN_POINT('',(0.1704625,0.085645,-0.0005));
#10482=CARTESIAN_POINT('',(0.1704625,0.085645,-0.0005));
#10483=CARTESIAN_POINT('',(0.17383875,0.085645,-0.0005));
#10484=CARTESIAN_POINT('',(0.17383875,0.084445,-0.0005));
#10485=CARTESIAN_POINT('',(0.17383875,0.084445,0.));
#10486=CARTESIAN_POINT('',(0.1704625,0.084445,0.));
#10487=CARTESIAN_POINT('',(0.177215,0.084445,0.));
#10488=CARTESIAN_POINT('',(0.177215,0.084445,-0.0005));
#10489=CARTESIAN_POINT('',(0.177215,0.084445,-0.0005));
#10490=CARTESIAN_POINT('',(0.17383875,0.084445,-0.0005));
#10491=CARTESIAN_POINT('',(0.1704625,0.084445,-0.0005));
#10492=CARTESIAN_POINT('',(0.1704625,0.084445,-0.0005));
#10493=CARTESIAN_POINT('',(0.177215,0.08376,-0.0005));
#10494=CARTESIAN_POINT('',(0.177215,0.08376,0.));
#10495=CARTESIAN_POINT('',(0.177215,0.083075,0.));
#10496=CARTESIAN_POINT('',(0.177215,0.083075,-0.0005));
#10497=CARTESIAN_POINT('',(0.177215,0.083075,-0.0005));
#10498=CARTESIAN_POINT('',(0.177215,0.08376,-0.0005));
#10499=CARTESIAN_POINT('',(0.17383875,0.083075,-0.0005));
#10500=CARTESIAN_POINT('',(0.17383875,0.083075,0.));
#10501=CARTESIAN_POINT('',(0.1704625,0.083075,0.));
#10502=CARTESIAN_POINT('',(0.1704625,0.083075,-0.0005));
#10503=CARTESIAN_POINT('',(0.1704625,0.083075,-0.0005));
#10504=CARTESIAN_POINT('',(0.17383875,0.083075,-0.0005));
#10505=CARTESIAN_POINT('',(0.18179125,0.092155,-0.0005));
#10506=CARTESIAN_POINT('',(0.18179125,0.092155,0.));
#10507=CARTESIAN_POINT('',(0.178415,0.092155,0.));
#10508=CARTESIAN_POINT('',(0.1851675,0.092155,0.));
#10509=CARTESIAN_POINT('',(0.1851675,0.092155,-0.0005));
#10510=CARTESIAN_POINT('',(0.1851675,0.092155,-0.0005));
#10511=CARTESIAN_POINT('',(0.18179125,0.092155,-0.0005));
#10512=CARTESIAN_POINT('',(0.178415,0.092155,-0.0005));
#10513=CARTESIAN_POINT('',(0.178415,0.092155,-0.0005));
#10514=CARTESIAN_POINT('',(0.1851675,0.09147,-0.0005));
#10515=CARTESIAN_POINT('',(0.1851675,0.09147,0.));
#10516=CARTESIAN_POINT('',(0.1851675,0.090785,0.));
#10517=CARTESIAN_POINT('',(0.1851675,0.090785,-0.0005));
#10518=CARTESIAN_POINT('',(0.1851675,0.090785,-0.0005));
#10519=CARTESIAN_POINT('',(0.1851675,0.09147,-0.0005));
#10520=CARTESIAN_POINT('',(0.18179125,0.090785,-0.0005));
#10521=CARTESIAN_POINT('',(0.18179125,0.090785,0.));
#10522=CARTESIAN_POINT('',(0.178415,0.090785,0.));
#10523=CARTESIAN_POINT('',(0.178415,0.090785,-0.0005));
#10524=CARTESIAN_POINT('',(0.178415,0.090785,-0.0005));
#10525=CARTESIAN_POINT('',(0.18179125,0.090785,-0.0005));
#10526=CARTESIAN_POINT('',(0.18179125,0.089585,-0.0005));
#10527=CARTESIAN_POINT('',(0.18179125,0.089585,0.));
#10528=CARTESIAN_POINT('',(0.178415,0.089585,0.));
#10529=CARTESIAN_POINT('',(0.1851675,0.089585,0.));
#10530=CARTESIAN_POINT('',(0.1851675,0.089585,-0.0005));
#10531=CARTESIAN_POINT('',(0.1851675,0.089585,-0.0005));
#10532=CARTESIAN_POINT('',(0.18179125,0.089585,-0.0005));
#10533=CARTESIAN_POINT('',(0.178415,0.089585,-0.0005));
#10534=CARTESIAN_POINT('',(0.178415,0.089585,-0.0005));
#10535=CARTESIAN_POINT('',(0.1851675,0.0889,-0.0005));
#10536=CARTESIAN_POINT('',(0.1851675,0.0889,0.));
#10537=CARTESIAN_POINT('',(0.1851675,0.088215,0.));
#10538=CARTESIAN_POINT('',(0.1851675,0.088215,-0.0005));
#10539=CARTESIAN_POINT('',(0.1851675,0.088215,-0.0005));
#10540=CARTESIAN_POINT('',(0.1851675,0.0889,-0.0005));
#10541=CARTESIAN_POINT('',(0.18179125,0.088215,-0.0005));
#10542=CARTESIAN_POINT('',(0.18179125,0.088215,0.));
#10543=CARTESIAN_POINT('',(0.178415,0.088215,0.));
#10544=CARTESIAN_POINT('',(0.178415,0.088215,-0.0005));
#10545=CARTESIAN_POINT('',(0.178415,0.088215,-0.0005));
#10546=CARTESIAN_POINT('',(0.18179125,0.088215,-0.0005));
#10547=CARTESIAN_POINT('',(0.18179125,0.087015,-0.0005));
#10548=CARTESIAN_POINT('',(0.18179125,0.087015,0.));
#10549=CARTESIAN_POINT('',(0.178415,0.087015,0.));
#10550=CARTESIAN_POINT('',(0.1851675,0.087015,0.));
#10551=CARTESIAN_POINT('',(0.1851675,0.087015,-0.0005));
#10552=CARTESIAN_POINT('',(0.1851675,0.087015,-0.0005));
#10553=CARTESIAN_POINT('',(0.18179125,0.087015,-0.0005));
#10554=CARTESIAN_POINT('',(0.178415,0.087015,-0.0005));
#10555=CARTESIAN_POINT('',(0.178415,0.087015,-0.0005));
#10556=CARTESIAN_POINT('',(0.1851675,0.08633,-0.0005));
#10557=CARTESIAN_POINT('',(0.1851675,0.08633,0.));
#10558=CARTESIAN_POINT('',(0.1851675,0.085645,0.));
#10559=CARTESIAN_POINT('',(0.1851675,0.085645,-0.0005));
#10560=CARTESIAN_POINT('',(0.1851675,0.085645,-0.0005));
#10561=CARTESIAN_POINT('',(0.1851675,0.08633,-0.0005));
#10562=CARTESIAN_POINT('',(0.18179125,0.085645,-0.0005));
#10563=CARTESIAN_POINT('',(0.18179125,0.085645,0.));
#10564=CARTESIAN_POINT('',(0.178415,0.085645,0.));
#10565=CARTESIAN_POINT('',(0.178415,0.085645,-0.0005));
#10566=CARTESIAN_POINT('',(0.178415,0.085645,-0.0005));
#10567=CARTESIAN_POINT('',(0.18179125,0.085645,-0.0005));
#10568=CARTESIAN_POINT('',(0.18179125,0.084445,-0.0005));
#10569=CARTESIAN_POINT('',(0.18179125,0.084445,0.));
#10570=CARTESIAN_POINT('',(0.178415,0.084445,0.));
#10571=CARTESIAN_POINT('',(0.1851675,0.084445,0.));
#10572=CARTESIAN_POINT('',(0.1851675,0.084445,-0.0005));
#10573=CARTESIAN_POINT('',(0.1851675,0.084445,-0.0005));
#10574=CARTESIAN_POINT('',(0.18179125,0.084445,-0.0005));
#10575=CARTESIAN_POINT('',(0.178415,0.084445,-0.0005));
#10576=CARTESIAN_POINT('',(0.178415,0.084445,-0.0005));
#10577=CARTESIAN_POINT('',(0.1851675,0.08376,-0.0005));
#10578=CARTESIAN_POINT('',(0.1851675,0.08376,0.));
#10579=CARTESIAN_POINT('',(0.1851675,0.083075,0.));
#10580=CARTESIAN_POINT('',(0.1851675,0.083075,-0.0005));
#10581=CARTESIAN_POINT('',(0.1851675,0.083075,-0.0005));
#10582=CARTESIAN_POINT('',(0.1851675,0.08376,-0.0005));
#10583=CARTESIAN_POINT('',(0.18179125,0.083075,-0.0005));
#10584=CARTESIAN_POINT('',(0.18179125,0.083075,0.));
#10585=CARTESIAN_POINT('',(0.178415,0.083075,0.));
#10586=CARTESIAN_POINT('',(0.178415,0.083075,-0.0005));
#10587=CARTESIAN_POINT('',(0.178415,0.083075,-0.0005));
#10588=CARTESIAN_POINT('',(0.18179125,0.083075,-0.0005));
#10589=CARTESIAN_POINT('',(0.18974375,0.094725,-0.0005));
#10590=CARTESIAN_POINT('',(0.18974375,0.094725,0.));
#10591=CARTESIAN_POINT('',(0.1863675,0.094725,0.));
#10592=CARTESIAN_POINT('',(0.19312,0.094725,0.));
#10593=CARTESIAN_POINT('',(0.19312,0.094725,-0.0005));
#10594=CARTESIAN_POINT('',(0.19312,0.094725,-0.0005));
#10595=CARTESIAN_POINT('',(0.18974375,0.094725,-0.0005));
#10596=CARTESIAN_POINT('',(0.1863675,0.094725,-0.0005));
#10597=CARTESIAN_POINT('',(0.1863675,0.094725,-0.0005));
#10598=CARTESIAN_POINT('',(0.19312,0.09404,-0.0005));
#10599=CARTESIAN_POINT('',(0.19312,0.09404,0.));
#10600=CARTESIAN_POINT('',(0.19312,0.093355,0.));
#10601=CARTESIAN_POINT('',(0.19312,0.093355,-0.0005));
#10602=CARTESIAN_POINT('',(0.19312,0.093355,-0.0005));
#10603=CARTESIAN_POINT('',(0.19312,0.09404,-0.0005));
#10604=CARTESIAN_POINT('',(0.18974375,0.093355,-0.0005));
#10605=CARTESIAN_POINT('',(0.18974375,0.093355,0.));
#10606=CARTESIAN_POINT('',(0.1863675,0.093355,0.));
#10607=CARTESIAN_POINT('',(0.1863675,0.093355,-0.0005));
#10608=CARTESIAN_POINT('',(0.1863675,0.093355,-0.0005));
#10609=CARTESIAN_POINT('',(0.18974375,0.093355,-0.0005));
#10610=CARTESIAN_POINT('',(0.18974375,0.092155,-0.0005));
#10611=CARTESIAN_POINT('',(0.18974375,0.092155,0.));
#10612=CARTESIAN_POINT('',(0.1863675,0.092155,0.));
#10613=CARTESIAN_POINT('',(0.19312,0.092155,0.));
#10614=CARTESIAN_POINT('',(0.19312,0.092155,-0.0005));
#10615=CARTESIAN_POINT('',(0.19312,0.092155,-0.0005));
#10616=CARTESIAN_POINT('',(0.18974375,0.092155,-0.0005));
#10617=CARTESIAN_POINT('',(0.1863675,0.092155,-0.0005));
#10618=CARTESIAN_POINT('',(0.1863675,0.092155,-0.0005));
#10619=CARTESIAN_POINT('',(0.19312,0.09147,-0.0005));
#10620=CARTESIAN_POINT('',(0.19312,0.09147,0.));
#10621=CARTESIAN_POINT('',(0.19312,0.090785,0.));
#10622=CARTESIAN_POINT('',(0.19312,0.090785,-0.0005));
#10623=CARTESIAN_POINT('',(0.19312,0.090785,-0.0005));
#10624=CARTESIAN_POINT('',(0.19312,0.09147,-0.0005));
#10625=CARTESIAN_POINT('',(0.18974375,0.090785,-0.0005));
#10626=CARTESIAN_POINT('',(0.18974375,0.090785,0.));
#10627=CARTESIAN_POINT('',(0.1863675,0.090785,0.));
#10628=CARTESIAN_POINT('',(0.1863675,0.090785,-0.0005));
#10629=CARTESIAN_POINT('',(0.1863675,0.090785,-0.0005));
#10630=CARTESIAN_POINT('',(0.18974375,0.090785,-0.0005));
#10631=CARTESIAN_POINT('',(0.18974375,0.089585,-0.0005));
#10632=CARTESIAN_POINT('',(0.18974375,0.089585,0.));
#10633=CARTESIAN_POINT('',(0.1863675,0.089585,0.));
#10634=CARTESIAN_POINT('',(0.19312,0.089585,0.));
#10635=CARTESIAN_POINT('',(0.19312,0.089585,-0.0005));
#10636=CARTESIAN_POINT('',(0.19312,0.089585,-0.0005));
#10637=CARTESIAN_POINT('',(0.18974375,0.089585,-0.0005));
#10638=CARTESIAN_POINT('',(0.1863675,0.089585,-0.0005));
#10639=CARTESIAN_POINT('',(0.1863675,0.089585,-0.0005));
#10640=CARTESIAN_POINT('',(0.19312,0.0889,-0.0005));
#10641=CARTESIAN_POINT('',(0.19312,0.0889,0.));
#10642=CARTESIAN_POINT('',(0.19312,0.088215,0.));
#10643=CARTESIAN_POINT('',(0.19312,0.088215,-0.0005));
#10644=CARTESIAN_POINT('',(0.19312,0.088215,-0.0005));
#10645=CARTESIAN_POINT('',(0.19312,0.0889,-0.0005));
#10646=CARTESIAN_POINT('',(0.18974375,0.088215,-0.0005));
#10647=CARTESIAN_POINT('',(0.18974375,0.088215,0.));
#10648=CARTESIAN_POINT('',(0.1863675,0.088215,0.));
#10649=CARTESIAN_POINT('',(0.1863675,0.088215,-0.0005));
#10650=CARTESIAN_POINT('',(0.1863675,0.088215,-0.0005));
#10651=CARTESIAN_POINT('',(0.18974375,0.088215,-0.0005));
#10652=CARTESIAN_POINT('',(0.18974375,0.087015,-0.0005));
#10653=CARTESIAN_POINT('',(0.18974375,0.087015,0.));
#10654=CARTESIAN_POINT('',(0.1863675,0.087015,0.));
#10655=CARTESIAN_POINT('',(0.19312,0.087015,0.));
#10656=CARTESIAN_POINT('',(0.19312,0.087015,-0.0005));
#10657=CARTESIAN_POINT('',(0.19312,0.087015,-0.0005));
#10658=CARTESIAN_POINT('',(0.18974375,0.087015,-0.0005));
#10659=CARTESIAN_POINT('',(0.1863675,0.087015,-0.0005));
#10660=CARTESIAN_POINT('',(0.1863675,0.087015,-0.0005));
#10661=CARTESIAN_POINT('',(0.19312,0.08633,-0.0005));
#10662=CARTESIAN_POINT('',(0.19312,0.08633,0.));
#10663=CARTESIAN_POINT('',(0.19312,0.085645,0.));
#10664=CARTESIAN_POINT('',(0.19312,0.085645,-0.0005));
#10665=CARTESIAN_POINT('',(0.19312,0.085645,-0.0005));
#10666=CARTESIAN_POINT('',(0.19312,0.08633,-0.0005));
#10667=CARTESIAN_POINT('',(0.18974375,0.085645,-0.0005));
#10668=CARTESIAN_POINT('',(0.18974375,0.085645,0.));
#10669=CARTESIAN_POINT('',(0.1863675,0.085645,0.));
#10670=CARTESIAN_POINT('',(0.1863675,0.085645,-0.0005));
#10671=CARTESIAN_POINT('',(0.1863675,0.085645,-0.0005));
#10672=CARTESIAN_POINT('',(0.18974375,0.085645,-0.0005));
#10673=CARTESIAN_POINT('',(0.18974375,0.084445,-0.0005));
#10674=CARTESIAN_POINT('',(0.18974375,0.084445,0.));
#10675=CARTESIAN_POINT('',(0.1863675,0.084445,0.));
#10676=CARTESIAN_POINT('',(0.19312,0.084445,0.));
#10677=CARTESIAN_POINT('',(0.19312,0.084445,-0.0005));
#10678=CARTESIAN_POINT('',(0.19312,0.084445,-0.0005));
#10679=CARTESIAN_POINT('',(0.18974375,0.084445,-0.0005));
#10680=CARTESIAN_POINT('',(0.1863675,0.084445,-0.0005));
#10681=CARTESIAN_POINT('',(0.1863675,0.084445,-0.0005));
#10682=CARTESIAN_POINT('',(0.19312,0.08376,-0.0005));
#10683=CARTESIAN_POINT('',(0.19312,0.08376,0.));
#10684=CARTESIAN_POINT('',(0.19312,0.083075,0.));
#10685=CARTESIAN_POINT('',(0.19312,0.083075,-0.0005));
#10686=CARTESIAN_POINT('',(0.19312,0.083075,-0.0005));
#10687=CARTESIAN_POINT('',(0.19312,0.08376,-0.0005));
#10688=CARTESIAN_POINT('',(0.18974375,0.083075,-0.0005));
#10689=CARTESIAN_POINT('',(0.18974375,0.083075,0.));
#10690=CARTESIAN_POINT('',(0.1863675,0.083075,0.));
#10691=CARTESIAN_POINT('',(0.1863675,0.083075,-0.0005));
#10692=CARTESIAN_POINT('',(0.1863675,0.083075,-0.0005));
#10693=CARTESIAN_POINT('',(0.18974375,0.083075,-0.0005));
#10694=CARTESIAN_POINT('',(0.19769625,0.089585,-0.0005));
#10695=CARTESIAN_POINT('',(0.19769625,0.089585,0.));
#10696=CARTESIAN_POINT('',(0.19432,0.089585,0.));
#10697=CARTESIAN_POINT('',(0.2010725,0.089585,0.));
#10698=CARTESIAN_POINT('',(0.2010725,0.089585,-0.0005));
#10699=CARTESIAN_POINT('',(0.2010725,0.089585,-0.0005));
#10700=CARTESIAN_POINT('',(0.19769625,0.089585,-0.0005));
#10701=CARTESIAN_POINT('',(0.19432,0.089585,-0.0005));
#10702=CARTESIAN_POINT('',(0.19432,0.089585,-0.0005));
#10703=CARTESIAN_POINT('',(0.2010725,0.0889,-0.0005));
#10704=CARTESIAN_POINT('',(0.2010725,0.0889,0.));
#10705=CARTESIAN_POINT('',(0.2010725,0.088215,0.));
#10706=CARTESIAN_POINT('',(0.2010725,0.088215,-0.0005));
#10707=CARTESIAN_POINT('',(0.2010725,0.088215,-0.0005));
#10708=CARTESIAN_POINT('',(0.2010725,0.0889,-0.0005));
#10709=CARTESIAN_POINT('',(0.19769625,0.088215,-0.0005));
#10710=CARTESIAN_POINT('',(0.19769625,0.088215,0.));
#10711=CARTESIAN_POINT('',(0.19432,0.088215,0.));
#10712=CARTESIAN_POINT('',(0.19432,0.088215,-0.0005));
#10713=CARTESIAN_POINT('',(0.19432,0.088215,-0.0005));
#10714=CARTESIAN_POINT('',(0.19769625,0.088215,-0.0005));
#10715=CARTESIAN_POINT('',(0.19769625,0.087015,-0.0005));
#10716=CARTESIAN_POINT('',(0.19769625,0.087015,0.));
#10717=CARTESIAN_POINT('',(0.19432,0.087015,0.));
#10718=CARTESIAN_POINT('',(0.2010725,0.087015,0.));
#10719=CARTESIAN_POINT('',(0.2010725,0.087015,-0.0005));
#10720=CARTESIAN_POINT('',(0.2010725,0.087015,-0.0005));
#10721=CARTESIAN_POINT('',(0.19769625,0.087015,-0.0005));
#10722=CARTESIAN_POINT('',(0.19432,0.087015,-0.0005));
#10723=CARTESIAN_POINT('',(0.19432,0.087015,-0.0005));
#10724=CARTESIAN_POINT('',(0.2010725,0.08633,-0.0005));
#10725=CARTESIAN_POINT('',(0.2010725,0.08633,0.));
#10726=CARTESIAN_POINT('',(0.2010725,0.085645,0.));
#10727=CARTESIAN_POINT('',(0.2010725,0.085645,-0.0005));
#10728=CARTESIAN_POINT('',(0.2010725,0.085645,-0.0005));
#10729=CARTESIAN_POINT('',(0.2010725,0.08633,-0.0005));
#10730=CARTESIAN_POINT('',(0.19769625,0.085645,-0.0005));
#10731=CARTESIAN_POINT('',(0.19769625,0.085645,0.));
#10732=CARTESIAN_POINT('',(0.19432,0.085645,0.));
#10733=CARTESIAN_POINT('',(0.19432,0.085645,-0.0005));
#10734=CARTESIAN_POINT('',(0.19432,0.085645,-0.0005));
#10735=CARTESIAN_POINT('',(0.19769625,0.085645,-0.0005));
#10736=CARTESIAN_POINT('',(0.19769625,0.084445,-0.0005));
#10737=CARTESIAN_POINT('',(0.19769625,0.084445,0.));
#10738=CARTESIAN_POINT('',(0.19432,0.084445,0.));
#10739=CARTESIAN_POINT('',(0.2010725,0.084445,0.));
#10740=CARTESIAN_POINT('',(0.2010725,0.084445,-0.0005));
#10741=CARTESIAN_POINT('',(0.2010725,0.084445,-0.0005));
#10742=CARTESIAN_POINT('',(0.19769625,0.084445,-0.0005));
#10743=CARTESIAN_POINT('',(0.19432,0.084445,-0.0005));
#10744=CARTESIAN_POINT('',(0.19432,0.084445,-0.0005));
#10745=CARTESIAN_POINT('',(0.2010725,0.08376,-0.0005));
#10746=CARTESIAN_POINT('',(0.2010725,0.08376,0.));
#10747=CARTESIAN_POINT('',(0.2010725,0.083075,0.));
#10748=CARTESIAN_POINT('',(0.2010725,0.083075,-0.0005));
#10749=CARTESIAN_POINT('',(0.2010725,0.083075,-0.0005));
#10750=CARTESIAN_POINT('',(0.2010725,0.08376,-0.0005));
#10751=CARTESIAN_POINT('',(0.19769625,0.083075,-0.0005));
#10752=CARTESIAN_POINT('',(0.19769625,0.083075,0.));
#10753=CARTESIAN_POINT('',(0.19432,0.083075,0.));
#10754=CARTESIAN_POINT('',(0.19432,0.083075,-0.0005));
#10755=CARTESIAN_POINT('',(0.19432,0.083075,-0.0005));
#10756=CARTESIAN_POINT('',(0.19769625,0.083075,-0.0005));
#10757=CARTESIAN_POINT('',(0.20564875,0.087015,-0.0005));
#10758=CARTESIAN_POINT('',(0.20564875,0.087015,0.));
#10759=CARTESIAN_POINT('',(0.2022725,0.087015,0.));
#10760=CARTESIAN_POINT('',(0.209025,0.087015,0.));
#10761=CARTESIAN_POINT('',(0.209025,0.087015,-0.0005));
#10762=CARTESIAN_POINT('',(0.209025,0.087015,-0.0005));
#10763=CARTESIAN_POINT('',(0.20564875,0.087015,-0.0005));
#10764=CARTESIAN_POINT('',(0.2022725,0.087015,-0.0005));
#10765=CARTESIAN_POINT('',(0.2022725,0.087015,-0.0005));
#10766=CARTESIAN_POINT('',(0.209025,0.08633,-0.0005));
#10767=CARTESIAN_POINT('',(0.209025,0.08633,0.));
#10768=CARTESIAN_POINT('',(0.209025,0.085645,0.));
#10769=CARTESIAN_POINT('',(0.209025,0.085645,-0.0005));
#10770=CARTESIAN_POINT('',(0.209025,0.085645,-0.0005));
#10771=CARTESIAN_POINT('',(0.209025,0.08633,-0.0005));
#10772=CARTESIAN_POINT('',(0.20564875,0.085645,-0.0005));
#10773=CARTESIAN_POINT('',(0.20564875,0.085645,0.));
#10774=CARTESIAN_POINT('',(0.2022725,0.085645,0.));
#10775=CARTESIAN_POINT('',(0.2022725,0.085645,-0.0005));
#10776=CARTESIAN_POINT('',(0.2022725,0.085645,-0.0005));
#10777=CARTESIAN_POINT('',(0.20564875,0.085645,-0.0005));
#10778=CARTESIAN_POINT('',(0.20564875,0.084445,-0.0005));
#10779=CARTESIAN_POINT('',(0.20564875,0.084445,0.));
#10780=CARTESIAN_POINT('',(0.2022725,0.084445,0.));
#10781=CARTESIAN_POINT('',(0.209025,0.084445,0.));
#10782=CARTESIAN_POINT('',(0.209025,0.084445,-0.0005));
#10783=CARTESIAN_POINT('',(0.209025,0.084445,-0.0005));
#10784=CARTESIAN_POINT('',(0.20564875,0.084445,-0.0005));
#10785=CARTESIAN_POINT('',(0.2022725,0.084445,-0.0005));
#10786=CARTESIAN_POINT('',(0.2022725,0.084445,-0.0005));
#10787=CARTESIAN_POINT('',(0.209025,0.08376,-0.0005));
#10788=CARTESIAN_POINT('',(0.209025,0.08376,0.));
#10789=CARTESIAN_POINT('',(0.209025,0.083075,0.));
#10790=CARTESIAN_POINT('',(0.209025,0.083075,-0.0005));
#10791=CARTESIAN_POINT('',(0.209025,0.083075,-0.0005));
#10792=CARTESIAN_POINT('',(0.209025,0.08376,-0.0005));
#10793=CARTESIAN_POINT('',(0.20564875,0.083075,-0.0005));
#10794=CARTESIAN_POINT('',(0.20564875,0.083075,0.));
#10795=CARTESIAN_POINT('',(0.2022725,0.083075,0.));
#10796=CARTESIAN_POINT('',(0.2022725,0.083075,-0.0005));
#10797=CARTESIAN_POINT('',(0.2022725,0.083075,-0.0005));
#10798=CARTESIAN_POINT('',(0.20564875,0.083075,-0.0005));
#10799=CARTESIAN_POINT('',(0.1295,0.0889,-0.0005));
#10800=CARTESIAN_POINT('',(0.1295,0.081875,-0.0005));
#10801=CARTESIAN_POINT('',(0.1295,0.081875,-0.0005));
#10802=CARTESIAN_POINT('',(0.1295,0.0889,-0.0005));
#10803=CARTESIAN_POINT('',(0.1295,0.095925,-0.0005));
#10804=CARTESIAN_POINT('',(0.1295,0.095925,-0.0005));
#10805=CARTESIAN_POINT('',(0.1698625,0.081875,-0.0005));
#10806=CARTESIAN_POINT('',(0.210225,0.081875,-0.0005));
#10807=CARTESIAN_POINT('',(0.210225,0.081875,-0.0005));
#10808=CARTESIAN_POINT('',(0.1698625,0.081875,-0.0005));
#10809=CARTESIAN_POINT('',(0.210225,0.0889,-0.0005));
#10810=CARTESIAN_POINT('',(0.210225,0.095925,-0.0005));
#10811=CARTESIAN_POINT('',(0.210225,0.095925,-0.0005));
#10812=CARTESIAN_POINT('',(0.210225,0.0889,-0.0005));
#10813=CARTESIAN_POINT('',(0.1307,0.08376,-0.0005));
#10814=CARTESIAN_POINT('',(0.1307,0.08376,0.));
#10815=CARTESIAN_POINT('',(0.1307,0.08376,-0.0005));
#10816=CARTESIAN_POINT('',(0.1386525,0.0889,-0.0005));
#10817=CARTESIAN_POINT('',(0.1386525,0.0889,0.));
#10818=CARTESIAN_POINT('',(0.1386525,0.0889,-0.0005));
#10819=CARTESIAN_POINT('',(0.1386525,0.08633,-0.0005));
#10820=CARTESIAN_POINT('',(0.1386525,0.08633,0.));
#10821=CARTESIAN_POINT('',(0.1386525,0.08633,-0.0005));
#10822=CARTESIAN_POINT('',(0.1386525,0.08376,-0.0005));
#10823=CARTESIAN_POINT('',(0.1386525,0.08376,0.));
#10824=CARTESIAN_POINT('',(0.1386525,0.08376,-0.0005));
#10825=CARTESIAN_POINT('',(0.146605,0.08633,-0.0005));
#10826=CARTESIAN_POINT('',(0.146605,0.08633,0.));
#10827=CARTESIAN_POINT('',(0.146605,0.08633,-0.0005));
#10828=CARTESIAN_POINT('',(0.146605,0.08376,-0.0005));
#10829=CARTESIAN_POINT('',(0.146605,0.08376,0.));
#10830=CARTESIAN_POINT('',(0.146605,0.08376,-0.0005));
#10831=CARTESIAN_POINT('',(0.1545575,0.08376,-0.0005));
#10832=CARTESIAN_POINT('',(0.1545575,0.08376,0.));
#10833=CARTESIAN_POINT('',(0.1545575,0.08376,-0.0005));
#10834=CARTESIAN_POINT('',(0.16251,0.08376,-0.0005));
#10835=CARTESIAN_POINT('',(0.16251,0.08376,0.));
#10836=CARTESIAN_POINT('',(0.16251,0.08376,-0.0005));
#10837=CARTESIAN_POINT('',(0.1704625,0.08633,-0.0005));
#10838=CARTESIAN_POINT('',(0.1704625,0.08633,0.));
#10839=CARTESIAN_POINT('',(0.1704625,0.08633,-0.0005));
#10840=CARTESIAN_POINT('',(0.1704625,0.08376,-0.0005));
#10841=CARTESIAN_POINT('',(0.1704625,0.08376,0.));
#10842=CARTESIAN_POINT('',(0.1704625,0.08376,-0.0005));
#10843=CARTESIAN_POINT('',(0.178415,0.09147,-0.0005));
#10844=CARTESIAN_POINT('',(0.178415,0.09147,0.));
#10845=CARTESIAN_POINT('',(0.178415,0.09147,-0.0005));
#10846=CARTESIAN_POINT('',(0.178415,0.0889,-0.0005));
#10847=CARTESIAN_POINT('',(0.178415,0.0889,0.));
#10848=CARTESIAN_POINT('',(0.178415,0.0889,-0.0005));
#10849=CARTESIAN_POINT('',(0.178415,0.08633,-0.0005));
#10850=CARTESIAN_POINT('',(0.178415,0.08633,0.));
#10851=CARTESIAN_POINT('',(0.178415,0.08633,-0.0005));
#10852=CARTESIAN_POINT('',(0.178415,0.08376,-0.0005));
#10853=CARTESIAN_POINT('',(0.178415,0.08376,0.));
#10854=CARTESIAN_POINT('',(0.178415,0.08376,-0.0005));
#10855=CARTESIAN_POINT('',(0.1863675,0.09404,-0.0005));
#10856=CARTESIAN_POINT('',(0.1863675,0.09404,0.));
#10857=CARTESIAN_POINT('',(0.1863675,0.09404,-0.0005));
#10858=CARTESIAN_POINT('',(0.1863675,0.09147,-0.0005));
#10859=CARTESIAN_POINT('',(0.1863675,0.09147,0.));
#10860=CARTESIAN_POINT('',(0.1863675,0.09147,-0.0005));
#10861=CARTESIAN_POINT('',(0.1863675,0.0889,-0.0005));
#10862=CARTESIAN_POINT('',(0.1863675,0.0889,0.));
#10863=CARTESIAN_POINT('',(0.1863675,0.0889,-0.0005));
#10864=CARTESIAN_POINT('',(0.1863675,0.08633,-0.0005));
#10865=CARTESIAN_POINT('',(0.1863675,0.08633,0.));
#10866=CARTESIAN_POINT('',(0.1863675,0.08633,-0.0005));
#10867=CARTESIAN_POINT('',(0.1863675,0.08376,-0.0005));
#10868=CARTESIAN_POINT('',(0.1863675,0.08376,0.));
#10869=CARTESIAN_POINT('',(0.1863675,0.08376,-0.0005));
#10870=CARTESIAN_POINT('',(0.19432,0.0889,-0.0005));
#10871=CARTESIAN_POINT('',(0.19432,0.0889,0.));
#10872=CARTESIAN_POINT('',(0.19432,0.0889,-0.0005));
#10873=CARTESIAN_POINT('',(0.19432,0.08633,-0.0005));
#10874=CARTESIAN_POINT('',(0.19432,0.08633,0.));
#10875=CARTESIAN_POINT('',(0.19432,0.08633,-0.0005));
#10876=CARTESIAN_POINT('',(0.19432,0.08376,-0.0005));
#10877=CARTESIAN_POINT('',(0.19432,0.08376,0.));
#10878=CARTESIAN_POINT('',(0.19432,0.08376,-0.0005));
#10879=CARTESIAN_POINT('',(0.2022725,0.08633,-0.0005));
#10880=CARTESIAN_POINT('',(0.2022725,0.08633,0.));
#10881=CARTESIAN_POINT('',(0.2022725,0.08633,-0.0005));
#10882=CARTESIAN_POINT('',(0.2022725,0.08376,-0.0005));
#10883=CARTESIAN_POINT('',(0.2022725,0.08376,0.));
#10884=CARTESIAN_POINT('',(0.2022725,0.08376,-0.0005));
#10885=CARTESIAN_POINT('',(0.1698625,0.095925,-0.0005));
#10886=CARTESIAN_POINT('',(0.1698625,0.095925,-0.0005));
#10887=CARTESIAN_POINT('',(0.1307,0.08633,-0.0005));
#10888=CARTESIAN_POINT('',(0.1307,0.08633,0.));
#10889=CARTESIAN_POINT('',(0.1307,0.08633,-0.0005));
#10890=CARTESIAN_POINT('',(0.104775,0.04524375,-0.0005));
#10891=CARTESIAN_POINT('',(0.104775,0.04524375,0.));
#10892=CARTESIAN_POINT('',(0.104775,0.04524375,0.));
#10893=CARTESIAN_POINT('',(0.104775,0.04524375,0.));
#10894=CARTESIAN_POINT('',(0.104775,0.04524375,0.));
#10895=CARTESIAN_POINT('',(0.104775,0.04524375,0.));
#10896=CARTESIAN_POINT('',(0.104775,0.04524375,0.));
#10897=CARTESIAN_POINT('',(0.104775,0.04524375,0.));
#10898=CARTESIAN_POINT('',(0.104775,0.04524375,0.));
#10899=CARTESIAN_POINT('',(0.104775,0.04524375,0.));
#10900=CARTESIAN_POINT('',(0.104775,0.04524375,0.));
#10901=CARTESIAN_POINT('',(0.104775,0.04524375,0.));
#10902=CARTESIAN_POINT('',(0.104775,0.04524375,0.));
#10903=CARTESIAN_POINT('',(0.104775,0.04524375,0.));
#10904=CARTESIAN_POINT('',(0.104775,0.04524375,0.));
#10905=CARTESIAN_POINT('',(0.104775,0.04524375,0.));
#10906=CARTESIAN_POINT('',(0.104775,0.04524375,0.));
#10907=CARTESIAN_POINT('',(0.104775,0.04524375,0.));
#10908=CARTESIAN_POINT('',(0.104775,0.04524375,0.));
#10909=CARTESIAN_POINT('',(0.104775,0.04524375,0.));
#10910=CARTESIAN_POINT('',(0.104775,0.04524375,0.));
#10911=CARTESIAN_POINT('',(0.104775,0.04524375,0.));
#10912=CARTESIAN_POINT('',(0.104775,0.04524375,0.));
#10913=CARTESIAN_POINT('',(0.104775,0.04524375,0.));
#10914=CARTESIAN_POINT('',(0.104775,0.04524375,0.));
#10915=CARTESIAN_POINT('',(0.104775,0.04524375,0.));
#10916=CARTESIAN_POINT('',(0.104775,0.018375,-0.007));
#10917=CARTESIAN_POINT('',(0.104775,0.018375,-0.00675));
#10918=CARTESIAN_POINT('',(0.1660125,0.018375,-0.00025));
#10919=CARTESIAN_POINT('',(0.04695,0.0047625,-0.007));
#10920=CARTESIAN_POINT('',(0.04695,0.0144625,0.));
#10921=CARTESIAN_POINT('',(0.04695,0.0144625,-0.00675));
#10922=CARTESIAN_POINT('',(0.04695,0.0144625,-0.00025));
#10923=CARTESIAN_POINT('',(0.04695,0.0047625,-0.00025));
#10924=CARTESIAN_POINT('',(0.04695,-0.0049375,-0.00025));
#10925=CARTESIAN_POINT('',(0.04695,-0.0049375,-0.007));
#10926=CARTESIAN_POINT('',(0.04695,-0.0049375,-0.00675));
#10927=CARTESIAN_POINT('',(0.04695,0.0144625,-0.00675));
#10928=CARTESIAN_POINT('',(0.0758625,0.0149625,-0.007));
#10929=CARTESIAN_POINT('',(0.1621,0.0149625,-0.007));
#10930=CARTESIAN_POINT('',(0.1621,0.0149625,-0.00675));
#10931=CARTESIAN_POINT('',(0.1621,0.0149625,-0.00025));
#10932=CARTESIAN_POINT('',(0.0758625,0.0149625,-0.00025));
#10933=CARTESIAN_POINT('',(0.04745,0.0149625,-0.00025));
#10934=CARTESIAN_POINT('',(0.04745,0.0149625,-0.007));
#10935=CARTESIAN_POINT('',(0.04745,0.0149625,-0.00675));
#10936=CARTESIAN_POINT('',(0.1621,0.0149625,-0.00675));
#10937=CARTESIAN_POINT('',(0.1626,0.0047625,-0.007));
#10938=CARTESIAN_POINT('',(0.1626,-0.0049375,0.));
#10939=CARTESIAN_POINT('',(0.1626,-0.0049375,-0.00675));
#10940=CARTESIAN_POINT('',(0.1626,-0.0049375,-0.00025));
#10941=CARTESIAN_POINT('',(0.1626,0.0144625,-0.00025));
#10942=CARTESIAN_POINT('',(0.1626,0.0144625,-0.00025));
#10943=CARTESIAN_POINT('',(0.1626,0.0144625,-0.007));
#10944=CARTESIAN_POINT('',(0.1626,0.0144625,-0.00675));
#10945=CARTESIAN_POINT('',(0.1626,0.0047625,-0.00675));
#10946=CARTESIAN_POINT('',(0.104775,0.04524375,-0.007));
#10947=CARTESIAN_POINT('',(0.0467,-0.0049375,-0.007));
#10948=CARTESIAN_POINT('',(0.0467,0.0144625,-0.007));
#10949=CARTESIAN_POINT('',(0.0467,-0.0049375,-0.007));
#10950=CARTESIAN_POINT('',(0.04745,-0.0049375,-0.007));
#10951=CARTESIAN_POINT('',(0.0440375,-0.0049375,-0.007));
#10952=CARTESIAN_POINT('',(0.0435375,-0.0049375,-0.007));
#10953=CARTESIAN_POINT('',(0.0435375,0.00646875,-0.007));
#10954=CARTESIAN_POINT('',(0.0435375,-0.000734016994374948,-0.007));
#10955=CARTESIAN_POINT('',(0.0430375,-0.000175,-0.007));
#10956=CARTESIAN_POINT('',(0.0437875,-0.000175,-0.007));
#10957=CARTESIAN_POINT('',(0.0437875,0.018375,-0.007));
#10958=CARTESIAN_POINT('',(0.0437875,0.018125,-0.007));
#10959=CARTESIAN_POINT('',(0.104775,0.018125,-0.007));
#10960=CARTESIAN_POINT('',(0.1657625,0.018125,-0.007));
#10961=CARTESIAN_POINT('',(0.1657625,0.04524375,-0.007));
#10962=CARTESIAN_POINT('',(0.1657625,-0.000175,-0.007));
#10963=CARTESIAN_POINT('',(0.1665125,-0.000175,-0.007));
#10964=CARTESIAN_POINT('',(0.1660125,-0.000734016994374948,-0.007));
#10965=CARTESIAN_POINT('',(0.1660125,0.00646875,-0.007));
#10966=CARTESIAN_POINT('',(0.1660125,-0.0049375,-0.007));
#10967=CARTESIAN_POINT('',(0.1655125,-0.0049375,-0.007));
#10968=CARTESIAN_POINT('',(0.1621,-0.0049375,-0.007));
#10969=CARTESIAN_POINT('',(0.16285,-0.0049375,-0.007));
#10970=CARTESIAN_POINT('',(0.16285,0.04524375,-0.007));
#10971=CARTESIAN_POINT('',(0.16285,0.0144625,-0.007));
#10972=CARTESIAN_POINT('',(0.1621,0.0144625,-0.007));
#10973=CARTESIAN_POINT('',(0.1621,0.0152125,-0.007));
#10974=CARTESIAN_POINT('',(0.04745,0.0152125,-0.007));
#10975=CARTESIAN_POINT('',(0.04745,0.0152125,-0.007));
#10976=CARTESIAN_POINT('',(0.04745,0.0144625,-0.007));
#10977=CARTESIAN_POINT('',(0.1660125,-0.00305625,-0.011802));
#10978=CARTESIAN_POINT('',(0.1660125,-0.00305625,-0.01155));
#10979=CARTESIAN_POINT('',(0.1660125,-0.0049375,-0.01155));
#10980=CARTESIAN_POINT('',(0.1660125,-0.0049375,-0.011802));
#10981=CARTESIAN_POINT('',(0.1660125,-0.000734016994374948,-0.007));
#10982=CARTESIAN_POINT('',(0.1660125,-0.000714516801345205,-0.00698546541427038));
#10983=CARTESIAN_POINT('',(0.1660125,-0.00069485826445756,-0.00697114869464709));
#10984=CARTESIAN_POINT('',(0.1660125,-0.000675,-0.00695710678118655));
#10985=CARTESIAN_POINT('',(0.0435375,-0.00305625,-0.011802));
#10986=CARTESIAN_POINT('',(0.0435375,-0.0049375,-0.0118));
#10987=CARTESIAN_POINT('',(0.0435375,-0.0049375,-0.01155));
#10988=CARTESIAN_POINT('',(0.0435375,-0.000675,-0.01155));
#10989=CARTESIAN_POINT('',(0.0435375,-0.000675,-0.00695710678118655));
#10990=CARTESIAN_POINT('',(0.0435375,-0.00069485826445756,-0.00697114869464709));
#10991=CARTESIAN_POINT('',(0.0435375,-0.000714516801345205,-0.00698546541427038));
#10992=CARTESIAN_POINT('',(0.0435375,-0.000734016994374948,-0.007));
#10993=CARTESIAN_POINT('',(0.113524999865278,0.104517105814809,-0.0184258639864729));
#10994=CARTESIAN_POINT('',(0.113524984032511,0.104948829797077,-0.0192280929087606));
#10995=CARTESIAN_POINT('',(0.113584136443614,0.104948843335701,-0.0192279596529065));
#10996=CARTESIAN_POINT('',(0.113706127563408,0.104932437768678,-0.0192290387320424));
#10997=CARTESIAN_POINT('',(0.113897327329543,0.10479756485338,-0.0192347760092584));
#10998=CARTESIAN_POINT('',(0.113974544593515,0.104686117504214,-0.0192400809904806));
#10999=CARTESIAN_POINT('',(0.114024999865278,0.104531582728367,-0.0192462556294688));
#11000=CARTESIAN_POINT('',(0.114024999865278,0.104445003256422,-0.01925));
#11001=CARTESIAN_POINT('',(0.113524999865278,0.104598108417593,-0.0175));
#11002=CARTESIAN_POINT('',(0.113524999865278,0.105096205766638,-0.0175435778713738));
#11003=CARTESIAN_POINT('',(0.114024999865278,0.105096205766638,-0.0175435778713738));
#11004=CARTESIAN_POINT('',(0.114024999865278,0.104598108417593,-0.0175));
#11005=CARTESIAN_POINT('',(0.113524999865268,0.105153466966046,-0.0168890793672325));
#11006=CARTESIAN_POINT('',(0.114036540181833,0.105165624184485,-0.0167501217247207));
#11007=CARTESIAN_POINT('',(0.114024999865278,0.104655369617005,-0.016714601795033));
#11008=CARTESIAN_POINT('',(0.112983284519017,0.105267533473809,-0.0155852932175069));
#11009=CARTESIAN_POINT('',(0.113391998279471,0.105304927094387,-0.015157882178439));
#11010=CARTESIAN_POINT('',(0.113374941449762,0.104769436124764,-0.0151500584153642));
#11011=CARTESIAN_POINT('',(0.111679498369673,0.105314927425452,-0.0150435778713836));
#11012=CARTESIAN_POINT('',(0.111822895993384,0.105362484326945,-0.014500000000004));
#11013=CARTESIAN_POINT('',(0.111810398070548,0.104816830076398,-0.0145));
#11014=CARTESIAN_POINT('',(0.111024999865278,0.105314927425453,-0.0150435778713738));
#11015=CARTESIAN_POINT('',(0.111024999865278,0.105362484326942,-0.0145));
#11016=CARTESIAN_POINT('',(0.111024999865278,0.104816830076407,-0.0145));
#11017=CARTESIAN_POINT('',(0.111024999865278,0.104816830076407,-0.015));
#11018=CARTESIAN_POINT('',(0.104774999865278,0.104816830076407,-0.015));
#11019=CARTESIAN_POINT('',(0.0985249998652776,0.104816830076407,-0.015));
#11020=CARTESIAN_POINT('',(0.0985249998652776,0.105314927425453,-0.0150435778713739));
#11021=CARTESIAN_POINT('',(0.0985249998652776,0.105362484326942,-0.0145));
#11022=CARTESIAN_POINT('',(0.0985249998652776,0.104816830076407,-0.0145));
#11023=CARTESIAN_POINT('',(0.0978705013608776,0.105314927425452,-0.0150435778713853));
#11024=CARTESIAN_POINT('',(0.0977271037371138,0.105362484326926,-0.014500000000004));
#11025=CARTESIAN_POINT('',(0.0977396016600031,0.104816830076398,-0.0145));
#11026=CARTESIAN_POINT('',(0.0965667152115403,0.105267533473809,-0.0155852932175047));
#11027=CARTESIAN_POINT('',(0.0961580014511152,0.105304927094383,-0.0151578821784784));
#11028=CARTESIAN_POINT('',(0.0961750582807956,0.104769436124764,-0.0151500584153647));
#11029=CARTESIAN_POINT('',(0.0960249998652867,0.105153466966045,-0.0168890793672352));
#11030=CARTESIAN_POINT('',(0.0955134595487001,0.105165624184507,-0.0167501217246936));
#11031=CARTESIAN_POINT('',(0.0955249998652776,0.104655369617005,-0.0167146017950322));
#11032=CARTESIAN_POINT('',(0.0960249998652776,0.105096205766638,-0.0175435778713738));
#11033=CARTESIAN_POINT('',(0.0955249998652776,0.105096205766638,-0.0175435778713738));
#11034=CARTESIAN_POINT('',(0.0955249998652776,0.104598108417593,-0.0175));
#11035=CARTESIAN_POINT('',(0.0960249998652776,0.104598108417593,-0.0175));
#11036=CARTESIAN_POINT('',(0.0960249998652776,0.104517105814809,-0.0184258639864729));
#11037=CARTESIAN_POINT('',(0.0955249998652776,0.104445003256422,-0.01925));
#11038=CARTESIAN_POINT('',(0.0955249998652776,0.10461486627376,-0.019242653800466));
#11039=CARTESIAN_POINT('',(0.0956987718573367,0.104896173522947,-0.0192340600075125));
#11040=CARTESIAN_POINT('',(0.0959317874064994,0.104948851134885,-0.019227882888317));
#11041=CARTESIAN_POINT('',(0.096025015698044,0.104948829797077,-0.0192280929087606));
#11042=CARTESIAN_POINT('',(0.062484319,0.101425,-0.0118));
#11043=CARTESIAN_POINT('',(-0.000175,0.082375,-0.011798));
#11044=CARTESIAN_POINT('',(-0.000175,0.082375,-0.01925));
#11045=CARTESIAN_POINT('',(0.00935,0.101425,-0.012798));
#11046=CARTESIAN_POINT('',(0.00935,0.101425,-0.01925));
#11047=CARTESIAN_POINT('',(0.0216530810000001,0.101425,-0.012798));
#11048=CARTESIAN_POINT('',(0.0692780810000001,0.101425,-0.012798));
#11049=CARTESIAN_POINT('',(0.124,0.101425,-0.0078));
#11050=CARTESIAN_POINT('',(0.124,0.101425,-0.01925));
#11051=CARTESIAN_POINT('',(0.156590678,0.082375,-0.012798));
#11052=CARTESIAN_POINT('',(0.149796922,0.082375,-0.0118));
#11053=CARTESIAN_POINT('',(0.197421922,0.082375,-0.0118));
#11054=CARTESIAN_POINT('',(0.209725,0.082375,-0.0078));
#11055=CARTESIAN_POINT('',(0.209725,0.082375,-0.01925));
#11056=CARTESIAN_POINT('',(0.0440375,-0.0049375,-0.0078));
#11057=CARTESIAN_POINT('',(0.0440375,-0.0049375,-0.01155));
#11058=CARTESIAN_POINT('',(0.202184419,-0.006175,-0.012798));
#11059=CARTESIAN_POINT('',(0.209725,-0.006175,-0.012798));
#11060=CARTESIAN_POINT('',(0.209725,-0.006175,-0.01925));
#11061=CARTESIAN_POINT('',(0.1655125,-0.0049375,-0.011802));
#11062=CARTESIAN_POINT('',(0.1655125,-0.0049375,-0.01155));
#11063=CARTESIAN_POINT('',(0.161283328,-0.0109375,-0.0118));
#11064=CARTESIAN_POINT('',(0.1668625,-0.0109375,-0.012798));
#11065=CARTESIAN_POINT('',(0.1668625,-0.0109375,-0.01925));
#11066=CARTESIAN_POINT('',(0.154489566,-0.0109375,-0.012798));
#11067=CARTESIAN_POINT('',(0.0481968220000001,-0.0109375,-0.012798));
#11068=CARTESIAN_POINT('',(0.054990578,-0.0109375,-0.0118));
#11069=CARTESIAN_POINT('',(0.0426875,-0.0109375,-0.012798));
#11070=CARTESIAN_POINT('',(0.0426875,-0.0109375,-0.01925));
#11071=CARTESIAN_POINT('',(0.007365578,-0.006175,-0.0118));
#11072=CARTESIAN_POINT('',(-0.000175,-0.006175,-0.0078));
#11073=CARTESIAN_POINT('',(-0.000175,-0.006175,-0.01925));
#11074=CARTESIAN_POINT('',(0.1621,0.0144625,-0.007));
#11075=CARTESIAN_POINT('',(0.1621,0.0144625,-0.00025));
#11076=CARTESIAN_POINT('',(0.1621,0.0144625,-0.00675));
#11077=CARTESIAN_POINT('',(0.04745,-0.0049375,-0.0078));
#11078=CARTESIAN_POINT('',(0.04745,-0.0049375,-0.00025));
#11079=CARTESIAN_POINT('',(0.04745,-0.0049375,-0.00675));
#11080=CARTESIAN_POINT('',(0.1665125,-0.000175,-0.0078));
#11081=CARTESIAN_POINT('',(0.1665125,-0.000175,-0.00675));
#11082=CARTESIAN_POINT('',(0.1665125,-0.000175,-0.00025));
#11083=CARTESIAN_POINT('',(-0.000175,-0.000175,-0.0078));
#11084=CARTESIAN_POINT('',(-0.000175,-0.000175,-0.00025));
#11085=CARTESIAN_POINT('',(0.0430375,-0.000175,-0.007));
#11086=CARTESIAN_POINT('',(0.0430375,-0.000175,-0.00675));
#11087=CARTESIAN_POINT('',(0.0430375,-0.000175,-0.00025));
#11088=CARTESIAN_POINT('',(0.1621,-0.0049375,-0.007));
#11089=CARTESIAN_POINT('',(0.1621,-0.0049375,-0.00025));
#11090=CARTESIAN_POINT('',(0.1621,-0.0049375,-0.00675));
#11091=CARTESIAN_POINT('',(0.209725,-0.000175,-0.0078));
#11092=CARTESIAN_POINT('',(0.209725,-0.000175,-0.00025));
#11093=CARTESIAN_POINT('',(0.209725,0.076375,-0.0078));
#11094=CARTESIAN_POINT('',(0.209725,0.076375,-0.00025));
#11095=CARTESIAN_POINT('',(0.124,0.095425,-0.0078));
#11096=CARTESIAN_POINT('',(0.124,0.095425,-0.00025));
#11097=CARTESIAN_POINT('',(0.124,0.095425,-0.01155));
#11098=CARTESIAN_POINT('',(0.04745,0.0144625,-0.007));
#11099=CARTESIAN_POINT('',(0.04745,0.0144625,-0.00025));
#11100=CARTESIAN_POINT('',(0.04745,0.0144625,-0.00675));
#11101=CARTESIAN_POINT('',(-0.000175,0.076375,-0.0078));
#11102=CARTESIAN_POINT('',(-0.000175,0.076375,-0.00025));
#11103=CARTESIAN_POINT('',(-0.000175,0.076375,-0.01155));
#11104=CARTESIAN_POINT('',(0.00935,0.095425,-0.0078));
#11105=CARTESIAN_POINT('',(0.00935,0.095425,-0.00025));
#11106=CARTESIAN_POINT('',(0.104775,0.0152125,0.));
#11107=CARTESIAN_POINT('',(0.1621,0.0152125,0.));
#11108=CARTESIAN_POINT('',(0.04745,0.0149625,-0.00025));
#11109=CARTESIAN_POINT('',(0.04745,0.0144625,0.));
#11110=CARTESIAN_POINT('',(0.04695,0.0144625,-0.00025));
#11111=CARTESIAN_POINT('',(0.1621,0.0144625,0.));
#11112=CARTESIAN_POINT('',(0.16285,0.0144625,0.));
#11113=CARTESIAN_POINT('',(0.0467,0.04524375,0.));
#11114=CARTESIAN_POINT('',(0.04695,-0.0049375,-0.00025));
#11115=CARTESIAN_POINT('',(0.1626,0.0047625,-0.00025));
#11116=CARTESIAN_POINT('',(0.16285,-0.0049375,0.));
#11117=CARTESIAN_POINT('',(0.04745,-0.0049375,0.));
#11118=CARTESIAN_POINT('',(0.04745,-0.0054375,-0.00025));
#11119=CARTESIAN_POINT('',(0.1621,-0.0049375,0.));
#11120=CARTESIAN_POINT('',(0.1621,-0.0056875,0.));
#11121=CARTESIAN_POINT('',(0.104775,-0.0054375,-0.00025));
#11122=CARTESIAN_POINT('',(0.1621,-0.0049375,-0.007));
#11123=CARTESIAN_POINT('',(0.16285,-0.0049375,-0.007));
#11124=CARTESIAN_POINT('',(0.16285,0.04524375,-0.007));
#11125=CARTESIAN_POINT('',(0.16285,0.0144625,-0.007));
#11126=CARTESIAN_POINT('',(0.1621,0.0144625,-0.007));
#11127=CARTESIAN_POINT('',(0.1621,0.0152125,-0.007));
#11128=CARTESIAN_POINT('',(0.0758625,0.0149625,-0.00675));
#11129=CARTESIAN_POINT('',(0.04745,0.0152125,-0.007));
#11130=CARTESIAN_POINT('',(0.04745,0.0144625,-0.007));
#11131=CARTESIAN_POINT('',(0.0467,0.0144625,-0.007));
#11132=CARTESIAN_POINT('',(0.04695,0.0047625,-0.00675));
#11133=CARTESIAN_POINT('',(0.0467,-0.0049375,-0.007));
#11134=CARTESIAN_POINT('',(0.04745,-0.0049375,-0.007));
#11135=CARTESIAN_POINT('',(0.0955280602604194,0.104445003256422,-0.0192469396048581));
#11136=CARTESIAN_POINT('',(0.0955199713614534,0.104727104703674,-0.0192345148047971));
#11137=CARTESIAN_POINT('',(0.0957855418488398,0.10497448651522,-0.0192236191870072));
#11138=CARTESIAN_POINT('',(0.0960639892973061,0.104944227011704,-0.0192249519284193));
#11139=CARTESIAN_POINT('',(0.0955249998652776,0.104445003256422,-0.01925));
#11140=CARTESIAN_POINT('',(0.095516861150948,0.104728822180749,-0.0192377254597128));
#11141=CARTESIAN_POINT('',(0.0957840671502184,0.104977710090877,-0.0192269616084751));
#11142=CARTESIAN_POINT('',(0.0960642294131415,0.104947266362841,-0.0192282782323301));
#11143=CARTESIAN_POINT('',(0.0952749998652776,0.104445003256422,-0.0195));
#11144=CARTESIAN_POINT('',(0.0952627917937833,0.104869120818224,-0.0195));
#11145=CARTESIAN_POINT('',(0.0956636007926889,0.105241040110978,-0.0195));
#11146=CARTESIAN_POINT('',(0.0960838441870734,0.105195547303416,-0.0195));
#11147=CARTESIAN_POINT('',(0.0952724692613261,0.104445003256422,-0.0195025306039514));
#11148=CARTESIAN_POINT('',(0.0952602199981066,0.10487054097937,-0.019502654851952));
#11149=CARTESIAN_POINT('',(0.0956623813821274,0.105243705646936,-0.0195027638081299));
#11150=CARTESIAN_POINT('',(0.0960840427359711,0.105198060506333,-0.0195027504807158));
#11151=CARTESIAN_POINT('',(0.0952749998652776,0.104445003256422,-0.0195));
#11152=CARTESIAN_POINT('',(0.0953583331986109,0.104445003256422,-0.0194166666666667));
#11153=CARTESIAN_POINT('',(0.0954416665319442,0.104445003256422,-0.0193333333333333));
#11154=CARTESIAN_POINT('',(0.0955249998652776,0.104445003256422,-0.01925));
#11155=CARTESIAN_POINT('',(0.0952749998652776,-0.00605625,-0.0195));
#11156=CARTESIAN_POINT('',(0.131352083198611,0.0660979166666667,0.0165770833333333));
#11157=CARTESIAN_POINT('',(0.104775,0.102175,-0.0195));
#11158=CARTESIAN_POINT('',(0.00935,0.102175,-0.0195));
#11159=CARTESIAN_POINT('',(0.00935,0.101425,-0.0195));
#11160=CARTESIAN_POINT('',(0.0086,0.101425,-0.0195));
#11161=CARTESIAN_POINT('',(0.00885,0.0864,-0.01925));
#11162=CARTESIAN_POINT('',(0.007675,0.08405,-0.020425));
#11163=CARTESIAN_POINT('',(0.0040875,0.082875,-0.01925));
#11164=CARTESIAN_POINT('',(-0.000175,0.083125,-0.0195));
#11165=CARTESIAN_POINT('',(-0.000175,0.082375,-0.0195));
#11166=CARTESIAN_POINT('',(-0.000925,0.082375,-0.0195));
#11167=CARTESIAN_POINT('',(-0.000675,0.0381,-0.01925));
#11168=CARTESIAN_POINT('',(-0.000925,-0.006175,-0.0195));
#11169=CARTESIAN_POINT('',(-0.000175,-0.006175,-0.0195));
#11170=CARTESIAN_POINT('',(-0.000175,-0.006925,-0.0195));
#11171=CARTESIAN_POINT('',(0.02075625,-0.006675,-0.01925));
#11172=CARTESIAN_POINT('',(0.03504375,-0.01381875,-0.02639375));
#11173=CARTESIAN_POINT('',(0.0421875,-0.00905625,-0.01925));
#11174=CARTESIAN_POINT('',(0.0419375,-0.0109375,-0.0195));
#11175=CARTESIAN_POINT('',(0.0426875,-0.0109375,-0.0195));
#11176=CARTESIAN_POINT('',(0.0426875,-0.0116875,-0.0195));
#11177=CARTESIAN_POINT('',(0.104775,-0.0114375,-0.01925));
#11178=CARTESIAN_POINT('',(0.1668625,-0.0116875,-0.0195));
#11179=CARTESIAN_POINT('',(0.1668625,-0.0109375,-0.0195));
#11180=CARTESIAN_POINT('',(0.1676125,-0.0109375,-0.0195));
#11181=CARTESIAN_POINT('',(0.1676125,-0.00605625,-0.0195));
#11182=CARTESIAN_POINT('',(0.167322916666667,-0.00663541666666666,-0.0192104166666666));
#11183=CARTESIAN_POINT('',(0.104775,-0.006925,-0.0195));
#11184=CARTESIAN_POINT('',(0.209725,-0.006925,-0.0195));
#11185=CARTESIAN_POINT('',(0.209725,-0.006175,-0.0195));
#11186=CARTESIAN_POINT('',(0.210475,-0.006175,-0.0195));
#11187=CARTESIAN_POINT('',(0.210475,-0.00605625,-0.0195));
#11188=CARTESIAN_POINT('',(0.210475,0.082375,-0.0195));
#11189=CARTESIAN_POINT('',(0.209725,0.082375,-0.0195));
#11190=CARTESIAN_POINT('',(0.209725,0.083125,-0.0195));
#11191=CARTESIAN_POINT('',(0.1673625,0.082875,-0.01925));
#11192=CARTESIAN_POINT('',(0.1387875,0.0971625,-0.0335375));
#11193=CARTESIAN_POINT('',(0.12475,-0.00605625,-0.0195));
#11194=CARTESIAN_POINT('',(0.12475,0.101425,-0.0195));
#11195=CARTESIAN_POINT('',(0.124,0.101425,-0.0195));
#11196=CARTESIAN_POINT('',(0.124,0.102175,-0.0195));
#11197=CARTESIAN_POINT('',(0.104775,0.102175,-0.0195));
#11198=CARTESIAN_POINT('',(0.111108333243518,0.0990083333782408,-0.0163333333782408));
#11199=CARTESIAN_POINT('',(0.114024999865278,0.105364484326942,-0.01925));
#11200=CARTESIAN_POINT('',(0.114024999865278,0.104445003256422,-0.01925));
#11201=CARTESIAN_POINT('',(0.114108333198611,0.104445003256422,-0.0193333333333333));
#11202=CARTESIAN_POINT('',(0.114191666531944,0.104445003256422,-0.0194166666666667));
#11203=CARTESIAN_POINT('',(0.114274999865278,0.104445003256422,-0.0195));
#11204=CARTESIAN_POINT('',(0.113485770317414,0.104947266362841,-0.0192282782323301));
#11205=CARTESIAN_POINT('',(0.113765932580337,0.104977710090877,-0.0192269616084751));
#11206=CARTESIAN_POINT('',(0.114033138579607,0.104728822180749,-0.0192377254597128));
#11207=CARTESIAN_POINT('',(0.114024999865278,0.104445003256422,-0.01925));
#11208=CARTESIAN_POINT('',(0.113466155543482,0.105195547303416,-0.0195));
#11209=CARTESIAN_POINT('',(0.113886398937866,0.105241040110978,-0.0195));
#11210=CARTESIAN_POINT('',(0.114287207936772,0.104869120818224,-0.0195));
#11211=CARTESIAN_POINT('',(0.114274999865278,0.104445003256422,-0.0195));
#11212=CARTESIAN_POINT('',(0.0430375,-0.000175,-0.007));
#11213=CARTESIAN_POINT('',(0.0437875,-0.000175,-0.007));
#11214=CARTESIAN_POINT('',(0.0435375,0.00646875,-0.00675));
#11215=CARTESIAN_POINT('',(0.04750625,0.01440625,-0.01071875));
#11216=CARTESIAN_POINT('',(0.104775,0.018125,-0.007));
#11217=CARTESIAN_POINT('',(0.145433333333333,-0.00220416666666664,-0.0273291666666667));
#11218=CARTESIAN_POINT('',(0.1657625,0.04524375,-0.007));
#11219=CARTESIAN_POINT('',(0.1657625,-0.000175,-0.007));
#11220=CARTESIAN_POINT('',(0.1665125,-0.000175,-0.007));
#11221=CARTESIAN_POINT('',(0.00935,0.095425,0.));
#11222=CARTESIAN_POINT('',(0.00935,0.096175,0.));
#11223=CARTESIAN_POINT('',(0.00885,0.095425,-0.00025));
#11224=CARTESIAN_POINT('',(0.0086,0.04524375,0.));
#11225=CARTESIAN_POINT('',(0.0192270833333333,0.0664979166666665,-0.0106270833333335));
#11226=CARTESIAN_POINT('',(0.104775,0.096175,0.));
#11227=CARTESIAN_POINT('',(0.124,0.096175,0.));
#11228=CARTESIAN_POINT('',(0.104775,0.077125,0.));
#11229=CARTESIAN_POINT('',(-0.000175,0.076875,-0.00025));
#11230=CARTESIAN_POINT('',(0.124,0.095425,0.));
#11231=CARTESIAN_POINT('',(0.12475,0.095425,0.));
#11232=CARTESIAN_POINT('',(-0.000175,0.076375,0.));
#11233=CARTESIAN_POINT('',(-0.000675,0.076375,-0.00025));
#11234=CARTESIAN_POINT('',(0.1245,0.0864,-0.00025));
#11235=CARTESIAN_POINT('',(0.118091666666667,0.0704666666666667,-0.00665833333333334));
#11236=CARTESIAN_POINT('',(-0.000925,0.04524375,0.));
#11237=CARTESIAN_POINT('',(-0.000675,-0.000175,-0.00025));
#11238=CARTESIAN_POINT('',(0.104775,0.077125,0.));
#11239=CARTESIAN_POINT('',(0.209725,0.077125,0.));
#11240=CARTESIAN_POINT('',(-0.000175,-0.000175,0.));
#11241=CARTESIAN_POINT('',(-0.000175,-0.000675,-0.00025));
#11242=CARTESIAN_POINT('',(0.209725,0.076375,0.));
#11243=CARTESIAN_POINT('',(0.210475,0.076375,0.));
#11244=CARTESIAN_POINT('',(0.02075625,-0.000675,-0.00025));
#11245=CARTESIAN_POINT('',(0.0430375,-0.000675,-0.00025));
#11246=CARTESIAN_POINT('',(0.210225,0.0381,-0.00025));
#11247=CARTESIAN_POINT('',(0.210475,-0.000175,0.));
#11248=CARTESIAN_POINT('',(0.0430375,-0.000175,0.));
#11249=CARTESIAN_POINT('',(0.0435375,-0.000175,-0.00025));
#11250=CARTESIAN_POINT('',(0.209725,-0.000175,0.));
#11251=CARTESIAN_POINT('',(0.209725,-0.000925,0.));
#11252=CARTESIAN_POINT('',(0.0437875,0.04524375,0.));
#11253=CARTESIAN_POINT('',(0.0347479166666666,0.0271645833333333,-0.00903958333333333));
#11254=CARTESIAN_POINT('',(0.18879375,-0.000675,-0.00025));
#11255=CARTESIAN_POINT('',(0.1665125,-0.000925,0.));
#11256=CARTESIAN_POINT('',(0.104775,0.018375,-0.00025));
#11257=CARTESIAN_POINT('',(0.1456,-0.00203749999999997,0.0201625));
#11258=CARTESIAN_POINT('',(0.1665125,-0.000175,0.));
#11259=CARTESIAN_POINT('',(0.1657625,-0.000175,0.));
#11260=CARTESIAN_POINT('',(0.1660125,0.00646875,-0.00025));
#11261=CARTESIAN_POINT('',(0.0086,0.098925,-0.0118));
#11262=CARTESIAN_POINT('',(0.00133333333333334,0.0843916666666667,-0.0190666666666667));
#11263=CARTESIAN_POINT('',(0.066675,0.077125,-0.0118));
#11264=CARTESIAN_POINT('',(-0.000175,0.077125,-0.0118));
#11265=CARTESIAN_POINT('',(-0.000175,0.076375,-0.0118));
#11266=CARTESIAN_POINT('',(0.12475,0.079875,-0.0118));
#11267=CARTESIAN_POINT('',(0.125666666666667,0.0780416666666667,-0.0127166666666667));
#11268=CARTESIAN_POINT('',(0.1673625,0.076875,-0.01155));
#11269=CARTESIAN_POINT('',(0.1673625,0.076875,-0.01155));
#11270=CARTESIAN_POINT('',(0.066675,0.095925,-0.01155));
#11271=CARTESIAN_POINT('',(0.066675,0.095925,-0.01155));
#11272=CARTESIAN_POINT('',(0.124,0.095925,-0.01155));
#11273=CARTESIAN_POINT('',(0.124,0.095425,-0.0118));
#11274=CARTESIAN_POINT('',(0.104775,-0.000925,-0.0118));
#11275=CARTESIAN_POINT('',(0.0637833333333333,0.0195708333333333,0.00869583333333334));
#11276=CARTESIAN_POINT('',(0.0432875,-0.00605625,-0.0118));
#11277=CARTESIAN_POINT('',(0.0432875,-0.0049375,-0.0118));
#11278=CARTESIAN_POINT('',(0.0440375,-0.0049375,-0.0118));
#11279=CARTESIAN_POINT('',(0.0440375,-0.0056875,-0.0118));
#11280=CARTESIAN_POINT('',(0.104775,-0.0056875,-0.0118));
#11281=CARTESIAN_POINT('',(0.104775,-0.0056875,-0.0118));
#11282=CARTESIAN_POINT('',(0.104775,-0.0056875,-0.0118));
#11283=CARTESIAN_POINT('',(0.1655125,-0.0056875,-0.0118));
#11284=CARTESIAN_POINT('',(0.1655125,-0.0049375,-0.0118));
#11285=CARTESIAN_POINT('',(0.1662625,-0.0049375,-0.0118));
#11286=CARTESIAN_POINT('',(0.1660125,-0.00305625,-0.01155));
#11287=CARTESIAN_POINT('',(0.16680625,-0.00146875,-0.01234375));
#11288=CARTESIAN_POINT('',(0.104775,-0.000925,-0.0118));
#11289=CARTESIAN_POINT('',(0.215225,0.103954399539503,-0.0305944827671467));
#11290=CARTESIAN_POINT('',(0.216013386255437,0.103957339331343,-0.0305947399656058));
#11291=CARTESIAN_POINT('',(0.216792964986244,0.103629550621429,-0.0305660621694565));
#11292=CARTESIAN_POINT('',(0.217903346538004,0.102513715612096,-0.0304684392557746));
#11293=CARTESIAN_POINT('',(0.218227822800604,0.101738184945392,-0.0304005891142212));
#11294=CARTESIAN_POINT('',(0.218225,0.100946788935687,-0.0303313509350124));
#11295=CARTESIAN_POINT('',(0.215225,0.104181659278339,-0.0308653203773566));
#11296=CARTESIAN_POINT('',(0.216079533193584,0.104184864419626,-0.0308656007908841));
#11297=CARTESIAN_POINT('',(0.216924362692981,0.10382950971143,-0.0308345112823864));
#11298=CARTESIAN_POINT('',(0.218126928425153,0.102620960133216,-0.0307287768949836));
#11299=CARTESIAN_POINT('',(0.218478044938582,0.101781489081356,-0.0306553326945878));
#11300=CARTESIAN_POINT('',(0.218475,0.100925,-0.0305803996095354));
#11301=CARTESIAN_POINT('',(0.215225,0.104181659278339,-0.0308653203773566));
#11302=CARTESIAN_POINT('',(0.215225,0.104105906032061,-0.0307750411739533));
#11303=CARTESIAN_POINT('',(0.215225,0.104030152785782,-0.03068476197055));
#11304=CARTESIAN_POINT('',(0.215225,0.103954399539503,-0.0305944827671467));
#11305=CARTESIAN_POINT('',(0.218225,0.100946788935687,-0.0303313509350124));
#11306=CARTESIAN_POINT('',(0.218308333333333,0.100939525957125,-0.0304143671598534));
#11307=CARTESIAN_POINT('',(0.218391666666667,0.100932262978562,-0.0304973833846944));
#11308=CARTESIAN_POINT('',(0.218475,0.100925,-0.0305803996095353));
#11309=CARTESIAN_POINT('',(0.218225,0.0452655389356869,-0.0254598727890596));
#11310=CARTESIAN_POINT('',(0.218475,-0.0104375,-0.0208374433176296));
#11311=CARTESIAN_POINT('',(0.218391666666667,-0.0104302370214377,-0.0207544270927886));
#11312=CARTESIAN_POINT('',(0.218308333333333,-0.0104229740428754,-0.0206714108679477));
#11313=CARTESIAN_POINT('',(0.218225,-0.0104157110643131,-0.0205883946431067));
#11314=CARTESIAN_POINT('',(0.220227,0.104181659278339,-0.0308653203773566));
#11315=CARTESIAN_POINT('',(-0.00567499999999999,0.103954399539503,-0.0305944827671467));
#11316=CARTESIAN_POINT('',(-0.00567499999999999,0.104030152785782,-0.03068476197055));
#11317=CARTESIAN_POINT('',(-0.00567499999999999,0.104105906032061,-0.0307750411739533));
#11318=CARTESIAN_POINT('',(-0.00567499999999999,0.104181659278339,-0.0308653203773566));
#11319=CARTESIAN_POINT('',(0.218225,-0.0104157110643131,-0.0205883946431067));
#11320=CARTESIAN_POINT('',(0.218227636621144,-0.0112021395837822,-0.0205195910629797));
#11321=CARTESIAN_POINT('',(0.217904667687974,-0.0119808883105332,-0.0204514593776537));
#11322=CARTESIAN_POINT('',(0.216794673460243,-0.0130971774111568,-0.0203537967361316));
#11323=CARTESIAN_POINT('',(0.216019022689101,-0.0134263235448502,-0.02032500018079));
#11324=CARTESIAN_POINT('',(0.215225,-0.0134233216681296,-0.0203252628109724));
#11325=CARTESIAN_POINT('',(0.218475,-0.0104375,-0.0208374433176296));
#11326=CARTESIAN_POINT('',(0.218477842573379,-0.0112886138000595,-0.0207629805087539));
#11327=CARTESIAN_POINT('',(0.218128358570945,-0.0121315662734126,-0.0206892317234444));
#11328=CARTESIAN_POINT('',(0.216926213782351,-0.0133406059331481,-0.0205834544594643));
#11329=CARTESIAN_POINT('',(0.216085643098933,-0.0136974308977125,-0.0205522363202019));
#11330=CARTESIAN_POINT('',(0.215225,-0.0136941592783394,-0.0205525225498084));
#11331=CARTESIAN_POINT('',(0.215225,-0.0134233216681296,-0.0203252628109724));
#11332=CARTESIAN_POINT('',(0.215225,-0.0135136008715329,-0.0204010160572511));
#11333=CARTESIAN_POINT('',(0.215225,-0.0136038800749361,-0.0204767693035297));
#11334=CARTESIAN_POINT('',(0.215225,-0.0136941592783394,-0.0205525225498084));
#11335=CARTESIAN_POINT('',(-0.008675,0.100946788935687,-0.0303313509350124));
#11336=CARTESIAN_POINT('',(-0.00867763662114441,0.101733217455156,-0.0304001545151394));
#11337=CARTESIAN_POINT('',(-0.0083546676879741,0.102511966181907,-0.0304682862004654));
#11338=CARTESIAN_POINT('',(-0.00724467346024311,0.103628255282531,-0.0305659488419875));
#11339=CARTESIAN_POINT('',(-0.00646902268910048,0.103957401416224,-0.0305947453973291));
#11340=CARTESIAN_POINT('',(-0.005675,0.103954399539503,-0.0305944827671467));
#11341=CARTESIAN_POINT('',(-0.008925,0.100925,-0.0305803996095354));
#11342=CARTESIAN_POINT('',(-0.00892784257337889,0.10177611380006,-0.0306548624184111));
#11343=CARTESIAN_POINT('',(-0.00857835857094518,0.102619066273413,-0.0307286112037206));
#11344=CARTESIAN_POINT('',(-0.00737621378235143,0.103828105933148,-0.0308343884677006));
#11345=CARTESIAN_POINT('',(-0.0065356430989331,0.104184930897712,-0.0308656066069631));
#11346=CARTESIAN_POINT('',(-0.00567500000000007,0.104181659278339,-0.0308653203773566));
#11347=CARTESIAN_POINT('',(-0.008925,0.100925,-0.0305803996095353));
#11348=CARTESIAN_POINT('',(-0.00884166666666666,0.100932262978562,-0.0304973833846944));
#11349=CARTESIAN_POINT('',(-0.00875833333333333,0.100939525957125,-0.0304143671598534));
#11350=CARTESIAN_POINT('',(-0.008675,0.100946788935687,-0.0303313509350124));
#11351=CARTESIAN_POINT('',(0.220227,-0.0136941592783394,-0.0205525225498084));
#11352=CARTESIAN_POINT('',(-0.00567499999999999,-0.0136941592783394,-0.0205525225498084));
#11353=CARTESIAN_POINT('',(-0.00567499999999999,-0.0136038800749361,-0.0204767693035297));
#11354=CARTESIAN_POINT('',(-0.00567499999999999,-0.0135136008715329,-0.0204010160572511));
#11355=CARTESIAN_POINT('',(-0.00567499999999999,-0.0134233216681296,-0.0203252628109724));
#11356=CARTESIAN_POINT('',(-0.008675,0.0452655389356869,-0.0254598727890596));
#11357=CARTESIAN_POINT('',(-0.008675,-0.0104157110643131,-0.0205883946431067));
#11358=CARTESIAN_POINT('',(-0.00875833333333333,-0.0104229740428754,-0.0206714108679477));
#11359=CARTESIAN_POINT('',(-0.00884166666666666,-0.0104302370214377,-0.0207544270927887));
#11360=CARTESIAN_POINT('',(-0.00892499999999999,-0.0104375,-0.0208374433176296));
#11361=CARTESIAN_POINT('',(-0.005675,-0.0134233216681296,-0.0203252628109724));
#11362=CARTESIAN_POINT('',(-0.00646338625543728,-0.0134262614599695,-0.0203250056125132));
#11363=CARTESIAN_POINT('',(-0.00724296498624416,-0.0130984727500546,-0.0203536834086626));
#11364=CARTESIAN_POINT('',(-0.00835334653800374,-0.0119826377407218,-0.0204513063223446));
#11365=CARTESIAN_POINT('',(-0.00867782280060435,-0.0112071070740183,-0.0205191564638979));
#11366=CARTESIAN_POINT('',(-0.008675,-0.010415711064313,-0.0205883946431067));
#11367=CARTESIAN_POINT('',(-0.005675,-0.0136941592783394,-0.0205525225498084));
#11368=CARTESIAN_POINT('',(-0.00652953319358381,-0.0136973644196261,-0.0205522421362808));
#11369=CARTESIAN_POINT('',(-0.00737436269298118,-0.0133420097114301,-0.0205833316447785));
#11370=CARTESIAN_POINT('',(-0.00857692842515363,-0.0121334601332156,-0.0206890660321814));
#11371=CARTESIAN_POINT('',(-0.00892804493858262,-0.0112939890813563,-0.0207625102325772));
#11372=CARTESIAN_POINT('',(-0.008925,-0.0104375,-0.0208374433176296));
#11373=MECHANICAL_DESIGN_GEOMETRIC_PRESENTATION_REPRESENTATION('',(#6762),
#11374);
#11374=(
GEOMETRIC_REPRESENTATION_CONTEXT(3)
GLOBAL_UNCERTAINTY_ASSIGNED_CONTEXT((#11375))
GLOBAL_UNIT_ASSIGNED_CONTEXT((#11378,#11377,#11376))
REPRESENTATION_CONTEXT('Beep_Top','TOP_LEVEL_ASSEMBLY_PART')
);
#11375=UNCERTAINTY_MEASURE_WITH_UNIT(LENGTH_MEASURE(2.E-5),#11378,
'DISTANCE_ACCURACY_VALUE','Maximum Tolerance applied to model');
#11376=(
NAMED_UNIT(*)
SI_UNIT($,.STERADIAN.)
SOLID_ANGLE_UNIT()
);
#11377=(
NAMED_UNIT(*)
PLANE_ANGLE_UNIT()
SI_UNIT($,.RADIAN.)
);
#11378=(
LENGTH_UNIT()
NAMED_UNIT(*)
SI_UNIT($,.METRE.)
);
#11379=PRODUCT_DEFINITION_SHAPE('','',#11380);
#11380=PRODUCT_DEFINITION('','',#11382,#11381);
#11381=PRODUCT_DEFINITION_CONTEXT('',#11388,'design');
#11382=PRODUCT_DEFINITION_FORMATION_WITH_SPECIFIED_SOURCE('','',#11384,
 .NOT_KNOWN.);
#11383=PRODUCT_RELATED_PRODUCT_CATEGORY('','',(#11384));
#11384=PRODUCT('Beep_Top','Beep_Top','Beep_Top',(#11386));
#11385=PRODUCT_CATEGORY('','');
#11386=PRODUCT_CONTEXT('',#11388,'mechanical');
#11387=APPLICATION_PROTOCOL_DEFINITION('international standard',
'ap242_managed_model_based_3d_engineering',2020,#11388);
#11388=APPLICATION_CONTEXT('managed model based 3d engineering');
ENDSEC;
END-ISO-10303-21;
