ISO-10303-21;
HEADER;
/* Generated by software containing ST-Developer
 * from STEP Tools, Inc. (www.steptools.com) 
 */
/* OPTION: using custom renumber hook */

FILE_DESCRIPTION(
/* description */ ('STEP AP242 Edition 2',
'CAx-IF Rec.Pracs.---Representation and Presentation of Product Manufa
cturing Information (PMI)---4.0---2014-10-13',
'CAx-IF Rec.Pracs.---3D Tessellated Geometry---0.4---2014-09-14','2;1',
'CAx-IF Rec.Pracs.---User Defined Attributes---1.5---2016-08-15'),
/* implementation_level */ '2;1');

FILE_NAME(
/* name */ '6993ab2ac9522d6aee6c1db4',
/* time_stamp */ '2026-02-16T23:41:31Z',
/* author */ (''),
/* organization */ (''),
/* preprocessor_version */ 'ST-DEVELOPER v20',
/* originating_system */ 'ONSHAPE BY PTC INC, 1.210',
/* authorisation */ '  ');

FILE_SCHEMA (('AP242_MANAGED_MODEL_BASED_3D_ENGINEERING_MIM_LF { 1 0 10303 442 3 1 4 }'));
ENDSEC;

DATA;
#10=SHAPE_REPRESENTATION_RELATIONSHIP('','',#7475,#11);
#11=ADVANCED_BREP_SHAPE_REPRESENTATION('',(#7473),#12272);
#12=CONICAL_SURFACE('',#7717,0.003,0.785398163397457);
#13=CONICAL_SURFACE('',#7720,0.003,0.785398163397441);
#14=CONICAL_SURFACE('',#7721,0.003,0.785398163397431);
#15=CONICAL_SURFACE('',#7724,0.003,0.785398163397506);
#16=CONICAL_SURFACE('',#7725,0.003,0.785398163397406);
#17=CONICAL_SURFACE('',#7728,0.003,0.785398163397406);
#18=CONICAL_SURFACE('',#7729,0.003,0.785398163397415);
#19=CONICAL_SURFACE('',#7732,0.003,0.785398163397419);
#20=CYLINDRICAL_SURFACE('',#7548,0.001525);
#21=CYLINDRICAL_SURFACE('',#7551,0.00289687799999995);
#22=CYLINDRICAL_SURFACE('',#7555,0.001525);
#23=CYLINDRICAL_SURFACE('',#7558,0.00289688099999993);
#24=CYLINDRICAL_SURFACE('',#7562,0.001525);
#25=CYLINDRICAL_SURFACE('',#7565,0.00289688099999993);
#26=CYLINDRICAL_SURFACE('',#7569,0.001525);
#27=CYLINDRICAL_SURFACE('',#7572,0.00289687800000004);
#28=CYLINDRICAL_SURFACE('',#7576,0.001525);
#29=CYLINDRICAL_SURFACE('',#7579,0.00289687800000004);
#30=CYLINDRICAL_SURFACE('',#7583,0.001525);
#31=CYLINDRICAL_SURFACE('',#7586,0.00289688100000006);
#32=CYLINDRICAL_SURFACE('',#7590,0.001525);
#33=CYLINDRICAL_SURFACE('',#7593,0.00289688100000006);
#34=CYLINDRICAL_SURFACE('',#7597,0.001525);
#35=CYLINDRICAL_SURFACE('',#7600,0.00289687799999993);
#36=CYLINDRICAL_SURFACE('',#7620,0.00145);
#37=CYLINDRICAL_SURFACE('',#7623,0.00145);
#38=CYLINDRICAL_SURFACE('',#7626,0.00145);
#39=CYLINDRICAL_SURFACE('',#7629,0.00145);
#40=CYLINDRICAL_SURFACE('',#7643,0.0012);
#41=CYLINDRICAL_SURFACE('',#7645,0.0012);
#42=CYLINDRICAL_SURFACE('',#7647,0.0012);
#43=CYLINDRICAL_SURFACE('',#7649,0.0012);
#44=CYLINDRICAL_SURFACE('',#7651,0.0012);
#45=CYLINDRICAL_SURFACE('',#7653,0.0012);
#46=CYLINDRICAL_SURFACE('',#7655,0.0012);
#47=CYLINDRICAL_SURFACE('',#7657,0.002125);
#48=CYLINDRICAL_SURFACE('',#7660,0.002125);
#49=CYLINDRICAL_SURFACE('',#7663,0.002125);
#50=CYLINDRICAL_SURFACE('',#7666,0.002125);
#51=CYLINDRICAL_SURFACE('',#7669,0.002125);
#52=CYLINDRICAL_SURFACE('',#7672,0.002125);
#53=CYLINDRICAL_SURFACE('',#7675,0.002125);
#54=CYLINDRICAL_SURFACE('',#7678,0.002125);
#55=CYLINDRICAL_SURFACE('',#7682,0.003);
#56=CYLINDRICAL_SURFACE('',#7686,0.003);
#57=CYLINDRICAL_SURFACE('',#7690,0.003);
#58=CYLINDRICAL_SURFACE('',#7694,0.003);
#59=CYLINDRICAL_SURFACE('',#7700,0.003);
#60=CYLINDRICAL_SURFACE('',#7704,0.003);
#61=CYLINDRICAL_SURFACE('',#7709,0.003);
#62=CYLINDRICAL_SURFACE('',#7713,0.003);
#63=CYLINDRICAL_SURFACE('',#7733,0.01);
#64=CYLINDRICAL_SURFACE('',#7736,0.004);
#65=CYLINDRICAL_SURFACE('',#7743,0.0088);
#66=CYLINDRICAL_SURFACE('',#7749,0.0028);
#67=CYLINDRICAL_SURFACE('',#7759,0.0028);
#68=CYLINDRICAL_SURFACE('',#7761,0.004);
#69=CYLINDRICAL_SURFACE('',#7768,0.004);
#70=CYLINDRICAL_SURFACE('',#7770,0.0027999999999999);
#71=CYLINDRICAL_SURFACE('',#7778,0.004);
#72=CYLINDRICAL_SURFACE('',#7781,0.01);
#73=CYLINDRICAL_SURFACE('',#7787,0.00279999999999995);
#74=CYLINDRICAL_SURFACE('',#7793,0.0088);
#75=CYLINDRICAL_SURFACE('',#7802,0.00240000000000006);
#76=CYLINDRICAL_SURFACE('',#7805,0.0024);
#77=CYLINDRICAL_SURFACE('',#7810,0.0024);
#78=CYLINDRICAL_SURFACE('',#7813,0.00240000000000006);
#79=CYLINDRICAL_SURFACE('',#8008,0.0005);
#80=CYLINDRICAL_SURFACE('',#8009,0.0005);
#81=CYLINDRICAL_SURFACE('',#8010,0.0005);
#82=CYLINDRICAL_SURFACE('',#8011,0.0005);
#83=CYLINDRICAL_SURFACE('',#8012,0.0005);
#84=CYLINDRICAL_SURFACE('',#8013,0.0005);
#85=CYLINDRICAL_SURFACE('',#8014,0.0005);
#86=CYLINDRICAL_SURFACE('',#8015,0.0005);
#87=CYLINDRICAL_SURFACE('',#8034,0.0005);
#88=CYLINDRICAL_SURFACE('',#8035,0.0005);
#89=CYLINDRICAL_SURFACE('',#8036,0.0005);
#90=CYLINDRICAL_SURFACE('',#8037,0.0005);
#91=CYLINDRICAL_SURFACE('',#8038,0.0005);
#92=CYLINDRICAL_SURFACE('',#8039,0.0005);
#93=CYLINDRICAL_SURFACE('',#8040,0.0005);
#94=CYLINDRICAL_SURFACE('',#8041,0.0005);
#95=B_SPLINE_SURFACE_WITH_KNOTS('',3,1,((#10666,#10667),(#10668,#10669),
(#10670,#10671),(#10672,#10673),(#10674,#10675),(#10676,#10677),(#10678,
#10679)),.SURF_OF_LINEAR_EXTRUSION.,.F.,.F.,.F.,(4,1,1,1,4),(2,2),(-0.000646802468357803,
0.000692513954461388,0.00203183037728058,0.00337114680009977,0.00471046322291896),
(0.,1.),.UNSPECIFIED.);
#96=B_SPLINE_SURFACE_WITH_KNOTS('',3,1,((#10680,#10681),(#10682,#10683),
(#10684,#10685),(#10686,#10687),(#10688,#10689)),
 .SURF_OF_LINEAR_EXTRUSION.,.F.,.F.,.F.,(4,1,4),(2,2),(1.82145964977565E-17,
0.00235522003849881,0.00471044007699761),(0.,1.),.UNSPECIFIED.);
#97=B_SPLINE_SURFACE_WITH_KNOTS('',3,1,((#10690,#10691),(#10692,#10693),
(#10694,#10695),(#10696,#10697),(#10698,#10699)),
 .SURF_OF_LINEAR_EXTRUSION.,.F.,.F.,.F.,(4,1,4),(2,2),(1.62431872319177E-18,
0.00235523161145954,0.00471046322291907),(0.,1.),.UNSPECIFIED.);
#98=B_SPLINE_SURFACE_WITH_KNOTS('',3,1,((#10703,#10704),(#10705,#10706),
(#10707,#10708),(#10709,#10710),(#10711,#10712)),
 .SURF_OF_LINEAR_EXTRUSION.,.F.,.F.,.F.,(4,1,4),(2,2),(1.82660089006033E-17,
0.00235522003849869,0.00471044007699737),(0.,1.),.UNSPECIFIED.);
#99=B_SPLINE_SURFACE_WITH_KNOTS('',3,1,((#11429,#11430),(#11431,#11432),
(#11433,#11434),(#11435,#11436),(#11437,#11438),(#11439,#11440),(#11441,
#11442),(#11443,#11444),(#11445,#11446),(#11447,#11448),(#11449,#11450)),
 .SURF_OF_LINEAR_EXTRUSION.,.T.,.F.,.F.,(1,1,1,1,1,1,1,1,1,1,1,1,1,1,1),
(2,2),(-2.35619449019234,-1.5707963267949,-0.785398163397448,0.,0.785398163397448,
1.5707963267949,2.35619449019234,3.14159265358979,3.92699081698724,4.71238898038469,
5.49778714378214,6.28318530717959,7.06858347057703,7.85398163397448,8.63937979737193),
(0.,1.),.UNSPECIFIED.);
#100=ELLIPSE('',#7511,0.008,0.004);
#101=ELLIPSE('',#7512,0.0021331171547796,0.002125);
#102=ELLIPSE('',#7513,0.00213311715477962,0.002125);
#103=ELLIPSE('',#7514,0.0021331171547796,0.002125);
#104=ELLIPSE('',#7515,0.00213311715477962,0.002125);
#105=ELLIPSE('',#7533,0.00213311715477962,0.002125);
#106=ELLIPSE('',#7534,0.00213311715477962,0.002125);
#107=ELLIPSE('',#7535,0.0021331171547796,0.002125);
#108=ELLIPSE('',#7536,0.0021331171547796,0.002125);
#109=ELLIPSE('',#7841,0.008,0.004);
#110=B_SPLINE_CURVE_WITH_KNOTS('',3,(#10119,#10120,#10121,#10122,#10123,
#10124,#10125,#10126,#10127,#10128,#10129,#10130),.UNSPECIFIED.,.F.,.F.,
(4,1,1,1,1,1,1,1,1,4),(1.82145964977565E-17,0.000588805009624717,0.00117761001924941,
0.00176641502887412,0.00235522003849881,0.00294402504812351,0.00323842755293586,
0.00353283005774821,0.00412163506737291,0.00471044007699761),
 .UNSPECIFIED.);
#111=B_SPLINE_CURVE_WITH_KNOTS('',3,(#10134,#10135,#10136,#10137,#10138,
#10139,#10140,#10141,#10142,#10143,#10144,#10145),.UNSPECIFIED.,.F.,.F.,
(4,1,1,1,1,1,1,1,1,4),(1.7347234759768E-18,0.000588807902864885,0.00117761580572977,
0.00176642370859465,0.00235523161145954,0.00294403951432441,0.00323844346575686,
0.0035328474171893,0.00412165532005418,0.00471046322291907),
 .UNSPECIFIED.);
#112=B_SPLINE_CURVE_WITH_KNOTS('',3,(#10149,#10150,#10151,#10152,#10153,
#10154,#10155,#10156,#10157,#10158,#10159,#10160),.UNSPECIFIED.,.F.,.F.,
(4,1,1,1,1,1,1,1,1,4),(2.79715755706988E-17,0.000588805009624696,0.00117761001924936,
0.00176641502887403,0.0023552200384987,0.00294402504812337,0.0032384275529357,
0.00353283005774803,0.0041216350673727,0.00471044007699737),
 .UNSPECIFIED.);
#113=B_SPLINE_CURVE_WITH_KNOTS('',3,(#10164,#10165,#10166,#10167,#10168,
#10169,#10170,#10171,#10172,#10173,#10174,#10175,#10176,#10177,#10178),
 .UNSPECIFIED.,.F.,.F.,(4,3,1,1,1,1,1,1,1,1,4),(-0.000646802468357803,5.55111512312578E-17,
0.000588807902864919,0.00117761580572978,0.00176642370859465,0.00235523161145951,
0.00294403951432437,0.0032384434657568,0.00353284741718923,0.00412165532005409,
0.00471046322291896),.UNSPECIFIED.);
#114=B_SPLINE_CURVE_WITH_KNOTS('',3,(#10460,#10461,#10462,#10463,#10464),
 .UNSPECIFIED.,.F.,.F.,(4,1,4),(0.,0.00215644299977606,0.00431288599955212),
 .UNSPECIFIED.);
#115=B_SPLINE_CURVE_WITH_KNOTS('',3,(#10468,#10469,#10470,#10471,#10472,
#10473,#10474),.UNSPECIFIED.,.F.,.F.,(4,1,1,1,4),(0.,0.00122923615445497,
0.00245847230890993,0.0036877084633649,0.00491694461781987),
 .UNSPECIFIED.);
#116=B_SPLINE_CURVE_WITH_KNOTS('',3,(#10585,#10586,#10587,#10588,#10589),
 .UNSPECIFIED.,.F.,.F.,(4,1,4),(5.71967030906516E-16,0.00215644299977627,
0.00431288599955197),.UNSPECIFIED.);
#117=B_SPLINE_CURVE_WITH_KNOTS('',3,(#10593,#10594,#10595,#10596,#10597),
 .UNSPECIFIED.,.F.,.F.,(4,1,4),(0.,0.00215649542412153,0.00431299084824307),
 .UNSPECIFIED.);
#118=CIRCLE('',#7478,0.0005);
#119=CIRCLE('',#7479,0.0005);
#120=CIRCLE('',#7480,0.0005);
#121=CIRCLE('',#7481,0.0005);
#122=CIRCLE('',#7482,0.0012);
#123=CIRCLE('',#7483,0.0012);
#124=CIRCLE('',#7484,0.0012);
#125=CIRCLE('',#7485,0.0012);
#126=CIRCLE('',#7486,0.0012);
#127=CIRCLE('',#7487,0.0012);
#128=CIRCLE('',#7488,0.0012);
#129=CIRCLE('',#7489,0.00289687799999993);
#130=CIRCLE('',#7490,0.00289688100000006);
#131=CIRCLE('',#7491,0.00289688100000006);
#132=CIRCLE('',#7492,0.00289687800000004);
#133=CIRCLE('',#7493,0.00289687800000004);
#134=CIRCLE('',#7494,0.00289688099999993);
#135=CIRCLE('',#7495,0.00289688099999993);
#136=CIRCLE('',#7496,0.00289687799999995);
#137=CIRCLE('',#7497,0.0005);
#138=CIRCLE('',#7498,0.0005);
#139=CIRCLE('',#7499,0.0005);
#140=CIRCLE('',#7500,0.0005);
#141=CIRCLE('',#7501,0.0005);
#142=CIRCLE('',#7502,0.0005);
#143=CIRCLE('',#7503,0.0005);
#144=CIRCLE('',#7504,0.0005);
#145=CIRCLE('',#7505,0.0005);
#146=CIRCLE('',#7506,0.0005);
#147=CIRCLE('',#7507,0.0005);
#148=CIRCLE('',#7508,0.0005);
#149=CIRCLE('',#7516,0.00310000000000021);
#150=CIRCLE('',#7517,0.00309999999999978);
#151=CIRCLE('',#7518,0.00310000000000021);
#152=CIRCLE('',#7519,0.00309999999999982);
#153=CIRCLE('',#7520,0.004);
#154=CIRCLE('',#7521,0.004);
#155=CIRCLE('',#7522,0.01);
#156=CIRCLE('',#7523,0.01);
#157=CIRCLE('',#7524,0.004);
#158=CIRCLE('',#7525,0.004);
#159=CIRCLE('',#7527,0.0024);
#160=CIRCLE('',#7528,0.00240000000000006);
#161=CIRCLE('',#7529,0.0031);
#162=CIRCLE('',#7530,0.0031);
#163=CIRCLE('',#7531,0.0031);
#164=CIRCLE('',#7532,0.0031);
#165=CIRCLE('',#7537,0.00240000000000006);
#166=CIRCLE('',#7538,0.0024);
#167=CIRCLE('',#7539,0.0028);
#168=CIRCLE('',#7540,0.0027999999999999);
#169=CIRCLE('',#7549,0.001525);
#170=CIRCLE('',#7550,0.001525);
#171=CIRCLE('',#7552,0.00289687799999995);
#172=CIRCLE('',#7556,0.001525);
#173=CIRCLE('',#7557,0.001525);
#174=CIRCLE('',#7559,0.00289688099999993);
#175=CIRCLE('',#7563,0.001525);
#176=CIRCLE('',#7564,0.001525);
#177=CIRCLE('',#7566,0.00289688099999993);
#178=CIRCLE('',#7570,0.001525);
#179=CIRCLE('',#7571,0.001525);
#180=CIRCLE('',#7573,0.00289687800000004);
#181=CIRCLE('',#7577,0.001525);
#182=CIRCLE('',#7578,0.001525);
#183=CIRCLE('',#7580,0.00289687800000004);
#184=CIRCLE('',#7584,0.001525);
#185=CIRCLE('',#7585,0.001525);
#186=CIRCLE('',#7587,0.00289688100000006);
#187=CIRCLE('',#7591,0.001525);
#188=CIRCLE('',#7592,0.001525);
#189=CIRCLE('',#7594,0.00289688100000006);
#190=CIRCLE('',#7598,0.001525);
#191=CIRCLE('',#7599,0.001525);
#192=CIRCLE('',#7601,0.00289687799999993);
#193=CIRCLE('',#7607,0.00145);
#194=CIRCLE('',#7608,0.00145);
#195=CIRCLE('',#7609,0.00145);
#196=CIRCLE('',#7610,0.00145);
#197=CIRCLE('',#7611,0.0005);
#198=CIRCLE('',#7612,0.0005);
#199=CIRCLE('',#7613,0.0005);
#200=CIRCLE('',#7614,0.0005);
#201=CIRCLE('',#7615,0.0005);
#202=CIRCLE('',#7616,0.0005);
#203=CIRCLE('',#7617,0.0005);
#204=CIRCLE('',#7618,0.0005);
#205=CIRCLE('',#7621,0.00145);
#206=CIRCLE('',#7624,0.00145);
#207=CIRCLE('',#7627,0.00145);
#208=CIRCLE('',#7630,0.00145);
#209=CIRCLE('',#7644,0.0012);
#210=CIRCLE('',#7646,0.0012);
#211=CIRCLE('',#7648,0.0012);
#212=CIRCLE('',#7650,0.0012);
#213=CIRCLE('',#7652,0.0012);
#214=CIRCLE('',#7654,0.0012);
#215=CIRCLE('',#7656,0.0012);
#216=CIRCLE('',#7658,0.002125);
#217=CIRCLE('',#7661,0.002125);
#218=CIRCLE('',#7664,0.002125);
#219=CIRCLE('',#7667,0.002125);
#220=CIRCLE('',#7670,0.002125);
#221=CIRCLE('',#7673,0.002125);
#222=CIRCLE('',#7676,0.002125);
#223=CIRCLE('',#7679,0.002125);
#224=CIRCLE('',#7683,0.003);
#225=CIRCLE('',#7684,0.003);
#226=CIRCLE('',#7687,0.003);
#227=CIRCLE('',#7688,0.003);
#228=CIRCLE('',#7691,0.003);
#229=CIRCLE('',#7692,0.003);
#230=CIRCLE('',#7695,0.003);
#231=CIRCLE('',#7696,0.003);
#232=CIRCLE('',#7701,0.003);
#233=CIRCLE('',#7702,0.003);
#234=CIRCLE('',#7705,0.003);
#235=CIRCLE('',#7706,0.003);
#236=CIRCLE('',#7710,0.003);
#237=CIRCLE('',#7711,0.003);
#238=CIRCLE('',#7714,0.003);
#239=CIRCLE('',#7715,0.003);
#240=CIRCLE('',#7734,0.01);
#241=CIRCLE('',#7737,0.004);
#242=CIRCLE('',#7744,0.0088);
#243=CIRCLE('',#7745,0.0088);
#244=CIRCLE('',#7750,0.0028);
#245=CIRCLE('',#7751,0.0028);
#246=CIRCLE('',#7760,0.0028);
#247=CIRCLE('',#7762,0.004);
#248=CIRCLE('',#7769,0.004);
#249=CIRCLE('',#7771,0.0027999999999999);
#250=CIRCLE('',#7779,0.004);
#251=CIRCLE('',#7782,0.01);
#252=CIRCLE('',#7788,0.00279999999999995);
#253=CIRCLE('',#7789,0.00279999999999995);
#254=CIRCLE('',#7794,0.0088);
#255=CIRCLE('',#7795,0.0088);
#256=CIRCLE('',#7803,0.00240000000000006);
#257=CIRCLE('',#7806,0.0024);
#258=CIRCLE('',#7811,0.0024);
#259=CIRCLE('',#7814,0.00240000000000006);
#260=CIRCLE('',#8021,0.0005);
#261=CIRCLE('',#8022,0.0005);
#262=CIRCLE('',#8023,0.0005);
#263=CIRCLE('',#8024,0.0005);
#264=CIRCLE('',#8030,0.0005);
#265=CIRCLE('',#8031,0.0005);
#266=CIRCLE('',#8032,0.0005);
#267=CIRCLE('',#8033,0.0005);
#268=ORIENTED_EDGE('',*,*,#2300,.F.);
#269=ORIENTED_EDGE('',*,*,#2301,.T.);
#270=ORIENTED_EDGE('',*,*,#2302,.T.);
#271=ORIENTED_EDGE('',*,*,#2303,.T.);
#272=ORIENTED_EDGE('',*,*,#2304,.T.);
#273=ORIENTED_EDGE('',*,*,#2305,.T.);
#274=ORIENTED_EDGE('',*,*,#2306,.F.);
#275=ORIENTED_EDGE('',*,*,#2307,.T.);
#276=ORIENTED_EDGE('',*,*,#2308,.F.);
#277=ORIENTED_EDGE('',*,*,#2309,.F.);
#278=ORIENTED_EDGE('',*,*,#2310,.F.);
#279=ORIENTED_EDGE('',*,*,#2311,.F.);
#280=ORIENTED_EDGE('',*,*,#2312,.F.);
#281=ORIENTED_EDGE('',*,*,#2313,.F.);
#282=ORIENTED_EDGE('',*,*,#2314,.F.);
#283=ORIENTED_EDGE('',*,*,#2315,.F.);
#284=ORIENTED_EDGE('',*,*,#2316,.F.);
#285=ORIENTED_EDGE('',*,*,#2317,.F.);
#286=ORIENTED_EDGE('',*,*,#2318,.F.);
#287=ORIENTED_EDGE('',*,*,#2319,.F.);
#288=ORIENTED_EDGE('',*,*,#2320,.F.);
#289=ORIENTED_EDGE('',*,*,#2321,.F.);
#290=ORIENTED_EDGE('',*,*,#2322,.F.);
#291=ORIENTED_EDGE('',*,*,#2323,.T.);
#292=ORIENTED_EDGE('',*,*,#2324,.T.);
#293=ORIENTED_EDGE('',*,*,#2325,.T.);
#294=ORIENTED_EDGE('',*,*,#2326,.T.);
#295=ORIENTED_EDGE('',*,*,#2327,.T.);
#296=ORIENTED_EDGE('',*,*,#2328,.T.);
#297=ORIENTED_EDGE('',*,*,#2329,.T.);
#298=ORIENTED_EDGE('',*,*,#2330,.T.);
#299=ORIENTED_EDGE('',*,*,#2331,.T.);
#300=ORIENTED_EDGE('',*,*,#2332,.T.);
#301=ORIENTED_EDGE('',*,*,#2333,.T.);
#302=ORIENTED_EDGE('',*,*,#2334,.F.);
#303=ORIENTED_EDGE('',*,*,#2335,.T.);
#304=ORIENTED_EDGE('',*,*,#2336,.F.);
#305=ORIENTED_EDGE('',*,*,#2337,.T.);
#306=ORIENTED_EDGE('',*,*,#2338,.T.);
#307=ORIENTED_EDGE('',*,*,#2339,.F.);
#308=ORIENTED_EDGE('',*,*,#2340,.T.);
#309=ORIENTED_EDGE('',*,*,#2341,.T.);
#310=ORIENTED_EDGE('',*,*,#2342,.F.);
#311=ORIENTED_EDGE('',*,*,#2343,.T.);
#312=ORIENTED_EDGE('',*,*,#2344,.T.);
#313=ORIENTED_EDGE('',*,*,#2345,.F.);
#314=ORIENTED_EDGE('',*,*,#2346,.F.);
#315=ORIENTED_EDGE('',*,*,#2347,.T.);
#316=ORIENTED_EDGE('',*,*,#2348,.T.);
#317=ORIENTED_EDGE('',*,*,#2349,.T.);
#318=ORIENTED_EDGE('',*,*,#2350,.F.);
#319=ORIENTED_EDGE('',*,*,#2351,.T.);
#320=ORIENTED_EDGE('',*,*,#2352,.T.);
#321=ORIENTED_EDGE('',*,*,#2353,.T.);
#322=ORIENTED_EDGE('',*,*,#2354,.F.);
#323=ORIENTED_EDGE('',*,*,#2355,.F.);
#324=ORIENTED_EDGE('',*,*,#2356,.T.);
#325=ORIENTED_EDGE('',*,*,#2357,.T.);
#326=ORIENTED_EDGE('',*,*,#2358,.T.);
#327=ORIENTED_EDGE('',*,*,#2359,.T.);
#328=ORIENTED_EDGE('',*,*,#2360,.T.);
#329=ORIENTED_EDGE('',*,*,#2361,.F.);
#330=ORIENTED_EDGE('',*,*,#2362,.T.);
#331=ORIENTED_EDGE('',*,*,#2363,.T.);
#332=ORIENTED_EDGE('',*,*,#2364,.T.);
#333=ORIENTED_EDGE('',*,*,#2365,.T.);
#334=ORIENTED_EDGE('',*,*,#2366,.T.);
#335=ORIENTED_EDGE('',*,*,#2367,.T.);
#336=ORIENTED_EDGE('',*,*,#2368,.T.);
#337=ORIENTED_EDGE('',*,*,#2369,.T.);
#338=ORIENTED_EDGE('',*,*,#2370,.T.);
#339=ORIENTED_EDGE('',*,*,#2371,.T.);
#340=ORIENTED_EDGE('',*,*,#2372,.T.);
#341=ORIENTED_EDGE('',*,*,#2373,.T.);
#342=ORIENTED_EDGE('',*,*,#2374,.T.);
#343=ORIENTED_EDGE('',*,*,#2375,.T.);
#344=ORIENTED_EDGE('',*,*,#2376,.T.);
#345=ORIENTED_EDGE('',*,*,#2377,.T.);
#346=ORIENTED_EDGE('',*,*,#2378,.T.);
#347=ORIENTED_EDGE('',*,*,#2379,.T.);
#348=ORIENTED_EDGE('',*,*,#2380,.T.);
#349=ORIENTED_EDGE('',*,*,#2381,.T.);
#350=ORIENTED_EDGE('',*,*,#2382,.T.);
#351=ORIENTED_EDGE('',*,*,#2383,.T.);
#352=ORIENTED_EDGE('',*,*,#2384,.T.);
#353=ORIENTED_EDGE('',*,*,#2385,.T.);
#354=ORIENTED_EDGE('',*,*,#2386,.T.);
#355=ORIENTED_EDGE('',*,*,#2387,.T.);
#356=ORIENTED_EDGE('',*,*,#2388,.T.);
#357=ORIENTED_EDGE('',*,*,#2389,.T.);
#358=ORIENTED_EDGE('',*,*,#2390,.T.);
#359=ORIENTED_EDGE('',*,*,#2391,.T.);
#360=ORIENTED_EDGE('',*,*,#2392,.T.);
#361=ORIENTED_EDGE('',*,*,#2393,.T.);
#362=ORIENTED_EDGE('',*,*,#2394,.T.);
#363=ORIENTED_EDGE('',*,*,#2395,.T.);
#364=ORIENTED_EDGE('',*,*,#2396,.T.);
#365=ORIENTED_EDGE('',*,*,#2397,.T.);
#366=ORIENTED_EDGE('',*,*,#2398,.T.);
#367=ORIENTED_EDGE('',*,*,#2399,.T.);
#368=ORIENTED_EDGE('',*,*,#2400,.T.);
#369=ORIENTED_EDGE('',*,*,#2401,.T.);
#370=ORIENTED_EDGE('',*,*,#2402,.T.);
#371=ORIENTED_EDGE('',*,*,#2403,.T.);
#372=ORIENTED_EDGE('',*,*,#2404,.T.);
#373=ORIENTED_EDGE('',*,*,#2405,.T.);
#374=ORIENTED_EDGE('',*,*,#2406,.T.);
#375=ORIENTED_EDGE('',*,*,#2407,.T.);
#376=ORIENTED_EDGE('',*,*,#2408,.T.);
#377=ORIENTED_EDGE('',*,*,#2409,.T.);
#378=ORIENTED_EDGE('',*,*,#2410,.T.);
#379=ORIENTED_EDGE('',*,*,#2411,.T.);
#380=ORIENTED_EDGE('',*,*,#2412,.T.);
#381=ORIENTED_EDGE('',*,*,#2413,.T.);
#382=ORIENTED_EDGE('',*,*,#2414,.T.);
#383=ORIENTED_EDGE('',*,*,#2415,.F.);
#384=ORIENTED_EDGE('',*,*,#2416,.F.);
#385=ORIENTED_EDGE('',*,*,#2417,.T.);
#386=ORIENTED_EDGE('',*,*,#2418,.F.);
#387=ORIENTED_EDGE('',*,*,#2419,.T.);
#388=ORIENTED_EDGE('',*,*,#2420,.T.);
#389=ORIENTED_EDGE('',*,*,#2421,.T.);
#390=ORIENTED_EDGE('',*,*,#2422,.T.);
#391=ORIENTED_EDGE('',*,*,#2423,.T.);
#392=ORIENTED_EDGE('',*,*,#2424,.T.);
#393=ORIENTED_EDGE('',*,*,#2425,.T.);
#394=ORIENTED_EDGE('',*,*,#2426,.T.);
#395=ORIENTED_EDGE('',*,*,#2427,.T.);
#396=ORIENTED_EDGE('',*,*,#2428,.T.);
#397=ORIENTED_EDGE('',*,*,#2429,.T.);
#398=ORIENTED_EDGE('',*,*,#2430,.T.);
#399=ORIENTED_EDGE('',*,*,#2431,.T.);
#400=ORIENTED_EDGE('',*,*,#2432,.T.);
#401=ORIENTED_EDGE('',*,*,#2433,.T.);
#402=ORIENTED_EDGE('',*,*,#2434,.T.);
#403=ORIENTED_EDGE('',*,*,#2435,.T.);
#404=ORIENTED_EDGE('',*,*,#2436,.T.);
#405=ORIENTED_EDGE('',*,*,#2437,.T.);
#406=ORIENTED_EDGE('',*,*,#2438,.T.);
#407=ORIENTED_EDGE('',*,*,#2439,.T.);
#408=ORIENTED_EDGE('',*,*,#2440,.T.);
#409=ORIENTED_EDGE('',*,*,#2441,.T.);
#410=ORIENTED_EDGE('',*,*,#2442,.T.);
#411=ORIENTED_EDGE('',*,*,#2443,.T.);
#412=ORIENTED_EDGE('',*,*,#2444,.T.);
#413=ORIENTED_EDGE('',*,*,#2445,.T.);
#414=ORIENTED_EDGE('',*,*,#2446,.T.);
#415=ORIENTED_EDGE('',*,*,#2447,.T.);
#416=ORIENTED_EDGE('',*,*,#2448,.T.);
#417=ORIENTED_EDGE('',*,*,#2449,.T.);
#418=ORIENTED_EDGE('',*,*,#2450,.T.);
#419=ORIENTED_EDGE('',*,*,#2451,.T.);
#420=ORIENTED_EDGE('',*,*,#2452,.T.);
#421=ORIENTED_EDGE('',*,*,#2453,.T.);
#422=ORIENTED_EDGE('',*,*,#2454,.T.);
#423=ORIENTED_EDGE('',*,*,#2455,.T.);
#424=ORIENTED_EDGE('',*,*,#2456,.T.);
#425=ORIENTED_EDGE('',*,*,#2457,.T.);
#426=ORIENTED_EDGE('',*,*,#2458,.T.);
#427=ORIENTED_EDGE('',*,*,#2459,.T.);
#428=ORIENTED_EDGE('',*,*,#2460,.T.);
#429=ORIENTED_EDGE('',*,*,#2461,.T.);
#430=ORIENTED_EDGE('',*,*,#2462,.T.);
#431=ORIENTED_EDGE('',*,*,#2463,.T.);
#432=ORIENTED_EDGE('',*,*,#2464,.T.);
#433=ORIENTED_EDGE('',*,*,#2465,.T.);
#434=ORIENTED_EDGE('',*,*,#2466,.T.);
#435=ORIENTED_EDGE('',*,*,#2467,.T.);
#436=ORIENTED_EDGE('',*,*,#2468,.F.);
#437=ORIENTED_EDGE('',*,*,#2469,.T.);
#438=ORIENTED_EDGE('',*,*,#2470,.T.);
#439=ORIENTED_EDGE('',*,*,#2471,.F.);
#440=ORIENTED_EDGE('',*,*,#2472,.F.);
#441=ORIENTED_EDGE('',*,*,#2473,.T.);
#442=ORIENTED_EDGE('',*,*,#2474,.T.);
#443=ORIENTED_EDGE('',*,*,#2475,.T.);
#444=ORIENTED_EDGE('',*,*,#2476,.T.);
#445=ORIENTED_EDGE('',*,*,#2477,.T.);
#446=ORIENTED_EDGE('',*,*,#2478,.T.);
#447=ORIENTED_EDGE('',*,*,#2479,.T.);
#448=ORIENTED_EDGE('',*,*,#2480,.T.);
#449=ORIENTED_EDGE('',*,*,#2481,.T.);
#450=ORIENTED_EDGE('',*,*,#2482,.T.);
#451=ORIENTED_EDGE('',*,*,#2483,.T.);
#452=ORIENTED_EDGE('',*,*,#2484,.T.);
#453=ORIENTED_EDGE('',*,*,#2485,.F.);
#454=ORIENTED_EDGE('',*,*,#2486,.T.);
#455=ORIENTED_EDGE('',*,*,#2487,.T.);
#456=ORIENTED_EDGE('',*,*,#2488,.F.);
#457=ORIENTED_EDGE('',*,*,#2489,.F.);
#458=ORIENTED_EDGE('',*,*,#2490,.F.);
#459=ORIENTED_EDGE('',*,*,#2491,.T.);
#460=ORIENTED_EDGE('',*,*,#2492,.T.);
#461=ORIENTED_EDGE('',*,*,#2493,.T.);
#462=ORIENTED_EDGE('',*,*,#2494,.F.);
#463=ORIENTED_EDGE('',*,*,#2495,.T.);
#464=ORIENTED_EDGE('',*,*,#2496,.T.);
#465=ORIENTED_EDGE('',*,*,#2497,.F.);
#466=ORIENTED_EDGE('',*,*,#2498,.F.);
#467=ORIENTED_EDGE('',*,*,#2499,.T.);
#468=ORIENTED_EDGE('',*,*,#2500,.F.);
#469=ORIENTED_EDGE('',*,*,#2501,.F.);
#470=ORIENTED_EDGE('',*,*,#2502,.T.);
#471=ORIENTED_EDGE('',*,*,#2503,.F.);
#472=ORIENTED_EDGE('',*,*,#2504,.T.);
#473=ORIENTED_EDGE('',*,*,#2505,.F.);
#474=ORIENTED_EDGE('',*,*,#2506,.F.);
#475=ORIENTED_EDGE('',*,*,#2507,.T.);
#476=ORIENTED_EDGE('',*,*,#2508,.T.);
#477=ORIENTED_EDGE('',*,*,#2509,.T.);
#478=ORIENTED_EDGE('',*,*,#2510,.T.);
#479=ORIENTED_EDGE('',*,*,#2511,.F.);
#480=ORIENTED_EDGE('',*,*,#2512,.F.);
#481=ORIENTED_EDGE('',*,*,#2513,.T.);
#482=ORIENTED_EDGE('',*,*,#2514,.F.);
#483=ORIENTED_EDGE('',*,*,#2515,.T.);
#484=ORIENTED_EDGE('',*,*,#2516,.F.);
#485=ORIENTED_EDGE('',*,*,#2517,.F.);
#486=ORIENTED_EDGE('',*,*,#2518,.F.);
#487=ORIENTED_EDGE('',*,*,#2519,.T.);
#488=ORIENTED_EDGE('',*,*,#2520,.T.);
#489=ORIENTED_EDGE('',*,*,#2521,.T.);
#490=ORIENTED_EDGE('',*,*,#2522,.T.);
#491=ORIENTED_EDGE('',*,*,#2523,.T.);
#492=ORIENTED_EDGE('',*,*,#2524,.T.);
#493=ORIENTED_EDGE('',*,*,#2525,.T.);
#494=ORIENTED_EDGE('',*,*,#2526,.T.);
#495=ORIENTED_EDGE('',*,*,#2527,.T.);
#496=ORIENTED_EDGE('',*,*,#2528,.T.);
#497=ORIENTED_EDGE('',*,*,#2529,.T.);
#498=ORIENTED_EDGE('',*,*,#2530,.T.);
#499=ORIENTED_EDGE('',*,*,#2531,.T.);
#500=ORIENTED_EDGE('',*,*,#2532,.F.);
#501=ORIENTED_EDGE('',*,*,#2533,.F.);
#502=ORIENTED_EDGE('',*,*,#2534,.F.);
#503=ORIENTED_EDGE('',*,*,#2535,.F.);
#504=ORIENTED_EDGE('',*,*,#2536,.T.);
#505=ORIENTED_EDGE('',*,*,#2537,.T.);
#506=ORIENTED_EDGE('',*,*,#2538,.T.);
#507=ORIENTED_EDGE('',*,*,#2539,.F.);
#508=ORIENTED_EDGE('',*,*,#2540,.F.);
#509=ORIENTED_EDGE('',*,*,#2541,.T.);
#510=ORIENTED_EDGE('',*,*,#2542,.T.);
#511=ORIENTED_EDGE('',*,*,#2543,.F.);
#512=ORIENTED_EDGE('',*,*,#2544,.T.);
#513=ORIENTED_EDGE('',*,*,#2545,.T.);
#514=ORIENTED_EDGE('',*,*,#2546,.F.);
#515=ORIENTED_EDGE('',*,*,#2547,.F.);
#516=ORIENTED_EDGE('',*,*,#2548,.T.);
#517=ORIENTED_EDGE('',*,*,#2549,.T.);
#518=ORIENTED_EDGE('',*,*,#2550,.T.);
#519=ORIENTED_EDGE('',*,*,#2551,.F.);
#520=ORIENTED_EDGE('',*,*,#2552,.T.);
#521=ORIENTED_EDGE('',*,*,#2553,.F.);
#522=ORIENTED_EDGE('',*,*,#2554,.T.);
#523=ORIENTED_EDGE('',*,*,#2555,.T.);
#524=ORIENTED_EDGE('',*,*,#2556,.F.);
#525=ORIENTED_EDGE('',*,*,#2557,.T.);
#526=ORIENTED_EDGE('',*,*,#2558,.T.);
#527=ORIENTED_EDGE('',*,*,#2559,.T.);
#528=ORIENTED_EDGE('',*,*,#2560,.F.);
#529=ORIENTED_EDGE('',*,*,#2561,.F.);
#530=ORIENTED_EDGE('',*,*,#2562,.T.);
#531=ORIENTED_EDGE('',*,*,#2502,.F.);
#532=ORIENTED_EDGE('',*,*,#2563,.F.);
#533=ORIENTED_EDGE('',*,*,#2564,.F.);
#534=ORIENTED_EDGE('',*,*,#2565,.T.);
#535=ORIENTED_EDGE('',*,*,#2555,.F.);
#536=ORIENTED_EDGE('',*,*,#2566,.F.);
#537=ORIENTED_EDGE('',*,*,#2567,.F.);
#538=ORIENTED_EDGE('',*,*,#2568,.T.);
#539=ORIENTED_EDGE('',*,*,#2496,.F.);
#540=ORIENTED_EDGE('',*,*,#2569,.T.);
#541=ORIENTED_EDGE('',*,*,#2352,.F.);
#542=ORIENTED_EDGE('',*,*,#2570,.F.);
#543=ORIENTED_EDGE('',*,*,#2549,.F.);
#544=ORIENTED_EDGE('',*,*,#2571,.F.);
#545=ORIENTED_EDGE('',*,*,#2572,.F.);
#546=ORIENTED_EDGE('',*,*,#2573,.T.);
#547=ORIENTED_EDGE('',*,*,#2541,.F.);
#548=ORIENTED_EDGE('',*,*,#2574,.T.);
#549=ORIENTED_EDGE('',*,*,#2348,.F.);
#550=ORIENTED_EDGE('',*,*,#2575,.F.);
#551=ORIENTED_EDGE('',*,*,#2492,.F.);
#552=ORIENTED_EDGE('',*,*,#2576,.F.);
#553=ORIENTED_EDGE('',*,*,#2577,.F.);
#554=ORIENTED_EDGE('',*,*,#2578,.T.);
#555=ORIENTED_EDGE('',*,*,#2559,.F.);
#556=ORIENTED_EDGE('',*,*,#2579,.F.);
#557=ORIENTED_EDGE('',*,*,#2580,.F.);
#558=ORIENTED_EDGE('',*,*,#2581,.T.);
#559=ORIENTED_EDGE('',*,*,#2486,.F.);
#560=ORIENTED_EDGE('',*,*,#2582,.F.);
#561=ORIENTED_EDGE('',*,*,#2325,.F.);
#562=ORIENTED_EDGE('',*,*,#2583,.T.);
#563=ORIENTED_EDGE('',*,*,#2584,.T.);
#564=ORIENTED_EDGE('',*,*,#2585,.T.);
#565=ORIENTED_EDGE('',*,*,#2586,.F.);
#566=ORIENTED_EDGE('',*,*,#2354,.T.);
#567=ORIENTED_EDGE('',*,*,#2587,.F.);
#568=ORIENTED_EDGE('',*,*,#2494,.T.);
#569=ORIENTED_EDGE('',*,*,#2588,.T.);
#570=ORIENTED_EDGE('',*,*,#2346,.T.);
#571=ORIENTED_EDGE('',*,*,#2589,.T.);
#572=ORIENTED_EDGE('',*,*,#2590,.F.);
#573=ORIENTED_EDGE('',*,*,#2495,.F.);
#574=ORIENTED_EDGE('',*,*,#2587,.T.);
#575=ORIENTED_EDGE('',*,*,#2353,.F.);
#576=ORIENTED_EDGE('',*,*,#2569,.F.);
#577=ORIENTED_EDGE('',*,*,#2493,.F.);
#578=ORIENTED_EDGE('',*,*,#2575,.T.);
#579=ORIENTED_EDGE('',*,*,#2347,.F.);
#580=ORIENTED_EDGE('',*,*,#2588,.F.);
#581=ORIENTED_EDGE('',*,*,#2552,.F.);
#582=ORIENTED_EDGE('',*,*,#2591,.T.);
#583=ORIENTED_EDGE('',*,*,#2349,.F.);
#584=ORIENTED_EDGE('',*,*,#2574,.F.);
#585=ORIENTED_EDGE('',*,*,#2591,.F.);
#586=ORIENTED_EDGE('',*,*,#2551,.T.);
#587=ORIENTED_EDGE('',*,*,#2592,.T.);
#588=ORIENTED_EDGE('',*,*,#2350,.T.);
#589=ORIENTED_EDGE('',*,*,#2550,.F.);
#590=ORIENTED_EDGE('',*,*,#2570,.T.);
#591=ORIENTED_EDGE('',*,*,#2351,.F.);
#592=ORIENTED_EDGE('',*,*,#2592,.F.);
#593=ORIENTED_EDGE('',*,*,#2593,.T.);
#594=ORIENTED_EDGE('',*,*,#2594,.F.);
#595=ORIENTED_EDGE('',*,*,#2595,.F.);
#596=ORIENTED_EDGE('',*,*,#2322,.T.);
#597=ORIENTED_EDGE('',*,*,#2593,.F.);
#598=ORIENTED_EDGE('',*,*,#2595,.T.);
#599=ORIENTED_EDGE('',*,*,#2594,.T.);
#600=ORIENTED_EDGE('',*,*,#2596,.T.);
#601=ORIENTED_EDGE('',*,*,#2597,.F.);
#602=ORIENTED_EDGE('',*,*,#2598,.F.);
#603=ORIENTED_EDGE('',*,*,#2321,.T.);
#604=ORIENTED_EDGE('',*,*,#2596,.F.);
#605=ORIENTED_EDGE('',*,*,#2598,.T.);
#606=ORIENTED_EDGE('',*,*,#2597,.T.);
#607=ORIENTED_EDGE('',*,*,#2599,.T.);
#608=ORIENTED_EDGE('',*,*,#2600,.F.);
#609=ORIENTED_EDGE('',*,*,#2601,.F.);
#610=ORIENTED_EDGE('',*,*,#2320,.T.);
#611=ORIENTED_EDGE('',*,*,#2599,.F.);
#612=ORIENTED_EDGE('',*,*,#2601,.T.);
#613=ORIENTED_EDGE('',*,*,#2600,.T.);
#614=ORIENTED_EDGE('',*,*,#2602,.T.);
#615=ORIENTED_EDGE('',*,*,#2603,.F.);
#616=ORIENTED_EDGE('',*,*,#2604,.F.);
#617=ORIENTED_EDGE('',*,*,#2319,.T.);
#618=ORIENTED_EDGE('',*,*,#2602,.F.);
#619=ORIENTED_EDGE('',*,*,#2604,.T.);
#620=ORIENTED_EDGE('',*,*,#2603,.T.);
#621=ORIENTED_EDGE('',*,*,#2605,.T.);
#622=ORIENTED_EDGE('',*,*,#2606,.F.);
#623=ORIENTED_EDGE('',*,*,#2607,.F.);
#624=ORIENTED_EDGE('',*,*,#2318,.T.);
#625=ORIENTED_EDGE('',*,*,#2605,.F.);
#626=ORIENTED_EDGE('',*,*,#2607,.T.);
#627=ORIENTED_EDGE('',*,*,#2606,.T.);
#628=ORIENTED_EDGE('',*,*,#2608,.T.);
#629=ORIENTED_EDGE('',*,*,#2609,.F.);
#630=ORIENTED_EDGE('',*,*,#2610,.F.);
#631=ORIENTED_EDGE('',*,*,#2317,.T.);
#632=ORIENTED_EDGE('',*,*,#2608,.F.);
#633=ORIENTED_EDGE('',*,*,#2610,.T.);
#634=ORIENTED_EDGE('',*,*,#2609,.T.);
#635=ORIENTED_EDGE('',*,*,#2611,.T.);
#636=ORIENTED_EDGE('',*,*,#2612,.F.);
#637=ORIENTED_EDGE('',*,*,#2613,.F.);
#638=ORIENTED_EDGE('',*,*,#2316,.T.);
#639=ORIENTED_EDGE('',*,*,#2611,.F.);
#640=ORIENTED_EDGE('',*,*,#2613,.T.);
#641=ORIENTED_EDGE('',*,*,#2612,.T.);
#642=ORIENTED_EDGE('',*,*,#2614,.T.);
#643=ORIENTED_EDGE('',*,*,#2615,.F.);
#644=ORIENTED_EDGE('',*,*,#2616,.F.);
#645=ORIENTED_EDGE('',*,*,#2315,.T.);
#646=ORIENTED_EDGE('',*,*,#2614,.F.);
#647=ORIENTED_EDGE('',*,*,#2616,.T.);
#648=ORIENTED_EDGE('',*,*,#2615,.T.);
#649=ORIENTED_EDGE('',*,*,#2617,.T.);
#650=ORIENTED_EDGE('',*,*,#2618,.T.);
#651=ORIENTED_EDGE('',*,*,#2323,.F.);
#652=ORIENTED_EDGE('',*,*,#2586,.T.);
#653=ORIENTED_EDGE('',*,*,#2345,.T.);
#654=ORIENTED_EDGE('',*,*,#2619,.T.);
#655=ORIENTED_EDGE('',*,*,#2620,.F.);
#656=ORIENTED_EDGE('',*,*,#2589,.F.);
#657=ORIENTED_EDGE('',*,*,#2621,.F.);
#658=ORIENTED_EDGE('',*,*,#2622,.F.);
#659=ORIENTED_EDGE('',*,*,#2623,.F.);
#660=ORIENTED_EDGE('',*,*,#2624,.F.);
#661=ORIENTED_EDGE('',*,*,#2625,.F.);
#662=ORIENTED_EDGE('',*,*,#2626,.T.);
#663=ORIENTED_EDGE('',*,*,#2627,.F.);
#664=ORIENTED_EDGE('',*,*,#2628,.T.);
#665=ORIENTED_EDGE('',*,*,#2629,.T.);
#666=ORIENTED_EDGE('',*,*,#2630,.T.);
#667=ORIENTED_EDGE('',*,*,#2631,.T.);
#668=ORIENTED_EDGE('',*,*,#2632,.T.);
#669=ORIENTED_EDGE('',*,*,#2633,.T.);
#670=ORIENTED_EDGE('',*,*,#2634,.T.);
#671=ORIENTED_EDGE('',*,*,#2635,.T.);
#672=ORIENTED_EDGE('',*,*,#2584,.F.);
#673=ORIENTED_EDGE('',*,*,#2636,.T.);
#674=ORIENTED_EDGE('',*,*,#2617,.F.);
#675=ORIENTED_EDGE('',*,*,#2590,.T.);
#676=ORIENTED_EDGE('',*,*,#2620,.T.);
#677=ORIENTED_EDGE('',*,*,#2637,.T.);
#678=ORIENTED_EDGE('',*,*,#2638,.F.);
#679=ORIENTED_EDGE('',*,*,#2639,.F.);
#680=ORIENTED_EDGE('',*,*,#2640,.T.);
#681=ORIENTED_EDGE('',*,*,#2641,.T.);
#682=ORIENTED_EDGE('',*,*,#2642,.F.);
#683=ORIENTED_EDGE('',*,*,#2643,.T.);
#684=ORIENTED_EDGE('',*,*,#2644,.T.);
#685=ORIENTED_EDGE('',*,*,#2638,.T.);
#686=ORIENTED_EDGE('',*,*,#2645,.T.);
#687=ORIENTED_EDGE('',*,*,#2343,.F.);
#688=ORIENTED_EDGE('',*,*,#2646,.F.);
#689=ORIENTED_EDGE('',*,*,#2647,.F.);
#690=ORIENTED_EDGE('',*,*,#2624,.T.);
#691=ORIENTED_EDGE('',*,*,#2647,.T.);
#692=ORIENTED_EDGE('',*,*,#2648,.F.);
#693=ORIENTED_EDGE('',*,*,#2623,.T.);
#694=ORIENTED_EDGE('',*,*,#2648,.T.);
#695=ORIENTED_EDGE('',*,*,#2649,.F.);
#696=ORIENTED_EDGE('',*,*,#2622,.T.);
#697=ORIENTED_EDGE('',*,*,#2649,.T.);
#698=ORIENTED_EDGE('',*,*,#2650,.F.);
#699=ORIENTED_EDGE('',*,*,#2621,.T.);
#700=ORIENTED_EDGE('',*,*,#2650,.T.);
#701=ORIENTED_EDGE('',*,*,#2332,.F.);
#702=ORIENTED_EDGE('',*,*,#2651,.T.);
#703=ORIENTED_EDGE('',*,*,#2629,.F.);
#704=ORIENTED_EDGE('',*,*,#2652,.T.);
#705=ORIENTED_EDGE('',*,*,#2627,.T.);
#706=ORIENTED_EDGE('',*,*,#2653,.T.);
#707=ORIENTED_EDGE('',*,*,#2334,.T.);
#708=ORIENTED_EDGE('',*,*,#2654,.T.);
#709=ORIENTED_EDGE('',*,*,#2631,.F.);
#710=ORIENTED_EDGE('',*,*,#2655,.T.);
#711=ORIENTED_EDGE('',*,*,#2330,.F.);
#712=ORIENTED_EDGE('',*,*,#2656,.F.);
#713=ORIENTED_EDGE('',*,*,#2336,.T.);
#714=ORIENTED_EDGE('',*,*,#2657,.T.);
#715=ORIENTED_EDGE('',*,*,#2625,.T.);
#716=ORIENTED_EDGE('',*,*,#2658,.T.);
#717=ORIENTED_EDGE('',*,*,#2338,.F.);
#718=ORIENTED_EDGE('',*,*,#2659,.T.);
#719=ORIENTED_EDGE('',*,*,#2643,.F.);
#720=ORIENTED_EDGE('',*,*,#2660,.T.);
#721=ORIENTED_EDGE('',*,*,#2642,.T.);
#722=ORIENTED_EDGE('',*,*,#2661,.T.);
#723=ORIENTED_EDGE('',*,*,#2339,.T.);
#724=ORIENTED_EDGE('',*,*,#2660,.F.);
#725=ORIENTED_EDGE('',*,*,#2341,.F.);
#726=ORIENTED_EDGE('',*,*,#2662,.T.);
#727=ORIENTED_EDGE('',*,*,#2640,.F.);
#728=ORIENTED_EDGE('',*,*,#2663,.T.);
#729=ORIENTED_EDGE('',*,*,#2639,.T.);
#730=ORIENTED_EDGE('',*,*,#2646,.T.);
#731=ORIENTED_EDGE('',*,*,#2342,.T.);
#732=ORIENTED_EDGE('',*,*,#2663,.F.);
#733=ORIENTED_EDGE('',*,*,#2635,.F.);
#734=ORIENTED_EDGE('',*,*,#2664,.T.);
#735=ORIENTED_EDGE('',*,*,#2326,.F.);
#736=ORIENTED_EDGE('',*,*,#2585,.F.);
#737=ORIENTED_EDGE('',*,*,#2328,.F.);
#738=ORIENTED_EDGE('',*,*,#2665,.T.);
#739=ORIENTED_EDGE('',*,*,#2633,.F.);
#740=ORIENTED_EDGE('',*,*,#2666,.T.);
#741=ORIENTED_EDGE('',*,*,#2656,.T.);
#742=ORIENTED_EDGE('',*,*,#2329,.F.);
#743=ORIENTED_EDGE('',*,*,#2666,.F.);
#744=ORIENTED_EDGE('',*,*,#2632,.F.);
#745=ORIENTED_EDGE('',*,*,#2667,.T.);
#746=ORIENTED_EDGE('',*,*,#2314,.T.);
#747=ORIENTED_EDGE('',*,*,#2668,.T.);
#748=ORIENTED_EDGE('',*,*,#2313,.T.);
#749=ORIENTED_EDGE('',*,*,#2669,.T.);
#750=ORIENTED_EDGE('',*,*,#2312,.T.);
#751=ORIENTED_EDGE('',*,*,#2670,.T.);
#752=ORIENTED_EDGE('',*,*,#2311,.T.);
#753=ORIENTED_EDGE('',*,*,#2671,.T.);
#754=ORIENTED_EDGE('',*,*,#2310,.T.);
#755=ORIENTED_EDGE('',*,*,#2672,.T.);
#756=ORIENTED_EDGE('',*,*,#2309,.T.);
#757=ORIENTED_EDGE('',*,*,#2673,.T.);
#758=ORIENTED_EDGE('',*,*,#2308,.T.);
#759=ORIENTED_EDGE('',*,*,#2674,.T.);
#760=ORIENTED_EDGE('',*,*,#2529,.F.);
#761=ORIENTED_EDGE('',*,*,#2674,.F.);
#762=ORIENTED_EDGE('',*,*,#2673,.F.);
#763=ORIENTED_EDGE('',*,*,#2675,.T.);
#764=ORIENTED_EDGE('',*,*,#2476,.F.);
#765=ORIENTED_EDGE('',*,*,#2675,.F.);
#766=ORIENTED_EDGE('',*,*,#2672,.F.);
#767=ORIENTED_EDGE('',*,*,#2676,.T.);
#768=ORIENTED_EDGE('',*,*,#2527,.F.);
#769=ORIENTED_EDGE('',*,*,#2676,.F.);
#770=ORIENTED_EDGE('',*,*,#2671,.F.);
#771=ORIENTED_EDGE('',*,*,#2677,.T.);
#772=ORIENTED_EDGE('',*,*,#2530,.F.);
#773=ORIENTED_EDGE('',*,*,#2677,.F.);
#774=ORIENTED_EDGE('',*,*,#2670,.F.);
#775=ORIENTED_EDGE('',*,*,#2678,.T.);
#776=ORIENTED_EDGE('',*,*,#2528,.F.);
#777=ORIENTED_EDGE('',*,*,#2678,.F.);
#778=ORIENTED_EDGE('',*,*,#2669,.F.);
#779=ORIENTED_EDGE('',*,*,#2679,.T.);
#780=ORIENTED_EDGE('',*,*,#2473,.F.);
#781=ORIENTED_EDGE('',*,*,#2679,.F.);
#782=ORIENTED_EDGE('',*,*,#2668,.F.);
#783=ORIENTED_EDGE('',*,*,#2680,.T.);
#784=ORIENTED_EDGE('',*,*,#2475,.F.);
#785=ORIENTED_EDGE('',*,*,#2680,.F.);
#786=ORIENTED_EDGE('',*,*,#2667,.F.);
#787=ORIENTED_EDGE('',*,*,#2681,.T.);
#788=ORIENTED_EDGE('',*,*,#2474,.F.);
#789=ORIENTED_EDGE('',*,*,#2681,.F.);
#790=ORIENTED_EDGE('',*,*,#2682,.T.);
#791=ORIENTED_EDGE('',*,*,#2683,.T.);
#792=ORIENTED_EDGE('',*,*,#2684,.F.);
#793=ORIENTED_EDGE('',*,*,#2685,.F.);
#794=ORIENTED_EDGE('',*,*,#2684,.T.);
#795=ORIENTED_EDGE('',*,*,#2686,.T.);
#796=ORIENTED_EDGE('',*,*,#2687,.F.);
#797=ORIENTED_EDGE('',*,*,#2688,.F.);
#798=ORIENTED_EDGE('',*,*,#2687,.T.);
#799=ORIENTED_EDGE('',*,*,#2689,.T.);
#800=ORIENTED_EDGE('',*,*,#2690,.F.);
#801=ORIENTED_EDGE('',*,*,#2691,.T.);
#802=ORIENTED_EDGE('',*,*,#2690,.T.);
#803=ORIENTED_EDGE('',*,*,#2692,.T.);
#804=ORIENTED_EDGE('',*,*,#2682,.F.);
#805=ORIENTED_EDGE('',*,*,#2693,.F.);
#806=ORIENTED_EDGE('',*,*,#2685,.T.);
#807=ORIENTED_EDGE('',*,*,#2688,.T.);
#808=ORIENTED_EDGE('',*,*,#2691,.F.);
#809=ORIENTED_EDGE('',*,*,#2693,.T.);
#810=ORIENTED_EDGE('',*,*,#2694,.T.);
#811=ORIENTED_EDGE('',*,*,#2695,.T.);
#812=ORIENTED_EDGE('',*,*,#2696,.F.);
#813=ORIENTED_EDGE('',*,*,#2697,.F.);
#814=ORIENTED_EDGE('',*,*,#2696,.T.);
#815=ORIENTED_EDGE('',*,*,#2698,.T.);
#816=ORIENTED_EDGE('',*,*,#2699,.F.);
#817=ORIENTED_EDGE('',*,*,#2700,.F.);
#818=ORIENTED_EDGE('',*,*,#2699,.T.);
#819=ORIENTED_EDGE('',*,*,#2701,.T.);
#820=ORIENTED_EDGE('',*,*,#2702,.F.);
#821=ORIENTED_EDGE('',*,*,#2703,.F.);
#822=ORIENTED_EDGE('',*,*,#2702,.T.);
#823=ORIENTED_EDGE('',*,*,#2704,.T.);
#824=ORIENTED_EDGE('',*,*,#2694,.F.);
#825=ORIENTED_EDGE('',*,*,#2705,.T.);
#826=ORIENTED_EDGE('',*,*,#2697,.T.);
#827=ORIENTED_EDGE('',*,*,#2700,.T.);
#828=ORIENTED_EDGE('',*,*,#2703,.T.);
#829=ORIENTED_EDGE('',*,*,#2705,.F.);
#830=ORIENTED_EDGE('',*,*,#2706,.T.);
#831=ORIENTED_EDGE('',*,*,#2707,.T.);
#832=ORIENTED_EDGE('',*,*,#2708,.F.);
#833=ORIENTED_EDGE('',*,*,#2709,.F.);
#834=ORIENTED_EDGE('',*,*,#2708,.T.);
#835=ORIENTED_EDGE('',*,*,#2710,.T.);
#836=ORIENTED_EDGE('',*,*,#2711,.F.);
#837=ORIENTED_EDGE('',*,*,#2712,.F.);
#838=ORIENTED_EDGE('',*,*,#2711,.T.);
#839=ORIENTED_EDGE('',*,*,#2713,.T.);
#840=ORIENTED_EDGE('',*,*,#2714,.F.);
#841=ORIENTED_EDGE('',*,*,#2715,.T.);
#842=ORIENTED_EDGE('',*,*,#2714,.T.);
#843=ORIENTED_EDGE('',*,*,#2716,.T.);
#844=ORIENTED_EDGE('',*,*,#2706,.F.);
#845=ORIENTED_EDGE('',*,*,#2717,.F.);
#846=ORIENTED_EDGE('',*,*,#2709,.T.);
#847=ORIENTED_EDGE('',*,*,#2712,.T.);
#848=ORIENTED_EDGE('',*,*,#2715,.F.);
#849=ORIENTED_EDGE('',*,*,#2717,.T.);
#850=ORIENTED_EDGE('',*,*,#2718,.T.);
#851=ORIENTED_EDGE('',*,*,#2719,.T.);
#852=ORIENTED_EDGE('',*,*,#2720,.F.);
#853=ORIENTED_EDGE('',*,*,#2721,.F.);
#854=ORIENTED_EDGE('',*,*,#2720,.T.);
#855=ORIENTED_EDGE('',*,*,#2722,.T.);
#856=ORIENTED_EDGE('',*,*,#2723,.F.);
#857=ORIENTED_EDGE('',*,*,#2724,.F.);
#858=ORIENTED_EDGE('',*,*,#2723,.T.);
#859=ORIENTED_EDGE('',*,*,#2725,.T.);
#860=ORIENTED_EDGE('',*,*,#2726,.F.);
#861=ORIENTED_EDGE('',*,*,#2727,.T.);
#862=ORIENTED_EDGE('',*,*,#2726,.T.);
#863=ORIENTED_EDGE('',*,*,#2728,.T.);
#864=ORIENTED_EDGE('',*,*,#2718,.F.);
#865=ORIENTED_EDGE('',*,*,#2729,.F.);
#866=ORIENTED_EDGE('',*,*,#2721,.T.);
#867=ORIENTED_EDGE('',*,*,#2724,.T.);
#868=ORIENTED_EDGE('',*,*,#2727,.F.);
#869=ORIENTED_EDGE('',*,*,#2729,.T.);
#870=ORIENTED_EDGE('',*,*,#2730,.F.);
#871=ORIENTED_EDGE('',*,*,#2526,.F.);
#872=ORIENTED_EDGE('',*,*,#2731,.F.);
#873=ORIENTED_EDGE('',*,*,#2686,.F.);
#874=ORIENTED_EDGE('',*,*,#2731,.T.);
#875=ORIENTED_EDGE('',*,*,#2525,.F.);
#876=ORIENTED_EDGE('',*,*,#2732,.F.);
#877=ORIENTED_EDGE('',*,*,#2689,.F.);
#878=ORIENTED_EDGE('',*,*,#2730,.T.);
#879=ORIENTED_EDGE('',*,*,#2683,.F.);
#880=ORIENTED_EDGE('',*,*,#2733,.F.);
#881=ORIENTED_EDGE('',*,*,#2523,.F.);
#882=ORIENTED_EDGE('',*,*,#2732,.T.);
#883=ORIENTED_EDGE('',*,*,#2524,.F.);
#884=ORIENTED_EDGE('',*,*,#2733,.T.);
#885=ORIENTED_EDGE('',*,*,#2692,.F.);
#886=ORIENTED_EDGE('',*,*,#2734,.F.);
#887=ORIENTED_EDGE('',*,*,#2480,.F.);
#888=ORIENTED_EDGE('',*,*,#2735,.F.);
#889=ORIENTED_EDGE('',*,*,#2722,.F.);
#890=ORIENTED_EDGE('',*,*,#2735,.T.);
#891=ORIENTED_EDGE('',*,*,#2479,.F.);
#892=ORIENTED_EDGE('',*,*,#2736,.F.);
#893=ORIENTED_EDGE('',*,*,#2725,.F.);
#894=ORIENTED_EDGE('',*,*,#2734,.T.);
#895=ORIENTED_EDGE('',*,*,#2719,.F.);
#896=ORIENTED_EDGE('',*,*,#2737,.F.);
#897=ORIENTED_EDGE('',*,*,#2477,.F.);
#898=ORIENTED_EDGE('',*,*,#2736,.T.);
#899=ORIENTED_EDGE('',*,*,#2478,.F.);
#900=ORIENTED_EDGE('',*,*,#2737,.T.);
#901=ORIENTED_EDGE('',*,*,#2728,.F.);
#902=ORIENTED_EDGE('',*,*,#2738,.F.);
#903=ORIENTED_EDGE('',*,*,#2522,.F.);
#904=ORIENTED_EDGE('',*,*,#2739,.F.);
#905=ORIENTED_EDGE('',*,*,#2695,.F.);
#906=ORIENTED_EDGE('',*,*,#2739,.T.);
#907=ORIENTED_EDGE('',*,*,#2521,.F.);
#908=ORIENTED_EDGE('',*,*,#2740,.F.);
#909=ORIENTED_EDGE('',*,*,#2698,.F.);
#910=ORIENTED_EDGE('',*,*,#2738,.T.);
#911=ORIENTED_EDGE('',*,*,#2704,.F.);
#912=ORIENTED_EDGE('',*,*,#2741,.F.);
#913=ORIENTED_EDGE('',*,*,#2519,.F.);
#914=ORIENTED_EDGE('',*,*,#2740,.T.);
#915=ORIENTED_EDGE('',*,*,#2520,.F.);
#916=ORIENTED_EDGE('',*,*,#2741,.T.);
#917=ORIENTED_EDGE('',*,*,#2701,.F.);
#918=ORIENTED_EDGE('',*,*,#2742,.F.);
#919=ORIENTED_EDGE('',*,*,#2484,.F.);
#920=ORIENTED_EDGE('',*,*,#2743,.F.);
#921=ORIENTED_EDGE('',*,*,#2710,.F.);
#922=ORIENTED_EDGE('',*,*,#2743,.T.);
#923=ORIENTED_EDGE('',*,*,#2483,.F.);
#924=ORIENTED_EDGE('',*,*,#2744,.F.);
#925=ORIENTED_EDGE('',*,*,#2713,.F.);
#926=ORIENTED_EDGE('',*,*,#2742,.T.);
#927=ORIENTED_EDGE('',*,*,#2707,.F.);
#928=ORIENTED_EDGE('',*,*,#2745,.F.);
#929=ORIENTED_EDGE('',*,*,#2481,.F.);
#930=ORIENTED_EDGE('',*,*,#2744,.T.);
#931=ORIENTED_EDGE('',*,*,#2482,.F.);
#932=ORIENTED_EDGE('',*,*,#2745,.T.);
#933=ORIENTED_EDGE('',*,*,#2716,.F.);
#934=ORIENTED_EDGE('',*,*,#2490,.T.);
#935=ORIENTED_EDGE('',*,*,#2746,.F.);
#936=ORIENTED_EDGE('',*,*,#2747,.F.);
#937=ORIENTED_EDGE('',*,*,#2748,.T.);
#938=ORIENTED_EDGE('',*,*,#2489,.T.);
#939=ORIENTED_EDGE('',*,*,#2749,.F.);
#940=ORIENTED_EDGE('',*,*,#2750,.F.);
#941=ORIENTED_EDGE('',*,*,#2746,.T.);
#942=ORIENTED_EDGE('',*,*,#2488,.T.);
#943=ORIENTED_EDGE('',*,*,#2751,.F.);
#944=ORIENTED_EDGE('',*,*,#2752,.F.);
#945=ORIENTED_EDGE('',*,*,#2749,.T.);
#946=ORIENTED_EDGE('',*,*,#2487,.F.);
#947=ORIENTED_EDGE('',*,*,#2581,.F.);
#948=ORIENTED_EDGE('',*,*,#2753,.T.);
#949=ORIENTED_EDGE('',*,*,#2751,.T.);
#950=ORIENTED_EDGE('',*,*,#2558,.F.);
#951=ORIENTED_EDGE('',*,*,#2754,.F.);
#952=ORIENTED_EDGE('',*,*,#2755,.T.);
#953=ORIENTED_EDGE('',*,*,#2579,.T.);
#954=ORIENTED_EDGE('',*,*,#2557,.F.);
#955=ORIENTED_EDGE('',*,*,#2756,.F.);
#956=ORIENTED_EDGE('',*,*,#2757,.T.);
#957=ORIENTED_EDGE('',*,*,#2754,.T.);
#958=ORIENTED_EDGE('',*,*,#2560,.T.);
#959=ORIENTED_EDGE('',*,*,#2578,.F.);
#960=ORIENTED_EDGE('',*,*,#2758,.F.);
#961=ORIENTED_EDGE('',*,*,#2756,.T.);
#962=ORIENTED_EDGE('',*,*,#2759,.F.);
#963=ORIENTED_EDGE('',*,*,#2760,.F.);
#964=ORIENTED_EDGE('',*,*,#2761,.T.);
#965=ORIENTED_EDGE('',*,*,#2762,.T.);
#966=ORIENTED_EDGE('',*,*,#2763,.F.);
#967=ORIENTED_EDGE('',*,*,#2764,.F.);
#968=ORIENTED_EDGE('',*,*,#2765,.T.);
#969=ORIENTED_EDGE('',*,*,#2760,.T.);
#970=ORIENTED_EDGE('',*,*,#2766,.F.);
#971=ORIENTED_EDGE('',*,*,#2767,.F.);
#972=ORIENTED_EDGE('',*,*,#2768,.T.);
#973=ORIENTED_EDGE('',*,*,#2764,.T.);
#974=ORIENTED_EDGE('',*,*,#2769,.T.);
#975=ORIENTED_EDGE('',*,*,#2770,.F.);
#976=ORIENTED_EDGE('',*,*,#2771,.F.);
#977=ORIENTED_EDGE('',*,*,#2767,.T.);
#978=ORIENTED_EDGE('',*,*,#2772,.T.);
#979=ORIENTED_EDGE('',*,*,#2773,.F.);
#980=ORIENTED_EDGE('',*,*,#2774,.F.);
#981=ORIENTED_EDGE('',*,*,#2770,.T.);
#982=ORIENTED_EDGE('',*,*,#2775,.F.);
#983=ORIENTED_EDGE('',*,*,#2762,.F.);
#984=ORIENTED_EDGE('',*,*,#2776,.T.);
#985=ORIENTED_EDGE('',*,*,#2773,.T.);
#986=ORIENTED_EDGE('',*,*,#2491,.F.);
#987=ORIENTED_EDGE('',*,*,#2748,.F.);
#988=ORIENTED_EDGE('',*,*,#2777,.T.);
#989=ORIENTED_EDGE('',*,*,#2576,.T.);
#990=ORIENTED_EDGE('',*,*,#2761,.F.);
#991=ORIENTED_EDGE('',*,*,#2765,.F.);
#992=ORIENTED_EDGE('',*,*,#2768,.F.);
#993=ORIENTED_EDGE('',*,*,#2771,.T.);
#994=ORIENTED_EDGE('',*,*,#2774,.T.);
#995=ORIENTED_EDGE('',*,*,#2776,.F.);
#996=ORIENTED_EDGE('',*,*,#2747,.T.);
#997=ORIENTED_EDGE('',*,*,#2750,.T.);
#998=ORIENTED_EDGE('',*,*,#2752,.T.);
#999=ORIENTED_EDGE('',*,*,#2753,.F.);
#1000=ORIENTED_EDGE('',*,*,#2580,.T.);
#1001=ORIENTED_EDGE('',*,*,#2755,.F.);
#1002=ORIENTED_EDGE('',*,*,#2757,.F.);
#1003=ORIENTED_EDGE('',*,*,#2758,.T.);
#1004=ORIENTED_EDGE('',*,*,#2577,.T.);
#1005=ORIENTED_EDGE('',*,*,#2777,.F.);
#1006=ORIENTED_EDGE('',*,*,#2416,.T.);
#1007=ORIENTED_EDGE('',*,*,#2778,.F.);
#1008=ORIENTED_EDGE('',*,*,#2779,.F.);
#1009=ORIENTED_EDGE('',*,*,#2780,.T.);
#1010=ORIENTED_EDGE('',*,*,#2415,.T.);
#1011=ORIENTED_EDGE('',*,*,#2781,.F.);
#1012=ORIENTED_EDGE('',*,*,#2782,.F.);
#1013=ORIENTED_EDGE('',*,*,#2778,.T.);
#1014=ORIENTED_EDGE('',*,*,#2418,.T.);
#1015=ORIENTED_EDGE('',*,*,#2783,.F.);
#1016=ORIENTED_EDGE('',*,*,#2784,.F.);
#1017=ORIENTED_EDGE('',*,*,#2781,.T.);
#1018=ORIENTED_EDGE('',*,*,#2544,.F.);
#1019=ORIENTED_EDGE('',*,*,#2785,.F.);
#1020=ORIENTED_EDGE('',*,*,#2786,.T.);
#1021=ORIENTED_EDGE('',*,*,#2787,.T.);
#1022=ORIENTED_EDGE('',*,*,#2543,.T.);
#1023=ORIENTED_EDGE('',*,*,#2788,.F.);
#1024=ORIENTED_EDGE('',*,*,#2789,.F.);
#1025=ORIENTED_EDGE('',*,*,#2785,.T.);
#1026=ORIENTED_EDGE('',*,*,#2542,.F.);
#1027=ORIENTED_EDGE('',*,*,#2573,.F.);
#1028=ORIENTED_EDGE('',*,*,#2790,.T.);
#1029=ORIENTED_EDGE('',*,*,#2788,.T.);
#1030=ORIENTED_EDGE('',*,*,#2485,.T.);
#1031=ORIENTED_EDGE('',*,*,#2791,.F.);
#1032=ORIENTED_EDGE('',*,*,#2792,.F.);
#1033=ORIENTED_EDGE('',*,*,#2582,.T.);
#1034=ORIENTED_EDGE('',*,*,#2508,.F.);
#1035=ORIENTED_EDGE('',*,*,#2793,.F.);
#1036=ORIENTED_EDGE('',*,*,#2794,.T.);
#1037=ORIENTED_EDGE('',*,*,#2791,.T.);
#1038=ORIENTED_EDGE('',*,*,#2507,.F.);
#1039=ORIENTED_EDGE('',*,*,#2795,.F.);
#1040=ORIENTED_EDGE('',*,*,#2796,.T.);
#1041=ORIENTED_EDGE('',*,*,#2793,.T.);
#1042=ORIENTED_EDGE('',*,*,#2506,.T.);
#1043=ORIENTED_EDGE('',*,*,#2797,.F.);
#1044=ORIENTED_EDGE('',*,*,#2798,.F.);
#1045=ORIENTED_EDGE('',*,*,#2795,.T.);
#1046=ORIENTED_EDGE('',*,*,#2505,.T.);
#1047=ORIENTED_EDGE('',*,*,#2799,.F.);
#1048=ORIENTED_EDGE('',*,*,#2800,.F.);
#1049=ORIENTED_EDGE('',*,*,#2797,.T.);
#1050=ORIENTED_EDGE('',*,*,#2504,.F.);
#1051=ORIENTED_EDGE('',*,*,#2801,.F.);
#1052=ORIENTED_EDGE('',*,*,#2802,.T.);
#1053=ORIENTED_EDGE('',*,*,#2799,.T.);
#1054=ORIENTED_EDGE('',*,*,#2503,.T.);
#1055=ORIENTED_EDGE('',*,*,#2562,.F.);
#1056=ORIENTED_EDGE('',*,*,#2803,.F.);
#1057=ORIENTED_EDGE('',*,*,#2801,.T.);
#1058=ORIENTED_EDGE('',*,*,#2548,.F.);
#1059=ORIENTED_EDGE('',*,*,#2804,.F.);
#1060=ORIENTED_EDGE('',*,*,#2805,.T.);
#1061=ORIENTED_EDGE('',*,*,#2571,.T.);
#1062=ORIENTED_EDGE('',*,*,#2547,.T.);
#1063=ORIENTED_EDGE('',*,*,#2806,.F.);
#1064=ORIENTED_EDGE('',*,*,#2807,.F.);
#1065=ORIENTED_EDGE('',*,*,#2804,.T.);
#1066=ORIENTED_EDGE('',*,*,#2546,.T.);
#1067=ORIENTED_EDGE('',*,*,#2808,.F.);
#1068=ORIENTED_EDGE('',*,*,#2809,.F.);
#1069=ORIENTED_EDGE('',*,*,#2806,.T.);
#1070=ORIENTED_EDGE('',*,*,#2545,.F.);
#1071=ORIENTED_EDGE('',*,*,#2787,.F.);
#1072=ORIENTED_EDGE('',*,*,#2810,.T.);
#1073=ORIENTED_EDGE('',*,*,#2808,.T.);
#1074=ORIENTED_EDGE('',*,*,#2417,.F.);
#1075=ORIENTED_EDGE('',*,*,#2780,.F.);
#1076=ORIENTED_EDGE('',*,*,#2811,.T.);
#1077=ORIENTED_EDGE('',*,*,#2783,.T.);
#1078=ORIENTED_EDGE('',*,*,#2786,.F.);
#1079=ORIENTED_EDGE('',*,*,#2789,.T.);
#1080=ORIENTED_EDGE('',*,*,#2790,.F.);
#1081=ORIENTED_EDGE('',*,*,#2572,.T.);
#1082=ORIENTED_EDGE('',*,*,#2792,.T.);
#1083=ORIENTED_EDGE('',*,*,#2794,.F.);
#1084=ORIENTED_EDGE('',*,*,#2796,.F.);
#1085=ORIENTED_EDGE('',*,*,#2798,.T.);
#1086=ORIENTED_EDGE('',*,*,#2800,.T.);
#1087=ORIENTED_EDGE('',*,*,#2802,.F.);
#1088=ORIENTED_EDGE('',*,*,#2803,.T.);
#1089=ORIENTED_EDGE('',*,*,#2561,.T.);
#1090=ORIENTED_EDGE('',*,*,#2805,.F.);
#1091=ORIENTED_EDGE('',*,*,#2807,.T.);
#1092=ORIENTED_EDGE('',*,*,#2809,.T.);
#1093=ORIENTED_EDGE('',*,*,#2810,.F.);
#1094=ORIENTED_EDGE('',*,*,#2779,.T.);
#1095=ORIENTED_EDGE('',*,*,#2782,.T.);
#1096=ORIENTED_EDGE('',*,*,#2784,.T.);
#1097=ORIENTED_EDGE('',*,*,#2811,.F.);
#1098=ORIENTED_EDGE('',*,*,#2501,.T.);
#1099=ORIENTED_EDGE('',*,*,#2812,.F.);
#1100=ORIENTED_EDGE('',*,*,#2813,.F.);
#1101=ORIENTED_EDGE('',*,*,#2563,.T.);
#1102=ORIENTED_EDGE('',*,*,#2500,.T.);
#1103=ORIENTED_EDGE('',*,*,#2814,.F.);
#1104=ORIENTED_EDGE('',*,*,#2815,.F.);
#1105=ORIENTED_EDGE('',*,*,#2812,.T.);
#1106=ORIENTED_EDGE('',*,*,#2499,.F.);
#1107=ORIENTED_EDGE('',*,*,#2816,.F.);
#1108=ORIENTED_EDGE('',*,*,#2817,.T.);
#1109=ORIENTED_EDGE('',*,*,#2814,.T.);
#1110=ORIENTED_EDGE('',*,*,#2498,.T.);
#1111=ORIENTED_EDGE('',*,*,#2818,.F.);
#1112=ORIENTED_EDGE('',*,*,#2819,.F.);
#1113=ORIENTED_EDGE('',*,*,#2816,.T.);
#1114=ORIENTED_EDGE('',*,*,#2497,.T.);
#1115=ORIENTED_EDGE('',*,*,#2568,.F.);
#1116=ORIENTED_EDGE('',*,*,#2820,.F.);
#1117=ORIENTED_EDGE('',*,*,#2818,.T.);
#1118=ORIENTED_EDGE('',*,*,#2554,.F.);
#1119=ORIENTED_EDGE('',*,*,#2821,.F.);
#1120=ORIENTED_EDGE('',*,*,#2822,.T.);
#1121=ORIENTED_EDGE('',*,*,#2566,.T.);
#1122=ORIENTED_EDGE('',*,*,#2553,.T.);
#1123=ORIENTED_EDGE('',*,*,#2823,.F.);
#1124=ORIENTED_EDGE('',*,*,#2824,.F.);
#1125=ORIENTED_EDGE('',*,*,#2821,.T.);
#1126=ORIENTED_EDGE('',*,*,#2556,.T.);
#1127=ORIENTED_EDGE('',*,*,#2565,.F.);
#1128=ORIENTED_EDGE('',*,*,#2825,.F.);
#1129=ORIENTED_EDGE('',*,*,#2823,.T.);
#1130=ORIENTED_EDGE('',*,*,#2826,.F.);
#1131=ORIENTED_EDGE('',*,*,#2827,.F.);
#1132=ORIENTED_EDGE('',*,*,#2828,.T.);
#1133=ORIENTED_EDGE('',*,*,#2829,.T.);
#1134=ORIENTED_EDGE('',*,*,#2830,.F.);
#1135=ORIENTED_EDGE('',*,*,#2831,.F.);
#1136=ORIENTED_EDGE('',*,*,#2832,.T.);
#1137=ORIENTED_EDGE('',*,*,#2827,.T.);
#1138=ORIENTED_EDGE('',*,*,#2833,.F.);
#1139=ORIENTED_EDGE('',*,*,#2834,.F.);
#1140=ORIENTED_EDGE('',*,*,#2835,.T.);
#1141=ORIENTED_EDGE('',*,*,#2831,.T.);
#1142=ORIENTED_EDGE('',*,*,#2836,.T.);
#1143=ORIENTED_EDGE('',*,*,#2837,.F.);
#1144=ORIENTED_EDGE('',*,*,#2838,.F.);
#1145=ORIENTED_EDGE('',*,*,#2834,.T.);
#1146=ORIENTED_EDGE('',*,*,#2839,.F.);
#1147=ORIENTED_EDGE('',*,*,#2840,.F.);
#1148=ORIENTED_EDGE('',*,*,#2841,.T.);
#1149=ORIENTED_EDGE('',*,*,#2837,.T.);
#1150=ORIENTED_EDGE('',*,*,#2842,.T.);
#1151=ORIENTED_EDGE('',*,*,#2829,.F.);
#1152=ORIENTED_EDGE('',*,*,#2843,.F.);
#1153=ORIENTED_EDGE('',*,*,#2840,.T.);
#1154=ORIENTED_EDGE('',*,*,#2828,.F.);
#1155=ORIENTED_EDGE('',*,*,#2832,.F.);
#1156=ORIENTED_EDGE('',*,*,#2835,.F.);
#1157=ORIENTED_EDGE('',*,*,#2838,.T.);
#1158=ORIENTED_EDGE('',*,*,#2841,.F.);
#1159=ORIENTED_EDGE('',*,*,#2843,.T.);
#1160=ORIENTED_EDGE('',*,*,#2813,.T.);
#1161=ORIENTED_EDGE('',*,*,#2815,.T.);
#1162=ORIENTED_EDGE('',*,*,#2817,.F.);
#1163=ORIENTED_EDGE('',*,*,#2819,.T.);
#1164=ORIENTED_EDGE('',*,*,#2820,.T.);
#1165=ORIENTED_EDGE('',*,*,#2567,.T.);
#1166=ORIENTED_EDGE('',*,*,#2822,.F.);
#1167=ORIENTED_EDGE('',*,*,#2824,.T.);
#1168=ORIENTED_EDGE('',*,*,#2825,.T.);
#1169=ORIENTED_EDGE('',*,*,#2564,.T.);
#1170=ORIENTED_EDGE('',*,*,#2826,.T.);
#1171=ORIENTED_EDGE('',*,*,#2842,.F.);
#1172=ORIENTED_EDGE('',*,*,#2839,.T.);
#1173=ORIENTED_EDGE('',*,*,#2836,.F.);
#1174=ORIENTED_EDGE('',*,*,#2833,.T.);
#1175=ORIENTED_EDGE('',*,*,#2830,.T.);
#1176=ORIENTED_EDGE('',*,*,#2513,.F.);
#1177=ORIENTED_EDGE('',*,*,#2844,.F.);
#1178=ORIENTED_EDGE('',*,*,#2845,.T.);
#1179=ORIENTED_EDGE('',*,*,#2846,.T.);
#1180=ORIENTED_EDGE('',*,*,#2518,.T.);
#1181=ORIENTED_EDGE('',*,*,#2847,.F.);
#1182=ORIENTED_EDGE('',*,*,#2848,.F.);
#1183=ORIENTED_EDGE('',*,*,#2844,.T.);
#1184=ORIENTED_EDGE('',*,*,#2517,.T.);
#1185=ORIENTED_EDGE('',*,*,#2849,.F.);
#1186=ORIENTED_EDGE('',*,*,#2850,.F.);
#1187=ORIENTED_EDGE('',*,*,#2847,.T.);
#1188=ORIENTED_EDGE('',*,*,#2516,.T.);
#1189=ORIENTED_EDGE('',*,*,#2851,.F.);
#1190=ORIENTED_EDGE('',*,*,#2852,.F.);
#1191=ORIENTED_EDGE('',*,*,#2849,.T.);
#1192=ORIENTED_EDGE('',*,*,#2515,.F.);
#1193=ORIENTED_EDGE('',*,*,#2853,.F.);
#1194=ORIENTED_EDGE('',*,*,#2854,.T.);
#1195=ORIENTED_EDGE('',*,*,#2851,.T.);
#1196=ORIENTED_EDGE('',*,*,#2514,.T.);
#1197=ORIENTED_EDGE('',*,*,#2846,.F.);
#1198=ORIENTED_EDGE('',*,*,#2855,.F.);
#1199=ORIENTED_EDGE('',*,*,#2853,.T.);
#1200=ORIENTED_EDGE('',*,*,#2845,.F.);
#1201=ORIENTED_EDGE('',*,*,#2848,.T.);
#1202=ORIENTED_EDGE('',*,*,#2850,.T.);
#1203=ORIENTED_EDGE('',*,*,#2852,.T.);
#1204=ORIENTED_EDGE('',*,*,#2854,.F.);
#1205=ORIENTED_EDGE('',*,*,#2855,.T.);
#1206=ORIENTED_EDGE('',*,*,#2531,.F.);
#1207=ORIENTED_EDGE('',*,*,#2856,.F.);
#1208=ORIENTED_EDGE('',*,*,#2857,.T.);
#1209=ORIENTED_EDGE('',*,*,#2858,.T.);
#1210=ORIENTED_EDGE('',*,*,#2536,.F.);
#1211=ORIENTED_EDGE('',*,*,#2859,.F.);
#1212=ORIENTED_EDGE('',*,*,#2860,.T.);
#1213=ORIENTED_EDGE('',*,*,#2856,.T.);
#1214=ORIENTED_EDGE('',*,*,#2535,.T.);
#1215=ORIENTED_EDGE('',*,*,#2861,.F.);
#1216=ORIENTED_EDGE('',*,*,#2862,.F.);
#1217=ORIENTED_EDGE('',*,*,#2859,.T.);
#1218=ORIENTED_EDGE('',*,*,#2534,.T.);
#1219=ORIENTED_EDGE('',*,*,#2863,.F.);
#1220=ORIENTED_EDGE('',*,*,#2864,.F.);
#1221=ORIENTED_EDGE('',*,*,#2861,.T.);
#1222=ORIENTED_EDGE('',*,*,#2533,.T.);
#1223=ORIENTED_EDGE('',*,*,#2865,.F.);
#1224=ORIENTED_EDGE('',*,*,#2866,.F.);
#1225=ORIENTED_EDGE('',*,*,#2863,.T.);
#1226=ORIENTED_EDGE('',*,*,#2532,.T.);
#1227=ORIENTED_EDGE('',*,*,#2858,.F.);
#1228=ORIENTED_EDGE('',*,*,#2867,.F.);
#1229=ORIENTED_EDGE('',*,*,#2865,.T.);
#1230=ORIENTED_EDGE('',*,*,#2857,.F.);
#1231=ORIENTED_EDGE('',*,*,#2860,.F.);
#1232=ORIENTED_EDGE('',*,*,#2862,.T.);
#1233=ORIENTED_EDGE('',*,*,#2864,.T.);
#1234=ORIENTED_EDGE('',*,*,#2866,.T.);
#1235=ORIENTED_EDGE('',*,*,#2867,.T.);
#1236=ORIENTED_EDGE('',*,*,#2759,.T.);
#1237=ORIENTED_EDGE('',*,*,#2775,.T.);
#1238=ORIENTED_EDGE('',*,*,#2772,.F.);
#1239=ORIENTED_EDGE('',*,*,#2769,.F.);
#1240=ORIENTED_EDGE('',*,*,#2766,.T.);
#1241=ORIENTED_EDGE('',*,*,#2763,.T.);
#1242=ORIENTED_EDGE('',*,*,#2868,.F.);
#1243=ORIENTED_EDGE('',*,*,#2869,.F.);
#1244=ORIENTED_EDGE('',*,*,#2870,.T.);
#1245=ORIENTED_EDGE('',*,*,#2871,.T.);
#1246=ORIENTED_EDGE('',*,*,#2872,.T.);
#1247=ORIENTED_EDGE('',*,*,#2873,.F.);
#1248=ORIENTED_EDGE('',*,*,#2874,.F.);
#1249=ORIENTED_EDGE('',*,*,#2869,.T.);
#1250=ORIENTED_EDGE('',*,*,#2875,.T.);
#1251=ORIENTED_EDGE('',*,*,#2876,.F.);
#1252=ORIENTED_EDGE('',*,*,#2877,.F.);
#1253=ORIENTED_EDGE('',*,*,#2873,.T.);
#1254=ORIENTED_EDGE('',*,*,#2509,.F.);
#1255=ORIENTED_EDGE('',*,*,#2878,.F.);
#1256=ORIENTED_EDGE('',*,*,#2879,.T.);
#1257=ORIENTED_EDGE('',*,*,#2880,.T.);
#1258=ORIENTED_EDGE('',*,*,#2512,.T.);
#1259=ORIENTED_EDGE('',*,*,#2881,.F.);
#1260=ORIENTED_EDGE('',*,*,#2882,.F.);
#1261=ORIENTED_EDGE('',*,*,#2878,.T.);
#1262=ORIENTED_EDGE('',*,*,#2511,.T.);
#1263=ORIENTED_EDGE('',*,*,#2883,.F.);
#1264=ORIENTED_EDGE('',*,*,#2884,.F.);
#1265=ORIENTED_EDGE('',*,*,#2881,.T.);
#1266=ORIENTED_EDGE('',*,*,#2510,.F.);
#1267=ORIENTED_EDGE('',*,*,#2880,.F.);
#1268=ORIENTED_EDGE('',*,*,#2885,.T.);
#1269=ORIENTED_EDGE('',*,*,#2883,.T.);
#1270=ORIENTED_EDGE('',*,*,#2886,.F.);
#1271=ORIENTED_EDGE('',*,*,#2871,.F.);
#1272=ORIENTED_EDGE('',*,*,#2887,.T.);
#1273=ORIENTED_EDGE('',*,*,#2876,.T.);
#1274=ORIENTED_EDGE('',*,*,#2879,.F.);
#1275=ORIENTED_EDGE('',*,*,#2882,.T.);
#1276=ORIENTED_EDGE('',*,*,#2884,.T.);
#1277=ORIENTED_EDGE('',*,*,#2885,.F.);
#1278=ORIENTED_EDGE('',*,*,#2870,.F.);
#1279=ORIENTED_EDGE('',*,*,#2874,.T.);
#1280=ORIENTED_EDGE('',*,*,#2877,.T.);
#1281=ORIENTED_EDGE('',*,*,#2887,.F.);
#1282=ORIENTED_EDGE('',*,*,#2888,.F.);
#1283=ORIENTED_EDGE('',*,*,#2889,.F.);
#1284=ORIENTED_EDGE('',*,*,#2890,.T.);
#1285=ORIENTED_EDGE('',*,*,#2891,.T.);
#1286=ORIENTED_EDGE('',*,*,#2892,.T.);
#1287=ORIENTED_EDGE('',*,*,#2893,.F.);
#1288=ORIENTED_EDGE('',*,*,#2894,.F.);
#1289=ORIENTED_EDGE('',*,*,#2889,.T.);
#1290=ORIENTED_EDGE('',*,*,#2895,.T.);
#1291=ORIENTED_EDGE('',*,*,#2896,.F.);
#1292=ORIENTED_EDGE('',*,*,#2897,.F.);
#1293=ORIENTED_EDGE('',*,*,#2893,.T.);
#1294=ORIENTED_EDGE('',*,*,#2537,.F.);
#1295=ORIENTED_EDGE('',*,*,#2898,.F.);
#1296=ORIENTED_EDGE('',*,*,#2899,.T.);
#1297=ORIENTED_EDGE('',*,*,#2900,.T.);
#1298=ORIENTED_EDGE('',*,*,#2540,.T.);
#1299=ORIENTED_EDGE('',*,*,#2901,.F.);
#1300=ORIENTED_EDGE('',*,*,#2902,.F.);
#1301=ORIENTED_EDGE('',*,*,#2898,.T.);
#1302=ORIENTED_EDGE('',*,*,#2539,.T.);
#1303=ORIENTED_EDGE('',*,*,#2903,.F.);
#1304=ORIENTED_EDGE('',*,*,#2904,.F.);
#1305=ORIENTED_EDGE('',*,*,#2901,.T.);
#1306=ORIENTED_EDGE('',*,*,#2538,.F.);
#1307=ORIENTED_EDGE('',*,*,#2900,.F.);
#1308=ORIENTED_EDGE('',*,*,#2905,.T.);
#1309=ORIENTED_EDGE('',*,*,#2903,.T.);
#1310=ORIENTED_EDGE('',*,*,#2906,.F.);
#1311=ORIENTED_EDGE('',*,*,#2891,.F.);
#1312=ORIENTED_EDGE('',*,*,#2907,.T.);
#1313=ORIENTED_EDGE('',*,*,#2896,.T.);
#1314=ORIENTED_EDGE('',*,*,#2899,.F.);
#1315=ORIENTED_EDGE('',*,*,#2902,.T.);
#1316=ORIENTED_EDGE('',*,*,#2904,.T.);
#1317=ORIENTED_EDGE('',*,*,#2905,.F.);
#1318=ORIENTED_EDGE('',*,*,#2890,.F.);
#1319=ORIENTED_EDGE('',*,*,#2894,.T.);
#1320=ORIENTED_EDGE('',*,*,#2897,.T.);
#1321=ORIENTED_EDGE('',*,*,#2907,.F.);
#1322=ORIENTED_EDGE('',*,*,#2469,.F.);
#1323=ORIENTED_EDGE('',*,*,#2908,.F.);
#1324=ORIENTED_EDGE('',*,*,#2909,.T.);
#1325=ORIENTED_EDGE('',*,*,#2910,.T.);
#1326=ORIENTED_EDGE('',*,*,#2472,.T.);
#1327=ORIENTED_EDGE('',*,*,#2911,.F.);
#1328=ORIENTED_EDGE('',*,*,#2912,.F.);
#1329=ORIENTED_EDGE('',*,*,#2908,.T.);
#1330=ORIENTED_EDGE('',*,*,#2471,.T.);
#1331=ORIENTED_EDGE('',*,*,#2913,.F.);
#1332=ORIENTED_EDGE('',*,*,#2914,.F.);
#1333=ORIENTED_EDGE('',*,*,#2911,.T.);
#1334=ORIENTED_EDGE('',*,*,#2470,.F.);
#1335=ORIENTED_EDGE('',*,*,#2910,.F.);
#1336=ORIENTED_EDGE('',*,*,#2915,.T.);
#1337=ORIENTED_EDGE('',*,*,#2913,.T.);
#1338=ORIENTED_EDGE('',*,*,#2909,.F.);
#1339=ORIENTED_EDGE('',*,*,#2912,.T.);
#1340=ORIENTED_EDGE('',*,*,#2914,.T.);
#1341=ORIENTED_EDGE('',*,*,#2915,.F.);
#1342=ORIENTED_EDGE('',*,*,#2916,.F.);
#1343=ORIENTED_EDGE('',*,*,#2468,.T.);
#1344=ORIENTED_EDGE('',*,*,#2916,.T.);
#1345=ORIENTED_EDGE('',*,*,#2868,.T.);
#1346=ORIENTED_EDGE('',*,*,#2886,.T.);
#1347=ORIENTED_EDGE('',*,*,#2875,.F.);
#1348=ORIENTED_EDGE('',*,*,#2872,.F.);
#1349=ORIENTED_EDGE('',*,*,#2888,.T.);
#1350=ORIENTED_EDGE('',*,*,#2906,.T.);
#1351=ORIENTED_EDGE('',*,*,#2895,.F.);
#1352=ORIENTED_EDGE('',*,*,#2892,.F.);
#1353=ORIENTED_EDGE('',*,*,#2386,.F.);
#1354=ORIENTED_EDGE('',*,*,#2917,.F.);
#1355=ORIENTED_EDGE('',*,*,#2918,.T.);
#1356=ORIENTED_EDGE('',*,*,#2919,.T.);
#1357=ORIENTED_EDGE('',*,*,#2414,.F.);
#1358=ORIENTED_EDGE('',*,*,#2920,.F.);
#1359=ORIENTED_EDGE('',*,*,#2921,.T.);
#1360=ORIENTED_EDGE('',*,*,#2917,.T.);
#1361=ORIENTED_EDGE('',*,*,#2413,.F.);
#1362=ORIENTED_EDGE('',*,*,#2922,.F.);
#1363=ORIENTED_EDGE('',*,*,#2923,.T.);
#1364=ORIENTED_EDGE('',*,*,#2920,.T.);
#1365=ORIENTED_EDGE('',*,*,#2412,.F.);
#1366=ORIENTED_EDGE('',*,*,#2924,.F.);
#1367=ORIENTED_EDGE('',*,*,#2925,.T.);
#1368=ORIENTED_EDGE('',*,*,#2922,.T.);
#1369=ORIENTED_EDGE('',*,*,#2411,.F.);
#1370=ORIENTED_EDGE('',*,*,#2926,.F.);
#1371=ORIENTED_EDGE('',*,*,#2927,.T.);
#1372=ORIENTED_EDGE('',*,*,#2924,.T.);
#1373=ORIENTED_EDGE('',*,*,#2410,.F.);
#1374=ORIENTED_EDGE('',*,*,#2928,.F.);
#1375=ORIENTED_EDGE('',*,*,#2929,.T.);
#1376=ORIENTED_EDGE('',*,*,#2926,.T.);
#1377=ORIENTED_EDGE('',*,*,#2409,.F.);
#1378=ORIENTED_EDGE('',*,*,#2930,.F.);
#1379=ORIENTED_EDGE('',*,*,#2931,.T.);
#1380=ORIENTED_EDGE('',*,*,#2928,.T.);
#1381=ORIENTED_EDGE('',*,*,#2408,.F.);
#1382=ORIENTED_EDGE('',*,*,#2932,.F.);
#1383=ORIENTED_EDGE('',*,*,#2933,.T.);
#1384=ORIENTED_EDGE('',*,*,#2930,.T.);
#1385=ORIENTED_EDGE('',*,*,#2407,.F.);
#1386=ORIENTED_EDGE('',*,*,#2934,.F.);
#1387=ORIENTED_EDGE('',*,*,#2935,.T.);
#1388=ORIENTED_EDGE('',*,*,#2932,.T.);
#1389=ORIENTED_EDGE('',*,*,#2406,.F.);
#1390=ORIENTED_EDGE('',*,*,#2936,.F.);
#1391=ORIENTED_EDGE('',*,*,#2937,.T.);
#1392=ORIENTED_EDGE('',*,*,#2934,.T.);
#1393=ORIENTED_EDGE('',*,*,#2405,.F.);
#1394=ORIENTED_EDGE('',*,*,#2938,.F.);
#1395=ORIENTED_EDGE('',*,*,#2939,.T.);
#1396=ORIENTED_EDGE('',*,*,#2936,.T.);
#1397=ORIENTED_EDGE('',*,*,#2404,.F.);
#1398=ORIENTED_EDGE('',*,*,#2940,.F.);
#1399=ORIENTED_EDGE('',*,*,#2941,.T.);
#1400=ORIENTED_EDGE('',*,*,#2938,.T.);
#1401=ORIENTED_EDGE('',*,*,#2403,.F.);
#1402=ORIENTED_EDGE('',*,*,#2942,.F.);
#1403=ORIENTED_EDGE('',*,*,#2943,.T.);
#1404=ORIENTED_EDGE('',*,*,#2940,.T.);
#1405=ORIENTED_EDGE('',*,*,#2402,.F.);
#1406=ORIENTED_EDGE('',*,*,#2944,.F.);
#1407=ORIENTED_EDGE('',*,*,#2945,.T.);
#1408=ORIENTED_EDGE('',*,*,#2942,.T.);
#1409=ORIENTED_EDGE('',*,*,#2401,.F.);
#1410=ORIENTED_EDGE('',*,*,#2946,.F.);
#1411=ORIENTED_EDGE('',*,*,#2947,.T.);
#1412=ORIENTED_EDGE('',*,*,#2944,.T.);
#1413=ORIENTED_EDGE('',*,*,#2400,.F.);
#1414=ORIENTED_EDGE('',*,*,#2948,.F.);
#1415=ORIENTED_EDGE('',*,*,#2949,.T.);
#1416=ORIENTED_EDGE('',*,*,#2946,.T.);
#1417=ORIENTED_EDGE('',*,*,#2399,.F.);
#1418=ORIENTED_EDGE('',*,*,#2950,.F.);
#1419=ORIENTED_EDGE('',*,*,#2951,.T.);
#1420=ORIENTED_EDGE('',*,*,#2948,.T.);
#1421=ORIENTED_EDGE('',*,*,#2398,.F.);
#1422=ORIENTED_EDGE('',*,*,#2952,.F.);
#1423=ORIENTED_EDGE('',*,*,#2953,.T.);
#1424=ORIENTED_EDGE('',*,*,#2950,.T.);
#1425=ORIENTED_EDGE('',*,*,#2397,.F.);
#1426=ORIENTED_EDGE('',*,*,#2954,.F.);
#1427=ORIENTED_EDGE('',*,*,#2955,.T.);
#1428=ORIENTED_EDGE('',*,*,#2952,.T.);
#1429=ORIENTED_EDGE('',*,*,#2396,.F.);
#1430=ORIENTED_EDGE('',*,*,#2956,.F.);
#1431=ORIENTED_EDGE('',*,*,#2957,.T.);
#1432=ORIENTED_EDGE('',*,*,#2954,.T.);
#1433=ORIENTED_EDGE('',*,*,#2395,.F.);
#1434=ORIENTED_EDGE('',*,*,#2958,.F.);
#1435=ORIENTED_EDGE('',*,*,#2959,.T.);
#1436=ORIENTED_EDGE('',*,*,#2956,.T.);
#1437=ORIENTED_EDGE('',*,*,#2394,.F.);
#1438=ORIENTED_EDGE('',*,*,#2960,.F.);
#1439=ORIENTED_EDGE('',*,*,#2961,.T.);
#1440=ORIENTED_EDGE('',*,*,#2958,.T.);
#1441=ORIENTED_EDGE('',*,*,#2393,.F.);
#1442=ORIENTED_EDGE('',*,*,#2962,.F.);
#1443=ORIENTED_EDGE('',*,*,#2963,.T.);
#1444=ORIENTED_EDGE('',*,*,#2960,.T.);
#1445=ORIENTED_EDGE('',*,*,#2392,.F.);
#1446=ORIENTED_EDGE('',*,*,#2964,.F.);
#1447=ORIENTED_EDGE('',*,*,#2965,.T.);
#1448=ORIENTED_EDGE('',*,*,#2962,.T.);
#1449=ORIENTED_EDGE('',*,*,#2391,.F.);
#1450=ORIENTED_EDGE('',*,*,#2966,.F.);
#1451=ORIENTED_EDGE('',*,*,#2967,.T.);
#1452=ORIENTED_EDGE('',*,*,#2964,.T.);
#1453=ORIENTED_EDGE('',*,*,#2390,.F.);
#1454=ORIENTED_EDGE('',*,*,#2968,.F.);
#1455=ORIENTED_EDGE('',*,*,#2969,.T.);
#1456=ORIENTED_EDGE('',*,*,#2966,.T.);
#1457=ORIENTED_EDGE('',*,*,#2389,.F.);
#1458=ORIENTED_EDGE('',*,*,#2970,.F.);
#1459=ORIENTED_EDGE('',*,*,#2971,.T.);
#1460=ORIENTED_EDGE('',*,*,#2968,.T.);
#1461=ORIENTED_EDGE('',*,*,#2388,.F.);
#1462=ORIENTED_EDGE('',*,*,#2972,.F.);
#1463=ORIENTED_EDGE('',*,*,#2973,.T.);
#1464=ORIENTED_EDGE('',*,*,#2970,.T.);
#1465=ORIENTED_EDGE('',*,*,#2387,.F.);
#1466=ORIENTED_EDGE('',*,*,#2919,.F.);
#1467=ORIENTED_EDGE('',*,*,#2974,.T.);
#1468=ORIENTED_EDGE('',*,*,#2972,.T.);
#1469=ORIENTED_EDGE('',*,*,#2918,.F.);
#1470=ORIENTED_EDGE('',*,*,#2921,.F.);
#1471=ORIENTED_EDGE('',*,*,#2923,.F.);
#1472=ORIENTED_EDGE('',*,*,#2925,.F.);
#1473=ORIENTED_EDGE('',*,*,#2927,.F.);
#1474=ORIENTED_EDGE('',*,*,#2929,.F.);
#1475=ORIENTED_EDGE('',*,*,#2931,.F.);
#1476=ORIENTED_EDGE('',*,*,#2933,.F.);
#1477=ORIENTED_EDGE('',*,*,#2935,.F.);
#1478=ORIENTED_EDGE('',*,*,#2937,.F.);
#1479=ORIENTED_EDGE('',*,*,#2939,.F.);
#1480=ORIENTED_EDGE('',*,*,#2941,.F.);
#1481=ORIENTED_EDGE('',*,*,#2943,.F.);
#1482=ORIENTED_EDGE('',*,*,#2945,.F.);
#1483=ORIENTED_EDGE('',*,*,#2947,.F.);
#1484=ORIENTED_EDGE('',*,*,#2949,.F.);
#1485=ORIENTED_EDGE('',*,*,#2951,.F.);
#1486=ORIENTED_EDGE('',*,*,#2953,.F.);
#1487=ORIENTED_EDGE('',*,*,#2955,.F.);
#1488=ORIENTED_EDGE('',*,*,#2957,.F.);
#1489=ORIENTED_EDGE('',*,*,#2959,.F.);
#1490=ORIENTED_EDGE('',*,*,#2961,.F.);
#1491=ORIENTED_EDGE('',*,*,#2963,.F.);
#1492=ORIENTED_EDGE('',*,*,#2965,.F.);
#1493=ORIENTED_EDGE('',*,*,#2967,.F.);
#1494=ORIENTED_EDGE('',*,*,#2969,.F.);
#1495=ORIENTED_EDGE('',*,*,#2971,.F.);
#1496=ORIENTED_EDGE('',*,*,#2973,.F.);
#1497=ORIENTED_EDGE('',*,*,#2974,.F.);
#1498=ORIENTED_EDGE('',*,*,#2419,.F.);
#1499=ORIENTED_EDGE('',*,*,#2975,.F.);
#1500=ORIENTED_EDGE('',*,*,#2976,.T.);
#1501=ORIENTED_EDGE('',*,*,#2977,.T.);
#1502=ORIENTED_EDGE('',*,*,#2448,.F.);
#1503=ORIENTED_EDGE('',*,*,#2978,.F.);
#1504=ORIENTED_EDGE('',*,*,#2979,.T.);
#1505=ORIENTED_EDGE('',*,*,#2975,.T.);
#1506=ORIENTED_EDGE('',*,*,#2447,.F.);
#1507=ORIENTED_EDGE('',*,*,#2980,.F.);
#1508=ORIENTED_EDGE('',*,*,#2981,.T.);
#1509=ORIENTED_EDGE('',*,*,#2978,.T.);
#1510=ORIENTED_EDGE('',*,*,#2446,.F.);
#1511=ORIENTED_EDGE('',*,*,#2982,.F.);
#1512=ORIENTED_EDGE('',*,*,#2983,.T.);
#1513=ORIENTED_EDGE('',*,*,#2980,.T.);
#1514=ORIENTED_EDGE('',*,*,#2445,.F.);
#1515=ORIENTED_EDGE('',*,*,#2984,.F.);
#1516=ORIENTED_EDGE('',*,*,#2985,.T.);
#1517=ORIENTED_EDGE('',*,*,#2982,.T.);
#1518=ORIENTED_EDGE('',*,*,#2444,.F.);
#1519=ORIENTED_EDGE('',*,*,#2986,.F.);
#1520=ORIENTED_EDGE('',*,*,#2987,.T.);
#1521=ORIENTED_EDGE('',*,*,#2984,.T.);
#1522=ORIENTED_EDGE('',*,*,#2443,.F.);
#1523=ORIENTED_EDGE('',*,*,#2988,.F.);
#1524=ORIENTED_EDGE('',*,*,#2989,.T.);
#1525=ORIENTED_EDGE('',*,*,#2986,.T.);
#1526=ORIENTED_EDGE('',*,*,#2442,.F.);
#1527=ORIENTED_EDGE('',*,*,#2990,.F.);
#1528=ORIENTED_EDGE('',*,*,#2991,.T.);
#1529=ORIENTED_EDGE('',*,*,#2988,.T.);
#1530=ORIENTED_EDGE('',*,*,#2441,.F.);
#1531=ORIENTED_EDGE('',*,*,#2992,.F.);
#1532=ORIENTED_EDGE('',*,*,#2993,.T.);
#1533=ORIENTED_EDGE('',*,*,#2990,.T.);
#1534=ORIENTED_EDGE('',*,*,#2440,.F.);
#1535=ORIENTED_EDGE('',*,*,#2994,.F.);
#1536=ORIENTED_EDGE('',*,*,#2995,.T.);
#1537=ORIENTED_EDGE('',*,*,#2992,.T.);
#1538=ORIENTED_EDGE('',*,*,#2439,.F.);
#1539=ORIENTED_EDGE('',*,*,#2996,.F.);
#1540=ORIENTED_EDGE('',*,*,#2997,.T.);
#1541=ORIENTED_EDGE('',*,*,#2994,.T.);
#1542=ORIENTED_EDGE('',*,*,#2438,.F.);
#1543=ORIENTED_EDGE('',*,*,#2998,.F.);
#1544=ORIENTED_EDGE('',*,*,#2999,.T.);
#1545=ORIENTED_EDGE('',*,*,#2996,.T.);
#1546=ORIENTED_EDGE('',*,*,#2437,.F.);
#1547=ORIENTED_EDGE('',*,*,#3000,.F.);
#1548=ORIENTED_EDGE('',*,*,#3001,.T.);
#1549=ORIENTED_EDGE('',*,*,#2998,.T.);
#1550=ORIENTED_EDGE('',*,*,#2436,.F.);
#1551=ORIENTED_EDGE('',*,*,#3002,.F.);
#1552=ORIENTED_EDGE('',*,*,#3003,.T.);
#1553=ORIENTED_EDGE('',*,*,#3000,.T.);
#1554=ORIENTED_EDGE('',*,*,#2435,.F.);
#1555=ORIENTED_EDGE('',*,*,#3004,.F.);
#1556=ORIENTED_EDGE('',*,*,#3005,.T.);
#1557=ORIENTED_EDGE('',*,*,#3002,.T.);
#1558=ORIENTED_EDGE('',*,*,#2434,.F.);
#1559=ORIENTED_EDGE('',*,*,#3006,.F.);
#1560=ORIENTED_EDGE('',*,*,#3007,.T.);
#1561=ORIENTED_EDGE('',*,*,#3004,.T.);
#1562=ORIENTED_EDGE('',*,*,#2433,.F.);
#1563=ORIENTED_EDGE('',*,*,#3008,.F.);
#1564=ORIENTED_EDGE('',*,*,#3009,.T.);
#1565=ORIENTED_EDGE('',*,*,#3006,.T.);
#1566=ORIENTED_EDGE('',*,*,#2432,.F.);
#1567=ORIENTED_EDGE('',*,*,#3010,.F.);
#1568=ORIENTED_EDGE('',*,*,#3011,.T.);
#1569=ORIENTED_EDGE('',*,*,#3008,.T.);
#1570=ORIENTED_EDGE('',*,*,#2431,.F.);
#1571=ORIENTED_EDGE('',*,*,#3012,.F.);
#1572=ORIENTED_EDGE('',*,*,#3013,.T.);
#1573=ORIENTED_EDGE('',*,*,#3010,.T.);
#1574=ORIENTED_EDGE('',*,*,#2430,.F.);
#1575=ORIENTED_EDGE('',*,*,#3014,.F.);
#1576=ORIENTED_EDGE('',*,*,#3015,.T.);
#1577=ORIENTED_EDGE('',*,*,#3012,.T.);
#1578=ORIENTED_EDGE('',*,*,#2429,.F.);
#1579=ORIENTED_EDGE('',*,*,#3016,.F.);
#1580=ORIENTED_EDGE('',*,*,#3017,.T.);
#1581=ORIENTED_EDGE('',*,*,#3014,.T.);
#1582=ORIENTED_EDGE('',*,*,#2428,.F.);
#1583=ORIENTED_EDGE('',*,*,#3018,.F.);
#1584=ORIENTED_EDGE('',*,*,#3019,.T.);
#1585=ORIENTED_EDGE('',*,*,#3016,.T.);
#1586=ORIENTED_EDGE('',*,*,#2427,.F.);
#1587=ORIENTED_EDGE('',*,*,#3020,.F.);
#1588=ORIENTED_EDGE('',*,*,#3021,.T.);
#1589=ORIENTED_EDGE('',*,*,#3018,.T.);
#1590=ORIENTED_EDGE('',*,*,#2426,.F.);
#1591=ORIENTED_EDGE('',*,*,#3022,.F.);
#1592=ORIENTED_EDGE('',*,*,#3023,.T.);
#1593=ORIENTED_EDGE('',*,*,#3020,.T.);
#1594=ORIENTED_EDGE('',*,*,#2425,.F.);
#1595=ORIENTED_EDGE('',*,*,#3024,.F.);
#1596=ORIENTED_EDGE('',*,*,#3025,.T.);
#1597=ORIENTED_EDGE('',*,*,#3022,.T.);
#1598=ORIENTED_EDGE('',*,*,#2424,.F.);
#1599=ORIENTED_EDGE('',*,*,#3026,.F.);
#1600=ORIENTED_EDGE('',*,*,#3027,.T.);
#1601=ORIENTED_EDGE('',*,*,#3024,.T.);
#1602=ORIENTED_EDGE('',*,*,#2423,.F.);
#1603=ORIENTED_EDGE('',*,*,#3028,.F.);
#1604=ORIENTED_EDGE('',*,*,#3029,.T.);
#1605=ORIENTED_EDGE('',*,*,#3026,.T.);
#1606=ORIENTED_EDGE('',*,*,#2422,.F.);
#1607=ORIENTED_EDGE('',*,*,#3030,.F.);
#1608=ORIENTED_EDGE('',*,*,#3031,.T.);
#1609=ORIENTED_EDGE('',*,*,#3028,.T.);
#1610=ORIENTED_EDGE('',*,*,#2421,.F.);
#1611=ORIENTED_EDGE('',*,*,#3032,.F.);
#1612=ORIENTED_EDGE('',*,*,#3033,.T.);
#1613=ORIENTED_EDGE('',*,*,#3030,.T.);
#1614=ORIENTED_EDGE('',*,*,#2420,.F.);
#1615=ORIENTED_EDGE('',*,*,#2977,.F.);
#1616=ORIENTED_EDGE('',*,*,#3034,.T.);
#1617=ORIENTED_EDGE('',*,*,#3032,.T.);
#1618=ORIENTED_EDGE('',*,*,#2976,.F.);
#1619=ORIENTED_EDGE('',*,*,#2979,.F.);
#1620=ORIENTED_EDGE('',*,*,#2981,.F.);
#1621=ORIENTED_EDGE('',*,*,#2983,.F.);
#1622=ORIENTED_EDGE('',*,*,#2985,.F.);
#1623=ORIENTED_EDGE('',*,*,#2987,.F.);
#1624=ORIENTED_EDGE('',*,*,#2989,.F.);
#1625=ORIENTED_EDGE('',*,*,#2991,.F.);
#1626=ORIENTED_EDGE('',*,*,#2993,.F.);
#1627=ORIENTED_EDGE('',*,*,#2995,.F.);
#1628=ORIENTED_EDGE('',*,*,#2997,.F.);
#1629=ORIENTED_EDGE('',*,*,#2999,.F.);
#1630=ORIENTED_EDGE('',*,*,#3001,.F.);
#1631=ORIENTED_EDGE('',*,*,#3003,.F.);
#1632=ORIENTED_EDGE('',*,*,#3005,.F.);
#1633=ORIENTED_EDGE('',*,*,#3007,.F.);
#1634=ORIENTED_EDGE('',*,*,#3009,.F.);
#1635=ORIENTED_EDGE('',*,*,#3011,.F.);
#1636=ORIENTED_EDGE('',*,*,#3013,.F.);
#1637=ORIENTED_EDGE('',*,*,#3015,.F.);
#1638=ORIENTED_EDGE('',*,*,#3017,.F.);
#1639=ORIENTED_EDGE('',*,*,#3019,.F.);
#1640=ORIENTED_EDGE('',*,*,#3021,.F.);
#1641=ORIENTED_EDGE('',*,*,#3023,.F.);
#1642=ORIENTED_EDGE('',*,*,#3025,.F.);
#1643=ORIENTED_EDGE('',*,*,#3027,.F.);
#1644=ORIENTED_EDGE('',*,*,#3029,.F.);
#1645=ORIENTED_EDGE('',*,*,#3031,.F.);
#1646=ORIENTED_EDGE('',*,*,#3033,.F.);
#1647=ORIENTED_EDGE('',*,*,#3034,.F.);
#1648=ORIENTED_EDGE('',*,*,#3035,.F.);
#1649=ORIENTED_EDGE('',*,*,#3036,.F.);
#1650=ORIENTED_EDGE('',*,*,#3037,.T.);
#1651=ORIENTED_EDGE('',*,*,#3038,.T.);
#1652=ORIENTED_EDGE('',*,*,#3039,.F.);
#1653=ORIENTED_EDGE('',*,*,#3040,.F.);
#1654=ORIENTED_EDGE('',*,*,#3041,.T.);
#1655=ORIENTED_EDGE('',*,*,#3036,.T.);
#1656=ORIENTED_EDGE('',*,*,#3042,.F.);
#1657=ORIENTED_EDGE('',*,*,#3043,.F.);
#1658=ORIENTED_EDGE('',*,*,#3044,.T.);
#1659=ORIENTED_EDGE('',*,*,#3040,.T.);
#1660=ORIENTED_EDGE('',*,*,#3045,.F.);
#1661=ORIENTED_EDGE('',*,*,#3046,.F.);
#1662=ORIENTED_EDGE('',*,*,#3047,.T.);
#1663=ORIENTED_EDGE('',*,*,#3043,.T.);
#1664=ORIENTED_EDGE('',*,*,#3048,.F.);
#1665=ORIENTED_EDGE('',*,*,#3049,.F.);
#1666=ORIENTED_EDGE('',*,*,#3050,.T.);
#1667=ORIENTED_EDGE('',*,*,#3046,.T.);
#1668=ORIENTED_EDGE('',*,*,#3051,.F.);
#1669=ORIENTED_EDGE('',*,*,#3052,.F.);
#1670=ORIENTED_EDGE('',*,*,#3053,.T.);
#1671=ORIENTED_EDGE('',*,*,#3049,.T.);
#1672=ORIENTED_EDGE('',*,*,#3054,.F.);
#1673=ORIENTED_EDGE('',*,*,#3055,.F.);
#1674=ORIENTED_EDGE('',*,*,#3056,.T.);
#1675=ORIENTED_EDGE('',*,*,#3052,.T.);
#1676=ORIENTED_EDGE('',*,*,#3057,.F.);
#1677=ORIENTED_EDGE('',*,*,#3058,.F.);
#1678=ORIENTED_EDGE('',*,*,#3059,.T.);
#1679=ORIENTED_EDGE('',*,*,#3055,.T.);
#1680=ORIENTED_EDGE('',*,*,#3060,.F.);
#1681=ORIENTED_EDGE('',*,*,#3061,.F.);
#1682=ORIENTED_EDGE('',*,*,#3062,.T.);
#1683=ORIENTED_EDGE('',*,*,#3058,.T.);
#1684=ORIENTED_EDGE('',*,*,#3063,.F.);
#1685=ORIENTED_EDGE('',*,*,#3064,.F.);
#1686=ORIENTED_EDGE('',*,*,#3065,.T.);
#1687=ORIENTED_EDGE('',*,*,#3061,.T.);
#1688=ORIENTED_EDGE('',*,*,#3066,.F.);
#1689=ORIENTED_EDGE('',*,*,#3067,.F.);
#1690=ORIENTED_EDGE('',*,*,#3068,.T.);
#1691=ORIENTED_EDGE('',*,*,#3064,.T.);
#1692=ORIENTED_EDGE('',*,*,#3069,.F.);
#1693=ORIENTED_EDGE('',*,*,#3070,.F.);
#1694=ORIENTED_EDGE('',*,*,#3071,.T.);
#1695=ORIENTED_EDGE('',*,*,#3067,.T.);
#1696=ORIENTED_EDGE('',*,*,#3072,.F.);
#1697=ORIENTED_EDGE('',*,*,#3073,.F.);
#1698=ORIENTED_EDGE('',*,*,#3074,.T.);
#1699=ORIENTED_EDGE('',*,*,#3070,.T.);
#1700=ORIENTED_EDGE('',*,*,#3075,.F.);
#1701=ORIENTED_EDGE('',*,*,#3076,.F.);
#1702=ORIENTED_EDGE('',*,*,#3077,.T.);
#1703=ORIENTED_EDGE('',*,*,#3073,.T.);
#1704=ORIENTED_EDGE('',*,*,#3078,.F.);
#1705=ORIENTED_EDGE('',*,*,#3079,.F.);
#1706=ORIENTED_EDGE('',*,*,#3080,.T.);
#1707=ORIENTED_EDGE('',*,*,#3076,.T.);
#1708=ORIENTED_EDGE('',*,*,#3081,.F.);
#1709=ORIENTED_EDGE('',*,*,#3082,.F.);
#1710=ORIENTED_EDGE('',*,*,#3083,.T.);
#1711=ORIENTED_EDGE('',*,*,#3079,.T.);
#1712=ORIENTED_EDGE('',*,*,#3084,.F.);
#1713=ORIENTED_EDGE('',*,*,#3085,.F.);
#1714=ORIENTED_EDGE('',*,*,#3086,.T.);
#1715=ORIENTED_EDGE('',*,*,#3082,.T.);
#1716=ORIENTED_EDGE('',*,*,#3087,.F.);
#1717=ORIENTED_EDGE('',*,*,#3088,.F.);
#1718=ORIENTED_EDGE('',*,*,#3089,.T.);
#1719=ORIENTED_EDGE('',*,*,#3090,.T.);
#1720=ORIENTED_EDGE('',*,*,#3091,.F.);
#1721=ORIENTED_EDGE('',*,*,#3092,.F.);
#1722=ORIENTED_EDGE('',*,*,#3093,.T.);
#1723=ORIENTED_EDGE('',*,*,#3088,.T.);
#1724=ORIENTED_EDGE('',*,*,#3094,.F.);
#1725=ORIENTED_EDGE('',*,*,#3095,.F.);
#1726=ORIENTED_EDGE('',*,*,#3096,.T.);
#1727=ORIENTED_EDGE('',*,*,#3092,.T.);
#1728=ORIENTED_EDGE('',*,*,#3097,.F.);
#1729=ORIENTED_EDGE('',*,*,#3098,.F.);
#1730=ORIENTED_EDGE('',*,*,#3099,.T.);
#1731=ORIENTED_EDGE('',*,*,#3095,.T.);
#1732=ORIENTED_EDGE('',*,*,#3100,.F.);
#1733=ORIENTED_EDGE('',*,*,#3101,.F.);
#1734=ORIENTED_EDGE('',*,*,#3102,.T.);
#1735=ORIENTED_EDGE('',*,*,#3098,.T.);
#1736=ORIENTED_EDGE('',*,*,#3103,.F.);
#1737=ORIENTED_EDGE('',*,*,#3104,.F.);
#1738=ORIENTED_EDGE('',*,*,#3105,.T.);
#1739=ORIENTED_EDGE('',*,*,#3101,.T.);
#1740=ORIENTED_EDGE('',*,*,#3106,.F.);
#1741=ORIENTED_EDGE('',*,*,#3107,.F.);
#1742=ORIENTED_EDGE('',*,*,#3108,.T.);
#1743=ORIENTED_EDGE('',*,*,#3104,.T.);
#1744=ORIENTED_EDGE('',*,*,#3109,.F.);
#1745=ORIENTED_EDGE('',*,*,#3110,.F.);
#1746=ORIENTED_EDGE('',*,*,#3111,.T.);
#1747=ORIENTED_EDGE('',*,*,#3107,.T.);
#1748=ORIENTED_EDGE('',*,*,#3112,.F.);
#1749=ORIENTED_EDGE('',*,*,#3113,.F.);
#1750=ORIENTED_EDGE('',*,*,#3114,.T.);
#1751=ORIENTED_EDGE('',*,*,#3110,.T.);
#1752=ORIENTED_EDGE('',*,*,#3115,.F.);
#1753=ORIENTED_EDGE('',*,*,#3116,.F.);
#1754=ORIENTED_EDGE('',*,*,#3117,.T.);
#1755=ORIENTED_EDGE('',*,*,#3113,.T.);
#1756=ORIENTED_EDGE('',*,*,#3118,.F.);
#1757=ORIENTED_EDGE('',*,*,#3119,.F.);
#1758=ORIENTED_EDGE('',*,*,#3120,.T.);
#1759=ORIENTED_EDGE('',*,*,#3116,.T.);
#1760=ORIENTED_EDGE('',*,*,#3121,.F.);
#1761=ORIENTED_EDGE('',*,*,#3122,.F.);
#1762=ORIENTED_EDGE('',*,*,#3123,.T.);
#1763=ORIENTED_EDGE('',*,*,#3119,.T.);
#1764=ORIENTED_EDGE('',*,*,#3124,.F.);
#1765=ORIENTED_EDGE('',*,*,#3125,.F.);
#1766=ORIENTED_EDGE('',*,*,#3126,.T.);
#1767=ORIENTED_EDGE('',*,*,#3122,.T.);
#1768=ORIENTED_EDGE('',*,*,#3127,.F.);
#1769=ORIENTED_EDGE('',*,*,#3128,.F.);
#1770=ORIENTED_EDGE('',*,*,#3129,.T.);
#1771=ORIENTED_EDGE('',*,*,#3125,.T.);
#1772=ORIENTED_EDGE('',*,*,#3130,.F.);
#1773=ORIENTED_EDGE('',*,*,#3131,.F.);
#1774=ORIENTED_EDGE('',*,*,#3132,.T.);
#1775=ORIENTED_EDGE('',*,*,#3128,.T.);
#1776=ORIENTED_EDGE('',*,*,#3133,.F.);
#1777=ORIENTED_EDGE('',*,*,#3134,.F.);
#1778=ORIENTED_EDGE('',*,*,#3135,.T.);
#1779=ORIENTED_EDGE('',*,*,#3131,.T.);
#1780=ORIENTED_EDGE('',*,*,#3136,.F.);
#1781=ORIENTED_EDGE('',*,*,#3137,.F.);
#1782=ORIENTED_EDGE('',*,*,#3138,.T.);
#1783=ORIENTED_EDGE('',*,*,#3134,.T.);
#1784=ORIENTED_EDGE('',*,*,#3139,.F.);
#1785=ORIENTED_EDGE('',*,*,#3140,.F.);
#1786=ORIENTED_EDGE('',*,*,#3141,.T.);
#1787=ORIENTED_EDGE('',*,*,#3137,.T.);
#1788=ORIENTED_EDGE('',*,*,#2363,.F.);
#1789=ORIENTED_EDGE('',*,*,#3142,.F.);
#1790=ORIENTED_EDGE('',*,*,#3143,.T.);
#1791=ORIENTED_EDGE('',*,*,#3144,.T.);
#1792=ORIENTED_EDGE('',*,*,#2385,.F.);
#1793=ORIENTED_EDGE('',*,*,#3145,.F.);
#1794=ORIENTED_EDGE('',*,*,#3146,.T.);
#1795=ORIENTED_EDGE('',*,*,#3142,.T.);
#1796=ORIENTED_EDGE('',*,*,#2384,.F.);
#1797=ORIENTED_EDGE('',*,*,#3147,.F.);
#1798=ORIENTED_EDGE('',*,*,#3148,.T.);
#1799=ORIENTED_EDGE('',*,*,#3145,.T.);
#1800=ORIENTED_EDGE('',*,*,#2383,.F.);
#1801=ORIENTED_EDGE('',*,*,#3149,.F.);
#1802=ORIENTED_EDGE('',*,*,#3150,.T.);
#1803=ORIENTED_EDGE('',*,*,#3147,.T.);
#1804=ORIENTED_EDGE('',*,*,#2382,.F.);
#1805=ORIENTED_EDGE('',*,*,#3151,.F.);
#1806=ORIENTED_EDGE('',*,*,#3152,.T.);
#1807=ORIENTED_EDGE('',*,*,#3149,.T.);
#1808=ORIENTED_EDGE('',*,*,#2381,.F.);
#1809=ORIENTED_EDGE('',*,*,#3153,.F.);
#1810=ORIENTED_EDGE('',*,*,#3154,.T.);
#1811=ORIENTED_EDGE('',*,*,#3151,.T.);
#1812=ORIENTED_EDGE('',*,*,#2380,.F.);
#1813=ORIENTED_EDGE('',*,*,#3155,.F.);
#1814=ORIENTED_EDGE('',*,*,#3156,.T.);
#1815=ORIENTED_EDGE('',*,*,#3153,.T.);
#1816=ORIENTED_EDGE('',*,*,#2379,.F.);
#1817=ORIENTED_EDGE('',*,*,#3157,.F.);
#1818=ORIENTED_EDGE('',*,*,#3158,.T.);
#1819=ORIENTED_EDGE('',*,*,#3155,.T.);
#1820=ORIENTED_EDGE('',*,*,#2378,.F.);
#1821=ORIENTED_EDGE('',*,*,#3159,.F.);
#1822=ORIENTED_EDGE('',*,*,#3160,.T.);
#1823=ORIENTED_EDGE('',*,*,#3157,.T.);
#1824=ORIENTED_EDGE('',*,*,#2377,.F.);
#1825=ORIENTED_EDGE('',*,*,#3161,.F.);
#1826=ORIENTED_EDGE('',*,*,#3162,.T.);
#1827=ORIENTED_EDGE('',*,*,#3159,.T.);
#1828=ORIENTED_EDGE('',*,*,#2376,.F.);
#1829=ORIENTED_EDGE('',*,*,#3163,.F.);
#1830=ORIENTED_EDGE('',*,*,#3164,.T.);
#1831=ORIENTED_EDGE('',*,*,#3161,.T.);
#1832=ORIENTED_EDGE('',*,*,#2375,.F.);
#1833=ORIENTED_EDGE('',*,*,#3165,.F.);
#1834=ORIENTED_EDGE('',*,*,#3166,.T.);
#1835=ORIENTED_EDGE('',*,*,#3163,.T.);
#1836=ORIENTED_EDGE('',*,*,#2374,.F.);
#1837=ORIENTED_EDGE('',*,*,#3167,.F.);
#1838=ORIENTED_EDGE('',*,*,#3168,.T.);
#1839=ORIENTED_EDGE('',*,*,#3165,.T.);
#1840=ORIENTED_EDGE('',*,*,#2373,.F.);
#1841=ORIENTED_EDGE('',*,*,#3169,.F.);
#1842=ORIENTED_EDGE('',*,*,#3170,.T.);
#1843=ORIENTED_EDGE('',*,*,#3167,.T.);
#1844=ORIENTED_EDGE('',*,*,#2372,.F.);
#1845=ORIENTED_EDGE('',*,*,#3171,.F.);
#1846=ORIENTED_EDGE('',*,*,#3172,.T.);
#1847=ORIENTED_EDGE('',*,*,#3169,.T.);
#1848=ORIENTED_EDGE('',*,*,#2371,.F.);
#1849=ORIENTED_EDGE('',*,*,#3173,.F.);
#1850=ORIENTED_EDGE('',*,*,#3174,.T.);
#1851=ORIENTED_EDGE('',*,*,#3171,.T.);
#1852=ORIENTED_EDGE('',*,*,#2370,.F.);
#1853=ORIENTED_EDGE('',*,*,#3175,.F.);
#1854=ORIENTED_EDGE('',*,*,#3176,.T.);
#1855=ORIENTED_EDGE('',*,*,#3173,.T.);
#1856=ORIENTED_EDGE('',*,*,#2369,.F.);
#1857=ORIENTED_EDGE('',*,*,#3177,.F.);
#1858=ORIENTED_EDGE('',*,*,#3178,.T.);
#1859=ORIENTED_EDGE('',*,*,#3175,.T.);
#1860=ORIENTED_EDGE('',*,*,#2368,.F.);
#1861=ORIENTED_EDGE('',*,*,#3179,.F.);
#1862=ORIENTED_EDGE('',*,*,#3180,.T.);
#1863=ORIENTED_EDGE('',*,*,#3177,.T.);
#1864=ORIENTED_EDGE('',*,*,#2367,.F.);
#1865=ORIENTED_EDGE('',*,*,#3181,.F.);
#1866=ORIENTED_EDGE('',*,*,#3182,.T.);
#1867=ORIENTED_EDGE('',*,*,#3179,.T.);
#1868=ORIENTED_EDGE('',*,*,#2366,.F.);
#1869=ORIENTED_EDGE('',*,*,#3183,.F.);
#1870=ORIENTED_EDGE('',*,*,#3184,.T.);
#1871=ORIENTED_EDGE('',*,*,#3181,.T.);
#1872=ORIENTED_EDGE('',*,*,#2365,.F.);
#1873=ORIENTED_EDGE('',*,*,#3185,.F.);
#1874=ORIENTED_EDGE('',*,*,#3186,.T.);
#1875=ORIENTED_EDGE('',*,*,#3183,.T.);
#1876=ORIENTED_EDGE('',*,*,#3187,.F.);
#1877=ORIENTED_EDGE('',*,*,#3090,.F.);
#1878=ORIENTED_EDGE('',*,*,#3188,.T.);
#1879=ORIENTED_EDGE('',*,*,#3140,.T.);
#1880=ORIENTED_EDGE('',*,*,#2364,.F.);
#1881=ORIENTED_EDGE('',*,*,#3144,.F.);
#1882=ORIENTED_EDGE('',*,*,#3189,.T.);
#1883=ORIENTED_EDGE('',*,*,#3185,.T.);
#1884=ORIENTED_EDGE('',*,*,#3190,.F.);
#1885=ORIENTED_EDGE('',*,*,#3038,.F.);
#1886=ORIENTED_EDGE('',*,*,#3191,.T.);
#1887=ORIENTED_EDGE('',*,*,#3085,.T.);
#1888=ORIENTED_EDGE('',*,*,#3143,.F.);
#1889=ORIENTED_EDGE('',*,*,#3146,.F.);
#1890=ORIENTED_EDGE('',*,*,#3148,.F.);
#1891=ORIENTED_EDGE('',*,*,#3150,.F.);
#1892=ORIENTED_EDGE('',*,*,#3152,.F.);
#1893=ORIENTED_EDGE('',*,*,#3154,.F.);
#1894=ORIENTED_EDGE('',*,*,#3156,.F.);
#1895=ORIENTED_EDGE('',*,*,#3158,.F.);
#1896=ORIENTED_EDGE('',*,*,#3160,.F.);
#1897=ORIENTED_EDGE('',*,*,#3162,.F.);
#1898=ORIENTED_EDGE('',*,*,#3164,.F.);
#1899=ORIENTED_EDGE('',*,*,#3166,.F.);
#1900=ORIENTED_EDGE('',*,*,#3168,.F.);
#1901=ORIENTED_EDGE('',*,*,#3170,.F.);
#1902=ORIENTED_EDGE('',*,*,#3172,.F.);
#1903=ORIENTED_EDGE('',*,*,#3174,.F.);
#1904=ORIENTED_EDGE('',*,*,#3176,.F.);
#1905=ORIENTED_EDGE('',*,*,#3178,.F.);
#1906=ORIENTED_EDGE('',*,*,#3180,.F.);
#1907=ORIENTED_EDGE('',*,*,#3182,.F.);
#1908=ORIENTED_EDGE('',*,*,#3184,.F.);
#1909=ORIENTED_EDGE('',*,*,#3186,.F.);
#1910=ORIENTED_EDGE('',*,*,#3189,.F.);
#1911=ORIENTED_EDGE('',*,*,#3089,.F.);
#1912=ORIENTED_EDGE('',*,*,#3093,.F.);
#1913=ORIENTED_EDGE('',*,*,#3096,.F.);
#1914=ORIENTED_EDGE('',*,*,#3099,.F.);
#1915=ORIENTED_EDGE('',*,*,#3102,.F.);
#1916=ORIENTED_EDGE('',*,*,#3105,.F.);
#1917=ORIENTED_EDGE('',*,*,#3108,.F.);
#1918=ORIENTED_EDGE('',*,*,#3111,.F.);
#1919=ORIENTED_EDGE('',*,*,#3114,.F.);
#1920=ORIENTED_EDGE('',*,*,#3117,.F.);
#1921=ORIENTED_EDGE('',*,*,#3120,.F.);
#1922=ORIENTED_EDGE('',*,*,#3123,.F.);
#1923=ORIENTED_EDGE('',*,*,#3126,.F.);
#1924=ORIENTED_EDGE('',*,*,#3129,.F.);
#1925=ORIENTED_EDGE('',*,*,#3132,.F.);
#1926=ORIENTED_EDGE('',*,*,#3135,.F.);
#1927=ORIENTED_EDGE('',*,*,#3138,.F.);
#1928=ORIENTED_EDGE('',*,*,#3141,.F.);
#1929=ORIENTED_EDGE('',*,*,#3188,.F.);
#1930=ORIENTED_EDGE('',*,*,#3037,.F.);
#1931=ORIENTED_EDGE('',*,*,#3041,.F.);
#1932=ORIENTED_EDGE('',*,*,#3044,.F.);
#1933=ORIENTED_EDGE('',*,*,#3047,.F.);
#1934=ORIENTED_EDGE('',*,*,#3050,.F.);
#1935=ORIENTED_EDGE('',*,*,#3053,.F.);
#1936=ORIENTED_EDGE('',*,*,#3056,.F.);
#1937=ORIENTED_EDGE('',*,*,#3059,.F.);
#1938=ORIENTED_EDGE('',*,*,#3062,.F.);
#1939=ORIENTED_EDGE('',*,*,#3065,.F.);
#1940=ORIENTED_EDGE('',*,*,#3068,.F.);
#1941=ORIENTED_EDGE('',*,*,#3071,.F.);
#1942=ORIENTED_EDGE('',*,*,#3074,.F.);
#1943=ORIENTED_EDGE('',*,*,#3077,.F.);
#1944=ORIENTED_EDGE('',*,*,#3080,.F.);
#1945=ORIENTED_EDGE('',*,*,#3083,.F.);
#1946=ORIENTED_EDGE('',*,*,#3086,.F.);
#1947=ORIENTED_EDGE('',*,*,#3191,.F.);
#1948=ORIENTED_EDGE('',*,*,#3087,.T.);
#1949=ORIENTED_EDGE('',*,*,#3187,.T.);
#1950=ORIENTED_EDGE('',*,*,#3139,.T.);
#1951=ORIENTED_EDGE('',*,*,#3136,.T.);
#1952=ORIENTED_EDGE('',*,*,#3133,.T.);
#1953=ORIENTED_EDGE('',*,*,#3130,.T.);
#1954=ORIENTED_EDGE('',*,*,#3127,.T.);
#1955=ORIENTED_EDGE('',*,*,#3124,.T.);
#1956=ORIENTED_EDGE('',*,*,#3121,.T.);
#1957=ORIENTED_EDGE('',*,*,#3118,.T.);
#1958=ORIENTED_EDGE('',*,*,#3115,.T.);
#1959=ORIENTED_EDGE('',*,*,#3112,.T.);
#1960=ORIENTED_EDGE('',*,*,#3109,.T.);
#1961=ORIENTED_EDGE('',*,*,#3106,.T.);
#1962=ORIENTED_EDGE('',*,*,#3103,.T.);
#1963=ORIENTED_EDGE('',*,*,#3100,.T.);
#1964=ORIENTED_EDGE('',*,*,#3097,.T.);
#1965=ORIENTED_EDGE('',*,*,#3094,.T.);
#1966=ORIENTED_EDGE('',*,*,#3091,.T.);
#1967=ORIENTED_EDGE('',*,*,#3192,.F.);
#1968=ORIENTED_EDGE('',*,*,#3193,.F.);
#1969=ORIENTED_EDGE('',*,*,#3194,.T.);
#1970=ORIENTED_EDGE('',*,*,#3195,.T.);
#1971=ORIENTED_EDGE('',*,*,#3196,.F.);
#1972=ORIENTED_EDGE('',*,*,#3197,.F.);
#1973=ORIENTED_EDGE('',*,*,#3198,.T.);
#1974=ORIENTED_EDGE('',*,*,#3193,.T.);
#1975=ORIENTED_EDGE('',*,*,#3199,.F.);
#1976=ORIENTED_EDGE('',*,*,#3200,.F.);
#1977=ORIENTED_EDGE('',*,*,#3201,.T.);
#1978=ORIENTED_EDGE('',*,*,#3197,.T.);
#1979=ORIENTED_EDGE('',*,*,#3202,.F.);
#1980=ORIENTED_EDGE('',*,*,#3203,.F.);
#1981=ORIENTED_EDGE('',*,*,#3204,.T.);
#1982=ORIENTED_EDGE('',*,*,#3200,.T.);
#1983=ORIENTED_EDGE('',*,*,#3205,.F.);
#1984=ORIENTED_EDGE('',*,*,#3206,.F.);
#1985=ORIENTED_EDGE('',*,*,#3207,.T.);
#1986=ORIENTED_EDGE('',*,*,#3203,.T.);
#1987=ORIENTED_EDGE('',*,*,#3208,.F.);
#1988=ORIENTED_EDGE('',*,*,#3209,.F.);
#1989=ORIENTED_EDGE('',*,*,#3210,.T.);
#1990=ORIENTED_EDGE('',*,*,#3206,.T.);
#1991=ORIENTED_EDGE('',*,*,#3211,.F.);
#1992=ORIENTED_EDGE('',*,*,#3212,.F.);
#1993=ORIENTED_EDGE('',*,*,#3213,.T.);
#1994=ORIENTED_EDGE('',*,*,#3209,.T.);
#1995=ORIENTED_EDGE('',*,*,#3214,.F.);
#1996=ORIENTED_EDGE('',*,*,#3215,.F.);
#1997=ORIENTED_EDGE('',*,*,#3216,.T.);
#1998=ORIENTED_EDGE('',*,*,#3212,.T.);
#1999=ORIENTED_EDGE('',*,*,#3217,.F.);
#2000=ORIENTED_EDGE('',*,*,#3218,.F.);
#2001=ORIENTED_EDGE('',*,*,#3219,.T.);
#2002=ORIENTED_EDGE('',*,*,#3215,.T.);
#2003=ORIENTED_EDGE('',*,*,#3220,.F.);
#2004=ORIENTED_EDGE('',*,*,#3221,.F.);
#2005=ORIENTED_EDGE('',*,*,#3222,.T.);
#2006=ORIENTED_EDGE('',*,*,#3218,.T.);
#2007=ORIENTED_EDGE('',*,*,#3223,.F.);
#2008=ORIENTED_EDGE('',*,*,#3224,.F.);
#2009=ORIENTED_EDGE('',*,*,#3225,.T.);
#2010=ORIENTED_EDGE('',*,*,#3221,.T.);
#2011=ORIENTED_EDGE('',*,*,#3226,.F.);
#2012=ORIENTED_EDGE('',*,*,#3227,.F.);
#2013=ORIENTED_EDGE('',*,*,#3228,.T.);
#2014=ORIENTED_EDGE('',*,*,#3224,.T.);
#2015=ORIENTED_EDGE('',*,*,#3229,.F.);
#2016=ORIENTED_EDGE('',*,*,#3230,.F.);
#2017=ORIENTED_EDGE('',*,*,#3231,.T.);
#2018=ORIENTED_EDGE('',*,*,#3227,.T.);
#2019=ORIENTED_EDGE('',*,*,#3232,.F.);
#2020=ORIENTED_EDGE('',*,*,#3233,.F.);
#2021=ORIENTED_EDGE('',*,*,#3234,.T.);
#2022=ORIENTED_EDGE('',*,*,#3230,.T.);
#2023=ORIENTED_EDGE('',*,*,#3235,.F.);
#2024=ORIENTED_EDGE('',*,*,#3236,.F.);
#2025=ORIENTED_EDGE('',*,*,#3237,.T.);
#2026=ORIENTED_EDGE('',*,*,#3233,.T.);
#2027=ORIENTED_EDGE('',*,*,#3238,.F.);
#2028=ORIENTED_EDGE('',*,*,#3239,.F.);
#2029=ORIENTED_EDGE('',*,*,#3240,.T.);
#2030=ORIENTED_EDGE('',*,*,#3236,.T.);
#2031=ORIENTED_EDGE('',*,*,#3241,.F.);
#2032=ORIENTED_EDGE('',*,*,#3242,.F.);
#2033=ORIENTED_EDGE('',*,*,#3243,.T.);
#2034=ORIENTED_EDGE('',*,*,#3239,.T.);
#2035=ORIENTED_EDGE('',*,*,#2449,.F.);
#2036=ORIENTED_EDGE('',*,*,#3244,.F.);
#2037=ORIENTED_EDGE('',*,*,#3245,.T.);
#2038=ORIENTED_EDGE('',*,*,#3246,.T.);
#2039=ORIENTED_EDGE('',*,*,#2467,.F.);
#2040=ORIENTED_EDGE('',*,*,#3247,.F.);
#2041=ORIENTED_EDGE('',*,*,#3248,.T.);
#2042=ORIENTED_EDGE('',*,*,#3244,.T.);
#2043=ORIENTED_EDGE('',*,*,#2466,.F.);
#2044=ORIENTED_EDGE('',*,*,#3249,.F.);
#2045=ORIENTED_EDGE('',*,*,#3250,.T.);
#2046=ORIENTED_EDGE('',*,*,#3247,.T.);
#2047=ORIENTED_EDGE('',*,*,#2465,.F.);
#2048=ORIENTED_EDGE('',*,*,#3251,.F.);
#2049=ORIENTED_EDGE('',*,*,#3252,.T.);
#2050=ORIENTED_EDGE('',*,*,#3249,.T.);
#2051=ORIENTED_EDGE('',*,*,#2464,.F.);
#2052=ORIENTED_EDGE('',*,*,#3253,.F.);
#2053=ORIENTED_EDGE('',*,*,#3254,.T.);
#2054=ORIENTED_EDGE('',*,*,#3251,.T.);
#2055=ORIENTED_EDGE('',*,*,#2463,.F.);
#2056=ORIENTED_EDGE('',*,*,#3255,.F.);
#2057=ORIENTED_EDGE('',*,*,#3256,.T.);
#2058=ORIENTED_EDGE('',*,*,#3253,.T.);
#2059=ORIENTED_EDGE('',*,*,#2462,.F.);
#2060=ORIENTED_EDGE('',*,*,#3257,.F.);
#2061=ORIENTED_EDGE('',*,*,#3258,.T.);
#2062=ORIENTED_EDGE('',*,*,#3255,.T.);
#2063=ORIENTED_EDGE('',*,*,#2461,.F.);
#2064=ORIENTED_EDGE('',*,*,#3259,.F.);
#2065=ORIENTED_EDGE('',*,*,#3260,.T.);
#2066=ORIENTED_EDGE('',*,*,#3257,.T.);
#2067=ORIENTED_EDGE('',*,*,#2460,.F.);
#2068=ORIENTED_EDGE('',*,*,#3261,.F.);
#2069=ORIENTED_EDGE('',*,*,#3262,.T.);
#2070=ORIENTED_EDGE('',*,*,#3259,.T.);
#2071=ORIENTED_EDGE('',*,*,#2459,.F.);
#2072=ORIENTED_EDGE('',*,*,#3263,.F.);
#2073=ORIENTED_EDGE('',*,*,#3264,.T.);
#2074=ORIENTED_EDGE('',*,*,#3261,.T.);
#2075=ORIENTED_EDGE('',*,*,#2458,.F.);
#2076=ORIENTED_EDGE('',*,*,#3265,.F.);
#2077=ORIENTED_EDGE('',*,*,#3266,.T.);
#2078=ORIENTED_EDGE('',*,*,#3263,.T.);
#2079=ORIENTED_EDGE('',*,*,#2457,.F.);
#2080=ORIENTED_EDGE('',*,*,#3267,.F.);
#2081=ORIENTED_EDGE('',*,*,#3268,.T.);
#2082=ORIENTED_EDGE('',*,*,#3265,.T.);
#2083=ORIENTED_EDGE('',*,*,#2456,.F.);
#2084=ORIENTED_EDGE('',*,*,#3269,.F.);
#2085=ORIENTED_EDGE('',*,*,#3270,.T.);
#2086=ORIENTED_EDGE('',*,*,#3267,.T.);
#2087=ORIENTED_EDGE('',*,*,#2455,.F.);
#2088=ORIENTED_EDGE('',*,*,#3271,.F.);
#2089=ORIENTED_EDGE('',*,*,#3272,.T.);
#2090=ORIENTED_EDGE('',*,*,#3269,.T.);
#2091=ORIENTED_EDGE('',*,*,#2454,.F.);
#2092=ORIENTED_EDGE('',*,*,#3273,.F.);
#2093=ORIENTED_EDGE('',*,*,#3274,.T.);
#2094=ORIENTED_EDGE('',*,*,#3271,.T.);
#2095=ORIENTED_EDGE('',*,*,#2453,.F.);
#2096=ORIENTED_EDGE('',*,*,#3275,.F.);
#2097=ORIENTED_EDGE('',*,*,#3276,.T.);
#2098=ORIENTED_EDGE('',*,*,#3273,.T.);
#2099=ORIENTED_EDGE('',*,*,#2452,.F.);
#2100=ORIENTED_EDGE('',*,*,#3277,.F.);
#2101=ORIENTED_EDGE('',*,*,#3278,.T.);
#2102=ORIENTED_EDGE('',*,*,#3275,.T.);
#2103=ORIENTED_EDGE('',*,*,#2451,.F.);
#2104=ORIENTED_EDGE('',*,*,#3279,.F.);
#2105=ORIENTED_EDGE('',*,*,#3280,.T.);
#2106=ORIENTED_EDGE('',*,*,#3277,.T.);
#2107=ORIENTED_EDGE('',*,*,#2450,.F.);
#2108=ORIENTED_EDGE('',*,*,#3246,.F.);
#2109=ORIENTED_EDGE('',*,*,#3281,.T.);
#2110=ORIENTED_EDGE('',*,*,#3279,.T.);
#2111=ORIENTED_EDGE('',*,*,#3282,.F.);
#2112=ORIENTED_EDGE('',*,*,#3195,.F.);
#2113=ORIENTED_EDGE('',*,*,#3283,.T.);
#2114=ORIENTED_EDGE('',*,*,#3242,.T.);
#2115=ORIENTED_EDGE('',*,*,#3245,.F.);
#2116=ORIENTED_EDGE('',*,*,#3248,.F.);
#2117=ORIENTED_EDGE('',*,*,#3250,.F.);
#2118=ORIENTED_EDGE('',*,*,#3252,.F.);
#2119=ORIENTED_EDGE('',*,*,#3254,.F.);
#2120=ORIENTED_EDGE('',*,*,#3256,.F.);
#2121=ORIENTED_EDGE('',*,*,#3258,.F.);
#2122=ORIENTED_EDGE('',*,*,#3260,.F.);
#2123=ORIENTED_EDGE('',*,*,#3262,.F.);
#2124=ORIENTED_EDGE('',*,*,#3264,.F.);
#2125=ORIENTED_EDGE('',*,*,#3266,.F.);
#2126=ORIENTED_EDGE('',*,*,#3268,.F.);
#2127=ORIENTED_EDGE('',*,*,#3270,.F.);
#2128=ORIENTED_EDGE('',*,*,#3272,.F.);
#2129=ORIENTED_EDGE('',*,*,#3274,.F.);
#2130=ORIENTED_EDGE('',*,*,#3276,.F.);
#2131=ORIENTED_EDGE('',*,*,#3278,.F.);
#2132=ORIENTED_EDGE('',*,*,#3280,.F.);
#2133=ORIENTED_EDGE('',*,*,#3281,.F.);
#2134=ORIENTED_EDGE('',*,*,#3194,.F.);
#2135=ORIENTED_EDGE('',*,*,#3198,.F.);
#2136=ORIENTED_EDGE('',*,*,#3201,.F.);
#2137=ORIENTED_EDGE('',*,*,#3204,.F.);
#2138=ORIENTED_EDGE('',*,*,#3207,.F.);
#2139=ORIENTED_EDGE('',*,*,#3210,.F.);
#2140=ORIENTED_EDGE('',*,*,#3213,.F.);
#2141=ORIENTED_EDGE('',*,*,#3216,.F.);
#2142=ORIENTED_EDGE('',*,*,#3219,.F.);
#2143=ORIENTED_EDGE('',*,*,#3222,.F.);
#2144=ORIENTED_EDGE('',*,*,#3225,.F.);
#2145=ORIENTED_EDGE('',*,*,#3228,.F.);
#2146=ORIENTED_EDGE('',*,*,#3231,.F.);
#2147=ORIENTED_EDGE('',*,*,#3234,.F.);
#2148=ORIENTED_EDGE('',*,*,#3237,.F.);
#2149=ORIENTED_EDGE('',*,*,#3240,.F.);
#2150=ORIENTED_EDGE('',*,*,#3243,.F.);
#2151=ORIENTED_EDGE('',*,*,#3283,.F.);
#2152=ORIENTED_EDGE('',*,*,#3035,.T.);
#2153=ORIENTED_EDGE('',*,*,#3190,.T.);
#2154=ORIENTED_EDGE('',*,*,#3084,.T.);
#2155=ORIENTED_EDGE('',*,*,#3081,.T.);
#2156=ORIENTED_EDGE('',*,*,#3078,.T.);
#2157=ORIENTED_EDGE('',*,*,#3075,.T.);
#2158=ORIENTED_EDGE('',*,*,#3072,.T.);
#2159=ORIENTED_EDGE('',*,*,#3069,.T.);
#2160=ORIENTED_EDGE('',*,*,#3066,.T.);
#2161=ORIENTED_EDGE('',*,*,#3063,.T.);
#2162=ORIENTED_EDGE('',*,*,#3060,.T.);
#2163=ORIENTED_EDGE('',*,*,#3057,.T.);
#2164=ORIENTED_EDGE('',*,*,#3054,.T.);
#2165=ORIENTED_EDGE('',*,*,#3051,.T.);
#2166=ORIENTED_EDGE('',*,*,#3048,.T.);
#2167=ORIENTED_EDGE('',*,*,#3045,.T.);
#2168=ORIENTED_EDGE('',*,*,#3042,.T.);
#2169=ORIENTED_EDGE('',*,*,#3039,.T.);
#2170=ORIENTED_EDGE('',*,*,#3192,.T.);
#2171=ORIENTED_EDGE('',*,*,#3282,.T.);
#2172=ORIENTED_EDGE('',*,*,#3241,.T.);
#2173=ORIENTED_EDGE('',*,*,#3238,.T.);
#2174=ORIENTED_EDGE('',*,*,#3235,.T.);
#2175=ORIENTED_EDGE('',*,*,#3232,.T.);
#2176=ORIENTED_EDGE('',*,*,#3229,.T.);
#2177=ORIENTED_EDGE('',*,*,#3226,.T.);
#2178=ORIENTED_EDGE('',*,*,#3223,.T.);
#2179=ORIENTED_EDGE('',*,*,#3220,.T.);
#2180=ORIENTED_EDGE('',*,*,#3217,.T.);
#2181=ORIENTED_EDGE('',*,*,#3214,.T.);
#2182=ORIENTED_EDGE('',*,*,#3211,.T.);
#2183=ORIENTED_EDGE('',*,*,#3208,.T.);
#2184=ORIENTED_EDGE('',*,*,#3205,.T.);
#2185=ORIENTED_EDGE('',*,*,#3202,.T.);
#2186=ORIENTED_EDGE('',*,*,#3199,.T.);
#2187=ORIENTED_EDGE('',*,*,#3196,.T.);
#2188=ORIENTED_EDGE('',*,*,#2626,.F.);
#2189=ORIENTED_EDGE('',*,*,#2657,.F.);
#2190=ORIENTED_EDGE('',*,*,#2335,.F.);
#2191=ORIENTED_EDGE('',*,*,#2653,.F.);
#2192=ORIENTED_EDGE('',*,*,#2630,.F.);
#2193=ORIENTED_EDGE('',*,*,#2651,.F.);
#2194=ORIENTED_EDGE('',*,*,#2331,.F.);
#2195=ORIENTED_EDGE('',*,*,#2655,.F.);
#2196=ORIENTED_EDGE('',*,*,#2628,.F.);
#2197=ORIENTED_EDGE('',*,*,#2654,.F.);
#2198=ORIENTED_EDGE('',*,*,#2333,.F.);
#2199=ORIENTED_EDGE('',*,*,#2652,.F.);
#2200=ORIENTED_EDGE('',*,*,#2634,.F.);
#2201=ORIENTED_EDGE('',*,*,#2665,.F.);
#2202=ORIENTED_EDGE('',*,*,#2327,.F.);
#2203=ORIENTED_EDGE('',*,*,#2664,.F.);
#2204=ORIENTED_EDGE('',*,*,#2644,.F.);
#2205=ORIENTED_EDGE('',*,*,#2659,.F.);
#2206=ORIENTED_EDGE('',*,*,#2337,.F.);
#2207=ORIENTED_EDGE('',*,*,#2658,.F.);
#2208=ORIENTED_EDGE('',*,*,#2641,.F.);
#2209=ORIENTED_EDGE('',*,*,#2662,.F.);
#2210=ORIENTED_EDGE('',*,*,#2340,.F.);
#2211=ORIENTED_EDGE('',*,*,#2661,.F.);
#2212=ORIENTED_EDGE('',*,*,#2637,.F.);
#2213=ORIENTED_EDGE('',*,*,#2619,.F.);
#2214=ORIENTED_EDGE('',*,*,#2344,.F.);
#2215=ORIENTED_EDGE('',*,*,#2645,.F.);
#2216=ORIENTED_EDGE('',*,*,#2636,.F.);
#2217=ORIENTED_EDGE('',*,*,#2583,.F.);
#2218=ORIENTED_EDGE('',*,*,#2324,.F.);
#2219=ORIENTED_EDGE('',*,*,#2618,.F.);
#2220=ORIENTED_EDGE('',*,*,#2302,.F.);
#2221=ORIENTED_EDGE('',*,*,#3284,.T.);
#2222=ORIENTED_EDGE('',*,*,#3285,.T.);
#2223=ORIENTED_EDGE('',*,*,#3286,.T.);
#2224=ORIENTED_EDGE('',*,*,#2300,.T.);
#2225=ORIENTED_EDGE('',*,*,#3287,.T.);
#2226=ORIENTED_EDGE('',*,*,#3288,.F.);
#2227=ORIENTED_EDGE('',*,*,#3289,.T.);
#2228=ORIENTED_EDGE('',*,*,#2306,.T.);
#2229=ORIENTED_EDGE('',*,*,#3290,.T.);
#2230=ORIENTED_EDGE('',*,*,#3291,.F.);
#2231=ORIENTED_EDGE('',*,*,#3292,.T.);
#2232=ORIENTED_EDGE('',*,*,#3293,.T.);
#2233=ORIENTED_EDGE('',*,*,#3294,.T.);
#2234=ORIENTED_EDGE('',*,*,#2304,.F.);
#2235=ORIENTED_EDGE('',*,*,#3295,.T.);
#2236=ORIENTED_EDGE('',*,*,#3291,.T.);
#2237=ORIENTED_EDGE('',*,*,#3296,.T.);
#2238=ORIENTED_EDGE('',*,*,#3293,.F.);
#2239=ORIENTED_EDGE('',*,*,#3297,.T.);
#2240=ORIENTED_EDGE('',*,*,#3285,.F.);
#2241=ORIENTED_EDGE('',*,*,#3298,.T.);
#2242=ORIENTED_EDGE('',*,*,#3288,.T.);
#2243=ORIENTED_EDGE('',*,*,#3299,.T.);
#2244=ORIENTED_EDGE('',*,*,#3300,.T.);
#2245=ORIENTED_EDGE('',*,*,#3301,.T.);
#2246=ORIENTED_EDGE('',*,*,#2357,.F.);
#2247=ORIENTED_EDGE('',*,*,#3302,.T.);
#2248=ORIENTED_EDGE('',*,*,#3303,.F.);
#2249=ORIENTED_EDGE('',*,*,#3304,.T.);
#2250=ORIENTED_EDGE('',*,*,#2355,.T.);
#2251=ORIENTED_EDGE('',*,*,#3305,.T.);
#2252=ORIENTED_EDGE('',*,*,#2361,.T.);
#2253=ORIENTED_EDGE('',*,*,#3306,.T.);
#2254=ORIENTED_EDGE('',*,*,#3307,.F.);
#2255=ORIENTED_EDGE('',*,*,#3308,.T.);
#2256=ORIENTED_EDGE('',*,*,#2359,.F.);
#2257=ORIENTED_EDGE('',*,*,#3309,.T.);
#2258=ORIENTED_EDGE('',*,*,#3310,.T.);
#2259=ORIENTED_EDGE('',*,*,#3311,.T.);
#2260=ORIENTED_EDGE('',*,*,#3310,.F.);
#2261=ORIENTED_EDGE('',*,*,#3312,.T.);
#2262=ORIENTED_EDGE('',*,*,#3300,.F.);
#2263=ORIENTED_EDGE('',*,*,#3313,.T.);
#2264=ORIENTED_EDGE('',*,*,#3303,.T.);
#2265=ORIENTED_EDGE('',*,*,#3314,.T.);
#2266=ORIENTED_EDGE('',*,*,#3307,.T.);
#2267=ORIENTED_EDGE('',*,*,#3315,.T.);
#2268=ORIENTED_EDGE('',*,*,#3296,.F.);
#2269=ORIENTED_EDGE('',*,*,#3290,.F.);
#2270=ORIENTED_EDGE('',*,*,#2305,.F.);
#2271=ORIENTED_EDGE('',*,*,#3294,.F.);
#2272=ORIENTED_EDGE('',*,*,#3299,.F.);
#2273=ORIENTED_EDGE('',*,*,#3287,.F.);
#2274=ORIENTED_EDGE('',*,*,#2307,.F.);
#2275=ORIENTED_EDGE('',*,*,#3292,.F.);
#2276=ORIENTED_EDGE('',*,*,#3298,.F.);
#2277=ORIENTED_EDGE('',*,*,#3284,.F.);
#2278=ORIENTED_EDGE('',*,*,#2301,.F.);
#2279=ORIENTED_EDGE('',*,*,#3289,.F.);
#2280=ORIENTED_EDGE('',*,*,#3297,.F.);
#2281=ORIENTED_EDGE('',*,*,#3295,.F.);
#2282=ORIENTED_EDGE('',*,*,#2303,.F.);
#2283=ORIENTED_EDGE('',*,*,#3286,.F.);
#2284=ORIENTED_EDGE('',*,*,#3312,.F.);
#2285=ORIENTED_EDGE('',*,*,#3309,.F.);
#2286=ORIENTED_EDGE('',*,*,#2358,.F.);
#2287=ORIENTED_EDGE('',*,*,#3301,.F.);
#2288=ORIENTED_EDGE('',*,*,#3313,.F.);
#2289=ORIENTED_EDGE('',*,*,#3302,.F.);
#2290=ORIENTED_EDGE('',*,*,#2356,.F.);
#2291=ORIENTED_EDGE('',*,*,#3304,.F.);
#2292=ORIENTED_EDGE('',*,*,#3315,.F.);
#2293=ORIENTED_EDGE('',*,*,#3306,.F.);
#2294=ORIENTED_EDGE('',*,*,#2360,.F.);
#2295=ORIENTED_EDGE('',*,*,#3311,.F.);
#2296=ORIENTED_EDGE('',*,*,#3314,.F.);
#2297=ORIENTED_EDGE('',*,*,#3305,.F.);
#2298=ORIENTED_EDGE('',*,*,#2362,.F.);
#2299=ORIENTED_EDGE('',*,*,#3308,.F.);
#2300=EDGE_CURVE('',#3316,#3317,#4012,.T.);
#2301=EDGE_CURVE('',#3316,#3318,#118,.T.);
#2302=EDGE_CURVE('',#3318,#3319,#4013,.T.);
#2303=EDGE_CURVE('',#3319,#3320,#119,.T.);
#2304=EDGE_CURVE('',#3320,#3321,#4014,.T.);
#2305=EDGE_CURVE('',#3321,#3322,#120,.T.);
#2306=EDGE_CURVE('',#3323,#3322,#4015,.T.);
#2307=EDGE_CURVE('',#3323,#3317,#121,.T.);
#2308=EDGE_CURVE('',#3324,#3324,#122,.T.);
#2309=EDGE_CURVE('',#3325,#3325,#123,.T.);
#2310=EDGE_CURVE('',#3326,#3326,#124,.T.);
#2311=EDGE_CURVE('',#3327,#3327,#125,.T.);
#2312=EDGE_CURVE('',#3328,#3328,#126,.T.);
#2313=EDGE_CURVE('',#3329,#3329,#127,.T.);
#2314=EDGE_CURVE('',#3330,#3330,#128,.T.);
#2315=EDGE_CURVE('',#3331,#3331,#129,.T.);
#2316=EDGE_CURVE('',#3332,#3332,#130,.T.);
#2317=EDGE_CURVE('',#3333,#3333,#131,.T.);
#2318=EDGE_CURVE('',#3334,#3334,#132,.T.);
#2319=EDGE_CURVE('',#3335,#3335,#133,.T.);
#2320=EDGE_CURVE('',#3336,#3336,#134,.T.);
#2321=EDGE_CURVE('',#3337,#3337,#135,.T.);
#2322=EDGE_CURVE('',#3338,#3338,#136,.T.);
#2323=EDGE_CURVE('',#3339,#3340,#4016,.T.);
#2324=EDGE_CURVE('',#3340,#3341,#137,.T.);
#2325=EDGE_CURVE('',#3341,#3342,#4017,.T.);
#2326=EDGE_CURVE('',#3342,#3343,#4018,.T.);
#2327=EDGE_CURVE('',#3343,#3344,#138,.T.);
#2328=EDGE_CURVE('',#3344,#3345,#4019,.T.);
#2329=EDGE_CURVE('',#3345,#3346,#4020,.T.);
#2330=EDGE_CURVE('',#3346,#3347,#4021,.T.);
#2331=EDGE_CURVE('',#3347,#3348,#139,.T.);
#2332=EDGE_CURVE('',#3348,#3349,#4022,.T.);
#2333=EDGE_CURVE('',#3349,#3350,#140,.T.);
#2334=EDGE_CURVE('',#3351,#3350,#4023,.T.);
#2335=EDGE_CURVE('',#3351,#3352,#141,.T.);
#2336=EDGE_CURVE('',#3353,#3352,#4024,.T.);
#2337=EDGE_CURVE('',#3353,#3354,#142,.T.);
#2338=EDGE_CURVE('',#3354,#3355,#4025,.T.);
#2339=EDGE_CURVE('',#3356,#3355,#4026,.T.);
#2340=EDGE_CURVE('',#3356,#3357,#143,.T.);
#2341=EDGE_CURVE('',#3357,#3358,#4027,.T.);
#2342=EDGE_CURVE('',#3359,#3358,#4028,.T.);
#2343=EDGE_CURVE('',#3359,#3360,#4029,.T.);
#2344=EDGE_CURVE('',#3360,#3361,#144,.T.);
#2345=EDGE_CURVE('',#3362,#3361,#4030,.T.);
#2346=EDGE_CURVE('',#3363,#3362,#4031,.T.);
#2347=EDGE_CURVE('',#3363,#3364,#110,.T.);
#2348=EDGE_CURVE('',#3364,#3365,#4032,.T.);
#2349=EDGE_CURVE('',#3365,#3366,#111,.T.);
#2350=EDGE_CURVE('',#3367,#3366,#4033,.T.);
#2351=EDGE_CURVE('',#3367,#3368,#112,.T.);
#2352=EDGE_CURVE('',#3368,#3369,#4034,.T.);
#2353=EDGE_CURVE('',#3369,#3370,#113,.T.);
#2354=EDGE_CURVE('',#3339,#3370,#4035,.T.);
#2355=EDGE_CURVE('',#3371,#3372,#4036,.T.);
#2356=EDGE_CURVE('',#3371,#3373,#145,.T.);
#2357=EDGE_CURVE('',#3373,#3374,#4037,.T.);
#2358=EDGE_CURVE('',#3374,#3375,#146,.T.);
#2359=EDGE_CURVE('',#3375,#3376,#4038,.T.);
#2360=EDGE_CURVE('',#3376,#3377,#147,.T.);
#2361=EDGE_CURVE('',#3378,#3377,#4039,.T.);
#2362=EDGE_CURVE('',#3378,#3372,#148,.T.);
#2363=EDGE_CURVE('',#3379,#3380,#4040,.T.);
#2364=EDGE_CURVE('',#3380,#3381,#4041,.T.);
#2365=EDGE_CURVE('',#3381,#3382,#4042,.T.);
#2366=EDGE_CURVE('',#3382,#3383,#4043,.T.);
#2367=EDGE_CURVE('',#3383,#3384,#4044,.T.);
#2368=EDGE_CURVE('',#3384,#3385,#4045,.T.);
#2369=EDGE_CURVE('',#3385,#3386,#4046,.T.);
#2370=EDGE_CURVE('',#3386,#3387,#4047,.T.);
#2371=EDGE_CURVE('',#3387,#3388,#4048,.T.);
#2372=EDGE_CURVE('',#3388,#3389,#4049,.T.);
#2373=EDGE_CURVE('',#3389,#3390,#4050,.T.);
#2374=EDGE_CURVE('',#3390,#3391,#4051,.T.);
#2375=EDGE_CURVE('',#3391,#3392,#4052,.T.);
#2376=EDGE_CURVE('',#3392,#3393,#4053,.T.);
#2377=EDGE_CURVE('',#3393,#3394,#4054,.T.);
#2378=EDGE_CURVE('',#3394,#3395,#4055,.T.);
#2379=EDGE_CURVE('',#3395,#3396,#4056,.T.);
#2380=EDGE_CURVE('',#3396,#3397,#4057,.T.);
#2381=EDGE_CURVE('',#3397,#3398,#4058,.T.);
#2382=EDGE_CURVE('',#3398,#3399,#4059,.T.);
#2383=EDGE_CURVE('',#3399,#3400,#4060,.T.);
#2384=EDGE_CURVE('',#3400,#3401,#4061,.T.);
#2385=EDGE_CURVE('',#3401,#3379,#4062,.T.);
#2386=EDGE_CURVE('',#3402,#3403,#4063,.T.);
#2387=EDGE_CURVE('',#3403,#3404,#4064,.T.);
#2388=EDGE_CURVE('',#3404,#3405,#4065,.T.);
#2389=EDGE_CURVE('',#3405,#3406,#4066,.T.);
#2390=EDGE_CURVE('',#3406,#3407,#4067,.T.);
#2391=EDGE_CURVE('',#3407,#3408,#4068,.T.);
#2392=EDGE_CURVE('',#3408,#3409,#4069,.T.);
#2393=EDGE_CURVE('',#3409,#3410,#4070,.T.);
#2394=EDGE_CURVE('',#3410,#3411,#4071,.T.);
#2395=EDGE_CURVE('',#3411,#3412,#4072,.T.);
#2396=EDGE_CURVE('',#3412,#3413,#4073,.T.);
#2397=EDGE_CURVE('',#3413,#3414,#4074,.T.);
#2398=EDGE_CURVE('',#3414,#3415,#4075,.T.);
#2399=EDGE_CURVE('',#3415,#3416,#4076,.T.);
#2400=EDGE_CURVE('',#3416,#3417,#4077,.T.);
#2401=EDGE_CURVE('',#3417,#3418,#4078,.T.);
#2402=EDGE_CURVE('',#3418,#3419,#4079,.T.);
#2403=EDGE_CURVE('',#3419,#3420,#4080,.T.);
#2404=EDGE_CURVE('',#3420,#3421,#4081,.T.);
#2405=EDGE_CURVE('',#3421,#3422,#4082,.T.);
#2406=EDGE_CURVE('',#3422,#3423,#4083,.T.);
#2407=EDGE_CURVE('',#3423,#3424,#4084,.T.);
#2408=EDGE_CURVE('',#3424,#3425,#4085,.T.);
#2409=EDGE_CURVE('',#3425,#3426,#4086,.T.);
#2410=EDGE_CURVE('',#3426,#3427,#4087,.T.);
#2411=EDGE_CURVE('',#3427,#3428,#4088,.T.);
#2412=EDGE_CURVE('',#3428,#3429,#4089,.T.);
#2413=EDGE_CURVE('',#3429,#3430,#4090,.T.);
#2414=EDGE_CURVE('',#3430,#3402,#4091,.T.);
#2415=EDGE_CURVE('',#3431,#3432,#4092,.T.);
#2416=EDGE_CURVE('',#3433,#3431,#4093,.T.);
#2417=EDGE_CURVE('',#3433,#3434,#4094,.T.);
#2418=EDGE_CURVE('',#3432,#3434,#4095,.T.);
#2419=EDGE_CURVE('',#3435,#3436,#4096,.T.);
#2420=EDGE_CURVE('',#3436,#3437,#4097,.T.);
#2421=EDGE_CURVE('',#3437,#3438,#4098,.T.);
#2422=EDGE_CURVE('',#3438,#3439,#4099,.T.);
#2423=EDGE_CURVE('',#3439,#3440,#4100,.T.);
#2424=EDGE_CURVE('',#3440,#3441,#4101,.T.);
#2425=EDGE_CURVE('',#3441,#3442,#4102,.T.);
#2426=EDGE_CURVE('',#3442,#3443,#4103,.T.);
#2427=EDGE_CURVE('',#3443,#3444,#4104,.T.);
#2428=EDGE_CURVE('',#3444,#3445,#4105,.T.);
#2429=EDGE_CURVE('',#3445,#3446,#4106,.T.);
#2430=EDGE_CURVE('',#3446,#3447,#4107,.T.);
#2431=EDGE_CURVE('',#3447,#3448,#4108,.T.);
#2432=EDGE_CURVE('',#3448,#3449,#4109,.T.);
#2433=EDGE_CURVE('',#3449,#3450,#4110,.T.);
#2434=EDGE_CURVE('',#3450,#3451,#4111,.T.);
#2435=EDGE_CURVE('',#3451,#3452,#4112,.T.);
#2436=EDGE_CURVE('',#3452,#3453,#4113,.T.);
#2437=EDGE_CURVE('',#3453,#3454,#4114,.T.);
#2438=EDGE_CURVE('',#3454,#3455,#4115,.T.);
#2439=EDGE_CURVE('',#3455,#3456,#4116,.T.);
#2440=EDGE_CURVE('',#3456,#3457,#4117,.T.);
#2441=EDGE_CURVE('',#3457,#3458,#4118,.T.);
#2442=EDGE_CURVE('',#3458,#3459,#4119,.T.);
#2443=EDGE_CURVE('',#3459,#3460,#4120,.T.);
#2444=EDGE_CURVE('',#3460,#3461,#4121,.T.);
#2445=EDGE_CURVE('',#3461,#3462,#4122,.T.);
#2446=EDGE_CURVE('',#3462,#3463,#4123,.T.);
#2447=EDGE_CURVE('',#3463,#3464,#4124,.T.);
#2448=EDGE_CURVE('',#3464,#3435,#4125,.T.);
#2449=EDGE_CURVE('',#3465,#3466,#4126,.T.);
#2450=EDGE_CURVE('',#3466,#3467,#4127,.T.);
#2451=EDGE_CURVE('',#3467,#3468,#4128,.T.);
#2452=EDGE_CURVE('',#3468,#3469,#4129,.T.);
#2453=EDGE_CURVE('',#3469,#3470,#4130,.T.);
#2454=EDGE_CURVE('',#3470,#3471,#4131,.T.);
#2455=EDGE_CURVE('',#3471,#3472,#4132,.T.);
#2456=EDGE_CURVE('',#3472,#3473,#4133,.T.);
#2457=EDGE_CURVE('',#3473,#3474,#4134,.T.);
#2458=EDGE_CURVE('',#3474,#3475,#4135,.T.);
#2459=EDGE_CURVE('',#3475,#3476,#4136,.T.);
#2460=EDGE_CURVE('',#3476,#3477,#4137,.T.);
#2461=EDGE_CURVE('',#3477,#3478,#4138,.T.);
#2462=EDGE_CURVE('',#3478,#3479,#4139,.T.);
#2463=EDGE_CURVE('',#3479,#3480,#4140,.T.);
#2464=EDGE_CURVE('',#3480,#3481,#4141,.T.);
#2465=EDGE_CURVE('',#3481,#3482,#4142,.T.);
#2466=EDGE_CURVE('',#3482,#3483,#4143,.T.);
#2467=EDGE_CURVE('',#3483,#3465,#4144,.T.);
#2468=EDGE_CURVE('',#3484,#3484,#100,.T.);
#2469=EDGE_CURVE('',#3485,#3486,#4145,.T.);
#2470=EDGE_CURVE('',#3486,#3487,#4146,.T.);
#2471=EDGE_CURVE('',#3488,#3487,#4147,.T.);
#2472=EDGE_CURVE('',#3485,#3488,#4148,.T.);
#2473=EDGE_CURVE('',#3489,#3489,#101,.T.);
#2474=EDGE_CURVE('',#3490,#3490,#102,.T.);
#2475=EDGE_CURVE('',#3491,#3491,#103,.T.);
#2476=EDGE_CURVE('',#3492,#3492,#104,.T.);
#2477=EDGE_CURVE('',#3493,#3494,#4149,.T.);
#2478=EDGE_CURVE('',#3494,#3495,#149,.T.);
#2479=EDGE_CURVE('',#3495,#3496,#4150,.T.);
#2480=EDGE_CURVE('',#3496,#3493,#150,.T.);
#2481=EDGE_CURVE('',#3497,#3498,#4151,.T.);
#2482=EDGE_CURVE('',#3498,#3499,#151,.T.);
#2483=EDGE_CURVE('',#3499,#3500,#4152,.T.);
#2484=EDGE_CURVE('',#3500,#3497,#152,.T.);
#2485=EDGE_CURVE('',#3501,#3502,#153,.T.);
#2486=EDGE_CURVE('',#3501,#3503,#4153,.T.);
#2487=EDGE_CURVE('',#3503,#3504,#4154,.T.);
#2488=EDGE_CURVE('',#3505,#3504,#154,.T.);
#2489=EDGE_CURVE('',#3506,#3505,#4155,.T.);
#2490=EDGE_CURVE('',#3507,#3506,#155,.T.);
#2491=EDGE_CURVE('',#3507,#3508,#4156,.T.);
#2492=EDGE_CURVE('',#3508,#3509,#4157,.T.);
#2493=EDGE_CURVE('',#3509,#3510,#114,.T.);
#2494=EDGE_CURVE('',#3511,#3510,#4158,.T.);
#2495=EDGE_CURVE('',#3511,#3512,#115,.T.);
#2496=EDGE_CURVE('',#3512,#3513,#4159,.T.);
#2497=EDGE_CURVE('',#3514,#3513,#4160,.T.);
#2498=EDGE_CURVE('',#3515,#3514,#156,.T.);
#2499=EDGE_CURVE('',#3515,#3516,#4161,.T.);
#2500=EDGE_CURVE('',#3517,#3516,#157,.T.);
#2501=EDGE_CURVE('',#3518,#3517,#4162,.T.);
#2502=EDGE_CURVE('',#3518,#3519,#4163,.T.);
#2503=EDGE_CURVE('',#3520,#3519,#158,.T.);
#2504=EDGE_CURVE('',#3520,#3521,#4164,.T.);
#2505=EDGE_CURVE('',#3522,#3521,#4165,.T.);
#2506=EDGE_CURVE('',#3523,#3522,#4166,.T.);
#2507=EDGE_CURVE('',#3523,#3524,#4167,.T.);
#2508=EDGE_CURVE('',#3524,#3502,#4168,.T.);
#2509=EDGE_CURVE('',#3525,#3526,#4169,.T.);
#2510=EDGE_CURVE('',#3526,#3527,#4170,.T.);
#2511=EDGE_CURVE('',#3528,#3527,#4171,.T.);
#2512=EDGE_CURVE('',#3525,#3528,#4172,.T.);
#2513=EDGE_CURVE('',#3529,#3530,#4173,.T.);
#2514=EDGE_CURVE('',#3531,#3530,#159,.T.);
#2515=EDGE_CURVE('',#3531,#3532,#4174,.T.);
#2516=EDGE_CURVE('',#3533,#3532,#160,.T.);
#2517=EDGE_CURVE('',#3534,#3533,#4175,.T.);
#2518=EDGE_CURVE('',#3529,#3534,#4176,.T.);
#2519=EDGE_CURVE('',#3535,#3536,#4177,.T.);
#2520=EDGE_CURVE('',#3536,#3537,#161,.T.);
#2521=EDGE_CURVE('',#3537,#3538,#4178,.T.);
#2522=EDGE_CURVE('',#3538,#3535,#162,.T.);
#2523=EDGE_CURVE('',#3539,#3540,#4179,.T.);
#2524=EDGE_CURVE('',#3540,#3541,#163,.T.);
#2525=EDGE_CURVE('',#3541,#3542,#4180,.T.);
#2526=EDGE_CURVE('',#3542,#3539,#164,.T.);
#2527=EDGE_CURVE('',#3543,#3543,#105,.T.);
#2528=EDGE_CURVE('',#3544,#3544,#106,.T.);
#2529=EDGE_CURVE('',#3545,#3545,#107,.T.);
#2530=EDGE_CURVE('',#3546,#3546,#108,.T.);
#2531=EDGE_CURVE('',#3547,#3548,#4181,.T.);
#2532=EDGE_CURVE('',#3549,#3548,#4182,.T.);
#2533=EDGE_CURVE('',#3550,#3549,#165,.T.);
#2534=EDGE_CURVE('',#3551,#3550,#4183,.T.);
#2535=EDGE_CURVE('',#3552,#3551,#166,.T.);
#2536=EDGE_CURVE('',#3552,#3547,#4184,.T.);
#2537=EDGE_CURVE('',#3553,#3554,#4185,.T.);
#2538=EDGE_CURVE('',#3554,#3555,#4186,.T.);
#2539=EDGE_CURVE('',#3556,#3555,#4187,.T.);
#2540=EDGE_CURVE('',#3553,#3556,#4188,.T.);
#2541=EDGE_CURVE('',#3557,#3558,#4189,.T.);
#2542=EDGE_CURVE('',#3558,#3559,#167,.T.);
#2543=EDGE_CURVE('',#3560,#3559,#4190,.T.);
#2544=EDGE_CURVE('',#3560,#3561,#4191,.T.);
#2545=EDGE_CURVE('',#3561,#3562,#4192,.T.);
#2546=EDGE_CURVE('',#3563,#3562,#4193,.T.);
#2547=EDGE_CURVE('',#3564,#3563,#4194,.T.);
#2548=EDGE_CURVE('',#3564,#3565,#168,.T.);
#2549=EDGE_CURVE('',#3565,#3566,#4195,.T.);
#2550=EDGE_CURVE('',#3566,#3567,#116,.T.);
#2551=EDGE_CURVE('',#3568,#3567,#4196,.T.);
#2552=EDGE_CURVE('',#3568,#3557,#117,.T.);
#2553=EDGE_CURVE('',#3569,#3570,#4197,.T.);
#2554=EDGE_CURVE('',#3569,#3571,#4198,.T.);
#2555=EDGE_CURVE('',#3571,#3572,#4199,.T.);
#2556=EDGE_CURVE('',#3570,#3572,#4200,.T.);
#2557=EDGE_CURVE('',#3573,#3574,#4201,.T.);
#2558=EDGE_CURVE('',#3574,#3575,#4202,.T.);
#2559=EDGE_CURVE('',#3575,#3576,#4203,.T.);
#2560=EDGE_CURVE('',#3573,#3576,#4204,.T.);
#2561=EDGE_CURVE('',#3577,#3578,#4205,.T.);
#2562=EDGE_CURVE('',#3577,#3519,#4206,.T.);
#2563=EDGE_CURVE('',#3579,#3518,#4207,.T.);
#2564=EDGE_CURVE('',#3580,#3579,#4208,.T.);
#2565=EDGE_CURVE('',#3580,#3572,#4209,.T.);
#2566=EDGE_CURVE('',#3581,#3571,#4210,.T.);
#2567=EDGE_CURVE('',#3582,#3581,#4211,.T.);
#2568=EDGE_CURVE('',#3582,#3513,#4212,.T.);
#2569=EDGE_CURVE('',#3512,#3369,#4213,.T.);
#2570=EDGE_CURVE('',#3566,#3368,#4214,.T.);
#2571=EDGE_CURVE('',#3578,#3565,#4215,.T.);
#2572=EDGE_CURVE('',#3583,#3584,#4216,.T.);
#2573=EDGE_CURVE('',#3583,#3558,#4217,.T.);
#2574=EDGE_CURVE('',#3557,#3365,#4218,.T.);
#2575=EDGE_CURVE('',#3509,#3364,#4219,.T.);
#2576=EDGE_CURVE('',#3585,#3508,#4220,.T.);
#2577=EDGE_CURVE('',#3586,#3585,#4221,.T.);
#2578=EDGE_CURVE('',#3586,#3576,#4222,.T.);
#2579=EDGE_CURVE('',#3587,#3575,#4223,.T.);
#2580=EDGE_CURVE('',#3588,#3587,#4224,.T.);
#2581=EDGE_CURVE('',#3588,#3503,#4225,.T.);
#2582=EDGE_CURVE('',#3584,#3501,#4226,.T.);
#2583=EDGE_CURVE('',#3341,#3589,#4227,.F.);
#2584=EDGE_CURVE('',#3589,#3590,#4228,.T.);
#2585=EDGE_CURVE('',#3590,#3342,#4229,.T.);
#2586=EDGE_CURVE('',#3339,#3591,#4230,.T.);
#2587=EDGE_CURVE('',#3511,#3370,#4231,.T.);
#2588=EDGE_CURVE('',#3510,#3363,#4232,.T.);
#2589=EDGE_CURVE('',#3362,#3592,#4233,.T.);
#2590=EDGE_CURVE('',#3591,#3592,#4234,.T.);
#2591=EDGE_CURVE('',#3568,#3366,#4235,.T.);
#2592=EDGE_CURVE('',#3567,#3367,#4236,.T.);
#2593=EDGE_CURVE('',#3593,#3593,#169,.T.);
#2594=EDGE_CURVE('',#3594,#3594,#170,.T.);
#2595=EDGE_CURVE('',#3595,#3595,#171,.T.);
#2596=EDGE_CURVE('',#3596,#3596,#172,.T.);
#2597=EDGE_CURVE('',#3597,#3597,#173,.T.);
#2598=EDGE_CURVE('',#3598,#3598,#174,.T.);
#2599=EDGE_CURVE('',#3599,#3599,#175,.T.);
#2600=EDGE_CURVE('',#3600,#3600,#176,.T.);
#2601=EDGE_CURVE('',#3601,#3601,#177,.T.);
#2602=EDGE_CURVE('',#3602,#3602,#178,.T.);
#2603=EDGE_CURVE('',#3603,#3603,#179,.T.);
#2604=EDGE_CURVE('',#3604,#3604,#180,.T.);
#2605=EDGE_CURVE('',#3605,#3605,#181,.T.);
#2606=EDGE_CURVE('',#3606,#3606,#182,.T.);
#2607=EDGE_CURVE('',#3607,#3607,#183,.T.);
#2608=EDGE_CURVE('',#3608,#3608,#184,.T.);
#2609=EDGE_CURVE('',#3609,#3609,#185,.T.);
#2610=EDGE_CURVE('',#3610,#3610,#186,.T.);
#2611=EDGE_CURVE('',#3611,#3611,#187,.T.);
#2612=EDGE_CURVE('',#3612,#3612,#188,.T.);
#2613=EDGE_CURVE('',#3613,#3613,#189,.T.);
#2614=EDGE_CURVE('',#3614,#3614,#190,.T.);
#2615=EDGE_CURVE('',#3615,#3615,#191,.T.);
#2616=EDGE_CURVE('',#3616,#3616,#192,.T.);
#2617=EDGE_CURVE('',#3591,#3617,#4237,.T.);
#2618=EDGE_CURVE('',#3617,#3340,#4238,.T.);
#2619=EDGE_CURVE('',#3361,#3618,#4239,.F.);
#2620=EDGE_CURVE('',#3592,#3618,#4240,.T.);
#2621=EDGE_CURVE('',#3619,#3619,#193,.T.);
#2622=EDGE_CURVE('',#3620,#3620,#194,.T.);
#2623=EDGE_CURVE('',#3621,#3621,#195,.T.);
#2624=EDGE_CURVE('',#3622,#3622,#196,.T.);
#2625=EDGE_CURVE('',#3623,#3624,#4241,.T.);
#2626=EDGE_CURVE('',#3623,#3625,#197,.T.);
#2627=EDGE_CURVE('',#3626,#3625,#4242,.T.);
#2628=EDGE_CURVE('',#3626,#3627,#198,.T.);
#2629=EDGE_CURVE('',#3627,#3628,#4243,.T.);
#2630=EDGE_CURVE('',#3628,#3629,#199,.T.);
#2631=EDGE_CURVE('',#3629,#3630,#4244,.T.);
#2632=EDGE_CURVE('',#3630,#3631,#4245,.T.);
#2633=EDGE_CURVE('',#3631,#3632,#4246,.T.);
#2634=EDGE_CURVE('',#3632,#3633,#200,.T.);
#2635=EDGE_CURVE('',#3633,#3590,#4247,.T.);
#2636=EDGE_CURVE('',#3589,#3617,#201,.T.);
#2637=EDGE_CURVE('',#3618,#3634,#202,.T.);
#2638=EDGE_CURVE('',#3635,#3634,#4248,.T.);
#2639=EDGE_CURVE('',#3636,#3635,#4249,.T.);
#2640=EDGE_CURVE('',#3636,#3637,#4250,.T.);
#2641=EDGE_CURVE('',#3637,#3638,#203,.T.);
#2642=EDGE_CURVE('',#3639,#3638,#4251,.T.);
#2643=EDGE_CURVE('',#3639,#3640,#4252,.T.);
#2644=EDGE_CURVE('',#3640,#3624,#204,.T.);
#2645=EDGE_CURVE('',#3634,#3360,#4253,.T.);
#2646=EDGE_CURVE('',#3635,#3359,#4254,.T.);
#2647=EDGE_CURVE('',#3641,#3641,#205,.T.);
#2648=EDGE_CURVE('',#3642,#3642,#206,.T.);
#2649=EDGE_CURVE('',#3643,#3643,#207,.T.);
#2650=EDGE_CURVE('',#3644,#3644,#208,.T.);
#2651=EDGE_CURVE('',#3348,#3628,#4255,.F.);
#2652=EDGE_CURVE('',#3627,#3349,#4256,.T.);
#2653=EDGE_CURVE('',#3625,#3351,#4257,.T.);
#2654=EDGE_CURVE('',#3350,#3626,#4258,.F.);
#2655=EDGE_CURVE('',#3629,#3347,#4259,.T.);
#2656=EDGE_CURVE('',#3630,#3346,#4260,.T.);
#2657=EDGE_CURVE('',#3352,#3623,#4261,.F.);
#2658=EDGE_CURVE('',#3624,#3353,#4262,.T.);
#2659=EDGE_CURVE('',#3354,#3640,#4263,.F.);
#2660=EDGE_CURVE('',#3639,#3355,#4264,.T.);
#2661=EDGE_CURVE('',#3638,#3356,#4265,.T.);
#2662=EDGE_CURVE('',#3357,#3637,#4266,.F.);
#2663=EDGE_CURVE('',#3636,#3358,#4267,.T.);
#2664=EDGE_CURVE('',#3633,#3343,#4268,.T.);
#2665=EDGE_CURVE('',#3344,#3632,#4269,.F.);
#2666=EDGE_CURVE('',#3631,#3345,#4270,.T.);
#2667=EDGE_CURVE('',#3645,#3645,#209,.F.);
#2668=EDGE_CURVE('',#3646,#3646,#210,.F.);
#2669=EDGE_CURVE('',#3647,#3647,#211,.F.);
#2670=EDGE_CURVE('',#3648,#3648,#212,.F.);
#2671=EDGE_CURVE('',#3649,#3649,#213,.F.);
#2672=EDGE_CURVE('',#3650,#3650,#214,.F.);
#2673=EDGE_CURVE('',#3651,#3651,#215,.F.);
#2674=EDGE_CURVE('',#3652,#3652,#216,.T.);
#2675=EDGE_CURVE('',#3653,#3653,#217,.T.);
#2676=EDGE_CURVE('',#3654,#3654,#218,.T.);
#2677=EDGE_CURVE('',#3655,#3655,#219,.T.);
#2678=EDGE_CURVE('',#3656,#3656,#220,.T.);
#2679=EDGE_CURVE('',#3657,#3657,#221,.T.);
#2680=EDGE_CURVE('',#3658,#3658,#222,.T.);
#2681=EDGE_CURVE('',#3659,#3659,#223,.T.);
#2682=EDGE_CURVE('',#3660,#3661,#4271,.T.);
#2683=EDGE_CURVE('',#3661,#3662,#4272,.T.);
#2684=EDGE_CURVE('',#3663,#3662,#4273,.T.);
#2685=EDGE_CURVE('',#3660,#3663,#4274,.T.);
#2686=EDGE_CURVE('',#3662,#3664,#224,.F.);
#2687=EDGE_CURVE('',#3665,#3664,#4275,.T.);
#2688=EDGE_CURVE('',#3663,#3665,#225,.T.);
#2689=EDGE_CURVE('',#3664,#3666,#4276,.T.);
#2690=EDGE_CURVE('',#3667,#3666,#4277,.T.);
#2691=EDGE_CURVE('',#3667,#3665,#4278,.T.);
#2692=EDGE_CURVE('',#3666,#3661,#226,.F.);
#2693=EDGE_CURVE('',#3667,#3660,#227,.T.);
#2694=EDGE_CURVE('',#3668,#3669,#4279,.T.);
#2695=EDGE_CURVE('',#3669,#3670,#228,.F.);
#2696=EDGE_CURVE('',#3671,#3670,#4280,.T.);
#2697=EDGE_CURVE('',#3668,#3671,#229,.T.);
#2698=EDGE_CURVE('',#3670,#3672,#4281,.T.);
#2699=EDGE_CURVE('',#3673,#3672,#4282,.T.);
#2700=EDGE_CURVE('',#3671,#3673,#4283,.T.);
#2701=EDGE_CURVE('',#3672,#3674,#230,.F.);
#2702=EDGE_CURVE('',#3675,#3674,#4284,.T.);
#2703=EDGE_CURVE('',#3673,#3675,#231,.T.);
#2704=EDGE_CURVE('',#3674,#3669,#4285,.T.);
#2705=EDGE_CURVE('',#3668,#3675,#4286,.T.);
#2706=EDGE_CURVE('',#3676,#3677,#4287,.T.);
#2707=EDGE_CURVE('',#3677,#3678,#4288,.T.);
#2708=EDGE_CURVE('',#3679,#3678,#4289,.T.);
#2709=EDGE_CURVE('',#3676,#3679,#4290,.T.);
#2710=EDGE_CURVE('',#3678,#3680,#232,.F.);
#2711=EDGE_CURVE('',#3681,#3680,#4291,.T.);
#2712=EDGE_CURVE('',#3679,#3681,#233,.T.);
#2713=EDGE_CURVE('',#3680,#3682,#4292,.T.);
#2714=EDGE_CURVE('',#3683,#3682,#4293,.T.);
#2715=EDGE_CURVE('',#3683,#3681,#4294,.T.);
#2716=EDGE_CURVE('',#3682,#3677,#234,.F.);
#2717=EDGE_CURVE('',#3683,#3676,#235,.T.);
#2718=EDGE_CURVE('',#3684,#3685,#4295,.T.);
#2719=EDGE_CURVE('',#3685,#3686,#4296,.T.);
#2720=EDGE_CURVE('',#3687,#3686,#4297,.T.);
#2721=EDGE_CURVE('',#3684,#3687,#4298,.T.);
#2722=EDGE_CURVE('',#3686,#3688,#236,.F.);
#2723=EDGE_CURVE('',#3689,#3688,#4299,.T.);
#2724=EDGE_CURVE('',#3687,#3689,#237,.T.);
#2725=EDGE_CURVE('',#3688,#3690,#4300,.T.);
#2726=EDGE_CURVE('',#3691,#3690,#4301,.T.);
#2727=EDGE_CURVE('',#3691,#3689,#4302,.T.);
#2728=EDGE_CURVE('',#3690,#3685,#238,.F.);
#2729=EDGE_CURVE('',#3691,#3684,#239,.T.);
#2730=EDGE_CURVE('',#3539,#3662,#4303,.T.);
#2731=EDGE_CURVE('',#3664,#3542,#4304,.T.);
#2732=EDGE_CURVE('',#3666,#3541,#4305,.T.);
#2733=EDGE_CURVE('',#3540,#3661,#4306,.T.);
#2734=EDGE_CURVE('',#3493,#3686,#4307,.T.);
#2735=EDGE_CURVE('',#3688,#3496,#4308,.T.);
#2736=EDGE_CURVE('',#3690,#3495,#4309,.T.);
#2737=EDGE_CURVE('',#3494,#3685,#4310,.T.);
#2738=EDGE_CURVE('',#3535,#3669,#4311,.T.);
#2739=EDGE_CURVE('',#3670,#3538,#4312,.T.);
#2740=EDGE_CURVE('',#3672,#3537,#4313,.T.);
#2741=EDGE_CURVE('',#3536,#3674,#4314,.T.);
#2742=EDGE_CURVE('',#3497,#3678,#4315,.T.);
#2743=EDGE_CURVE('',#3680,#3500,#4316,.T.);
#2744=EDGE_CURVE('',#3682,#3499,#4317,.T.);
#2745=EDGE_CURVE('',#3498,#3677,#4318,.T.);
#2746=EDGE_CURVE('',#3692,#3506,#4319,.T.);
#2747=EDGE_CURVE('',#3693,#3692,#240,.T.);
#2748=EDGE_CURVE('',#3693,#3507,#4320,.T.);
#2749=EDGE_CURVE('',#3694,#3505,#4321,.T.);
#2750=EDGE_CURVE('',#3692,#3694,#4322,.T.);
#2751=EDGE_CURVE('',#3695,#3504,#4323,.T.);
#2752=EDGE_CURVE('',#3694,#3695,#241,.T.);
#2753=EDGE_CURVE('',#3588,#3695,#4324,.T.);
#2754=EDGE_CURVE('',#3696,#3574,#4325,.T.);
#2755=EDGE_CURVE('',#3696,#3587,#4326,.T.);
#2756=EDGE_CURVE('',#3697,#3573,#4327,.T.);
#2757=EDGE_CURVE('',#3697,#3696,#4328,.T.);
#2758=EDGE_CURVE('',#3697,#3586,#4329,.T.);
#2759=EDGE_CURVE('',#3698,#3699,#4330,.T.);
#2760=EDGE_CURVE('',#3700,#3698,#4331,.T.);
#2761=EDGE_CURVE('',#3700,#3701,#4332,.T.);
#2762=EDGE_CURVE('',#3701,#3699,#4333,.T.);
#2763=EDGE_CURVE('',#3702,#3698,#242,.T.);
#2764=EDGE_CURVE('',#3703,#3702,#4334,.T.);
#2765=EDGE_CURVE('',#3703,#3700,#243,.T.);
#2766=EDGE_CURVE('',#3704,#3702,#4335,.T.);
#2767=EDGE_CURVE('',#3705,#3704,#4336,.T.);
#2768=EDGE_CURVE('',#3705,#3703,#4337,.T.);
#2769=EDGE_CURVE('',#3704,#3706,#4338,.T.);
#2770=EDGE_CURVE('',#3707,#3706,#4339,.T.);
#2771=EDGE_CURVE('',#3705,#3707,#4340,.T.);
#2772=EDGE_CURVE('',#3706,#3708,#4341,.T.);
#2773=EDGE_CURVE('',#3709,#3708,#4342,.T.);
#2774=EDGE_CURVE('',#3707,#3709,#4343,.T.);
#2775=EDGE_CURVE('',#3699,#3708,#244,.T.);
#2776=EDGE_CURVE('',#3701,#3709,#245,.T.);
#2777=EDGE_CURVE('',#3693,#3585,#4344,.T.);
#2778=EDGE_CURVE('',#3710,#3431,#4345,.T.);
#2779=EDGE_CURVE('',#3711,#3710,#4346,.T.);
#2780=EDGE_CURVE('',#3711,#3433,#4347,.T.);
#2781=EDGE_CURVE('',#3712,#3432,#4348,.T.);
#2782=EDGE_CURVE('',#3710,#3712,#4349,.T.);
#2783=EDGE_CURVE('',#3713,#3434,#4350,.T.);
#2784=EDGE_CURVE('',#3712,#3713,#4351,.T.);
#2785=EDGE_CURVE('',#3714,#3560,#4352,.T.);
#2786=EDGE_CURVE('',#3714,#3715,#4353,.T.);
#2787=EDGE_CURVE('',#3715,#3561,#4354,.T.);
#2788=EDGE_CURVE('',#3716,#3559,#4355,.T.);
#2789=EDGE_CURVE('',#3714,#3716,#4356,.T.);
#2790=EDGE_CURVE('',#3583,#3716,#246,.T.);
#2791=EDGE_CURVE('',#3717,#3502,#4357,.T.);
#2792=EDGE_CURVE('',#3584,#3717,#247,.T.);
#2793=EDGE_CURVE('',#3718,#3524,#4358,.T.);
#2794=EDGE_CURVE('',#3718,#3717,#4359,.T.);
#2795=EDGE_CURVE('',#3719,#3523,#4360,.T.);
#2796=EDGE_CURVE('',#3719,#3718,#4361,.T.);
#2797=EDGE_CURVE('',#3720,#3522,#4362,.T.);
#2798=EDGE_CURVE('',#3719,#3720,#4363,.T.);
#2799=EDGE_CURVE('',#3721,#3521,#4364,.T.);
#2800=EDGE_CURVE('',#3720,#3721,#4365,.T.);
#2801=EDGE_CURVE('',#3722,#3520,#4366,.T.);
#2802=EDGE_CURVE('',#3722,#3721,#4367,.T.);
#2803=EDGE_CURVE('',#3722,#3577,#248,.T.);
#2804=EDGE_CURVE('',#3723,#3564,#4368,.T.);
#2805=EDGE_CURVE('',#3723,#3578,#249,.T.);
#2806=EDGE_CURVE('',#3724,#3563,#4369,.T.);
#2807=EDGE_CURVE('',#3723,#3724,#4370,.T.);
#2808=EDGE_CURVE('',#3725,#3562,#4371,.T.);
#2809=EDGE_CURVE('',#3724,#3725,#4372,.T.);
#2810=EDGE_CURVE('',#3715,#3725,#4373,.T.);
#2811=EDGE_CURVE('',#3711,#3713,#4374,.T.);
#2812=EDGE_CURVE('',#3726,#3517,#4375,.T.);
#2813=EDGE_CURVE('',#3579,#3726,#4376,.T.);
#2814=EDGE_CURVE('',#3727,#3516,#4377,.T.);
#2815=EDGE_CURVE('',#3726,#3727,#250,.T.);
#2816=EDGE_CURVE('',#3728,#3515,#4378,.T.);
#2817=EDGE_CURVE('',#3728,#3727,#4379,.T.);
#2818=EDGE_CURVE('',#3729,#3514,#4380,.T.);
#2819=EDGE_CURVE('',#3728,#3729,#251,.T.);
#2820=EDGE_CURVE('',#3729,#3582,#4381,.T.);
#2821=EDGE_CURVE('',#3730,#3569,#4382,.T.);
#2822=EDGE_CURVE('',#3730,#3581,#4383,.T.);
#2823=EDGE_CURVE('',#3731,#3570,#4384,.T.);
#2824=EDGE_CURVE('',#3730,#3731,#4385,.T.);
#2825=EDGE_CURVE('',#3731,#3580,#4386,.T.);
#2826=EDGE_CURVE('',#3732,#3733,#252,.T.);
#2827=EDGE_CURVE('',#3734,#3732,#4387,.T.);
#2828=EDGE_CURVE('',#3734,#3735,#253,.T.);
#2829=EDGE_CURVE('',#3735,#3733,#4388,.T.);
#2830=EDGE_CURVE('',#3736,#3732,#4389,.T.);
#2831=EDGE_CURVE('',#3737,#3736,#4390,.T.);
#2832=EDGE_CURVE('',#3737,#3734,#4391,.T.);
#2833=EDGE_CURVE('',#3738,#3736,#4392,.T.);
#2834=EDGE_CURVE('',#3739,#3738,#4393,.T.);
#2835=EDGE_CURVE('',#3739,#3737,#4394,.T.);
#2836=EDGE_CURVE('',#3738,#3740,#4395,.T.);
#2837=EDGE_CURVE('',#3741,#3740,#4396,.T.);
#2838=EDGE_CURVE('',#3739,#3741,#4397,.T.);
#2839=EDGE_CURVE('',#3742,#3740,#254,.T.);
#2840=EDGE_CURVE('',#3743,#3742,#4398,.T.);
#2841=EDGE_CURVE('',#3743,#3741,#255,.T.);
#2842=EDGE_CURVE('',#3742,#3733,#4399,.T.);
#2843=EDGE_CURVE('',#3743,#3735,#4400,.T.);
#2844=EDGE_CURVE('',#3744,#3529,#4401,.T.);
#2845=EDGE_CURVE('',#3744,#3745,#4402,.T.);
#2846=EDGE_CURVE('',#3745,#3530,#4403,.T.);
#2847=EDGE_CURVE('',#3746,#3534,#4404,.T.);
#2848=EDGE_CURVE('',#3744,#3746,#4405,.T.);
#2849=EDGE_CURVE('',#3747,#3533,#4406,.T.);
#2850=EDGE_CURVE('',#3746,#3747,#4407,.T.);
#2851=EDGE_CURVE('',#3748,#3532,#4408,.T.);
#2852=EDGE_CURVE('',#3747,#3748,#256,.T.);
#2853=EDGE_CURVE('',#3749,#3531,#4409,.T.);
#2854=EDGE_CURVE('',#3749,#3748,#4410,.T.);
#2855=EDGE_CURVE('',#3749,#3745,#257,.T.);
#2856=EDGE_CURVE('',#3750,#3547,#4411,.T.);
#2857=EDGE_CURVE('',#3750,#3751,#4412,.T.);
#2858=EDGE_CURVE('',#3751,#3548,#4413,.T.);
#2859=EDGE_CURVE('',#3752,#3552,#4414,.T.);
#2860=EDGE_CURVE('',#3752,#3750,#4415,.T.);
#2861=EDGE_CURVE('',#3753,#3551,#4416,.T.);
#2862=EDGE_CURVE('',#3752,#3753,#258,.T.);
#2863=EDGE_CURVE('',#3754,#3550,#4417,.T.);
#2864=EDGE_CURVE('',#3753,#3754,#4418,.T.);
#2865=EDGE_CURVE('',#3755,#3549,#4419,.T.);
#2866=EDGE_CURVE('',#3754,#3755,#259,.T.);
#2867=EDGE_CURVE('',#3755,#3751,#4420,.T.);
#2868=EDGE_CURVE('',#3756,#3757,#4421,.T.);
#2869=EDGE_CURVE('',#3758,#3756,#4422,.T.);
#2870=EDGE_CURVE('',#3758,#3759,#4423,.T.);
#2871=EDGE_CURVE('',#3759,#3757,#4424,.T.);
#2872=EDGE_CURVE('',#3756,#3760,#4425,.T.);
#2873=EDGE_CURVE('',#3761,#3760,#4426,.T.);
#2874=EDGE_CURVE('',#3758,#3761,#4427,.T.);
#2875=EDGE_CURVE('',#3760,#3762,#4428,.T.);
#2876=EDGE_CURVE('',#3763,#3762,#4429,.T.);
#2877=EDGE_CURVE('',#3761,#3763,#4430,.T.);
#2878=EDGE_CURVE('',#3764,#3525,#4431,.T.);
#2879=EDGE_CURVE('',#3764,#3765,#4432,.T.);
#2880=EDGE_CURVE('',#3765,#3526,#4433,.T.);
#2881=EDGE_CURVE('',#3766,#3528,#4434,.T.);
#2882=EDGE_CURVE('',#3764,#3766,#4435,.T.);
#2883=EDGE_CURVE('',#3767,#3527,#4436,.T.);
#2884=EDGE_CURVE('',#3766,#3767,#4437,.T.);
#2885=EDGE_CURVE('',#3765,#3767,#4438,.T.);
#2886=EDGE_CURVE('',#3757,#3762,#4439,.T.);
#2887=EDGE_CURVE('',#3759,#3763,#4440,.T.);
#2888=EDGE_CURVE('',#3768,#3769,#4441,.T.);
#2889=EDGE_CURVE('',#3770,#3768,#4442,.T.);
#2890=EDGE_CURVE('',#3770,#3771,#4443,.T.);
#2891=EDGE_CURVE('',#3771,#3769,#4444,.T.);
#2892=EDGE_CURVE('',#3768,#3772,#4445,.T.);
#2893=EDGE_CURVE('',#3773,#3772,#4446,.T.);
#2894=EDGE_CURVE('',#3770,#3773,#4447,.T.);
#2895=EDGE_CURVE('',#3772,#3774,#4448,.T.);
#2896=EDGE_CURVE('',#3775,#3774,#4449,.T.);
#2897=EDGE_CURVE('',#3773,#3775,#4450,.T.);
#2898=EDGE_CURVE('',#3776,#3553,#4451,.T.);
#2899=EDGE_CURVE('',#3776,#3777,#4452,.T.);
#2900=EDGE_CURVE('',#3777,#3554,#4453,.T.);
#2901=EDGE_CURVE('',#3778,#3556,#4454,.T.);
#2902=EDGE_CURVE('',#3776,#3778,#4455,.T.);
#2903=EDGE_CURVE('',#3779,#3555,#4456,.T.);
#2904=EDGE_CURVE('',#3778,#3779,#4457,.T.);
#2905=EDGE_CURVE('',#3777,#3779,#4458,.T.);
#2906=EDGE_CURVE('',#3769,#3774,#4459,.T.);
#2907=EDGE_CURVE('',#3771,#3775,#4460,.T.);
#2908=EDGE_CURVE('',#3780,#3485,#4461,.T.);
#2909=EDGE_CURVE('',#3780,#3781,#4462,.T.);
#2910=EDGE_CURVE('',#3781,#3486,#4463,.T.);
#2911=EDGE_CURVE('',#3782,#3488,#4464,.T.);
#2912=EDGE_CURVE('',#3780,#3782,#4465,.T.);
#2913=EDGE_CURVE('',#3783,#3487,#4466,.T.);
#2914=EDGE_CURVE('',#3782,#3783,#4467,.T.);
#2915=EDGE_CURVE('',#3781,#3783,#4468,.T.);
#2916=EDGE_CURVE('',#3784,#3784,#109,.T.);
#2917=EDGE_CURVE('',#3785,#3402,#4469,.T.);
#2918=EDGE_CURVE('',#3785,#3786,#4470,.T.);
#2919=EDGE_CURVE('',#3786,#3403,#4471,.T.);
#2920=EDGE_CURVE('',#3787,#3430,#4472,.T.);
#2921=EDGE_CURVE('',#3787,#3785,#4473,.T.);
#2922=EDGE_CURVE('',#3788,#3429,#4474,.T.);
#2923=EDGE_CURVE('',#3788,#3787,#4475,.T.);
#2924=EDGE_CURVE('',#3789,#3428,#4476,.T.);
#2925=EDGE_CURVE('',#3789,#3788,#4477,.T.);
#2926=EDGE_CURVE('',#3790,#3427,#4478,.T.);
#2927=EDGE_CURVE('',#3790,#3789,#4479,.T.);
#2928=EDGE_CURVE('',#3791,#3426,#4480,.T.);
#2929=EDGE_CURVE('',#3791,#3790,#4481,.T.);
#2930=EDGE_CURVE('',#3792,#3425,#4482,.T.);
#2931=EDGE_CURVE('',#3792,#3791,#4483,.T.);
#2932=EDGE_CURVE('',#3793,#3424,#4484,.T.);
#2933=EDGE_CURVE('',#3793,#3792,#4485,.T.);
#2934=EDGE_CURVE('',#3794,#3423,#4486,.T.);
#2935=EDGE_CURVE('',#3794,#3793,#4487,.T.);
#2936=EDGE_CURVE('',#3795,#3422,#4488,.T.);
#2937=EDGE_CURVE('',#3795,#3794,#4489,.T.);
#2938=EDGE_CURVE('',#3796,#3421,#4490,.T.);
#2939=EDGE_CURVE('',#3796,#3795,#4491,.T.);
#2940=EDGE_CURVE('',#3797,#3420,#4492,.T.);
#2941=EDGE_CURVE('',#3797,#3796,#4493,.T.);
#2942=EDGE_CURVE('',#3798,#3419,#4494,.T.);
#2943=EDGE_CURVE('',#3798,#3797,#4495,.T.);
#2944=EDGE_CURVE('',#3799,#3418,#4496,.T.);
#2945=EDGE_CURVE('',#3799,#3798,#4497,.T.);
#2946=EDGE_CURVE('',#3800,#3417,#4498,.T.);
#2947=EDGE_CURVE('',#3800,#3799,#4499,.T.);
#2948=EDGE_CURVE('',#3801,#3416,#4500,.T.);
#2949=EDGE_CURVE('',#3801,#3800,#4501,.T.);
#2950=EDGE_CURVE('',#3802,#3415,#4502,.T.);
#2951=EDGE_CURVE('',#3802,#3801,#4503,.T.);
#2952=EDGE_CURVE('',#3803,#3414,#4504,.T.);
#2953=EDGE_CURVE('',#3803,#3802,#4505,.T.);
#2954=EDGE_CURVE('',#3804,#3413,#4506,.T.);
#2955=EDGE_CURVE('',#3804,#3803,#4507,.T.);
#2956=EDGE_CURVE('',#3805,#3412,#4508,.T.);
#2957=EDGE_CURVE('',#3805,#3804,#4509,.T.);
#2958=EDGE_CURVE('',#3806,#3411,#4510,.T.);
#2959=EDGE_CURVE('',#3806,#3805,#4511,.T.);
#2960=EDGE_CURVE('',#3807,#3410,#4512,.T.);
#2961=EDGE_CURVE('',#3807,#3806,#4513,.T.);
#2962=EDGE_CURVE('',#3808,#3409,#4514,.T.);
#2963=EDGE_CURVE('',#3808,#3807,#4515,.T.);
#2964=EDGE_CURVE('',#3809,#3408,#4516,.T.);
#2965=EDGE_CURVE('',#3809,#3808,#4517,.T.);
#2966=EDGE_CURVE('',#3810,#3407,#4518,.T.);
#2967=EDGE_CURVE('',#3810,#3809,#4519,.T.);
#2968=EDGE_CURVE('',#3811,#3406,#4520,.T.);
#2969=EDGE_CURVE('',#3811,#3810,#4521,.T.);
#2970=EDGE_CURVE('',#3812,#3405,#4522,.T.);
#2971=EDGE_CURVE('',#3812,#3811,#4523,.T.);
#2972=EDGE_CURVE('',#3813,#3404,#4524,.T.);
#2973=EDGE_CURVE('',#3813,#3812,#4525,.T.);
#2974=EDGE_CURVE('',#3786,#3813,#4526,.T.);
#2975=EDGE_CURVE('',#3814,#3435,#4527,.T.);
#2976=EDGE_CURVE('',#3814,#3815,#4528,.T.);
#2977=EDGE_CURVE('',#3815,#3436,#4529,.T.);
#2978=EDGE_CURVE('',#3816,#3464,#4530,.T.);
#2979=EDGE_CURVE('',#3816,#3814,#4531,.T.);
#2980=EDGE_CURVE('',#3817,#3463,#4532,.T.);
#2981=EDGE_CURVE('',#3817,#3816,#4533,.T.);
#2982=EDGE_CURVE('',#3818,#3462,#4534,.T.);
#2983=EDGE_CURVE('',#3818,#3817,#4535,.T.);
#2984=EDGE_CURVE('',#3819,#3461,#4536,.T.);
#2985=EDGE_CURVE('',#3819,#3818,#4537,.T.);
#2986=EDGE_CURVE('',#3820,#3460,#4538,.T.);
#2987=EDGE_CURVE('',#3820,#3819,#4539,.T.);
#2988=EDGE_CURVE('',#3821,#3459,#4540,.T.);
#2989=EDGE_CURVE('',#3821,#3820,#4541,.T.);
#2990=EDGE_CURVE('',#3822,#3458,#4542,.T.);
#2991=EDGE_CURVE('',#3822,#3821,#4543,.T.);
#2992=EDGE_CURVE('',#3823,#3457,#4544,.T.);
#2993=EDGE_CURVE('',#3823,#3822,#4545,.T.);
#2994=EDGE_CURVE('',#3824,#3456,#4546,.T.);
#2995=EDGE_CURVE('',#3824,#3823,#4547,.T.);
#2996=EDGE_CURVE('',#3825,#3455,#4548,.T.);
#2997=EDGE_CURVE('',#3825,#3824,#4549,.T.);
#2998=EDGE_CURVE('',#3826,#3454,#4550,.T.);
#2999=EDGE_CURVE('',#3826,#3825,#4551,.T.);
#3000=EDGE_CURVE('',#3827,#3453,#4552,.T.);
#3001=EDGE_CURVE('',#3827,#3826,#4553,.T.);
#3002=EDGE_CURVE('',#3828,#3452,#4554,.T.);
#3003=EDGE_CURVE('',#3828,#3827,#4555,.T.);
#3004=EDGE_CURVE('',#3829,#3451,#4556,.T.);
#3005=EDGE_CURVE('',#3829,#3828,#4557,.T.);
#3006=EDGE_CURVE('',#3830,#3450,#4558,.T.);
#3007=EDGE_CURVE('',#3830,#3829,#4559,.T.);
#3008=EDGE_CURVE('',#3831,#3449,#4560,.T.);
#3009=EDGE_CURVE('',#3831,#3830,#4561,.T.);
#3010=EDGE_CURVE('',#3832,#3448,#4562,.T.);
#3011=EDGE_CURVE('',#3832,#3831,#4563,.T.);
#3012=EDGE_CURVE('',#3833,#3447,#4564,.T.);
#3013=EDGE_CURVE('',#3833,#3832,#4565,.T.);
#3014=EDGE_CURVE('',#3834,#3446,#4566,.T.);
#3015=EDGE_CURVE('',#3834,#3833,#4567,.T.);
#3016=EDGE_CURVE('',#3835,#3445,#4568,.T.);
#3017=EDGE_CURVE('',#3835,#3834,#4569,.T.);
#3018=EDGE_CURVE('',#3836,#3444,#4570,.T.);
#3019=EDGE_CURVE('',#3836,#3835,#4571,.T.);
#3020=EDGE_CURVE('',#3837,#3443,#4572,.T.);
#3021=EDGE_CURVE('',#3837,#3836,#4573,.T.);
#3022=EDGE_CURVE('',#3838,#3442,#4574,.T.);
#3023=EDGE_CURVE('',#3838,#3837,#4575,.T.);
#3024=EDGE_CURVE('',#3839,#3441,#4576,.T.);
#3025=EDGE_CURVE('',#3839,#3838,#4577,.T.);
#3026=EDGE_CURVE('',#3840,#3440,#4578,.T.);
#3027=EDGE_CURVE('',#3840,#3839,#4579,.T.);
#3028=EDGE_CURVE('',#3841,#3439,#4580,.T.);
#3029=EDGE_CURVE('',#3841,#3840,#4581,.T.);
#3030=EDGE_CURVE('',#3842,#3438,#4582,.T.);
#3031=EDGE_CURVE('',#3842,#3841,#4583,.T.);
#3032=EDGE_CURVE('',#3843,#3437,#4584,.T.);
#3033=EDGE_CURVE('',#3843,#3842,#4585,.T.);
#3034=EDGE_CURVE('',#3815,#3843,#4586,.T.);
#3035=EDGE_CURVE('',#3844,#3845,#4587,.T.);
#3036=EDGE_CURVE('',#3846,#3844,#4588,.T.);
#3037=EDGE_CURVE('',#3846,#3847,#4589,.T.);
#3038=EDGE_CURVE('',#3847,#3845,#4590,.T.);
#3039=EDGE_CURVE('',#3848,#3844,#4591,.T.);
#3040=EDGE_CURVE('',#3849,#3848,#4592,.T.);
#3041=EDGE_CURVE('',#3849,#3846,#4593,.T.);
#3042=EDGE_CURVE('',#3850,#3848,#4594,.T.);
#3043=EDGE_CURVE('',#3851,#3850,#4595,.T.);
#3044=EDGE_CURVE('',#3851,#3849,#4596,.T.);
#3045=EDGE_CURVE('',#3852,#3850,#4597,.T.);
#3046=EDGE_CURVE('',#3853,#3852,#4598,.T.);
#3047=EDGE_CURVE('',#3853,#3851,#4599,.T.);
#3048=EDGE_CURVE('',#3854,#3852,#4600,.T.);
#3049=EDGE_CURVE('',#3855,#3854,#4601,.T.);
#3050=EDGE_CURVE('',#3855,#3853,#4602,.T.);
#3051=EDGE_CURVE('',#3856,#3854,#4603,.T.);
#3052=EDGE_CURVE('',#3857,#3856,#4604,.T.);
#3053=EDGE_CURVE('',#3857,#3855,#4605,.T.);
#3054=EDGE_CURVE('',#3858,#3856,#4606,.T.);
#3055=EDGE_CURVE('',#3859,#3858,#4607,.T.);
#3056=EDGE_CURVE('',#3859,#3857,#4608,.T.);
#3057=EDGE_CURVE('',#3860,#3858,#4609,.T.);
#3058=EDGE_CURVE('',#3861,#3860,#4610,.T.);
#3059=EDGE_CURVE('',#3861,#3859,#4611,.T.);
#3060=EDGE_CURVE('',#3862,#3860,#4612,.T.);
#3061=EDGE_CURVE('',#3863,#3862,#4613,.T.);
#3062=EDGE_CURVE('',#3863,#3861,#4614,.T.);
#3063=EDGE_CURVE('',#3864,#3862,#4615,.T.);
#3064=EDGE_CURVE('',#3865,#3864,#4616,.T.);
#3065=EDGE_CURVE('',#3865,#3863,#4617,.T.);
#3066=EDGE_CURVE('',#3866,#3864,#4618,.T.);
#3067=EDGE_CURVE('',#3867,#3866,#4619,.T.);
#3068=EDGE_CURVE('',#3867,#3865,#4620,.T.);
#3069=EDGE_CURVE('',#3868,#3866,#4621,.T.);
#3070=EDGE_CURVE('',#3869,#3868,#4622,.T.);
#3071=EDGE_CURVE('',#3869,#3867,#4623,.T.);
#3072=EDGE_CURVE('',#3870,#3868,#4624,.T.);
#3073=EDGE_CURVE('',#3871,#3870,#4625,.T.);
#3074=EDGE_CURVE('',#3871,#3869,#4626,.T.);
#3075=EDGE_CURVE('',#3872,#3870,#4627,.T.);
#3076=EDGE_CURVE('',#3873,#3872,#4628,.T.);
#3077=EDGE_CURVE('',#3873,#3871,#4629,.T.);
#3078=EDGE_CURVE('',#3874,#3872,#4630,.T.);
#3079=EDGE_CURVE('',#3875,#3874,#4631,.T.);
#3080=EDGE_CURVE('',#3875,#3873,#4632,.T.);
#3081=EDGE_CURVE('',#3876,#3874,#4633,.T.);
#3082=EDGE_CURVE('',#3877,#3876,#4634,.T.);
#3083=EDGE_CURVE('',#3877,#3875,#4635,.T.);
#3084=EDGE_CURVE('',#3878,#3876,#4636,.T.);
#3085=EDGE_CURVE('',#3879,#3878,#4637,.T.);
#3086=EDGE_CURVE('',#3879,#3877,#4638,.T.);
#3087=EDGE_CURVE('',#3880,#3881,#4639,.T.);
#3088=EDGE_CURVE('',#3882,#3880,#4640,.T.);
#3089=EDGE_CURVE('',#3882,#3883,#4641,.T.);
#3090=EDGE_CURVE('',#3883,#3881,#4642,.T.);
#3091=EDGE_CURVE('',#3884,#3880,#4643,.T.);
#3092=EDGE_CURVE('',#3885,#3884,#4644,.T.);
#3093=EDGE_CURVE('',#3885,#3882,#4645,.T.);
#3094=EDGE_CURVE('',#3886,#3884,#4646,.T.);
#3095=EDGE_CURVE('',#3887,#3886,#4647,.T.);
#3096=EDGE_CURVE('',#3887,#3885,#4648,.T.);
#3097=EDGE_CURVE('',#3888,#3886,#4649,.T.);
#3098=EDGE_CURVE('',#3889,#3888,#4650,.T.);
#3099=EDGE_CURVE('',#3889,#3887,#4651,.T.);
#3100=EDGE_CURVE('',#3890,#3888,#4652,.T.);
#3101=EDGE_CURVE('',#3891,#3890,#4653,.T.);
#3102=EDGE_CURVE('',#3891,#3889,#4654,.T.);
#3103=EDGE_CURVE('',#3892,#3890,#4655,.T.);
#3104=EDGE_CURVE('',#3893,#3892,#4656,.T.);
#3105=EDGE_CURVE('',#3893,#3891,#4657,.T.);
#3106=EDGE_CURVE('',#3894,#3892,#4658,.T.);
#3107=EDGE_CURVE('',#3895,#3894,#4659,.T.);
#3108=EDGE_CURVE('',#3895,#3893,#4660,.T.);
#3109=EDGE_CURVE('',#3896,#3894,#4661,.T.);
#3110=EDGE_CURVE('',#3897,#3896,#4662,.T.);
#3111=EDGE_CURVE('',#3897,#3895,#4663,.T.);
#3112=EDGE_CURVE('',#3898,#3896,#4664,.T.);
#3113=EDGE_CURVE('',#3899,#3898,#4665,.T.);
#3114=EDGE_CURVE('',#3899,#3897,#4666,.T.);
#3115=EDGE_CURVE('',#3900,#3898,#4667,.T.);
#3116=EDGE_CURVE('',#3901,#3900,#4668,.T.);
#3117=EDGE_CURVE('',#3901,#3899,#4669,.T.);
#3118=EDGE_CURVE('',#3902,#3900,#4670,.T.);
#3119=EDGE_CURVE('',#3903,#3902,#4671,.T.);
#3120=EDGE_CURVE('',#3903,#3901,#4672,.T.);
#3121=EDGE_CURVE('',#3904,#3902,#4673,.T.);
#3122=EDGE_CURVE('',#3905,#3904,#4674,.T.);
#3123=EDGE_CURVE('',#3905,#3903,#4675,.T.);
#3124=EDGE_CURVE('',#3906,#3904,#4676,.T.);
#3125=EDGE_CURVE('',#3907,#3906,#4677,.T.);
#3126=EDGE_CURVE('',#3907,#3905,#4678,.T.);
#3127=EDGE_CURVE('',#3908,#3906,#4679,.T.);
#3128=EDGE_CURVE('',#3909,#3908,#4680,.T.);
#3129=EDGE_CURVE('',#3909,#3907,#4681,.T.);
#3130=EDGE_CURVE('',#3910,#3908,#4682,.T.);
#3131=EDGE_CURVE('',#3911,#3910,#4683,.T.);
#3132=EDGE_CURVE('',#3911,#3909,#4684,.T.);
#3133=EDGE_CURVE('',#3912,#3910,#4685,.T.);
#3134=EDGE_CURVE('',#3913,#3912,#4686,.T.);
#3135=EDGE_CURVE('',#3913,#3911,#4687,.T.);
#3136=EDGE_CURVE('',#3914,#3912,#4688,.T.);
#3137=EDGE_CURVE('',#3915,#3914,#4689,.T.);
#3138=EDGE_CURVE('',#3915,#3913,#4690,.T.);
#3139=EDGE_CURVE('',#3916,#3914,#4691,.T.);
#3140=EDGE_CURVE('',#3917,#3916,#4692,.T.);
#3141=EDGE_CURVE('',#3917,#3915,#4693,.T.);
#3142=EDGE_CURVE('',#3918,#3379,#4694,.T.);
#3143=EDGE_CURVE('',#3918,#3919,#4695,.T.);
#3144=EDGE_CURVE('',#3919,#3380,#4696,.T.);
#3145=EDGE_CURVE('',#3920,#3401,#4697,.T.);
#3146=EDGE_CURVE('',#3920,#3918,#4698,.T.);
#3147=EDGE_CURVE('',#3921,#3400,#4699,.T.);
#3148=EDGE_CURVE('',#3921,#3920,#4700,.T.);
#3149=EDGE_CURVE('',#3922,#3399,#4701,.T.);
#3150=EDGE_CURVE('',#3922,#3921,#4702,.T.);
#3151=EDGE_CURVE('',#3923,#3398,#4703,.T.);
#3152=EDGE_CURVE('',#3923,#3922,#4704,.T.);
#3153=EDGE_CURVE('',#3924,#3397,#4705,.T.);
#3154=EDGE_CURVE('',#3924,#3923,#4706,.T.);
#3155=EDGE_CURVE('',#3925,#3396,#4707,.T.);
#3156=EDGE_CURVE('',#3925,#3924,#4708,.T.);
#3157=EDGE_CURVE('',#3926,#3395,#4709,.T.);
#3158=EDGE_CURVE('',#3926,#3925,#4710,.T.);
#3159=EDGE_CURVE('',#3927,#3394,#4711,.T.);
#3160=EDGE_CURVE('',#3927,#3926,#4712,.T.);
#3161=EDGE_CURVE('',#3928,#3393,#4713,.T.);
#3162=EDGE_CURVE('',#3928,#3927,#4714,.T.);
#3163=EDGE_CURVE('',#3929,#3392,#4715,.T.);
#3164=EDGE_CURVE('',#3929,#3928,#4716,.T.);
#3165=EDGE_CURVE('',#3930,#3391,#4717,.T.);
#3166=EDGE_CURVE('',#3930,#3929,#4718,.T.);
#3167=EDGE_CURVE('',#3931,#3390,#4719,.T.);
#3168=EDGE_CURVE('',#3931,#3930,#4720,.T.);
#3169=EDGE_CURVE('',#3932,#3389,#4721,.T.);
#3170=EDGE_CURVE('',#3932,#3931,#4722,.T.);
#3171=EDGE_CURVE('',#3933,#3388,#4723,.T.);
#3172=EDGE_CURVE('',#3933,#3932,#4724,.T.);
#3173=EDGE_CURVE('',#3934,#3387,#4725,.T.);
#3174=EDGE_CURVE('',#3934,#3933,#4726,.T.);
#3175=EDGE_CURVE('',#3935,#3386,#4727,.T.);
#3176=EDGE_CURVE('',#3935,#3934,#4728,.T.);
#3177=EDGE_CURVE('',#3936,#3385,#4729,.T.);
#3178=EDGE_CURVE('',#3936,#3935,#4730,.T.);
#3179=EDGE_CURVE('',#3937,#3384,#4731,.T.);
#3180=EDGE_CURVE('',#3937,#3936,#4732,.T.);
#3181=EDGE_CURVE('',#3938,#3383,#4733,.T.);
#3182=EDGE_CURVE('',#3938,#3937,#4734,.T.);
#3183=EDGE_CURVE('',#3939,#3382,#4735,.T.);
#3184=EDGE_CURVE('',#3939,#3938,#4736,.T.);
#3185=EDGE_CURVE('',#3940,#3381,#4737,.T.);
#3186=EDGE_CURVE('',#3940,#3939,#4738,.T.);
#3187=EDGE_CURVE('',#3881,#3916,#4739,.T.);
#3188=EDGE_CURVE('',#3883,#3917,#4740,.T.);
#3189=EDGE_CURVE('',#3919,#3940,#4741,.T.);
#3190=EDGE_CURVE('',#3845,#3878,#4742,.T.);
#3191=EDGE_CURVE('',#3847,#3879,#4743,.T.);
#3192=EDGE_CURVE('',#3941,#3942,#4744,.T.);
#3193=EDGE_CURVE('',#3943,#3941,#4745,.T.);
#3194=EDGE_CURVE('',#3943,#3944,#4746,.T.);
#3195=EDGE_CURVE('',#3944,#3942,#4747,.T.);
#3196=EDGE_CURVE('',#3945,#3941,#4748,.T.);
#3197=EDGE_CURVE('',#3946,#3945,#4749,.T.);
#3198=EDGE_CURVE('',#3946,#3943,#4750,.T.);
#3199=EDGE_CURVE('',#3947,#3945,#4751,.T.);
#3200=EDGE_CURVE('',#3948,#3947,#4752,.T.);
#3201=EDGE_CURVE('',#3948,#3946,#4753,.T.);
#3202=EDGE_CURVE('',#3949,#3947,#4754,.T.);
#3203=EDGE_CURVE('',#3950,#3949,#4755,.T.);
#3204=EDGE_CURVE('',#3950,#3948,#4756,.T.);
#3205=EDGE_CURVE('',#3951,#3949,#4757,.T.);
#3206=EDGE_CURVE('',#3952,#3951,#4758,.T.);
#3207=EDGE_CURVE('',#3952,#3950,#4759,.T.);
#3208=EDGE_CURVE('',#3953,#3951,#4760,.T.);
#3209=EDGE_CURVE('',#3954,#3953,#4761,.T.);
#3210=EDGE_CURVE('',#3954,#3952,#4762,.T.);
#3211=EDGE_CURVE('',#3955,#3953,#4763,.T.);
#3212=EDGE_CURVE('',#3956,#3955,#4764,.T.);
#3213=EDGE_CURVE('',#3956,#3954,#4765,.T.);
#3214=EDGE_CURVE('',#3957,#3955,#4766,.T.);
#3215=EDGE_CURVE('',#3958,#3957,#4767,.T.);
#3216=EDGE_CURVE('',#3958,#3956,#4768,.T.);
#3217=EDGE_CURVE('',#3959,#3957,#4769,.T.);
#3218=EDGE_CURVE('',#3960,#3959,#4770,.T.);
#3219=EDGE_CURVE('',#3960,#3958,#4771,.T.);
#3220=EDGE_CURVE('',#3961,#3959,#4772,.T.);
#3221=EDGE_CURVE('',#3962,#3961,#4773,.T.);
#3222=EDGE_CURVE('',#3962,#3960,#4774,.T.);
#3223=EDGE_CURVE('',#3963,#3961,#4775,.T.);
#3224=EDGE_CURVE('',#3964,#3963,#4776,.T.);
#3225=EDGE_CURVE('',#3964,#3962,#4777,.T.);
#3226=EDGE_CURVE('',#3965,#3963,#4778,.T.);
#3227=EDGE_CURVE('',#3966,#3965,#4779,.T.);
#3228=EDGE_CURVE('',#3966,#3964,#4780,.T.);
#3229=EDGE_CURVE('',#3967,#3965,#4781,.T.);
#3230=EDGE_CURVE('',#3968,#3967,#4782,.T.);
#3231=EDGE_CURVE('',#3968,#3966,#4783,.T.);
#3232=EDGE_CURVE('',#3969,#3967,#4784,.T.);
#3233=EDGE_CURVE('',#3970,#3969,#4785,.T.);
#3234=EDGE_CURVE('',#3970,#3968,#4786,.T.);
#3235=EDGE_CURVE('',#3971,#3969,#4787,.T.);
#3236=EDGE_CURVE('',#3972,#3971,#4788,.T.);
#3237=EDGE_CURVE('',#3972,#3970,#4789,.T.);
#3238=EDGE_CURVE('',#3973,#3971,#4790,.T.);
#3239=EDGE_CURVE('',#3974,#3973,#4791,.T.);
#3240=EDGE_CURVE('',#3974,#3972,#4792,.T.);
#3241=EDGE_CURVE('',#3975,#3973,#4793,.T.);
#3242=EDGE_CURVE('',#3976,#3975,#4794,.T.);
#3243=EDGE_CURVE('',#3976,#3974,#4795,.T.);
#3244=EDGE_CURVE('',#3977,#3465,#4796,.T.);
#3245=EDGE_CURVE('',#3977,#3978,#4797,.T.);
#3246=EDGE_CURVE('',#3978,#3466,#4798,.T.);
#3247=EDGE_CURVE('',#3979,#3483,#4799,.T.);
#3248=EDGE_CURVE('',#3979,#3977,#4800,.T.);
#3249=EDGE_CURVE('',#3980,#3482,#4801,.T.);
#3250=EDGE_CURVE('',#3980,#3979,#4802,.T.);
#3251=EDGE_CURVE('',#3981,#3481,#4803,.T.);
#3252=EDGE_CURVE('',#3981,#3980,#4804,.T.);
#3253=EDGE_CURVE('',#3982,#3480,#4805,.T.);
#3254=EDGE_CURVE('',#3982,#3981,#4806,.T.);
#3255=EDGE_CURVE('',#3983,#3479,#4807,.T.);
#3256=EDGE_CURVE('',#3983,#3982,#4808,.T.);
#3257=EDGE_CURVE('',#3984,#3478,#4809,.T.);
#3258=EDGE_CURVE('',#3984,#3983,#4810,.T.);
#3259=EDGE_CURVE('',#3985,#3477,#4811,.T.);
#3260=EDGE_CURVE('',#3985,#3984,#4812,.T.);
#3261=EDGE_CURVE('',#3986,#3476,#4813,.T.);
#3262=EDGE_CURVE('',#3986,#3985,#4814,.T.);
#3263=EDGE_CURVE('',#3987,#3475,#4815,.T.);
#3264=EDGE_CURVE('',#3987,#3986,#4816,.T.);
#3265=EDGE_CURVE('',#3988,#3474,#4817,.T.);
#3266=EDGE_CURVE('',#3988,#3987,#4818,.T.);
#3267=EDGE_CURVE('',#3989,#3473,#4819,.T.);
#3268=EDGE_CURVE('',#3989,#3988,#4820,.T.);
#3269=EDGE_CURVE('',#3990,#3472,#4821,.T.);
#3270=EDGE_CURVE('',#3990,#3989,#4822,.T.);
#3271=EDGE_CURVE('',#3991,#3471,#4823,.T.);
#3272=EDGE_CURVE('',#3991,#3990,#4824,.T.);
#3273=EDGE_CURVE('',#3992,#3470,#4825,.T.);
#3274=EDGE_CURVE('',#3992,#3991,#4826,.T.);
#3275=EDGE_CURVE('',#3993,#3469,#4827,.T.);
#3276=EDGE_CURVE('',#3993,#3992,#4828,.T.);
#3277=EDGE_CURVE('',#3994,#3468,#4829,.T.);
#3278=EDGE_CURVE('',#3994,#3993,#4830,.T.);
#3279=EDGE_CURVE('',#3995,#3467,#4831,.T.);
#3280=EDGE_CURVE('',#3995,#3994,#4832,.T.);
#3281=EDGE_CURVE('',#3978,#3995,#4833,.T.);
#3282=EDGE_CURVE('',#3942,#3975,#4834,.T.);
#3283=EDGE_CURVE('',#3944,#3976,#4835,.T.);
#3284=EDGE_CURVE('',#3318,#3996,#4836,.F.);
#3285=EDGE_CURVE('',#3996,#3997,#4837,.T.);
#3286=EDGE_CURVE('',#3997,#3319,#4838,.T.);
#3287=EDGE_CURVE('',#3317,#3998,#4839,.F.);
#3288=EDGE_CURVE('',#3999,#3998,#4840,.T.);
#3289=EDGE_CURVE('',#3999,#3316,#4841,.T.);
#3290=EDGE_CURVE('',#3322,#4000,#4842,.F.);
#3291=EDGE_CURVE('',#4001,#4000,#4843,.T.);
#3292=EDGE_CURVE('',#4001,#3323,#4844,.T.);
#3293=EDGE_CURVE('',#4002,#4003,#4845,.T.);
#3294=EDGE_CURVE('',#4003,#3321,#4846,.T.);
#3295=EDGE_CURVE('',#3320,#4002,#4847,.F.);
#3296=EDGE_CURVE('',#4000,#4003,#260,.T.);
#3297=EDGE_CURVE('',#4002,#3997,#261,.T.);
#3298=EDGE_CURVE('',#3996,#3999,#262,.T.);
#3299=EDGE_CURVE('',#3998,#4001,#263,.T.);
#3300=EDGE_CURVE('',#4004,#4005,#4848,.T.);
#3301=EDGE_CURVE('',#4005,#3374,#4849,.T.);
#3302=EDGE_CURVE('',#3373,#4004,#4850,.F.);
#3303=EDGE_CURVE('',#4006,#4007,#4851,.T.);
#3304=EDGE_CURVE('',#4006,#3371,#4852,.T.);
#3305=EDGE_CURVE('',#3372,#4007,#4853,.F.);
#3306=EDGE_CURVE('',#3377,#4008,#4854,.F.);
#3307=EDGE_CURVE('',#4009,#4008,#4855,.T.);
#3308=EDGE_CURVE('',#4009,#3378,#4856,.T.);
#3309=EDGE_CURVE('',#3375,#4010,#4857,.F.);
#3310=EDGE_CURVE('',#4010,#4011,#4858,.T.);
#3311=EDGE_CURVE('',#4011,#3376,#4859,.T.);
#3312=EDGE_CURVE('',#4010,#4005,#264,.T.);
#3313=EDGE_CURVE('',#4004,#4006,#265,.T.);
#3314=EDGE_CURVE('',#4007,#4009,#266,.T.);
#3315=EDGE_CURVE('',#4008,#4011,#267,.T.);
#3316=VERTEX_POINT('',#10025);
#3317=VERTEX_POINT('',#10026);
#3318=VERTEX_POINT('',#10028);
#3319=VERTEX_POINT('',#10030);
#3320=VERTEX_POINT('',#10032);
#3321=VERTEX_POINT('',#10034);
#3322=VERTEX_POINT('',#10036);
#3323=VERTEX_POINT('',#10038);
#3324=VERTEX_POINT('',#10041);
#3325=VERTEX_POINT('',#10043);
#3326=VERTEX_POINT('',#10045);
#3327=VERTEX_POINT('',#10047);
#3328=VERTEX_POINT('',#10049);
#3329=VERTEX_POINT('',#10051);
#3330=VERTEX_POINT('',#10053);
#3331=VERTEX_POINT('',#10055);
#3332=VERTEX_POINT('',#10057);
#3333=VERTEX_POINT('',#10059);
#3334=VERTEX_POINT('',#10061);
#3335=VERTEX_POINT('',#10063);
#3336=VERTEX_POINT('',#10065);
#3337=VERTEX_POINT('',#10067);
#3338=VERTEX_POINT('',#10069);
#3339=VERTEX_POINT('',#10071);
#3340=VERTEX_POINT('',#10072);
#3341=VERTEX_POINT('',#10074);
#3342=VERTEX_POINT('',#10076);
#3343=VERTEX_POINT('',#10078);
#3344=VERTEX_POINT('',#10080);
#3345=VERTEX_POINT('',#10082);
#3346=VERTEX_POINT('',#10084);
#3347=VERTEX_POINT('',#10086);
#3348=VERTEX_POINT('',#10088);
#3349=VERTEX_POINT('',#10090);
#3350=VERTEX_POINT('',#10092);
#3351=VERTEX_POINT('',#10094);
#3352=VERTEX_POINT('',#10096);
#3353=VERTEX_POINT('',#10098);
#3354=VERTEX_POINT('',#10100);
#3355=VERTEX_POINT('',#10102);
#3356=VERTEX_POINT('',#10104);
#3357=VERTEX_POINT('',#10106);
#3358=VERTEX_POINT('',#10108);
#3359=VERTEX_POINT('',#10110);
#3360=VERTEX_POINT('',#10112);
#3361=VERTEX_POINT('',#10114);
#3362=VERTEX_POINT('',#10116);
#3363=VERTEX_POINT('',#10118);
#3364=VERTEX_POINT('',#10131);
#3365=VERTEX_POINT('',#10133);
#3366=VERTEX_POINT('',#10146);
#3367=VERTEX_POINT('',#10148);
#3368=VERTEX_POINT('',#10161);
#3369=VERTEX_POINT('',#10163);
#3370=VERTEX_POINT('',#10179);
#3371=VERTEX_POINT('',#10182);
#3372=VERTEX_POINT('',#10183);
#3373=VERTEX_POINT('',#10185);
#3374=VERTEX_POINT('',#10187);
#3375=VERTEX_POINT('',#10189);
#3376=VERTEX_POINT('',#10191);
#3377=VERTEX_POINT('',#10193);
#3378=VERTEX_POINT('',#10195);
#3379=VERTEX_POINT('',#10199);
#3380=VERTEX_POINT('',#10200);
#3381=VERTEX_POINT('',#10202);
#3382=VERTEX_POINT('',#10204);
#3383=VERTEX_POINT('',#10206);
#3384=VERTEX_POINT('',#10208);
#3385=VERTEX_POINT('',#10210);
#3386=VERTEX_POINT('',#10212);
#3387=VERTEX_POINT('',#10214);
#3388=VERTEX_POINT('',#10216);
#3389=VERTEX_POINT('',#10218);
#3390=VERTEX_POINT('',#10220);
#3391=VERTEX_POINT('',#10222);
#3392=VERTEX_POINT('',#10224);
#3393=VERTEX_POINT('',#10226);
#3394=VERTEX_POINT('',#10228);
#3395=VERTEX_POINT('',#10230);
#3396=VERTEX_POINT('',#10232);
#3397=VERTEX_POINT('',#10234);
#3398=VERTEX_POINT('',#10236);
#3399=VERTEX_POINT('',#10238);
#3400=VERTEX_POINT('',#10240);
#3401=VERTEX_POINT('',#10242);
#3402=VERTEX_POINT('',#10245);
#3403=VERTEX_POINT('',#10246);
#3404=VERTEX_POINT('',#10248);
#3405=VERTEX_POINT('',#10250);
#3406=VERTEX_POINT('',#10252);
#3407=VERTEX_POINT('',#10254);
#3408=VERTEX_POINT('',#10256);
#3409=VERTEX_POINT('',#10258);
#3410=VERTEX_POINT('',#10260);
#3411=VERTEX_POINT('',#10262);
#3412=VERTEX_POINT('',#10264);
#3413=VERTEX_POINT('',#10266);
#3414=VERTEX_POINT('',#10268);
#3415=VERTEX_POINT('',#10270);
#3416=VERTEX_POINT('',#10272);
#3417=VERTEX_POINT('',#10274);
#3418=VERTEX_POINT('',#10276);
#3419=VERTEX_POINT('',#10278);
#3420=VERTEX_POINT('',#10280);
#3421=VERTEX_POINT('',#10282);
#3422=VERTEX_POINT('',#10284);
#3423=VERTEX_POINT('',#10286);
#3424=VERTEX_POINT('',#10288);
#3425=VERTEX_POINT('',#10290);
#3426=VERTEX_POINT('',#10292);
#3427=VERTEX_POINT('',#10294);
#3428=VERTEX_POINT('',#10296);
#3429=VERTEX_POINT('',#10298);
#3430=VERTEX_POINT('',#10300);
#3431=VERTEX_POINT('',#10303);
#3432=VERTEX_POINT('',#10304);
#3433=VERTEX_POINT('',#10306);
#3434=VERTEX_POINT('',#10308);
#3435=VERTEX_POINT('',#10311);
#3436=VERTEX_POINT('',#10312);
#3437=VERTEX_POINT('',#10314);
#3438=VERTEX_POINT('',#10316);
#3439=VERTEX_POINT('',#10318);
#3440=VERTEX_POINT('',#10320);
#3441=VERTEX_POINT('',#10322);
#3442=VERTEX_POINT('',#10324);
#3443=VERTEX_POINT('',#10326);
#3444=VERTEX_POINT('',#10328);
#3445=VERTEX_POINT('',#10330);
#3446=VERTEX_POINT('',#10332);
#3447=VERTEX_POINT('',#10334);
#3448=VERTEX_POINT('',#10336);
#3449=VERTEX_POINT('',#10338);
#3450=VERTEX_POINT('',#10340);
#3451=VERTEX_POINT('',#10342);
#3452=VERTEX_POINT('',#10344);
#3453=VERTEX_POINT('',#10346);
#3454=VERTEX_POINT('',#10348);
#3455=VERTEX_POINT('',#10350);
#3456=VERTEX_POINT('',#10352);
#3457=VERTEX_POINT('',#10354);
#3458=VERTEX_POINT('',#10356);
#3459=VERTEX_POINT('',#10358);
#3460=VERTEX_POINT('',#10360);
#3461=VERTEX_POINT('',#10362);
#3462=VERTEX_POINT('',#10364);
#3463=VERTEX_POINT('',#10366);
#3464=VERTEX_POINT('',#10368);
#3465=VERTEX_POINT('',#10371);
#3466=VERTEX_POINT('',#10372);
#3467=VERTEX_POINT('',#10374);
#3468=VERTEX_POINT('',#10376);
#3469=VERTEX_POINT('',#10378);
#3470=VERTEX_POINT('',#10380);
#3471=VERTEX_POINT('',#10382);
#3472=VERTEX_POINT('',#10384);
#3473=VERTEX_POINT('',#10386);
#3474=VERTEX_POINT('',#10388);
#3475=VERTEX_POINT('',#10390);
#3476=VERTEX_POINT('',#10392);
#3477=VERTEX_POINT('',#10394);
#3478=VERTEX_POINT('',#10396);
#3479=VERTEX_POINT('',#10398);
#3480=VERTEX_POINT('',#10400);
#3481=VERTEX_POINT('',#10402);
#3482=VERTEX_POINT('',#10404);
#3483=VERTEX_POINT('',#10406);
#3484=VERTEX_POINT('',#10410);
#3485=VERTEX_POINT('',#10412);
#3486=VERTEX_POINT('',#10413);
#3487=VERTEX_POINT('',#10415);
#3488=VERTEX_POINT('',#10417);
#3489=VERTEX_POINT('',#10420);
#3490=VERTEX_POINT('',#10422);
#3491=VERTEX_POINT('',#10424);
#3492=VERTEX_POINT('',#10426);
#3493=VERTEX_POINT('',#10428);
#3494=VERTEX_POINT('',#10429);
#3495=VERTEX_POINT('',#10431);
#3496=VERTEX_POINT('',#10433);
#3497=VERTEX_POINT('',#10436);
#3498=VERTEX_POINT('',#10437);
#3499=VERTEX_POINT('',#10439);
#3500=VERTEX_POINT('',#10441);
#3501=VERTEX_POINT('',#10444);
#3502=VERTEX_POINT('',#10445);
#3503=VERTEX_POINT('',#10447);
#3504=VERTEX_POINT('',#10449);
#3505=VERTEX_POINT('',#10451);
#3506=VERTEX_POINT('',#10453);
#3507=VERTEX_POINT('',#10455);
#3508=VERTEX_POINT('',#10457);
#3509=VERTEX_POINT('',#10459);
#3510=VERTEX_POINT('',#10465);
#3511=VERTEX_POINT('',#10467);
#3512=VERTEX_POINT('',#10475);
#3513=VERTEX_POINT('',#10477);
#3514=VERTEX_POINT('',#10479);
#3515=VERTEX_POINT('',#10481);
#3516=VERTEX_POINT('',#10483);
#3517=VERTEX_POINT('',#10485);
#3518=VERTEX_POINT('',#10487);
#3519=VERTEX_POINT('',#10489);
#3520=VERTEX_POINT('',#10491);
#3521=VERTEX_POINT('',#10493);
#3522=VERTEX_POINT('',#10495);
#3523=VERTEX_POINT('',#10497);
#3524=VERTEX_POINT('',#10499);
#3525=VERTEX_POINT('',#10503);
#3526=VERTEX_POINT('',#10504);
#3527=VERTEX_POINT('',#10506);
#3528=VERTEX_POINT('',#10508);
#3529=VERTEX_POINT('',#10511);
#3530=VERTEX_POINT('',#10512);
#3531=VERTEX_POINT('',#10514);
#3532=VERTEX_POINT('',#10516);
#3533=VERTEX_POINT('',#10518);
#3534=VERTEX_POINT('',#10520);
#3535=VERTEX_POINT('',#10523);
#3536=VERTEX_POINT('',#10524);
#3537=VERTEX_POINT('',#10526);
#3538=VERTEX_POINT('',#10528);
#3539=VERTEX_POINT('',#10531);
#3540=VERTEX_POINT('',#10532);
#3541=VERTEX_POINT('',#10534);
#3542=VERTEX_POINT('',#10536);
#3543=VERTEX_POINT('',#10539);
#3544=VERTEX_POINT('',#10541);
#3545=VERTEX_POINT('',#10543);
#3546=VERTEX_POINT('',#10545);
#3547=VERTEX_POINT('',#10547);
#3548=VERTEX_POINT('',#10548);
#3549=VERTEX_POINT('',#10550);
#3550=VERTEX_POINT('',#10552);
#3551=VERTEX_POINT('',#10554);
#3552=VERTEX_POINT('',#10556);
#3553=VERTEX_POINT('',#10559);
#3554=VERTEX_POINT('',#10560);
#3555=VERTEX_POINT('',#10562);
#3556=VERTEX_POINT('',#10564);
#3557=VERTEX_POINT('',#10567);
#3558=VERTEX_POINT('',#10568);
#3559=VERTEX_POINT('',#10570);
#3560=VERTEX_POINT('',#10572);
#3561=VERTEX_POINT('',#10574);
#3562=VERTEX_POINT('',#10576);
#3563=VERTEX_POINT('',#10578);
#3564=VERTEX_POINT('',#10580);
#3565=VERTEX_POINT('',#10582);
#3566=VERTEX_POINT('',#10584);
#3567=VERTEX_POINT('',#10590);
#3568=VERTEX_POINT('',#10592);
#3569=VERTEX_POINT('',#10600);
#3570=VERTEX_POINT('',#10601);
#3571=VERTEX_POINT('',#10603);
#3572=VERTEX_POINT('',#10605);
#3573=VERTEX_POINT('',#10609);
#3574=VERTEX_POINT('',#10610);
#3575=VERTEX_POINT('',#10612);
#3576=VERTEX_POINT('',#10614);
#3577=VERTEX_POINT('',#10618);
#3578=VERTEX_POINT('',#10619);
#3579=VERTEX_POINT('',#10622);
#3580=VERTEX_POINT('',#10624);
#3581=VERTEX_POINT('',#10627);
#3582=VERTEX_POINT('',#10629);
#3583=VERTEX_POINT('',#10636);
#3584=VERTEX_POINT('',#10637);
#3585=VERTEX_POINT('',#10642);
#3586=VERTEX_POINT('',#10644);
#3587=VERTEX_POINT('',#10647);
#3588=VERTEX_POINT('',#10649);
#3589=VERTEX_POINT('',#10654);
#3590=VERTEX_POINT('',#10656);
#3591=VERTEX_POINT('',#10660);
#3592=VERTEX_POINT('',#10664);
#3593=VERTEX_POINT('',#10715);
#3594=VERTEX_POINT('',#10717);
#3595=VERTEX_POINT('',#10720);
#3596=VERTEX_POINT('',#10725);
#3597=VERTEX_POINT('',#10727);
#3598=VERTEX_POINT('',#10730);
#3599=VERTEX_POINT('',#10735);
#3600=VERTEX_POINT('',#10737);
#3601=VERTEX_POINT('',#10740);
#3602=VERTEX_POINT('',#10745);
#3603=VERTEX_POINT('',#10747);
#3604=VERTEX_POINT('',#10750);
#3605=VERTEX_POINT('',#10755);
#3606=VERTEX_POINT('',#10757);
#3607=VERTEX_POINT('',#10760);
#3608=VERTEX_POINT('',#10765);
#3609=VERTEX_POINT('',#10767);
#3610=VERTEX_POINT('',#10770);
#3611=VERTEX_POINT('',#10775);
#3612=VERTEX_POINT('',#10777);
#3613=VERTEX_POINT('',#10780);
#3614=VERTEX_POINT('',#10785);
#3615=VERTEX_POINT('',#10787);
#3616=VERTEX_POINT('',#10790);
#3617=VERTEX_POINT('',#10795);
#3618=VERTEX_POINT('',#10799);
#3619=VERTEX_POINT('',#10803);
#3620=VERTEX_POINT('',#10805);
#3621=VERTEX_POINT('',#10807);
#3622=VERTEX_POINT('',#10809);
#3623=VERTEX_POINT('',#10811);
#3624=VERTEX_POINT('',#10812);
#3625=VERTEX_POINT('',#10814);
#3626=VERTEX_POINT('',#10816);
#3627=VERTEX_POINT('',#10818);
#3628=VERTEX_POINT('',#10820);
#3629=VERTEX_POINT('',#10822);
#3630=VERTEX_POINT('',#10824);
#3631=VERTEX_POINT('',#10826);
#3632=VERTEX_POINT('',#10828);
#3633=VERTEX_POINT('',#10830);
#3634=VERTEX_POINT('',#10834);
#3635=VERTEX_POINT('',#10836);
#3636=VERTEX_POINT('',#10838);
#3637=VERTEX_POINT('',#10840);
#3638=VERTEX_POINT('',#10842);
#3639=VERTEX_POINT('',#10844);
#3640=VERTEX_POINT('',#10846);
#3641=VERTEX_POINT('',#10853);
#3642=VERTEX_POINT('',#10857);
#3643=VERTEX_POINT('',#10861);
#3644=VERTEX_POINT('',#10865);
#3645=VERTEX_POINT('',#10896);
#3646=VERTEX_POINT('',#10899);
#3647=VERTEX_POINT('',#10902);
#3648=VERTEX_POINT('',#10905);
#3649=VERTEX_POINT('',#10908);
#3650=VERTEX_POINT('',#10911);
#3651=VERTEX_POINT('',#10914);
#3652=VERTEX_POINT('',#10917);
#3653=VERTEX_POINT('',#10921);
#3654=VERTEX_POINT('',#10925);
#3655=VERTEX_POINT('',#10929);
#3656=VERTEX_POINT('',#10933);
#3657=VERTEX_POINT('',#10937);
#3658=VERTEX_POINT('',#10941);
#3659=VERTEX_POINT('',#10945);
#3660=VERTEX_POINT('',#10949);
#3661=VERTEX_POINT('',#10950);
#3662=VERTEX_POINT('',#10952);
#3663=VERTEX_POINT('',#10954);
#3664=VERTEX_POINT('',#10958);
#3665=VERTEX_POINT('',#10960);
#3666=VERTEX_POINT('',#10964);
#3667=VERTEX_POINT('',#10966);
#3668=VERTEX_POINT('',#10974);
#3669=VERTEX_POINT('',#10975);
#3670=VERTEX_POINT('',#10977);
#3671=VERTEX_POINT('',#10979);
#3672=VERTEX_POINT('',#10983);
#3673=VERTEX_POINT('',#10985);
#3674=VERTEX_POINT('',#10989);
#3675=VERTEX_POINT('',#10991);
#3676=VERTEX_POINT('',#10999);
#3677=VERTEX_POINT('',#11000);
#3678=VERTEX_POINT('',#11002);
#3679=VERTEX_POINT('',#11004);
#3680=VERTEX_POINT('',#11008);
#3681=VERTEX_POINT('',#11010);
#3682=VERTEX_POINT('',#11014);
#3683=VERTEX_POINT('',#11016);
#3684=VERTEX_POINT('',#11024);
#3685=VERTEX_POINT('',#11025);
#3686=VERTEX_POINT('',#11027);
#3687=VERTEX_POINT('',#11029);
#3688=VERTEX_POINT('',#11033);
#3689=VERTEX_POINT('',#11035);
#3690=VERTEX_POINT('',#11039);
#3691=VERTEX_POINT('',#11041);
#3692=VERTEX_POINT('',#11081);
#3693=VERTEX_POINT('',#11083);
#3694=VERTEX_POINT('',#11087);
#3695=VERTEX_POINT('',#11091);
#3696=VERTEX_POINT('',#11097);
#3697=VERTEX_POINT('',#11101);
#3698=VERTEX_POINT('',#11107);
#3699=VERTEX_POINT('',#11108);
#3700=VERTEX_POINT('',#11110);
#3701=VERTEX_POINT('',#11112);
#3702=VERTEX_POINT('',#11116);
#3703=VERTEX_POINT('',#11118);
#3704=VERTEX_POINT('',#11122);
#3705=VERTEX_POINT('',#11124);
#3706=VERTEX_POINT('',#11128);
#3707=VERTEX_POINT('',#11130);
#3708=VERTEX_POINT('',#11134);
#3709=VERTEX_POINT('',#11136);
#3710=VERTEX_POINT('',#11146);
#3711=VERTEX_POINT('',#11148);
#3712=VERTEX_POINT('',#11152);
#3713=VERTEX_POINT('',#11156);
#3714=VERTEX_POINT('',#11160);
#3715=VERTEX_POINT('',#11162);
#3716=VERTEX_POINT('',#11166);
#3717=VERTEX_POINT('',#11172);
#3718=VERTEX_POINT('',#11176);
#3719=VERTEX_POINT('',#11180);
#3720=VERTEX_POINT('',#11184);
#3721=VERTEX_POINT('',#11188);
#3722=VERTEX_POINT('',#11192);
#3723=VERTEX_POINT('',#11198);
#3724=VERTEX_POINT('',#11202);
#3725=VERTEX_POINT('',#11206);
#3726=VERTEX_POINT('',#11215);
#3727=VERTEX_POINT('',#11219);
#3728=VERTEX_POINT('',#11223);
#3729=VERTEX_POINT('',#11227);
#3730=VERTEX_POINT('',#11233);
#3731=VERTEX_POINT('',#11237);
#3732=VERTEX_POINT('',#11243);
#3733=VERTEX_POINT('',#11244);
#3734=VERTEX_POINT('',#11246);
#3735=VERTEX_POINT('',#11248);
#3736=VERTEX_POINT('',#11252);
#3737=VERTEX_POINT('',#11254);
#3738=VERTEX_POINT('',#11258);
#3739=VERTEX_POINT('',#11260);
#3740=VERTEX_POINT('',#11264);
#3741=VERTEX_POINT('',#11266);
#3742=VERTEX_POINT('',#11270);
#3743=VERTEX_POINT('',#11272);
#3744=VERTEX_POINT('',#11281);
#3745=VERTEX_POINT('',#11283);
#3746=VERTEX_POINT('',#11287);
#3747=VERTEX_POINT('',#11291);
#3748=VERTEX_POINT('',#11295);
#3749=VERTEX_POINT('',#11299);
#3750=VERTEX_POINT('',#11306);
#3751=VERTEX_POINT('',#11308);
#3752=VERTEX_POINT('',#11312);
#3753=VERTEX_POINT('',#11316);
#3754=VERTEX_POINT('',#11320);
#3755=VERTEX_POINT('',#11324);
#3756=VERTEX_POINT('',#11332);
#3757=VERTEX_POINT('',#11333);
#3758=VERTEX_POINT('',#11335);
#3759=VERTEX_POINT('',#11337);
#3760=VERTEX_POINT('',#11341);
#3761=VERTEX_POINT('',#11343);
#3762=VERTEX_POINT('',#11347);
#3763=VERTEX_POINT('',#11349);
#3764=VERTEX_POINT('',#11353);
#3765=VERTEX_POINT('',#11355);
#3766=VERTEX_POINT('',#11359);
#3767=VERTEX_POINT('',#11363);
#3768=VERTEX_POINT('',#11373);
#3769=VERTEX_POINT('',#11374);
#3770=VERTEX_POINT('',#11376);
#3771=VERTEX_POINT('',#11378);
#3772=VERTEX_POINT('',#11382);
#3773=VERTEX_POINT('',#11384);
#3774=VERTEX_POINT('',#11388);
#3775=VERTEX_POINT('',#11390);
#3776=VERTEX_POINT('',#11394);
#3777=VERTEX_POINT('',#11396);
#3778=VERTEX_POINT('',#11400);
#3779=VERTEX_POINT('',#11404);
#3780=VERTEX_POINT('',#11414);
#3781=VERTEX_POINT('',#11416);
#3782=VERTEX_POINT('',#11420);
#3783=VERTEX_POINT('',#11424);
#3784=VERTEX_POINT('',#11452);
#3785=VERTEX_POINT('',#11458);
#3786=VERTEX_POINT('',#11460);
#3787=VERTEX_POINT('',#11464);
#3788=VERTEX_POINT('',#11468);
#3789=VERTEX_POINT('',#11472);
#3790=VERTEX_POINT('',#11476);
#3791=VERTEX_POINT('',#11480);
#3792=VERTEX_POINT('',#11484);
#3793=VERTEX_POINT('',#11488);
#3794=VERTEX_POINT('',#11492);
#3795=VERTEX_POINT('',#11496);
#3796=VERTEX_POINT('',#11500);
#3797=VERTEX_POINT('',#11504);
#3798=VERTEX_POINT('',#11508);
#3799=VERTEX_POINT('',#11512);
#3800=VERTEX_POINT('',#11516);
#3801=VERTEX_POINT('',#11520);
#3802=VERTEX_POINT('',#11524);
#3803=VERTEX_POINT('',#11528);
#3804=VERTEX_POINT('',#11532);
#3805=VERTEX_POINT('',#11536);
#3806=VERTEX_POINT('',#11540);
#3807=VERTEX_POINT('',#11544);
#3808=VERTEX_POINT('',#11548);
#3809=VERTEX_POINT('',#11552);
#3810=VERTEX_POINT('',#11556);
#3811=VERTEX_POINT('',#11560);
#3812=VERTEX_POINT('',#11564);
#3813=VERTEX_POINT('',#11568);
#3814=VERTEX_POINT('',#11575);
#3815=VERTEX_POINT('',#11577);
#3816=VERTEX_POINT('',#11581);
#3817=VERTEX_POINT('',#11585);
#3818=VERTEX_POINT('',#11589);
#3819=VERTEX_POINT('',#11593);
#3820=VERTEX_POINT('',#11597);
#3821=VERTEX_POINT('',#11601);
#3822=VERTEX_POINT('',#11605);
#3823=VERTEX_POINT('',#11609);
#3824=VERTEX_POINT('',#11613);
#3825=VERTEX_POINT('',#11617);
#3826=VERTEX_POINT('',#11621);
#3827=VERTEX_POINT('',#11625);
#3828=VERTEX_POINT('',#11629);
#3829=VERTEX_POINT('',#11633);
#3830=VERTEX_POINT('',#11637);
#3831=VERTEX_POINT('',#11641);
#3832=VERTEX_POINT('',#11645);
#3833=VERTEX_POINT('',#11649);
#3834=VERTEX_POINT('',#11653);
#3835=VERTEX_POINT('',#11657);
#3836=VERTEX_POINT('',#11661);
#3837=VERTEX_POINT('',#11665);
#3838=VERTEX_POINT('',#11669);
#3839=VERTEX_POINT('',#11673);
#3840=VERTEX_POINT('',#11677);
#3841=VERTEX_POINT('',#11681);
#3842=VERTEX_POINT('',#11685);
#3843=VERTEX_POINT('',#11689);
#3844=VERTEX_POINT('',#11696);
#3845=VERTEX_POINT('',#11697);
#3846=VERTEX_POINT('',#11699);
#3847=VERTEX_POINT('',#11701);
#3848=VERTEX_POINT('',#11705);
#3849=VERTEX_POINT('',#11707);
#3850=VERTEX_POINT('',#11711);
#3851=VERTEX_POINT('',#11713);
#3852=VERTEX_POINT('',#11717);
#3853=VERTEX_POINT('',#11719);
#3854=VERTEX_POINT('',#11723);
#3855=VERTEX_POINT('',#11725);
#3856=VERTEX_POINT('',#11729);
#3857=VERTEX_POINT('',#11731);
#3858=VERTEX_POINT('',#11735);
#3859=VERTEX_POINT('',#11737);
#3860=VERTEX_POINT('',#11741);
#3861=VERTEX_POINT('',#11743);
#3862=VERTEX_POINT('',#11747);
#3863=VERTEX_POINT('',#11749);
#3864=VERTEX_POINT('',#11753);
#3865=VERTEX_POINT('',#11755);
#3866=VERTEX_POINT('',#11759);
#3867=VERTEX_POINT('',#11761);
#3868=VERTEX_POINT('',#11765);
#3869=VERTEX_POINT('',#11767);
#3870=VERTEX_POINT('',#11771);
#3871=VERTEX_POINT('',#11773);
#3872=VERTEX_POINT('',#11777);
#3873=VERTEX_POINT('',#11779);
#3874=VERTEX_POINT('',#11783);
#3875=VERTEX_POINT('',#11785);
#3876=VERTEX_POINT('',#11789);
#3877=VERTEX_POINT('',#11791);
#3878=VERTEX_POINT('',#11795);
#3879=VERTEX_POINT('',#11797);
#3880=VERTEX_POINT('',#11801);
#3881=VERTEX_POINT('',#11802);
#3882=VERTEX_POINT('',#11804);
#3883=VERTEX_POINT('',#11806);
#3884=VERTEX_POINT('',#11810);
#3885=VERTEX_POINT('',#11812);
#3886=VERTEX_POINT('',#11816);
#3887=VERTEX_POINT('',#11818);
#3888=VERTEX_POINT('',#11822);
#3889=VERTEX_POINT('',#11824);
#3890=VERTEX_POINT('',#11828);
#3891=VERTEX_POINT('',#11830);
#3892=VERTEX_POINT('',#11834);
#3893=VERTEX_POINT('',#11836);
#3894=VERTEX_POINT('',#11840);
#3895=VERTEX_POINT('',#11842);
#3896=VERTEX_POINT('',#11846);
#3897=VERTEX_POINT('',#11848);
#3898=VERTEX_POINT('',#11852);
#3899=VERTEX_POINT('',#11854);
#3900=VERTEX_POINT('',#11858);
#3901=VERTEX_POINT('',#11860);
#3902=VERTEX_POINT('',#11864);
#3903=VERTEX_POINT('',#11866);
#3904=VERTEX_POINT('',#11870);
#3905=VERTEX_POINT('',#11872);
#3906=VERTEX_POINT('',#11876);
#3907=VERTEX_POINT('',#11878);
#3908=VERTEX_POINT('',#11882);
#3909=VERTEX_POINT('',#11884);
#3910=VERTEX_POINT('',#11888);
#3911=VERTEX_POINT('',#11890);
#3912=VERTEX_POINT('',#11894);
#3913=VERTEX_POINT('',#11896);
#3914=VERTEX_POINT('',#11900);
#3915=VERTEX_POINT('',#11902);
#3916=VERTEX_POINT('',#11906);
#3917=VERTEX_POINT('',#11908);
#3918=VERTEX_POINT('',#11912);
#3919=VERTEX_POINT('',#11914);
#3920=VERTEX_POINT('',#11918);
#3921=VERTEX_POINT('',#11922);
#3922=VERTEX_POINT('',#11926);
#3923=VERTEX_POINT('',#11930);
#3924=VERTEX_POINT('',#11934);
#3925=VERTEX_POINT('',#11938);
#3926=VERTEX_POINT('',#11942);
#3927=VERTEX_POINT('',#11946);
#3928=VERTEX_POINT('',#11950);
#3929=VERTEX_POINT('',#11954);
#3930=VERTEX_POINT('',#11958);
#3931=VERTEX_POINT('',#11962);
#3932=VERTEX_POINT('',#11966);
#3933=VERTEX_POINT('',#11970);
#3934=VERTEX_POINT('',#11974);
#3935=VERTEX_POINT('',#11978);
#3936=VERTEX_POINT('',#11982);
#3937=VERTEX_POINT('',#11986);
#3938=VERTEX_POINT('',#11990);
#3939=VERTEX_POINT('',#11994);
#3940=VERTEX_POINT('',#11998);
#3941=VERTEX_POINT('',#12012);
#3942=VERTEX_POINT('',#12013);
#3943=VERTEX_POINT('',#12015);
#3944=VERTEX_POINT('',#12017);
#3945=VERTEX_POINT('',#12021);
#3946=VERTEX_POINT('',#12023);
#3947=VERTEX_POINT('',#12027);
#3948=VERTEX_POINT('',#12029);
#3949=VERTEX_POINT('',#12033);
#3950=VERTEX_POINT('',#12035);
#3951=VERTEX_POINT('',#12039);
#3952=VERTEX_POINT('',#12041);
#3953=VERTEX_POINT('',#12045);
#3954=VERTEX_POINT('',#12047);
#3955=VERTEX_POINT('',#12051);
#3956=VERTEX_POINT('',#12053);
#3957=VERTEX_POINT('',#12057);
#3958=VERTEX_POINT('',#12059);
#3959=VERTEX_POINT('',#12063);
#3960=VERTEX_POINT('',#12065);
#3961=VERTEX_POINT('',#12069);
#3962=VERTEX_POINT('',#12071);
#3963=VERTEX_POINT('',#12075);
#3964=VERTEX_POINT('',#12077);
#3965=VERTEX_POINT('',#12081);
#3966=VERTEX_POINT('',#12083);
#3967=VERTEX_POINT('',#12087);
#3968=VERTEX_POINT('',#12089);
#3969=VERTEX_POINT('',#12093);
#3970=VERTEX_POINT('',#12095);
#3971=VERTEX_POINT('',#12099);
#3972=VERTEX_POINT('',#12101);
#3973=VERTEX_POINT('',#12105);
#3974=VERTEX_POINT('',#12107);
#3975=VERTEX_POINT('',#12111);
#3976=VERTEX_POINT('',#12113);
#3977=VERTEX_POINT('',#12117);
#3978=VERTEX_POINT('',#12119);
#3979=VERTEX_POINT('',#12123);
#3980=VERTEX_POINT('',#12127);
#3981=VERTEX_POINT('',#12131);
#3982=VERTEX_POINT('',#12135);
#3983=VERTEX_POINT('',#12139);
#3984=VERTEX_POINT('',#12143);
#3985=VERTEX_POINT('',#12147);
#3986=VERTEX_POINT('',#12151);
#3987=VERTEX_POINT('',#12155);
#3988=VERTEX_POINT('',#12159);
#3989=VERTEX_POINT('',#12163);
#3990=VERTEX_POINT('',#12167);
#3991=VERTEX_POINT('',#12171);
#3992=VERTEX_POINT('',#12175);
#3993=VERTEX_POINT('',#12179);
#3994=VERTEX_POINT('',#12183);
#3995=VERTEX_POINT('',#12187);
#3996=VERTEX_POINT('',#12207);
#3997=VERTEX_POINT('',#12209);
#3998=VERTEX_POINT('',#12213);
#3999=VERTEX_POINT('',#12215);
#4000=VERTEX_POINT('',#12219);
#4001=VERTEX_POINT('',#12221);
#4002=VERTEX_POINT('',#12225);
#4003=VERTEX_POINT('',#12226);
#4004=VERTEX_POINT('',#12236);
#4005=VERTEX_POINT('',#12237);
#4006=VERTEX_POINT('',#12242);
#4007=VERTEX_POINT('',#12243);
#4008=VERTEX_POINT('',#12248);
#4009=VERTEX_POINT('',#12250);
#4010=VERTEX_POINT('',#12254);
#4011=VERTEX_POINT('',#12256);
#4012=LINE('',#10024,#4860);
#4013=LINE('',#10029,#4861);
#4014=LINE('',#10033,#4862);
#4015=LINE('',#10037,#4863);
#4016=LINE('',#10070,#4864);
#4017=LINE('',#10075,#4865);
#4018=LINE('',#10077,#4866);
#4019=LINE('',#10081,#4867);
#4020=LINE('',#10083,#4868);
#4021=LINE('',#10085,#4869);
#4022=LINE('',#10089,#4870);
#4023=LINE('',#10093,#4871);
#4024=LINE('',#10097,#4872);
#4025=LINE('',#10101,#4873);
#4026=LINE('',#10103,#4874);
#4027=LINE('',#10107,#4875);
#4028=LINE('',#10109,#4876);
#4029=LINE('',#10111,#4877);
#4030=LINE('',#10115,#4878);
#4031=LINE('',#10117,#4879);
#4032=LINE('',#10132,#4880);
#4033=LINE('',#10147,#4881);
#4034=LINE('',#10162,#4882);
#4035=LINE('',#10180,#4883);
#4036=LINE('',#10181,#4884);
#4037=LINE('',#10186,#4885);
#4038=LINE('',#10190,#4886);
#4039=LINE('',#10194,#4887);
#4040=LINE('',#10198,#4888);
#4041=LINE('',#10201,#4889);
#4042=LINE('',#10203,#4890);
#4043=LINE('',#10205,#4891);
#4044=LINE('',#10207,#4892);
#4045=LINE('',#10209,#4893);
#4046=LINE('',#10211,#4894);
#4047=LINE('',#10213,#4895);
#4048=LINE('',#10215,#4896);
#4049=LINE('',#10217,#4897);
#4050=LINE('',#10219,#4898);
#4051=LINE('',#10221,#4899);
#4052=LINE('',#10223,#4900);
#4053=LINE('',#10225,#4901);
#4054=LINE('',#10227,#4902);
#4055=LINE('',#10229,#4903);
#4056=LINE('',#10231,#4904);
#4057=LINE('',#10233,#4905);
#4058=LINE('',#10235,#4906);
#4059=LINE('',#10237,#4907);
#4060=LINE('',#10239,#4908);
#4061=LINE('',#10241,#4909);
#4062=LINE('',#10243,#4910);
#4063=LINE('',#10244,#4911);
#4064=LINE('',#10247,#4912);
#4065=LINE('',#10249,#4913);
#4066=LINE('',#10251,#4914);
#4067=LINE('',#10253,#4915);
#4068=LINE('',#10255,#4916);
#4069=LINE('',#10257,#4917);
#4070=LINE('',#10259,#4918);
#4071=LINE('',#10261,#4919);
#4072=LINE('',#10263,#4920);
#4073=LINE('',#10265,#4921);
#4074=LINE('',#10267,#4922);
#4075=LINE('',#10269,#4923);
#4076=LINE('',#10271,#4924);
#4077=LINE('',#10273,#4925);
#4078=LINE('',#10275,#4926);
#4079=LINE('',#10277,#4927);
#4080=LINE('',#10279,#4928);
#4081=LINE('',#10281,#4929);
#4082=LINE('',#10283,#4930);
#4083=LINE('',#10285,#4931);
#4084=LINE('',#10287,#4932);
#4085=LINE('',#10289,#4933);
#4086=LINE('',#10291,#4934);
#4087=LINE('',#10293,#4935);
#4088=LINE('',#10295,#4936);
#4089=LINE('',#10297,#4937);
#4090=LINE('',#10299,#4938);
#4091=LINE('',#10301,#4939);
#4092=LINE('',#10302,#4940);
#4093=LINE('',#10305,#4941);
#4094=LINE('',#10307,#4942);
#4095=LINE('',#10309,#4943);
#4096=LINE('',#10310,#4944);
#4097=LINE('',#10313,#4945);
#4098=LINE('',#10315,#4946);
#4099=LINE('',#10317,#4947);
#4100=LINE('',#10319,#4948);
#4101=LINE('',#10321,#4949);
#4102=LINE('',#10323,#4950);
#4103=LINE('',#10325,#4951);
#4104=LINE('',#10327,#4952);
#4105=LINE('',#10329,#4953);
#4106=LINE('',#10331,#4954);
#4107=LINE('',#10333,#4955);
#4108=LINE('',#10335,#4956);
#4109=LINE('',#10337,#4957);
#4110=LINE('',#10339,#4958);
#4111=LINE('',#10341,#4959);
#4112=LINE('',#10343,#4960);
#4113=LINE('',#10345,#4961);
#4114=LINE('',#10347,#4962);
#4115=LINE('',#10349,#4963);
#4116=LINE('',#10351,#4964);
#4117=LINE('',#10353,#4965);
#4118=LINE('',#10355,#4966);
#4119=LINE('',#10357,#4967);
#4120=LINE('',#10359,#4968);
#4121=LINE('',#10361,#4969);
#4122=LINE('',#10363,#4970);
#4123=LINE('',#10365,#4971);
#4124=LINE('',#10367,#4972);
#4125=LINE('',#10369,#4973);
#4126=LINE('',#10370,#4974);
#4127=LINE('',#10373,#4975);
#4128=LINE('',#10375,#4976);
#4129=LINE('',#10377,#4977);
#4130=LINE('',#10379,#4978);
#4131=LINE('',#10381,#4979);
#4132=LINE('',#10383,#4980);
#4133=LINE('',#10385,#4981);
#4134=LINE('',#10387,#4982);
#4135=LINE('',#10389,#4983);
#4136=LINE('',#10391,#4984);
#4137=LINE('',#10393,#4985);
#4138=LINE('',#10395,#4986);
#4139=LINE('',#10397,#4987);
#4140=LINE('',#10399,#4988);
#4141=LINE('',#10401,#4989);
#4142=LINE('',#10403,#4990);
#4143=LINE('',#10405,#4991);
#4144=LINE('',#10407,#4992);
#4145=LINE('',#10411,#4993);
#4146=LINE('',#10414,#4994);
#4147=LINE('',#10416,#4995);
#4148=LINE('',#10418,#4996);
#4149=LINE('',#10427,#4997);
#4150=LINE('',#10432,#4998);
#4151=LINE('',#10435,#4999);
#4152=LINE('',#10440,#5000);
#4153=LINE('',#10446,#5001);
#4154=LINE('',#10448,#5002);
#4155=LINE('',#10452,#5003);
#4156=LINE('',#10456,#5004);
#4157=LINE('',#10458,#5005);
#4158=LINE('',#10466,#5006);
#4159=LINE('',#10476,#5007);
#4160=LINE('',#10478,#5008);
#4161=LINE('',#10482,#5009);
#4162=LINE('',#10486,#5010);
#4163=LINE('',#10488,#5011);
#4164=LINE('',#10492,#5012);
#4165=LINE('',#10494,#5013);
#4166=LINE('',#10496,#5014);
#4167=LINE('',#10498,#5015);
#4168=LINE('',#10500,#5016);
#4169=LINE('',#10502,#5017);
#4170=LINE('',#10505,#5018);
#4171=LINE('',#10507,#5019);
#4172=LINE('',#10509,#5020);
#4173=LINE('',#10510,#5021);
#4174=LINE('',#10515,#5022);
#4175=LINE('',#10519,#5023);
#4176=LINE('',#10521,#5024);
#4177=LINE('',#10522,#5025);
#4178=LINE('',#10527,#5026);
#4179=LINE('',#10530,#5027);
#4180=LINE('',#10535,#5028);
#4181=LINE('',#10546,#5029);
#4182=LINE('',#10549,#5030);
#4183=LINE('',#10553,#5031);
#4184=LINE('',#10557,#5032);
#4185=LINE('',#10558,#5033);
#4186=LINE('',#10561,#5034);
#4187=LINE('',#10563,#5035);
#4188=LINE('',#10565,#5036);
#4189=LINE('',#10566,#5037);
#4190=LINE('',#10571,#5038);
#4191=LINE('',#10573,#5039);
#4192=LINE('',#10575,#5040);
#4193=LINE('',#10577,#5041);
#4194=LINE('',#10579,#5042);
#4195=LINE('',#10583,#5043);
#4196=LINE('',#10591,#5044);
#4197=LINE('',#10599,#5045);
#4198=LINE('',#10602,#5046);
#4199=LINE('',#10604,#5047);
#4200=LINE('',#10606,#5048);
#4201=LINE('',#10608,#5049);
#4202=LINE('',#10611,#5050);
#4203=LINE('',#10613,#5051);
#4204=LINE('',#10615,#5052);
#4205=LINE('',#10617,#5053);
#4206=LINE('',#10620,#5054);
#4207=LINE('',#10621,#5055);
#4208=LINE('',#10623,#5056);
#4209=LINE('',#10625,#5057);
#4210=LINE('',#10626,#5058);
#4211=LINE('',#10628,#5059);
#4212=LINE('',#10630,#5060);
#4213=LINE('',#10631,#5061);
#4214=LINE('',#10632,#5062);
#4215=LINE('',#10633,#5063);
#4216=LINE('',#10635,#5064);
#4217=LINE('',#10638,#5065);
#4218=LINE('',#10639,#5066);
#4219=LINE('',#10640,#5067);
#4220=LINE('',#10641,#5068);
#4221=LINE('',#10643,#5069);
#4222=LINE('',#10645,#5070);
#4223=LINE('',#10646,#5071);
#4224=LINE('',#10648,#5072);
#4225=LINE('',#10650,#5073);
#4226=LINE('',#10651,#5074);
#4227=LINE('',#10653,#5075);
#4228=LINE('',#10655,#5076);
#4229=LINE('',#10657,#5077);
#4230=LINE('',#10659,#5078);
#4231=LINE('',#10661,#5079);
#4232=LINE('',#10662,#5080);
#4233=LINE('',#10663,#5081);
#4234=LINE('',#10665,#5082);
#4235=LINE('',#10700,#5083);
#4236=LINE('',#10702,#5084);
#4237=LINE('',#10794,#5085);
#4238=LINE('',#10796,#5086);
#4239=LINE('',#10798,#5087);
#4240=LINE('',#10800,#5088);
#4241=LINE('',#10810,#5089);
#4242=LINE('',#10815,#5090);
#4243=LINE('',#10819,#5091);
#4244=LINE('',#10823,#5092);
#4245=LINE('',#10825,#5093);
#4246=LINE('',#10827,#5094);
#4247=LINE('',#10831,#5095);
#4248=LINE('',#10835,#5096);
#4249=LINE('',#10837,#5097);
#4250=LINE('',#10839,#5098);
#4251=LINE('',#10843,#5099);
#4252=LINE('',#10845,#5100);
#4253=LINE('',#10849,#5101);
#4254=LINE('',#10850,#5102);
#4255=LINE('',#10868,#5103);
#4256=LINE('',#10869,#5104);
#4257=LINE('',#10871,#5105);
#4258=LINE('',#10872,#5106);
#4259=LINE('',#10874,#5107);
#4260=LINE('',#10875,#5108);
#4261=LINE('',#10877,#5109);
#4262=LINE('',#10878,#5110);
#4263=LINE('',#10880,#5111);
#4264=LINE('',#10881,#5112);
#4265=LINE('',#10883,#5113);
#4266=LINE('',#10885,#5114);
#4267=LINE('',#10886,#5115);
#4268=LINE('',#10889,#5116);
#4269=LINE('',#10891,#5117);
#4270=LINE('',#10892,#5118);
#4271=LINE('',#10948,#5119);
#4272=LINE('',#10951,#5120);
#4273=LINE('',#10953,#5121);
#4274=LINE('',#10955,#5122);
#4275=LINE('',#10959,#5123);
#4276=LINE('',#10963,#5124);
#4277=LINE('',#10965,#5125);
#4278=LINE('',#10967,#5126);
#4279=LINE('',#10973,#5127);
#4280=LINE('',#10978,#5128);
#4281=LINE('',#10982,#5129);
#4282=LINE('',#10984,#5130);
#4283=LINE('',#10986,#5131);
#4284=LINE('',#10990,#5132);
#4285=LINE('',#10994,#5133);
#4286=LINE('',#10995,#5134);
#4287=LINE('',#10998,#5135);
#4288=LINE('',#11001,#5136);
#4289=LINE('',#11003,#5137);
#4290=LINE('',#11005,#5138);
#4291=LINE('',#11009,#5139);
#4292=LINE('',#11013,#5140);
#4293=LINE('',#11015,#5141);
#4294=LINE('',#11017,#5142);
#4295=LINE('',#11023,#5143);
#4296=LINE('',#11026,#5144);
#4297=LINE('',#11028,#5145);
#4298=LINE('',#11030,#5146);
#4299=LINE('',#11034,#5147);
#4300=LINE('',#11038,#5148);
#4301=LINE('',#11040,#5149);
#4302=LINE('',#11042,#5150);
#4303=LINE('',#11048,#5151);
#4304=LINE('',#11049,#5152);
#4305=LINE('',#11051,#5153);
#4306=LINE('',#11053,#5154);
#4307=LINE('',#11056,#5155);
#4308=LINE('',#11057,#5156);
#4309=LINE('',#11059,#5157);
#4310=LINE('',#11061,#5158);
#4311=LINE('',#11064,#5159);
#4312=LINE('',#11065,#5160);
#4313=LINE('',#11067,#5161);
#4314=LINE('',#11069,#5162);
#4315=LINE('',#11072,#5163);
#4316=LINE('',#11073,#5164);
#4317=LINE('',#11075,#5165);
#4318=LINE('',#11077,#5166);
#4319=LINE('',#11080,#5167);
#4320=LINE('',#11084,#5168);
#4321=LINE('',#11086,#5169);
#4322=LINE('',#11088,#5170);
#4323=LINE('',#11090,#5171);
#4324=LINE('',#11094,#5172);
#4325=LINE('',#11096,#5173);
#4326=LINE('',#11098,#5174);
#4327=LINE('',#11100,#5175);
#4328=LINE('',#11102,#5176);
#4329=LINE('',#11104,#5177);
#4330=LINE('',#11106,#5178);
#4331=LINE('',#11109,#5179);
#4332=LINE('',#11111,#5180);
#4333=LINE('',#11113,#5181);
#4334=LINE('',#11117,#5182);
#4335=LINE('',#11121,#5183);
#4336=LINE('',#11123,#5184);
#4337=LINE('',#11125,#5185);
#4338=LINE('',#11127,#5186);
#4339=LINE('',#11129,#5187);
#4340=LINE('',#11131,#5188);
#4341=LINE('',#11133,#5189);
#4342=LINE('',#11135,#5190);
#4343=LINE('',#11137,#5191);
#4344=LINE('',#11142,#5192);
#4345=LINE('',#11145,#5193);
#4346=LINE('',#11147,#5194);
#4347=LINE('',#11149,#5195);
#4348=LINE('',#11151,#5196);
#4349=LINE('',#11153,#5197);
#4350=LINE('',#11155,#5198);
#4351=LINE('',#11157,#5199);
#4352=LINE('',#11159,#5200);
#4353=LINE('',#11161,#5201);
#4354=LINE('',#11163,#5202);
#4355=LINE('',#11165,#5203);
#4356=LINE('',#11167,#5204);
#4357=LINE('',#11171,#5205);
#4358=LINE('',#11175,#5206);
#4359=LINE('',#11177,#5207);
#4360=LINE('',#11179,#5208);
#4361=LINE('',#11181,#5209);
#4362=LINE('',#11183,#5210);
#4363=LINE('',#11185,#5211);
#4364=LINE('',#11187,#5212);
#4365=LINE('',#11189,#5213);
#4366=LINE('',#11191,#5214);
#4367=LINE('',#11193,#5215);
#4368=LINE('',#11197,#5216);
#4369=LINE('',#11201,#5217);
#4370=LINE('',#11203,#5218);
#4371=LINE('',#11205,#5219);
#4372=LINE('',#11207,#5220);
#4373=LINE('',#11209,#5221);
#4374=LINE('',#11211,#5222);
#4375=LINE('',#11214,#5223);
#4376=LINE('',#11216,#5224);
#4377=LINE('',#11218,#5225);
#4378=LINE('',#11222,#5226);
#4379=LINE('',#11224,#5227);
#4380=LINE('',#11226,#5228);
#4381=LINE('',#11230,#5229);
#4382=LINE('',#11232,#5230);
#4383=LINE('',#11234,#5231);
#4384=LINE('',#11236,#5232);
#4385=LINE('',#11238,#5233);
#4386=LINE('',#11240,#5234);
#4387=LINE('',#11245,#5235);
#4388=LINE('',#11249,#5236);
#4389=LINE('',#11251,#5237);
#4390=LINE('',#11253,#5238);
#4391=LINE('',#11255,#5239);
#4392=LINE('',#11257,#5240);
#4393=LINE('',#11259,#5241);
#4394=LINE('',#11261,#5242);
#4395=LINE('',#11263,#5243);
#4396=LINE('',#11265,#5244);
#4397=LINE('',#11267,#5245);
#4398=LINE('',#11271,#5246);
#4399=LINE('',#11275,#5247);
#4400=LINE('',#11276,#5248);
#4401=LINE('',#11280,#5249);
#4402=LINE('',#11282,#5250);
#4403=LINE('',#11284,#5251);
#4404=LINE('',#11286,#5252);
#4405=LINE('',#11288,#5253);
#4406=LINE('',#11290,#5254);
#4407=LINE('',#11292,#5255);
#4408=LINE('',#11294,#5256);
#4409=LINE('',#11298,#5257);
#4410=LINE('',#11300,#5258);
#4411=LINE('',#11305,#5259);
#4412=LINE('',#11307,#5260);
#4413=LINE('',#11309,#5261);
#4414=LINE('',#11311,#5262);
#4415=LINE('',#11313,#5263);
#4416=LINE('',#11315,#5264);
#4417=LINE('',#11319,#5265);
#4418=LINE('',#11321,#5266);
#4419=LINE('',#11323,#5267);
#4420=LINE('',#11327,#5268);
#4421=LINE('',#11331,#5269);
#4422=LINE('',#11334,#5270);
#4423=LINE('',#11336,#5271);
#4424=LINE('',#11338,#5272);
#4425=LINE('',#11340,#5273);
#4426=LINE('',#11342,#5274);
#4427=LINE('',#11344,#5275);
#4428=LINE('',#11346,#5276);
#4429=LINE('',#11348,#5277);
#4430=LINE('',#11350,#5278);
#4431=LINE('',#11352,#5279);
#4432=LINE('',#11354,#5280);
#4433=LINE('',#11356,#5281);
#4434=LINE('',#11358,#5282);
#4435=LINE('',#11360,#5283);
#4436=LINE('',#11362,#5284);
#4437=LINE('',#11364,#5285);
#4438=LINE('',#11366,#5286);
#4439=LINE('',#11368,#5287);
#4440=LINE('',#11369,#5288);
#4441=LINE('',#11372,#5289);
#4442=LINE('',#11375,#5290);
#4443=LINE('',#11377,#5291);
#4444=LINE('',#11379,#5292);
#4445=LINE('',#11381,#5293);
#4446=LINE('',#11383,#5294);
#4447=LINE('',#11385,#5295);
#4448=LINE('',#11387,#5296);
#4449=LINE('',#11389,#5297);
#4450=LINE('',#11391,#5298);
#4451=LINE('',#11393,#5299);
#4452=LINE('',#11395,#5300);
#4453=LINE('',#11397,#5301);
#4454=LINE('',#11399,#5302);
#4455=LINE('',#11401,#5303);
#4456=LINE('',#11403,#5304);
#4457=LINE('',#11405,#5305);
#4458=LINE('',#11407,#5306);
#4459=LINE('',#11409,#5307);
#4460=LINE('',#11410,#5308);
#4461=LINE('',#11413,#5309);
#4462=LINE('',#11415,#5310);
#4463=LINE('',#11417,#5311);
#4464=LINE('',#11419,#5312);
#4465=LINE('',#11421,#5313);
#4466=LINE('',#11423,#5314);
#4467=LINE('',#11425,#5315);
#4468=LINE('',#11427,#5316);
#4469=LINE('',#11457,#5317);
#4470=LINE('',#11459,#5318);
#4471=LINE('',#11461,#5319);
#4472=LINE('',#11463,#5320);
#4473=LINE('',#11465,#5321);
#4474=LINE('',#11467,#5322);
#4475=LINE('',#11469,#5323);
#4476=LINE('',#11471,#5324);
#4477=LINE('',#11473,#5325);
#4478=LINE('',#11475,#5326);
#4479=LINE('',#11477,#5327);
#4480=LINE('',#11479,#5328);
#4481=LINE('',#11481,#5329);
#4482=LINE('',#11483,#5330);
#4483=LINE('',#11485,#5331);
#4484=LINE('',#11487,#5332);
#4485=LINE('',#11489,#5333);
#4486=LINE('',#11491,#5334);
#4487=LINE('',#11493,#5335);
#4488=LINE('',#11495,#5336);
#4489=LINE('',#11497,#5337);
#4490=LINE('',#11499,#5338);
#4491=LINE('',#11501,#5339);
#4492=LINE('',#11503,#5340);
#4493=LINE('',#11505,#5341);
#4494=LINE('',#11507,#5342);
#4495=LINE('',#11509,#5343);
#4496=LINE('',#11511,#5344);
#4497=LINE('',#11513,#5345);
#4498=LINE('',#11515,#5346);
#4499=LINE('',#11517,#5347);
#4500=LINE('',#11519,#5348);
#4501=LINE('',#11521,#5349);
#4502=LINE('',#11523,#5350);
#4503=LINE('',#11525,#5351);
#4504=LINE('',#11527,#5352);
#4505=LINE('',#11529,#5353);
#4506=LINE('',#11531,#5354);
#4507=LINE('',#11533,#5355);
#4508=LINE('',#11535,#5356);
#4509=LINE('',#11537,#5357);
#4510=LINE('',#11539,#5358);
#4511=LINE('',#11541,#5359);
#4512=LINE('',#11543,#5360);
#4513=LINE('',#11545,#5361);
#4514=LINE('',#11547,#5362);
#4515=LINE('',#11549,#5363);
#4516=LINE('',#11551,#5364);
#4517=LINE('',#11553,#5365);
#4518=LINE('',#11555,#5366);
#4519=LINE('',#11557,#5367);
#4520=LINE('',#11559,#5368);
#4521=LINE('',#11561,#5369);
#4522=LINE('',#11563,#5370);
#4523=LINE('',#11565,#5371);
#4524=LINE('',#11567,#5372);
#4525=LINE('',#11569,#5373);
#4526=LINE('',#11571,#5374);
#4527=LINE('',#11574,#5375);
#4528=LINE('',#11576,#5376);
#4529=LINE('',#11578,#5377);
#4530=LINE('',#11580,#5378);
#4531=LINE('',#11582,#5379);
#4532=LINE('',#11584,#5380);
#4533=LINE('',#11586,#5381);
#4534=LINE('',#11588,#5382);
#4535=LINE('',#11590,#5383);
#4536=LINE('',#11592,#5384);
#4537=LINE('',#11594,#5385);
#4538=LINE('',#11596,#5386);
#4539=LINE('',#11598,#5387);
#4540=LINE('',#11600,#5388);
#4541=LINE('',#11602,#5389);
#4542=LINE('',#11604,#5390);
#4543=LINE('',#11606,#5391);
#4544=LINE('',#11608,#5392);
#4545=LINE('',#11610,#5393);
#4546=LINE('',#11612,#5394);
#4547=LINE('',#11614,#5395);
#4548=LINE('',#11616,#5396);
#4549=LINE('',#11618,#5397);
#4550=LINE('',#11620,#5398);
#4551=LINE('',#11622,#5399);
#4552=LINE('',#11624,#5400);
#4553=LINE('',#11626,#5401);
#4554=LINE('',#11628,#5402);
#4555=LINE('',#11630,#5403);
#4556=LINE('',#11632,#5404);
#4557=LINE('',#11634,#5405);
#4558=LINE('',#11636,#5406);
#4559=LINE('',#11638,#5407);
#4560=LINE('',#11640,#5408);
#4561=LINE('',#11642,#5409);
#4562=LINE('',#11644,#5410);
#4563=LINE('',#11646,#5411);
#4564=LINE('',#11648,#5412);
#4565=LINE('',#11650,#5413);
#4566=LINE('',#11652,#5414);
#4567=LINE('',#11654,#5415);
#4568=LINE('',#11656,#5416);
#4569=LINE('',#11658,#5417);
#4570=LINE('',#11660,#5418);
#4571=LINE('',#11662,#5419);
#4572=LINE('',#11664,#5420);
#4573=LINE('',#11666,#5421);
#4574=LINE('',#11668,#5422);
#4575=LINE('',#11670,#5423);
#4576=LINE('',#11672,#5424);
#4577=LINE('',#11674,#5425);
#4578=LINE('',#11676,#5426);
#4579=LINE('',#11678,#5427);
#4580=LINE('',#11680,#5428);
#4581=LINE('',#11682,#5429);
#4582=LINE('',#11684,#5430);
#4583=LINE('',#11686,#5431);
#4584=LINE('',#11688,#5432);
#4585=LINE('',#11690,#5433);
#4586=LINE('',#11692,#5434);
#4587=LINE('',#11695,#5435);
#4588=LINE('',#11698,#5436);
#4589=LINE('',#11700,#5437);
#4590=LINE('',#11702,#5438);
#4591=LINE('',#11704,#5439);
#4592=LINE('',#11706,#5440);
#4593=LINE('',#11708,#5441);
#4594=LINE('',#11710,#5442);
#4595=LINE('',#11712,#5443);
#4596=LINE('',#11714,#5444);
#4597=LINE('',#11716,#5445);
#4598=LINE('',#11718,#5446);
#4599=LINE('',#11720,#5447);
#4600=LINE('',#11722,#5448);
#4601=LINE('',#11724,#5449);
#4602=LINE('',#11726,#5450);
#4603=LINE('',#11728,#5451);
#4604=LINE('',#11730,#5452);
#4605=LINE('',#11732,#5453);
#4606=LINE('',#11734,#5454);
#4607=LINE('',#11736,#5455);
#4608=LINE('',#11738,#5456);
#4609=LINE('',#11740,#5457);
#4610=LINE('',#11742,#5458);
#4611=LINE('',#11744,#5459);
#4612=LINE('',#11746,#5460);
#4613=LINE('',#11748,#5461);
#4614=LINE('',#11750,#5462);
#4615=LINE('',#11752,#5463);
#4616=LINE('',#11754,#5464);
#4617=LINE('',#11756,#5465);
#4618=LINE('',#11758,#5466);
#4619=LINE('',#11760,#5467);
#4620=LINE('',#11762,#5468);
#4621=LINE('',#11764,#5469);
#4622=LINE('',#11766,#5470);
#4623=LINE('',#11768,#5471);
#4624=LINE('',#11770,#5472);
#4625=LINE('',#11772,#5473);
#4626=LINE('',#11774,#5474);
#4627=LINE('',#11776,#5475);
#4628=LINE('',#11778,#5476);
#4629=LINE('',#11780,#5477);
#4630=LINE('',#11782,#5478);
#4631=LINE('',#11784,#5479);
#4632=LINE('',#11786,#5480);
#4633=LINE('',#11788,#5481);
#4634=LINE('',#11790,#5482);
#4635=LINE('',#11792,#5483);
#4636=LINE('',#11794,#5484);
#4637=LINE('',#11796,#5485);
#4638=LINE('',#11798,#5486);
#4639=LINE('',#11800,#5487);
#4640=LINE('',#11803,#5488);
#4641=LINE('',#11805,#5489);
#4642=LINE('',#11807,#5490);
#4643=LINE('',#11809,#5491);
#4644=LINE('',#11811,#5492);
#4645=LINE('',#11813,#5493);
#4646=LINE('',#11815,#5494);
#4647=LINE('',#11817,#5495);
#4648=LINE('',#11819,#5496);
#4649=LINE('',#11821,#5497);
#4650=LINE('',#11823,#5498);
#4651=LINE('',#11825,#5499);
#4652=LINE('',#11827,#5500);
#4653=LINE('',#11829,#5501);
#4654=LINE('',#11831,#5502);
#4655=LINE('',#11833,#5503);
#4656=LINE('',#11835,#5504);
#4657=LINE('',#11837,#5505);
#4658=LINE('',#11839,#5506);
#4659=LINE('',#11841,#5507);
#4660=LINE('',#11843,#5508);
#4661=LINE('',#11845,#5509);
#4662=LINE('',#11847,#5510);
#4663=LINE('',#11849,#5511);
#4664=LINE('',#11851,#5512);
#4665=LINE('',#11853,#5513);
#4666=LINE('',#11855,#5514);
#4667=LINE('',#11857,#5515);
#4668=LINE('',#11859,#5516);
#4669=LINE('',#11861,#5517);
#4670=LINE('',#11863,#5518);
#4671=LINE('',#11865,#5519);
#4672=LINE('',#11867,#5520);
#4673=LINE('',#11869,#5521);
#4674=LINE('',#11871,#5522);
#4675=LINE('',#11873,#5523);
#4676=LINE('',#11875,#5524);
#4677=LINE('',#11877,#5525);
#4678=LINE('',#11879,#5526);
#4679=LINE('',#11881,#5527);
#4680=LINE('',#11883,#5528);
#4681=LINE('',#11885,#5529);
#4682=LINE('',#11887,#5530);
#4683=LINE('',#11889,#5531);
#4684=LINE('',#11891,#5532);
#4685=LINE('',#11893,#5533);
#4686=LINE('',#11895,#5534);
#4687=LINE('',#11897,#5535);
#4688=LINE('',#11899,#5536);
#4689=LINE('',#11901,#5537);
#4690=LINE('',#11903,#5538);
#4691=LINE('',#11905,#5539);
#4692=LINE('',#11907,#5540);
#4693=LINE('',#11909,#5541);
#4694=LINE('',#11911,#5542);
#4695=LINE('',#11913,#5543);
#4696=LINE('',#11915,#5544);
#4697=LINE('',#11917,#5545);
#4698=LINE('',#11919,#5546);
#4699=LINE('',#11921,#5547);
#4700=LINE('',#11923,#5548);
#4701=LINE('',#11925,#5549);
#4702=LINE('',#11927,#5550);
#4703=LINE('',#11929,#5551);
#4704=LINE('',#11931,#5552);
#4705=LINE('',#11933,#5553);
#4706=LINE('',#11935,#5554);
#4707=LINE('',#11937,#5555);
#4708=LINE('',#11939,#5556);
#4709=LINE('',#11941,#5557);
#4710=LINE('',#11943,#5558);
#4711=LINE('',#11945,#5559);
#4712=LINE('',#11947,#5560);
#4713=LINE('',#11949,#5561);
#4714=LINE('',#11951,#5562);
#4715=LINE('',#11953,#5563);
#4716=LINE('',#11955,#5564);
#4717=LINE('',#11957,#5565);
#4718=LINE('',#11959,#5566);
#4719=LINE('',#11961,#5567);
#4720=LINE('',#11963,#5568);
#4721=LINE('',#11965,#5569);
#4722=LINE('',#11967,#5570);
#4723=LINE('',#11969,#5571);
#4724=LINE('',#11971,#5572);
#4725=LINE('',#11973,#5573);
#4726=LINE('',#11975,#5574);
#4727=LINE('',#11977,#5575);
#4728=LINE('',#11979,#5576);
#4729=LINE('',#11981,#5577);
#4730=LINE('',#11983,#5578);
#4731=LINE('',#11985,#5579);
#4732=LINE('',#11987,#5580);
#4733=LINE('',#11989,#5581);
#4734=LINE('',#11991,#5582);
#4735=LINE('',#11993,#5583);
#4736=LINE('',#11995,#5584);
#4737=LINE('',#11997,#5585);
#4738=LINE('',#11999,#5586);
#4739=LINE('',#12001,#5587);
#4740=LINE('',#12002,#5588);
#4741=LINE('',#12004,#5589);
#4742=LINE('',#12006,#5590);
#4743=LINE('',#12007,#5591);
#4744=LINE('',#12011,#5592);
#4745=LINE('',#12014,#5593);
#4746=LINE('',#12016,#5594);
#4747=LINE('',#12018,#5595);
#4748=LINE('',#12020,#5596);
#4749=LINE('',#12022,#5597);
#4750=LINE('',#12024,#5598);
#4751=LINE('',#12026,#5599);
#4752=LINE('',#12028,#5600);
#4753=LINE('',#12030,#5601);
#4754=LINE('',#12032,#5602);
#4755=LINE('',#12034,#5603);
#4756=LINE('',#12036,#5604);
#4757=LINE('',#12038,#5605);
#4758=LINE('',#12040,#5606);
#4759=LINE('',#12042,#5607);
#4760=LINE('',#12044,#5608);
#4761=LINE('',#12046,#5609);
#4762=LINE('',#12048,#5610);
#4763=LINE('',#12050,#5611);
#4764=LINE('',#12052,#5612);
#4765=LINE('',#12054,#5613);
#4766=LINE('',#12056,#5614);
#4767=LINE('',#12058,#5615);
#4768=LINE('',#12060,#5616);
#4769=LINE('',#12062,#5617);
#4770=LINE('',#12064,#5618);
#4771=LINE('',#12066,#5619);
#4772=LINE('',#12068,#5620);
#4773=LINE('',#12070,#5621);
#4774=LINE('',#12072,#5622);
#4775=LINE('',#12074,#5623);
#4776=LINE('',#12076,#5624);
#4777=LINE('',#12078,#5625);
#4778=LINE('',#12080,#5626);
#4779=LINE('',#12082,#5627);
#4780=LINE('',#12084,#5628);
#4781=LINE('',#12086,#5629);
#4782=LINE('',#12088,#5630);
#4783=LINE('',#12090,#5631);
#4784=LINE('',#12092,#5632);
#4785=LINE('',#12094,#5633);
#4786=LINE('',#12096,#5634);
#4787=LINE('',#12098,#5635);
#4788=LINE('',#12100,#5636);
#4789=LINE('',#12102,#5637);
#4790=LINE('',#12104,#5638);
#4791=LINE('',#12106,#5639);
#4792=LINE('',#12108,#5640);
#4793=LINE('',#12110,#5641);
#4794=LINE('',#12112,#5642);
#4795=LINE('',#12114,#5643);
#4796=LINE('',#12116,#5644);
#4797=LINE('',#12118,#5645);
#4798=LINE('',#12120,#5646);
#4799=LINE('',#12122,#5647);
#4800=LINE('',#12124,#5648);
#4801=LINE('',#12126,#5649);
#4802=LINE('',#12128,#5650);
#4803=LINE('',#12130,#5651);
#4804=LINE('',#12132,#5652);
#4805=LINE('',#12134,#5653);
#4806=LINE('',#12136,#5654);
#4807=LINE('',#12138,#5655);
#4808=LINE('',#12140,#5656);
#4809=LINE('',#12142,#5657);
#4810=LINE('',#12144,#5658);
#4811=LINE('',#12146,#5659);
#4812=LINE('',#12148,#5660);
#4813=LINE('',#12150,#5661);
#4814=LINE('',#12152,#5662);
#4815=LINE('',#12154,#5663);
#4816=LINE('',#12156,#5664);
#4817=LINE('',#12158,#5665);
#4818=LINE('',#12160,#5666);
#4819=LINE('',#12162,#5667);
#4820=LINE('',#12164,#5668);
#4821=LINE('',#12166,#5669);
#4822=LINE('',#12168,#5670);
#4823=LINE('',#12170,#5671);
#4824=LINE('',#12172,#5672);
#4825=LINE('',#12174,#5673);
#4826=LINE('',#12176,#5674);
#4827=LINE('',#12178,#5675);
#4828=LINE('',#12180,#5676);
#4829=LINE('',#12182,#5677);
#4830=LINE('',#12184,#5678);
#4831=LINE('',#12186,#5679);
#4832=LINE('',#12188,#5680);
#4833=LINE('',#12190,#5681);
#4834=LINE('',#12192,#5682);
#4835=LINE('',#12193,#5683);
#4836=LINE('',#12206,#5684);
#4837=LINE('',#12208,#5685);
#4838=LINE('',#12210,#5686);
#4839=LINE('',#12212,#5687);
#4840=LINE('',#12214,#5688);
#4841=LINE('',#12216,#5689);
#4842=LINE('',#12218,#5690);
#4843=LINE('',#12220,#5691);
#4844=LINE('',#12222,#5692);
#4845=LINE('',#12224,#5693);
#4846=LINE('',#12227,#5694);
#4847=LINE('',#12228,#5695);
#4848=LINE('',#12235,#5696);
#4849=LINE('',#12238,#5697);
#4850=LINE('',#12239,#5698);
#4851=LINE('',#12241,#5699);
#4852=LINE('',#12244,#5700);
#4853=LINE('',#12245,#5701);
#4854=LINE('',#12247,#5702);
#4855=LINE('',#12249,#5703);
#4856=LINE('',#12251,#5704);
#4857=LINE('',#12253,#5705);
#4858=LINE('',#12255,#5706);
#4859=LINE('',#12257,#5707);
#4860=VECTOR('',#8046,1.);
#4861=VECTOR('',#8049,1.);
#4862=VECTOR('',#8052,1.);
#4863=VECTOR('',#8055,1.);
#4864=VECTOR('',#8088,1.);
#4865=VECTOR('',#8091,1.);
#4866=VECTOR('',#8092,1.);
#4867=VECTOR('',#8095,1.);
#4868=VECTOR('',#8096,1.);
#4869=VECTOR('',#8097,1.);
#4870=VECTOR('',#8100,1.);
#4871=VECTOR('',#8103,1.);
#4872=VECTOR('',#8106,1.);
#4873=VECTOR('',#8109,1.);
#4874=VECTOR('',#8110,1.);
#4875=VECTOR('',#8113,1.);
#4876=VECTOR('',#8114,1.);
#4877=VECTOR('',#8115,1.);
#4878=VECTOR('',#8118,1.);
#4879=VECTOR('',#8119,1.);
#4880=VECTOR('',#8120,1.);
#4881=VECTOR('',#8121,1.);
#4882=VECTOR('',#8122,1.);
#4883=VECTOR('',#8123,1.);
#4884=VECTOR('',#8124,1.);
#4885=VECTOR('',#8127,1.);
#4886=VECTOR('',#8130,1.);
#4887=VECTOR('',#8133,1.);
#4888=VECTOR('',#8138,1.);
#4889=VECTOR('',#8139,1.);
#4890=VECTOR('',#8140,1.);
#4891=VECTOR('',#8141,1.);
#4892=VECTOR('',#8142,1.);
#4893=VECTOR('',#8143,1.);
#4894=VECTOR('',#8144,1.);
#4895=VECTOR('',#8145,1.);
#4896=VECTOR('',#8146,1.);
#4897=VECTOR('',#8147,1.);
#4898=VECTOR('',#8148,1.);
#4899=VECTOR('',#8149,1.);
#4900=VECTOR('',#8150,1.);
#4901=VECTOR('',#8151,1.);
#4902=VECTOR('',#8152,1.);
#4903=VECTOR('',#8153,1.);
#4904=VECTOR('',#8154,1.);
#4905=VECTOR('',#8155,1.);
#4906=VECTOR('',#8156,1.);
#4907=VECTOR('',#8157,1.);
#4908=VECTOR('',#8158,1.);
#4909=VECTOR('',#8159,1.);
#4910=VECTOR('',#8160,1.);
#4911=VECTOR('',#8161,1.);
#4912=VECTOR('',#8162,1.);
#4913=VECTOR('',#8163,1.);
#4914=VECTOR('',#8164,1.);
#4915=VECTOR('',#8165,1.);
#4916=VECTOR('',#8166,1.);
#4917=VECTOR('',#8167,1.);
#4918=VECTOR('',#8168,1.);
#4919=VECTOR('',#8169,1.);
#4920=VECTOR('',#8170,1.);
#4921=VECTOR('',#8171,1.);
#4922=VECTOR('',#8172,1.);
#4923=VECTOR('',#8173,1.);
#4924=VECTOR('',#8174,1.);
#4925=VECTOR('',#8175,1.);
#4926=VECTOR('',#8176,1.);
#4927=VECTOR('',#8177,1.);
#4928=VECTOR('',#8178,1.);
#4929=VECTOR('',#8179,1.);
#4930=VECTOR('',#8180,1.);
#4931=VECTOR('',#8181,1.);
#4932=VECTOR('',#8182,1.);
#4933=VECTOR('',#8183,1.);
#4934=VECTOR('',#8184,1.);
#4935=VECTOR('',#8185,1.);
#4936=VECTOR('',#8186,1.);
#4937=VECTOR('',#8187,1.);
#4938=VECTOR('',#8188,1.);
#4939=VECTOR('',#8189,1.);
#4940=VECTOR('',#8190,1.);
#4941=VECTOR('',#8191,1.);
#4942=VECTOR('',#8192,1.);
#4943=VECTOR('',#8193,1.);
#4944=VECTOR('',#8194,1.);
#4945=VECTOR('',#8195,1.);
#4946=VECTOR('',#8196,1.);
#4947=VECTOR('',#8197,1.);
#4948=VECTOR('',#8198,1.);
#4949=VECTOR('',#8199,1.);
#4950=VECTOR('',#8200,1.);
#4951=VECTOR('',#8201,1.);
#4952=VECTOR('',#8202,1.);
#4953=VECTOR('',#8203,1.);
#4954=VECTOR('',#8204,1.);
#4955=VECTOR('',#8205,1.);
#4956=VECTOR('',#8206,1.);
#4957=VECTOR('',#8207,1.);
#4958=VECTOR('',#8208,1.);
#4959=VECTOR('',#8209,1.);
#4960=VECTOR('',#8210,1.);
#4961=VECTOR('',#8211,1.);
#4962=VECTOR('',#8212,1.);
#4963=VECTOR('',#8213,1.);
#4964=VECTOR('',#8214,1.);
#4965=VECTOR('',#8215,1.);
#4966=VECTOR('',#8216,1.);
#4967=VECTOR('',#8217,1.);
#4968=VECTOR('',#8218,1.);
#4969=VECTOR('',#8219,1.);
#4970=VECTOR('',#8220,1.);
#4971=VECTOR('',#8221,1.);
#4972=VECTOR('',#8222,1.);
#4973=VECTOR('',#8223,1.);
#4974=VECTOR('',#8224,1.);
#4975=VECTOR('',#8225,1.);
#4976=VECTOR('',#8226,1.);
#4977=VECTOR('',#8227,1.);
#4978=VECTOR('',#8228,1.);
#4979=VECTOR('',#8229,1.);
#4980=VECTOR('',#8230,1.);
#4981=VECTOR('',#8231,1.);
#4982=VECTOR('',#8232,1.);
#4983=VECTOR('',#8233,1.);
#4984=VECTOR('',#8234,1.);
#4985=VECTOR('',#8235,1.);
#4986=VECTOR('',#8236,1.);
#4987=VECTOR('',#8237,1.);
#4988=VECTOR('',#8238,1.);
#4989=VECTOR('',#8239,1.);
#4990=VECTOR('',#8240,1.);
#4991=VECTOR('',#8241,1.);
#4992=VECTOR('',#8242,1.);
#4993=VECTOR('',#8247,1.);
#4994=VECTOR('',#8248,1.);
#4995=VECTOR('',#8249,1.);
#4996=VECTOR('',#8250,1.);
#4997=VECTOR('',#8259,1.);
#4998=VECTOR('',#8262,1.);
#4999=VECTOR('',#8265,1.);
#5000=VECTOR('',#8268,1.);
#5001=VECTOR('',#8273,1.);
#5002=VECTOR('',#8274,1.);
#5003=VECTOR('',#8277,1.);
#5004=VECTOR('',#8280,1.);
#5005=VECTOR('',#8281,1.);
#5006=VECTOR('',#8282,1.);
#5007=VECTOR('',#8283,1.);
#5008=VECTOR('',#8284,1.);
#5009=VECTOR('',#8287,1.);
#5010=VECTOR('',#8290,1.);
#5011=VECTOR('',#8291,1.);
#5012=VECTOR('',#8294,1.);
#5013=VECTOR('',#8295,1.);
#5014=VECTOR('',#8296,1.);
#5015=VECTOR('',#8297,1.);
#5016=VECTOR('',#8298,1.);
#5017=VECTOR('',#8301,1.);
#5018=VECTOR('',#8302,1.);
#5019=VECTOR('',#8303,1.);
#5020=VECTOR('',#8304,1.);
#5021=VECTOR('',#8305,1.);
#5022=VECTOR('',#8308,1.);
#5023=VECTOR('',#8311,1.);
#5024=VECTOR('',#8312,1.);
#5025=VECTOR('',#8313,1.);
#5026=VECTOR('',#8316,1.);
#5027=VECTOR('',#8319,1.);
#5028=VECTOR('',#8322,1.);
#5029=VECTOR('',#8333,1.);
#5030=VECTOR('',#8334,1.);
#5031=VECTOR('',#8337,1.);
#5032=VECTOR('',#8340,1.);
#5033=VECTOR('',#8341,1.);
#5034=VECTOR('',#8342,1.);
#5035=VECTOR('',#8343,1.);
#5036=VECTOR('',#8344,1.);
#5037=VECTOR('',#8345,1.);
#5038=VECTOR('',#8348,1.);
#5039=VECTOR('',#8349,1.);
#5040=VECTOR('',#8350,1.);
#5041=VECTOR('',#8351,1.);
#5042=VECTOR('',#8352,1.);
#5043=VECTOR('',#8355,1.);
#5044=VECTOR('',#8356,1.);
#5045=VECTOR('',#8359,1.);
#5046=VECTOR('',#8360,1.);
#5047=VECTOR('',#8361,1.);
#5048=VECTOR('',#8362,1.);
#5049=VECTOR('',#8365,1.);
#5050=VECTOR('',#8366,1.);
#5051=VECTOR('',#8367,1.);
#5052=VECTOR('',#8368,1.);
#5053=VECTOR('',#8371,1.);
#5054=VECTOR('',#8372,1.);
#5055=VECTOR('',#8373,1.);
#5056=VECTOR('',#8374,1.);
#5057=VECTOR('',#8375,1.);
#5058=VECTOR('',#8376,1.);
#5059=VECTOR('',#8377,1.);
#5060=VECTOR('',#8378,1.);
#5061=VECTOR('',#8379,1.);
#5062=VECTOR('',#8380,1.);
#5063=VECTOR('',#8381,1.);
#5064=VECTOR('',#8384,1.);
#5065=VECTOR('',#8385,1.);
#5066=VECTOR('',#8386,1.);
#5067=VECTOR('',#8387,1.);
#5068=VECTOR('',#8388,1.);
#5069=VECTOR('',#8389,1.);
#5070=VECTOR('',#8390,1.);
#5071=VECTOR('',#8391,1.);
#5072=VECTOR('',#8392,1.);
#5073=VECTOR('',#8393,1.);
#5074=VECTOR('',#8394,1.);
#5075=VECTOR('',#8397,1.);
#5076=VECTOR('',#8398,1.);
#5077=VECTOR('',#8399,1.);
#5078=VECTOR('',#8402,1.);
#5079=VECTOR('',#8403,1.);
#5080=VECTOR('',#8404,1.);
#5081=VECTOR('',#8405,1.);
#5082=VECTOR('',#8406,1.);
#5083=VECTOR('',#8407,1.);
#5084=VECTOR('',#8410,1.);
#5085=VECTOR('',#8525,1.);
#5086=VECTOR('',#8526,1.);
#5087=VECTOR('',#8529,1.);
#5088=VECTOR('',#8530,1.);
#5089=VECTOR('',#8541,1.);
#5090=VECTOR('',#8544,1.);
#5091=VECTOR('',#8547,1.);
#5092=VECTOR('',#8550,1.);
#5093=VECTOR('',#8551,1.);
#5094=VECTOR('',#8552,1.);
#5095=VECTOR('',#8555,1.);
#5096=VECTOR('',#8560,1.);
#5097=VECTOR('',#8561,1.);
#5098=VECTOR('',#8562,1.);
#5099=VECTOR('',#8565,1.);
#5100=VECTOR('',#8566,1.);
#5101=VECTOR('',#8571,1.);
#5102=VECTOR('',#8572,1.);
#5103=VECTOR('',#8599,1.);
#5104=VECTOR('',#8600,1.);
#5105=VECTOR('',#8603,1.);
#5106=VECTOR('',#8604,1.);
#5107=VECTOR('',#8607,1.);
#5108=VECTOR('',#8608,1.);
#5109=VECTOR('',#8611,1.);
#5110=VECTOR('',#8612,1.);
#5111=VECTOR('',#8615,1.);
#5112=VECTOR('',#8616,1.);
#5113=VECTOR('',#8619,1.);
#5114=VECTOR('',#8622,1.);
#5115=VECTOR('',#8623,1.);
#5116=VECTOR('',#8628,1.);
#5117=VECTOR('',#8631,1.);
#5118=VECTOR('',#8632,1.);
#5119=VECTOR('',#8713,1.);
#5120=VECTOR('',#8714,1.);
#5121=VECTOR('',#8715,1.);
#5122=VECTOR('',#8716,1.);
#5123=VECTOR('',#8721,1.);
#5124=VECTOR('',#8726,1.);
#5125=VECTOR('',#8727,1.);
#5126=VECTOR('',#8728,1.);
#5127=VECTOR('',#8739,1.);
#5128=VECTOR('',#8742,1.);
#5129=VECTOR('',#8747,1.);
#5130=VECTOR('',#8748,1.);
#5131=VECTOR('',#8749,1.);
#5132=VECTOR('',#8754,1.);
#5133=VECTOR('',#8759,1.);
#5134=VECTOR('',#8760,1.);
#5135=VECTOR('',#8765,1.);
#5136=VECTOR('',#8766,1.);
#5137=VECTOR('',#8767,1.);
#5138=VECTOR('',#8768,1.);
#5139=VECTOR('',#8773,1.);
#5140=VECTOR('',#8778,1.);
#5141=VECTOR('',#8779,1.);
#5142=VECTOR('',#8780,1.);
#5143=VECTOR('',#8791,1.);
#5144=VECTOR('',#8792,1.);
#5145=VECTOR('',#8793,1.);
#5146=VECTOR('',#8794,1.);
#5147=VECTOR('',#8799,1.);
#5148=VECTOR('',#8804,1.);
#5149=VECTOR('',#8805,1.);
#5150=VECTOR('',#8806,1.);
#5151=VECTOR('',#8817,1.);
#5152=VECTOR('',#8818,1.);
#5153=VECTOR('',#8821,1.);
#5154=VECTOR('',#8824,1.);
#5155=VECTOR('',#8829,1.);
#5156=VECTOR('',#8830,1.);
#5157=VECTOR('',#8833,1.);
#5158=VECTOR('',#8836,1.);
#5159=VECTOR('',#8841,1.);
#5160=VECTOR('',#8842,1.);
#5161=VECTOR('',#8845,1.);
#5162=VECTOR('',#8848,1.);
#5163=VECTOR('',#8853,1.);
#5164=VECTOR('',#8854,1.);
#5165=VECTOR('',#8857,1.);
#5166=VECTOR('',#8860,1.);
#5167=VECTOR('',#8865,1.);
#5168=VECTOR('',#8868,1.);
#5169=VECTOR('',#8871,1.);
#5170=VECTOR('',#8872,1.);
#5171=VECTOR('',#8875,1.);
#5172=VECTOR('',#8880,1.);
#5173=VECTOR('',#8883,1.);
#5174=VECTOR('',#8884,1.);
#5175=VECTOR('',#8887,1.);
#5176=VECTOR('',#8888,1.);
#5177=VECTOR('',#8891,1.);
#5178=VECTOR('',#8894,1.);
#5179=VECTOR('',#8895,1.);
#5180=VECTOR('',#8896,1.);
#5181=VECTOR('',#8897,1.);
#5182=VECTOR('',#8902,1.);
#5183=VECTOR('',#8907,1.);
#5184=VECTOR('',#8908,1.);
#5185=VECTOR('',#8909,1.);
#5186=VECTOR('',#8912,1.);
#5187=VECTOR('',#8913,1.);
#5188=VECTOR('',#8914,1.);
#5189=VECTOR('',#8917,1.);
#5190=VECTOR('',#8918,1.);
#5191=VECTOR('',#8919,1.);
#5192=VECTOR('',#8928,1.);
#5193=VECTOR('',#8933,1.);
#5194=VECTOR('',#8934,1.);
#5195=VECTOR('',#8935,1.);
#5196=VECTOR('',#8938,1.);
#5197=VECTOR('',#8939,1.);
#5198=VECTOR('',#8942,1.);
#5199=VECTOR('',#8943,1.);
#5200=VECTOR('',#8946,1.);
#5201=VECTOR('',#8947,1.);
#5202=VECTOR('',#8948,1.);
#5203=VECTOR('',#8951,1.);
#5204=VECTOR('',#8952,1.);
#5205=VECTOR('',#8959,1.);
#5206=VECTOR('',#8964,1.);
#5207=VECTOR('',#8965,1.);
#5208=VECTOR('',#8968,1.);
#5209=VECTOR('',#8969,1.);
#5210=VECTOR('',#8972,1.);
#5211=VECTOR('',#8973,1.);
#5212=VECTOR('',#8976,1.);
#5213=VECTOR('',#8977,1.);
#5214=VECTOR('',#8980,1.);
#5215=VECTOR('',#8981,1.);
#5216=VECTOR('',#8988,1.);
#5217=VECTOR('',#8993,1.);
#5218=VECTOR('',#8994,1.);
#5219=VECTOR('',#8997,1.);
#5220=VECTOR('',#8998,1.);
#5221=VECTOR('',#9001,1.);
#5222=VECTOR('',#9004,1.);
#5223=VECTOR('',#9009,1.);
#5224=VECTOR('',#9010,1.);
#5225=VECTOR('',#9013,1.);
#5226=VECTOR('',#9018,1.);
#5227=VECTOR('',#9019,1.);
#5228=VECTOR('',#9022,1.);
#5229=VECTOR('',#9027,1.);
#5230=VECTOR('',#9030,1.);
#5231=VECTOR('',#9031,1.);
#5232=VECTOR('',#9034,1.);
#5233=VECTOR('',#9035,1.);
#5234=VECTOR('',#9038,1.);
#5235=VECTOR('',#9043,1.);
#5236=VECTOR('',#9046,1.);
#5237=VECTOR('',#9049,1.);
#5238=VECTOR('',#9050,1.);
#5239=VECTOR('',#9051,1.);
#5240=VECTOR('',#9054,1.);
#5241=VECTOR('',#9055,1.);
#5242=VECTOR('',#9056,1.);
#5243=VECTOR('',#9059,1.);
#5244=VECTOR('',#9060,1.);
#5245=VECTOR('',#9061,1.);
#5246=VECTOR('',#9066,1.);
#5247=VECTOR('',#9071,1.);
#5248=VECTOR('',#9072,1.);
#5249=VECTOR('',#9079,1.);
#5250=VECTOR('',#9080,1.);
#5251=VECTOR('',#9081,1.);
#5252=VECTOR('',#9084,1.);
#5253=VECTOR('',#9085,1.);
#5254=VECTOR('',#9088,1.);
#5255=VECTOR('',#9089,1.);
#5256=VECTOR('',#9092,1.);
#5257=VECTOR('',#9097,1.);
#5258=VECTOR('',#9098,1.);
#5259=VECTOR('',#9107,1.);
#5260=VECTOR('',#9108,1.);
#5261=VECTOR('',#9109,1.);
#5262=VECTOR('',#9112,1.);
#5263=VECTOR('',#9113,1.);
#5264=VECTOR('',#9116,1.);
#5265=VECTOR('',#9121,1.);
#5266=VECTOR('',#9122,1.);
#5267=VECTOR('',#9125,1.);
#5268=VECTOR('',#9130,1.);
#5269=VECTOR('',#9137,1.);
#5270=VECTOR('',#9138,1.);
#5271=VECTOR('',#9139,1.);
#5272=VECTOR('',#9140,1.);
#5273=VECTOR('',#9143,1.);
#5274=VECTOR('',#9144,1.);
#5275=VECTOR('',#9145,1.);
#5276=VECTOR('',#9148,1.);
#5277=VECTOR('',#9149,1.);
#5278=VECTOR('',#9150,1.);
#5279=VECTOR('',#9153,1.);
#5280=VECTOR('',#9154,1.);
#5281=VECTOR('',#9155,1.);
#5282=VECTOR('',#9158,1.);
#5283=VECTOR('',#9159,1.);
#5284=VECTOR('',#9162,1.);
#5285=VECTOR('',#9163,1.);
#5286=VECTOR('',#9166,1.);
#5287=VECTOR('',#9169,1.);
#5288=VECTOR('',#9170,1.);
#5289=VECTOR('',#9175,1.);
#5290=VECTOR('',#9176,1.);
#5291=VECTOR('',#9177,1.);
#5292=VECTOR('',#9178,1.);
#5293=VECTOR('',#9181,1.);
#5294=VECTOR('',#9182,1.);
#5295=VECTOR('',#9183,1.);
#5296=VECTOR('',#9186,1.);
#5297=VECTOR('',#9187,1.);
#5298=VECTOR('',#9188,1.);
#5299=VECTOR('',#9191,1.);
#5300=VECTOR('',#9192,1.);
#5301=VECTOR('',#9193,1.);
#5302=VECTOR('',#9196,1.);
#5303=VECTOR('',#9197,1.);
#5304=VECTOR('',#9200,1.);
#5305=VECTOR('',#9201,1.);
#5306=VECTOR('',#9204,1.);
#5307=VECTOR('',#9207,1.);
#5308=VECTOR('',#9208,1.);
#5309=VECTOR('',#9213,1.);
#5310=VECTOR('',#9214,1.);
#5311=VECTOR('',#9215,1.);
#5312=VECTOR('',#9218,1.);
#5313=VECTOR('',#9219,1.);
#5314=VECTOR('',#9222,1.);
#5315=VECTOR('',#9223,1.);
#5316=VECTOR('',#9226,1.);
#5317=VECTOR('',#9239,1.);
#5318=VECTOR('',#9240,1.);
#5319=VECTOR('',#9241,1.);
#5320=VECTOR('',#9244,1.);
#5321=VECTOR('',#9245,1.);
#5322=VECTOR('',#9248,1.);
#5323=VECTOR('',#9249,1.);
#5324=VECTOR('',#9252,1.);
#5325=VECTOR('',#9253,1.);
#5326=VECTOR('',#9256,1.);
#5327=VECTOR('',#9257,1.);
#5328=VECTOR('',#9260,1.);
#5329=VECTOR('',#9261,1.);
#5330=VECTOR('',#9264,1.);
#5331=VECTOR('',#9265,1.);
#5332=VECTOR('',#9268,1.);
#5333=VECTOR('',#9269,1.);
#5334=VECTOR('',#9272,1.);
#5335=VECTOR('',#9273,1.);
#5336=VECTOR('',#9276,1.);
#5337=VECTOR('',#9277,1.);
#5338=VECTOR('',#9280,1.);
#5339=VECTOR('',#9281,1.);
#5340=VECTOR('',#9284,1.);
#5341=VECTOR('',#9285,1.);
#5342=VECTOR('',#9288,1.);
#5343=VECTOR('',#9289,1.);
#5344=VECTOR('',#9292,1.);
#5345=VECTOR('',#9293,1.);
#5346=VECTOR('',#9296,1.);
#5347=VECTOR('',#9297,1.);
#5348=VECTOR('',#9300,1.);
#5349=VECTOR('',#9301,1.);
#5350=VECTOR('',#9304,1.);
#5351=VECTOR('',#9305,1.);
#5352=VECTOR('',#9308,1.);
#5353=VECTOR('',#9309,1.);
#5354=VECTOR('',#9312,1.);
#5355=VECTOR('',#9313,1.);
#5356=VECTOR('',#9316,1.);
#5357=VECTOR('',#9317,1.);
#5358=VECTOR('',#9320,1.);
#5359=VECTOR('',#9321,1.);
#5360=VECTOR('',#9324,1.);
#5361=VECTOR('',#9325,1.);
#5362=VECTOR('',#9328,1.);
#5363=VECTOR('',#9329,1.);
#5364=VECTOR('',#9332,1.);
#5365=VECTOR('',#9333,1.);
#5366=VECTOR('',#9336,1.);
#5367=VECTOR('',#9337,1.);
#5368=VECTOR('',#9340,1.);
#5369=VECTOR('',#9341,1.);
#5370=VECTOR('',#9344,1.);
#5371=VECTOR('',#9345,1.);
#5372=VECTOR('',#9348,1.);
#5373=VECTOR('',#9349,1.);
#5374=VECTOR('',#9352,1.);
#5375=VECTOR('',#9357,1.);
#5376=VECTOR('',#9358,1.);
#5377=VECTOR('',#9359,1.);
#5378=VECTOR('',#9362,1.);
#5379=VECTOR('',#9363,1.);
#5380=VECTOR('',#9366,1.);
#5381=VECTOR('',#9367,1.);
#5382=VECTOR('',#9370,1.);
#5383=VECTOR('',#9371,1.);
#5384=VECTOR('',#9374,1.);
#5385=VECTOR('',#9375,1.);
#5386=VECTOR('',#9378,1.);
#5387=VECTOR('',#9379,1.);
#5388=VECTOR('',#9382,1.);
#5389=VECTOR('',#9383,1.);
#5390=VECTOR('',#9386,1.);
#5391=VECTOR('',#9387,1.);
#5392=VECTOR('',#9390,1.);
#5393=VECTOR('',#9391,1.);
#5394=VECTOR('',#9394,1.);
#5395=VECTOR('',#9395,1.);
#5396=VECTOR('',#9398,1.);
#5397=VECTOR('',#9399,1.);
#5398=VECTOR('',#9402,1.);
#5399=VECTOR('',#9403,1.);
#5400=VECTOR('',#9406,1.);
#5401=VECTOR('',#9407,1.);
#5402=VECTOR('',#9410,1.);
#5403=VECTOR('',#9411,1.);
#5404=VECTOR('',#9414,1.);
#5405=VECTOR('',#9415,1.);
#5406=VECTOR('',#9418,1.);
#5407=VECTOR('',#9419,1.);
#5408=VECTOR('',#9422,1.);
#5409=VECTOR('',#9423,1.);
#5410=VECTOR('',#9426,1.);
#5411=VECTOR('',#9427,1.);
#5412=VECTOR('',#9430,1.);
#5413=VECTOR('',#9431,1.);
#5414=VECTOR('',#9434,1.);
#5415=VECTOR('',#9435,1.);
#5416=VECTOR('',#9438,1.);
#5417=VECTOR('',#9439,1.);
#5418=VECTOR('',#9442,1.);
#5419=VECTOR('',#9443,1.);
#5420=VECTOR('',#9446,1.);
#5421=VECTOR('',#9447,1.);
#5422=VECTOR('',#9450,1.);
#5423=VECTOR('',#9451,1.);
#5424=VECTOR('',#9454,1.);
#5425=VECTOR('',#9455,1.);
#5426=VECTOR('',#9458,1.);
#5427=VECTOR('',#9459,1.);
#5428=VECTOR('',#9462,1.);
#5429=VECTOR('',#9463,1.);
#5430=VECTOR('',#9466,1.);
#5431=VECTOR('',#9467,1.);
#5432=VECTOR('',#9470,1.);
#5433=VECTOR('',#9471,1.);
#5434=VECTOR('',#9474,1.);
#5435=VECTOR('',#9479,1.);
#5436=VECTOR('',#9480,1.);
#5437=VECTOR('',#9481,1.);
#5438=VECTOR('',#9482,1.);
#5439=VECTOR('',#9485,1.);
#5440=VECTOR('',#9486,1.);
#5441=VECTOR('',#9487,1.);
#5442=VECTOR('',#9490,1.);
#5443=VECTOR('',#9491,1.);
#5444=VECTOR('',#9492,1.);
#5445=VECTOR('',#9495,1.);
#5446=VECTOR('',#9496,1.);
#5447=VECTOR('',#9497,1.);
#5448=VECTOR('',#9500,1.);
#5449=VECTOR('',#9501,1.);
#5450=VECTOR('',#9502,1.);
#5451=VECTOR('',#9505,1.);
#5452=VECTOR('',#9506,1.);
#5453=VECTOR('',#9507,1.);
#5454=VECTOR('',#9510,1.);
#5455=VECTOR('',#9511,1.);
#5456=VECTOR('',#9512,1.);
#5457=VECTOR('',#9515,1.);
#5458=VECTOR('',#9516,1.);
#5459=VECTOR('',#9517,1.);
#5460=VECTOR('',#9520,1.);
#5461=VECTOR('',#9521,1.);
#5462=VECTOR('',#9522,1.);
#5463=VECTOR('',#9525,1.);
#5464=VECTOR('',#9526,1.);
#5465=VECTOR('',#9527,1.);
#5466=VECTOR('',#9530,1.);
#5467=VECTOR('',#9531,1.);
#5468=VECTOR('',#9532,1.);
#5469=VECTOR('',#9535,1.);
#5470=VECTOR('',#9536,1.);
#5471=VECTOR('',#9537,1.);
#5472=VECTOR('',#9540,1.);
#5473=VECTOR('',#9541,1.);
#5474=VECTOR('',#9542,1.);
#5475=VECTOR('',#9545,1.);
#5476=VECTOR('',#9546,1.);
#5477=VECTOR('',#9547,1.);
#5478=VECTOR('',#9550,1.);
#5479=VECTOR('',#9551,1.);
#5480=VECTOR('',#9552,1.);
#5481=VECTOR('',#9555,1.);
#5482=VECTOR('',#9556,1.);
#5483=VECTOR('',#9557,1.);
#5484=VECTOR('',#9560,1.);
#5485=VECTOR('',#9561,1.);
#5486=VECTOR('',#9562,1.);
#5487=VECTOR('',#9565,1.);
#5488=VECTOR('',#9566,1.);
#5489=VECTOR('',#9567,1.);
#5490=VECTOR('',#9568,1.);
#5491=VECTOR('',#9571,1.);
#5492=VECTOR('',#9572,1.);
#5493=VECTOR('',#9573,1.);
#5494=VECTOR('',#9576,1.);
#5495=VECTOR('',#9577,1.);
#5496=VECTOR('',#9578,1.);
#5497=VECTOR('',#9581,1.);
#5498=VECTOR('',#9582,1.);
#5499=VECTOR('',#9583,1.);
#5500=VECTOR('',#9586,1.);
#5501=VECTOR('',#9587,1.);
#5502=VECTOR('',#9588,1.);
#5503=VECTOR('',#9591,1.);
#5504=VECTOR('',#9592,1.);
#5505=VECTOR('',#9593,1.);
#5506=VECTOR('',#9596,1.);
#5507=VECTOR('',#9597,1.);
#5508=VECTOR('',#9598,1.);
#5509=VECTOR('',#9601,1.);
#5510=VECTOR('',#9602,1.);
#5511=VECTOR('',#9603,1.);
#5512=VECTOR('',#9606,1.);
#5513=VECTOR('',#9607,1.);
#5514=VECTOR('',#9608,1.);
#5515=VECTOR('',#9611,1.);
#5516=VECTOR('',#9612,1.);
#5517=VECTOR('',#9613,1.);
#5518=VECTOR('',#9616,1.);
#5519=VECTOR('',#9617,1.);
#5520=VECTOR('',#9618,1.);
#5521=VECTOR('',#9621,1.);
#5522=VECTOR('',#9622,1.);
#5523=VECTOR('',#9623,1.);
#5524=VECTOR('',#9626,1.);
#5525=VECTOR('',#9627,1.);
#5526=VECTOR('',#9628,1.);
#5527=VECTOR('',#9631,1.);
#5528=VECTOR('',#9632,1.);
#5529=VECTOR('',#9633,1.);
#5530=VECTOR('',#9636,1.);
#5531=VECTOR('',#9637,1.);
#5532=VECTOR('',#9638,1.);
#5533=VECTOR('',#9641,1.);
#5534=VECTOR('',#9642,1.);
#5535=VECTOR('',#9643,1.);
#5536=VECTOR('',#9646,1.);
#5537=VECTOR('',#9647,1.);
#5538=VECTOR('',#9648,1.);
#5539=VECTOR('',#9651,1.);
#5540=VECTOR('',#9652,1.);
#5541=VECTOR('',#9653,1.);
#5542=VECTOR('',#9656,1.);
#5543=VECTOR('',#9657,1.);
#5544=VECTOR('',#9658,1.);
#5545=VECTOR('',#9661,1.);
#5546=VECTOR('',#9662,1.);
#5547=VECTOR('',#9665,1.);
#5548=VECTOR('',#9666,1.);
#5549=VECTOR('',#9669,1.);
#5550=VECTOR('',#9670,1.);
#5551=VECTOR('',#9673,1.);
#5552=VECTOR('',#9674,1.);
#5553=VECTOR('',#9677,1.);
#5554=VECTOR('',#9678,1.);
#5555=VECTOR('',#9681,1.);
#5556=VECTOR('',#9682,1.);
#5557=VECTOR('',#9685,1.);
#5558=VECTOR('',#9686,1.);
#5559=VECTOR('',#9689,1.);
#5560=VECTOR('',#9690,1.);
#5561=VECTOR('',#9693,1.);
#5562=VECTOR('',#9694,1.);
#5563=VECTOR('',#9697,1.);
#5564=VECTOR('',#9698,1.);
#5565=VECTOR('',#9701,1.);
#5566=VECTOR('',#9702,1.);
#5567=VECTOR('',#9705,1.);
#5568=VECTOR('',#9706,1.);
#5569=VECTOR('',#9709,1.);
#5570=VECTOR('',#9710,1.);
#5571=VECTOR('',#9713,1.);
#5572=VECTOR('',#9714,1.);
#5573=VECTOR('',#9717,1.);
#5574=VECTOR('',#9718,1.);
#5575=VECTOR('',#9721,1.);
#5576=VECTOR('',#9722,1.);
#5577=VECTOR('',#9725,1.);
#5578=VECTOR('',#9726,1.);
#5579=VECTOR('',#9729,1.);
#5580=VECTOR('',#9730,1.);
#5581=VECTOR('',#9733,1.);
#5582=VECTOR('',#9734,1.);
#5583=VECTOR('',#9737,1.);
#5584=VECTOR('',#9738,1.);
#5585=VECTOR('',#9741,1.);
#5586=VECTOR('',#9742,1.);
#5587=VECTOR('',#9745,1.);
#5588=VECTOR('',#9746,1.);
#5589=VECTOR('',#9749,1.);
#5590=VECTOR('',#9752,1.);
#5591=VECTOR('',#9753,1.);
#5592=VECTOR('',#9760,1.);
#5593=VECTOR('',#9761,1.);
#5594=VECTOR('',#9762,1.);
#5595=VECTOR('',#9763,1.);
#5596=VECTOR('',#9766,1.);
#5597=VECTOR('',#9767,1.);
#5598=VECTOR('',#9768,1.);
#5599=VECTOR('',#9771,1.);
#5600=VECTOR('',#9772,1.);
#5601=VECTOR('',#9773,1.);
#5602=VECTOR('',#9776,1.);
#5603=VECTOR('',#9777,1.);
#5604=VECTOR('',#9778,1.);
#5605=VECTOR('',#9781,1.);
#5606=VECTOR('',#9782,1.);
#5607=VECTOR('',#9783,1.);
#5608=VECTOR('',#9786,1.);
#5609=VECTOR('',#9787,1.);
#5610=VECTOR('',#9788,1.);
#5611=VECTOR('',#9791,1.);
#5612=VECTOR('',#9792,1.);
#5613=VECTOR('',#9793,1.);
#5614=VECTOR('',#9796,1.);
#5615=VECTOR('',#9797,1.);
#5616=VECTOR('',#9798,1.);
#5617=VECTOR('',#9801,1.);
#5618=VECTOR('',#9802,1.);
#5619=VECTOR('',#9803,1.);
#5620=VECTOR('',#9806,1.);
#5621=VECTOR('',#9807,1.);
#5622=VECTOR('',#9808,1.);
#5623=VECTOR('',#9811,1.);
#5624=VECTOR('',#9812,1.);
#5625=VECTOR('',#9813,1.);
#5626=VECTOR('',#9816,1.);
#5627=VECTOR('',#9817,1.);
#5628=VECTOR('',#9818,1.);
#5629=VECTOR('',#9821,1.);
#5630=VECTOR('',#9822,1.);
#5631=VECTOR('',#9823,1.);
#5632=VECTOR('',#9826,1.);
#5633=VECTOR('',#9827,1.);
#5634=VECTOR('',#9828,1.);
#5635=VECTOR('',#9831,1.);
#5636=VECTOR('',#9832,1.);
#5637=VECTOR('',#9833,1.);
#5638=VECTOR('',#9836,1.);
#5639=VECTOR('',#9837,1.);
#5640=VECTOR('',#9838,1.);
#5641=VECTOR('',#9841,1.);
#5642=VECTOR('',#9842,1.);
#5643=VECTOR('',#9843,1.);
#5644=VECTOR('',#9846,1.);
#5645=VECTOR('',#9847,1.);
#5646=VECTOR('',#9848,1.);
#5647=VECTOR('',#9851,1.);
#5648=VECTOR('',#9852,1.);
#5649=VECTOR('',#9855,1.);
#5650=VECTOR('',#9856,1.);
#5651=VECTOR('',#9859,1.);
#5652=VECTOR('',#9860,1.);
#5653=VECTOR('',#9863,1.);
#5654=VECTOR('',#9864,1.);
#5655=VECTOR('',#9867,1.);
#5656=VECTOR('',#9868,1.);
#5657=VECTOR('',#9871,1.);
#5658=VECTOR('',#9872,1.);
#5659=VECTOR('',#9875,1.);
#5660=VECTOR('',#9876,1.);
#5661=VECTOR('',#9879,1.);
#5662=VECTOR('',#9880,1.);
#5663=VECTOR('',#9883,1.);
#5664=VECTOR('',#9884,1.);
#5665=VECTOR('',#9887,1.);
#5666=VECTOR('',#9888,1.);
#5667=VECTOR('',#9891,1.);
#5668=VECTOR('',#9892,1.);
#5669=VECTOR('',#9895,1.);
#5670=VECTOR('',#9896,1.);
#5671=VECTOR('',#9899,1.);
#5672=VECTOR('',#9900,1.);
#5673=VECTOR('',#9903,1.);
#5674=VECTOR('',#9904,1.);
#5675=VECTOR('',#9907,1.);
#5676=VECTOR('',#9908,1.);
#5677=VECTOR('',#9911,1.);
#5678=VECTOR('',#9912,1.);
#5679=VECTOR('',#9915,1.);
#5680=VECTOR('',#9916,1.);
#5681=VECTOR('',#9919,1.);
#5682=VECTOR('',#9922,1.);
#5683=VECTOR('',#9923,1.);
#5684=VECTOR('',#9948,1.);
#5685=VECTOR('',#9949,1.);
#5686=VECTOR('',#9950,1.);
#5687=VECTOR('',#9953,1.);
#5688=VECTOR('',#9954,1.);
#5689=VECTOR('',#9955,1.);
#5690=VECTOR('',#9958,1.);
#5691=VECTOR('',#9959,1.);
#5692=VECTOR('',#9960,1.);
#5693=VECTOR('',#9963,1.);
#5694=VECTOR('',#9964,1.);
#5695=VECTOR('',#9965,1.);
#5696=VECTOR('',#9978,1.);
#5697=VECTOR('',#9979,1.);
#5698=VECTOR('',#9980,1.);
#5699=VECTOR('',#9983,1.);
#5700=VECTOR('',#9984,1.);
#5701=VECTOR('',#9985,1.);
#5702=VECTOR('',#9988,1.);
#5703=VECTOR('',#9989,1.);
#5704=VECTOR('',#9990,1.);
#5705=VECTOR('',#9993,1.);
#5706=VECTOR('',#9994,1.);
#5707=VECTOR('',#9995,1.);
#5708=EDGE_LOOP('',(#268,#269,#270,#271,#272,#273,#274,#275));
#5709=EDGE_LOOP('',(#276));
#5710=EDGE_LOOP('',(#277));
#5711=EDGE_LOOP('',(#278));
#5712=EDGE_LOOP('',(#279));
#5713=EDGE_LOOP('',(#280));
#5714=EDGE_LOOP('',(#281));
#5715=EDGE_LOOP('',(#282));
#5716=EDGE_LOOP('',(#283));
#5717=EDGE_LOOP('',(#284));
#5718=EDGE_LOOP('',(#285));
#5719=EDGE_LOOP('',(#286));
#5720=EDGE_LOOP('',(#287));
#5721=EDGE_LOOP('',(#288));
#5722=EDGE_LOOP('',(#289));
#5723=EDGE_LOOP('',(#290));
#5724=EDGE_LOOP('',(#291,#292,#293,#294,#295,#296,#297,#298,#299,#300,#301,
#302,#303,#304,#305,#306,#307,#308,#309,#310,#311,#312,#313,#314,#315,#316,
#317,#318,#319,#320,#321,#322));
#5725=EDGE_LOOP('',(#323,#324,#325,#326,#327,#328,#329,#330));
#5726=EDGE_LOOP('',(#331,#332,#333,#334,#335,#336,#337,#338,#339,#340,#341,
#342,#343,#344,#345,#346,#347,#348,#349,#350,#351,#352,#353));
#5727=EDGE_LOOP('',(#354,#355,#356,#357,#358,#359,#360,#361,#362,#363,#364,
#365,#366,#367,#368,#369,#370,#371,#372,#373,#374,#375,#376,#377,#378,#379,
#380,#381,#382));
#5728=EDGE_LOOP('',(#383,#384,#385,#386));
#5729=EDGE_LOOP('',(#387,#388,#389,#390,#391,#392,#393,#394,#395,#396,#397,
#398,#399,#400,#401,#402,#403,#404,#405,#406,#407,#408,#409,#410,#411,#412,
#413,#414,#415,#416));
#5730=EDGE_LOOP('',(#417,#418,#419,#420,#421,#422,#423,#424,#425,#426,#427,
#428,#429,#430,#431,#432,#433,#434,#435));
#5731=EDGE_LOOP('',(#436));
#5732=EDGE_LOOP('',(#437,#438,#439,#440));
#5733=EDGE_LOOP('',(#441));
#5734=EDGE_LOOP('',(#442));
#5735=EDGE_LOOP('',(#443));
#5736=EDGE_LOOP('',(#444));
#5737=EDGE_LOOP('',(#445,#446,#447,#448));
#5738=EDGE_LOOP('',(#449,#450,#451,#452));
#5739=EDGE_LOOP('',(#453,#454,#455,#456,#457,#458,#459,#460,#461,#462,#463,
#464,#465,#466,#467,#468,#469,#470,#471,#472,#473,#474,#475,#476));
#5740=EDGE_LOOP('',(#477,#478,#479,#480));
#5741=EDGE_LOOP('',(#481,#482,#483,#484,#485,#486));
#5742=EDGE_LOOP('',(#487,#488,#489,#490));
#5743=EDGE_LOOP('',(#491,#492,#493,#494));
#5744=EDGE_LOOP('',(#495));
#5745=EDGE_LOOP('',(#496));
#5746=EDGE_LOOP('',(#497));
#5747=EDGE_LOOP('',(#498));
#5748=EDGE_LOOP('',(#499,#500,#501,#502,#503,#504));
#5749=EDGE_LOOP('',(#505,#506,#507,#508));
#5750=EDGE_LOOP('',(#509,#510,#511,#512,#513,#514,#515,#516,#517,#518,#519,
#520));
#5751=EDGE_LOOP('',(#521,#522,#523,#524));
#5752=EDGE_LOOP('',(#525,#526,#527,#528));
#5753=EDGE_LOOP('',(#529,#530,#531,#532,#533,#534,#535,#536,#537,#538,#539,
#540,#541,#542,#543,#544));
#5754=EDGE_LOOP('',(#545,#546,#547,#548,#549,#550,#551,#552,#553,#554,#555,
#556,#557,#558,#559,#560));
#5755=EDGE_LOOP('',(#561,#562,#563,#564));
#5756=EDGE_LOOP('',(#565,#566,#567,#568,#569,#570,#571,#572));
#5757=EDGE_LOOP('',(#573,#574,#575,#576));
#5758=EDGE_LOOP('',(#577,#578,#579,#580));
#5759=EDGE_LOOP('',(#581,#582,#583,#584));
#5760=EDGE_LOOP('',(#585,#586,#587,#588));
#5761=EDGE_LOOP('',(#589,#590,#591,#592));
#5762=EDGE_LOOP('',(#593));
#5763=EDGE_LOOP('',(#594));
#5764=EDGE_LOOP('',(#595));
#5765=EDGE_LOOP('',(#596));
#5766=EDGE_LOOP('',(#597));
#5767=EDGE_LOOP('',(#598));
#5768=EDGE_LOOP('',(#599));
#5769=EDGE_LOOP('',(#600));
#5770=EDGE_LOOP('',(#601));
#5771=EDGE_LOOP('',(#602));
#5772=EDGE_LOOP('',(#603));
#5773=EDGE_LOOP('',(#604));
#5774=EDGE_LOOP('',(#605));
#5775=EDGE_LOOP('',(#606));
#5776=EDGE_LOOP('',(#607));
#5777=EDGE_LOOP('',(#608));
#5778=EDGE_LOOP('',(#609));
#5779=EDGE_LOOP('',(#610));
#5780=EDGE_LOOP('',(#611));
#5781=EDGE_LOOP('',(#612));
#5782=EDGE_LOOP('',(#613));
#5783=EDGE_LOOP('',(#614));
#5784=EDGE_LOOP('',(#615));
#5785=EDGE_LOOP('',(#616));
#5786=EDGE_LOOP('',(#617));
#5787=EDGE_LOOP('',(#618));
#5788=EDGE_LOOP('',(#619));
#5789=EDGE_LOOP('',(#620));
#5790=EDGE_LOOP('',(#621));
#5791=EDGE_LOOP('',(#622));
#5792=EDGE_LOOP('',(#623));
#5793=EDGE_LOOP('',(#624));
#5794=EDGE_LOOP('',(#625));
#5795=EDGE_LOOP('',(#626));
#5796=EDGE_LOOP('',(#627));
#5797=EDGE_LOOP('',(#628));
#5798=EDGE_LOOP('',(#629));
#5799=EDGE_LOOP('',(#630));
#5800=EDGE_LOOP('',(#631));
#5801=EDGE_LOOP('',(#632));
#5802=EDGE_LOOP('',(#633));
#5803=EDGE_LOOP('',(#634));
#5804=EDGE_LOOP('',(#635));
#5805=EDGE_LOOP('',(#636));
#5806=EDGE_LOOP('',(#637));
#5807=EDGE_LOOP('',(#638));
#5808=EDGE_LOOP('',(#639));
#5809=EDGE_LOOP('',(#640));
#5810=EDGE_LOOP('',(#641));
#5811=EDGE_LOOP('',(#642));
#5812=EDGE_LOOP('',(#643));
#5813=EDGE_LOOP('',(#644));
#5814=EDGE_LOOP('',(#645));
#5815=EDGE_LOOP('',(#646));
#5816=EDGE_LOOP('',(#647));
#5817=EDGE_LOOP('',(#648));
#5818=EDGE_LOOP('',(#649,#650,#651,#652));
#5819=EDGE_LOOP('',(#653,#654,#655,#656));
#5820=EDGE_LOOP('',(#657));
#5821=EDGE_LOOP('',(#658));
#5822=EDGE_LOOP('',(#659));
#5823=EDGE_LOOP('',(#660));
#5824=EDGE_LOOP('',(#661,#662,#663,#664,#665,#666,#667,#668,#669,#670,#671,
#672,#673,#674,#675,#676,#677,#678,#679,#680,#681,#682,#683,#684));
#5825=EDGE_LOOP('',(#685,#686,#687,#688));
#5826=EDGE_LOOP('',(#689));
#5827=EDGE_LOOP('',(#690));
#5828=EDGE_LOOP('',(#691));
#5829=EDGE_LOOP('',(#692));
#5830=EDGE_LOOP('',(#693));
#5831=EDGE_LOOP('',(#694));
#5832=EDGE_LOOP('',(#695));
#5833=EDGE_LOOP('',(#696));
#5834=EDGE_LOOP('',(#697));
#5835=EDGE_LOOP('',(#698));
#5836=EDGE_LOOP('',(#699));
#5837=EDGE_LOOP('',(#700));
#5838=EDGE_LOOP('',(#701,#702,#703,#704));
#5839=EDGE_LOOP('',(#705,#706,#707,#708));
#5840=EDGE_LOOP('',(#709,#710,#711,#712));
#5841=EDGE_LOOP('',(#713,#714,#715,#716));
#5842=EDGE_LOOP('',(#717,#718,#719,#720));
#5843=EDGE_LOOP('',(#721,#722,#723,#724));
#5844=EDGE_LOOP('',(#725,#726,#727,#728));
#5845=EDGE_LOOP('',(#729,#730,#731,#732));
#5846=EDGE_LOOP('',(#733,#734,#735,#736));
#5847=EDGE_LOOP('',(#737,#738,#739,#740));
#5848=EDGE_LOOP('',(#741,#742,#743,#744));
#5849=EDGE_LOOP('',(#745));
#5850=EDGE_LOOP('',(#746));
#5851=EDGE_LOOP('',(#747));
#5852=EDGE_LOOP('',(#748));
#5853=EDGE_LOOP('',(#749));
#5854=EDGE_LOOP('',(#750));
#5855=EDGE_LOOP('',(#751));
#5856=EDGE_LOOP('',(#752));
#5857=EDGE_LOOP('',(#753));
#5858=EDGE_LOOP('',(#754));
#5859=EDGE_LOOP('',(#755));
#5860=EDGE_LOOP('',(#756));
#5861=EDGE_LOOP('',(#757));
#5862=EDGE_LOOP('',(#758));
#5863=EDGE_LOOP('',(#759));
#5864=EDGE_LOOP('',(#760));
#5865=EDGE_LOOP('',(#761));
#5866=EDGE_LOOP('',(#762));
#5867=EDGE_LOOP('',(#763));
#5868=EDGE_LOOP('',(#764));
#5869=EDGE_LOOP('',(#765));
#5870=EDGE_LOOP('',(#766));
#5871=EDGE_LOOP('',(#767));
#5872=EDGE_LOOP('',(#768));
#5873=EDGE_LOOP('',(#769));
#5874=EDGE_LOOP('',(#770));
#5875=EDGE_LOOP('',(#771));
#5876=EDGE_LOOP('',(#772));
#5877=EDGE_LOOP('',(#773));
#5878=EDGE_LOOP('',(#774));
#5879=EDGE_LOOP('',(#775));
#5880=EDGE_LOOP('',(#776));
#5881=EDGE_LOOP('',(#777));
#5882=EDGE_LOOP('',(#778));
#5883=EDGE_LOOP('',(#779));
#5884=EDGE_LOOP('',(#780));
#5885=EDGE_LOOP('',(#781));
#5886=EDGE_LOOP('',(#782));
#5887=EDGE_LOOP('',(#783));
#5888=EDGE_LOOP('',(#784));
#5889=EDGE_LOOP('',(#785));
#5890=EDGE_LOOP('',(#786));
#5891=EDGE_LOOP('',(#787));
#5892=EDGE_LOOP('',(#788));
#5893=EDGE_LOOP('',(#789));
#5894=EDGE_LOOP('',(#790,#791,#792,#793));
#5895=EDGE_LOOP('',(#794,#795,#796,#797));
#5896=EDGE_LOOP('',(#798,#799,#800,#801));
#5897=EDGE_LOOP('',(#802,#803,#804,#805));
#5898=EDGE_LOOP('',(#806,#807,#808,#809));
#5899=EDGE_LOOP('',(#810,#811,#812,#813));
#5900=EDGE_LOOP('',(#814,#815,#816,#817));
#5901=EDGE_LOOP('',(#818,#819,#820,#821));
#5902=EDGE_LOOP('',(#822,#823,#824,#825));
#5903=EDGE_LOOP('',(#826,#827,#828,#829));
#5904=EDGE_LOOP('',(#830,#831,#832,#833));
#5905=EDGE_LOOP('',(#834,#835,#836,#837));
#5906=EDGE_LOOP('',(#838,#839,#840,#841));
#5907=EDGE_LOOP('',(#842,#843,#844,#845));
#5908=EDGE_LOOP('',(#846,#847,#848,#849));
#5909=EDGE_LOOP('',(#850,#851,#852,#853));
#5910=EDGE_LOOP('',(#854,#855,#856,#857));
#5911=EDGE_LOOP('',(#858,#859,#860,#861));
#5912=EDGE_LOOP('',(#862,#863,#864,#865));
#5913=EDGE_LOOP('',(#866,#867,#868,#869));
#5914=EDGE_LOOP('',(#870,#871,#872,#873));
#5915=EDGE_LOOP('',(#874,#875,#876,#877));
#5916=EDGE_LOOP('',(#878,#879,#880,#881));
#5917=EDGE_LOOP('',(#882,#883,#884,#885));
#5918=EDGE_LOOP('',(#886,#887,#888,#889));
#5919=EDGE_LOOP('',(#890,#891,#892,#893));
#5920=EDGE_LOOP('',(#894,#895,#896,#897));
#5921=EDGE_LOOP('',(#898,#899,#900,#901));
#5922=EDGE_LOOP('',(#902,#903,#904,#905));
#5923=EDGE_LOOP('',(#906,#907,#908,#909));
#5924=EDGE_LOOP('',(#910,#911,#912,#913));
#5925=EDGE_LOOP('',(#914,#915,#916,#917));
#5926=EDGE_LOOP('',(#918,#919,#920,#921));
#5927=EDGE_LOOP('',(#922,#923,#924,#925));
#5928=EDGE_LOOP('',(#926,#927,#928,#929));
#5929=EDGE_LOOP('',(#930,#931,#932,#933));
#5930=EDGE_LOOP('',(#934,#935,#936,#937));
#5931=EDGE_LOOP('',(#938,#939,#940,#941));
#5932=EDGE_LOOP('',(#942,#943,#944,#945));
#5933=EDGE_LOOP('',(#946,#947,#948,#949));
#5934=EDGE_LOOP('',(#950,#951,#952,#953));
#5935=EDGE_LOOP('',(#954,#955,#956,#957));
#5936=EDGE_LOOP('',(#958,#959,#960,#961));
#5937=EDGE_LOOP('',(#962,#963,#964,#965));
#5938=EDGE_LOOP('',(#966,#967,#968,#969));
#5939=EDGE_LOOP('',(#970,#971,#972,#973));
#5940=EDGE_LOOP('',(#974,#975,#976,#977));
#5941=EDGE_LOOP('',(#978,#979,#980,#981));
#5942=EDGE_LOOP('',(#982,#983,#984,#985));
#5943=EDGE_LOOP('',(#986,#987,#988,#989));
#5944=EDGE_LOOP('',(#990,#991,#992,#993,#994,#995));
#5945=EDGE_LOOP('',(#996,#997,#998,#999,#1000,#1001,#1002,#1003,#1004,#1005));
#5946=EDGE_LOOP('',(#1006,#1007,#1008,#1009));
#5947=EDGE_LOOP('',(#1010,#1011,#1012,#1013));
#5948=EDGE_LOOP('',(#1014,#1015,#1016,#1017));
#5949=EDGE_LOOP('',(#1018,#1019,#1020,#1021));
#5950=EDGE_LOOP('',(#1022,#1023,#1024,#1025));
#5951=EDGE_LOOP('',(#1026,#1027,#1028,#1029));
#5952=EDGE_LOOP('',(#1030,#1031,#1032,#1033));
#5953=EDGE_LOOP('',(#1034,#1035,#1036,#1037));
#5954=EDGE_LOOP('',(#1038,#1039,#1040,#1041));
#5955=EDGE_LOOP('',(#1042,#1043,#1044,#1045));
#5956=EDGE_LOOP('',(#1046,#1047,#1048,#1049));
#5957=EDGE_LOOP('',(#1050,#1051,#1052,#1053));
#5958=EDGE_LOOP('',(#1054,#1055,#1056,#1057));
#5959=EDGE_LOOP('',(#1058,#1059,#1060,#1061));
#5960=EDGE_LOOP('',(#1062,#1063,#1064,#1065));
#5961=EDGE_LOOP('',(#1066,#1067,#1068,#1069));
#5962=EDGE_LOOP('',(#1070,#1071,#1072,#1073));
#5963=EDGE_LOOP('',(#1074,#1075,#1076,#1077));
#5964=EDGE_LOOP('',(#1078,#1079,#1080,#1081,#1082,#1083,#1084,#1085,#1086,
#1087,#1088,#1089,#1090,#1091,#1092,#1093));
#5965=EDGE_LOOP('',(#1094,#1095,#1096,#1097));
#5966=EDGE_LOOP('',(#1098,#1099,#1100,#1101));
#5967=EDGE_LOOP('',(#1102,#1103,#1104,#1105));
#5968=EDGE_LOOP('',(#1106,#1107,#1108,#1109));
#5969=EDGE_LOOP('',(#1110,#1111,#1112,#1113));
#5970=EDGE_LOOP('',(#1114,#1115,#1116,#1117));
#5971=EDGE_LOOP('',(#1118,#1119,#1120,#1121));
#5972=EDGE_LOOP('',(#1122,#1123,#1124,#1125));
#5973=EDGE_LOOP('',(#1126,#1127,#1128,#1129));
#5974=EDGE_LOOP('',(#1130,#1131,#1132,#1133));
#5975=EDGE_LOOP('',(#1134,#1135,#1136,#1137));
#5976=EDGE_LOOP('',(#1138,#1139,#1140,#1141));
#5977=EDGE_LOOP('',(#1142,#1143,#1144,#1145));
#5978=EDGE_LOOP('',(#1146,#1147,#1148,#1149));
#5979=EDGE_LOOP('',(#1150,#1151,#1152,#1153));
#5980=EDGE_LOOP('',(#1154,#1155,#1156,#1157,#1158,#1159));
#5981=EDGE_LOOP('',(#1160,#1161,#1162,#1163,#1164,#1165,#1166,#1167,#1168,
#1169));
#5982=EDGE_LOOP('',(#1170,#1171,#1172,#1173,#1174,#1175));
#5983=EDGE_LOOP('',(#1176,#1177,#1178,#1179));
#5984=EDGE_LOOP('',(#1180,#1181,#1182,#1183));
#5985=EDGE_LOOP('',(#1184,#1185,#1186,#1187));
#5986=EDGE_LOOP('',(#1188,#1189,#1190,#1191));
#5987=EDGE_LOOP('',(#1192,#1193,#1194,#1195));
#5988=EDGE_LOOP('',(#1196,#1197,#1198,#1199));
#5989=EDGE_LOOP('',(#1200,#1201,#1202,#1203,#1204,#1205));
#5990=EDGE_LOOP('',(#1206,#1207,#1208,#1209));
#5991=EDGE_LOOP('',(#1210,#1211,#1212,#1213));
#5992=EDGE_LOOP('',(#1214,#1215,#1216,#1217));
#5993=EDGE_LOOP('',(#1218,#1219,#1220,#1221));
#5994=EDGE_LOOP('',(#1222,#1223,#1224,#1225));
#5995=EDGE_LOOP('',(#1226,#1227,#1228,#1229));
#5996=EDGE_LOOP('',(#1230,#1231,#1232,#1233,#1234,#1235));
#5997=EDGE_LOOP('',(#1236,#1237,#1238,#1239,#1240,#1241));
#5998=EDGE_LOOP('',(#1242,#1243,#1244,#1245));
#5999=EDGE_LOOP('',(#1246,#1247,#1248,#1249));
#6000=EDGE_LOOP('',(#1250,#1251,#1252,#1253));
#6001=EDGE_LOOP('',(#1254,#1255,#1256,#1257));
#6002=EDGE_LOOP('',(#1258,#1259,#1260,#1261));
#6003=EDGE_LOOP('',(#1262,#1263,#1264,#1265));
#6004=EDGE_LOOP('',(#1266,#1267,#1268,#1269));
#6005=EDGE_LOOP('',(#1270,#1271,#1272,#1273));
#6006=EDGE_LOOP('',(#1274,#1275,#1276,#1277));
#6007=EDGE_LOOP('',(#1278,#1279,#1280,#1281));
#6008=EDGE_LOOP('',(#1282,#1283,#1284,#1285));
#6009=EDGE_LOOP('',(#1286,#1287,#1288,#1289));
#6010=EDGE_LOOP('',(#1290,#1291,#1292,#1293));
#6011=EDGE_LOOP('',(#1294,#1295,#1296,#1297));
#6012=EDGE_LOOP('',(#1298,#1299,#1300,#1301));
#6013=EDGE_LOOP('',(#1302,#1303,#1304,#1305));
#6014=EDGE_LOOP('',(#1306,#1307,#1308,#1309));
#6015=EDGE_LOOP('',(#1310,#1311,#1312,#1313));
#6016=EDGE_LOOP('',(#1314,#1315,#1316,#1317));
#6017=EDGE_LOOP('',(#1318,#1319,#1320,#1321));
#6018=EDGE_LOOP('',(#1322,#1323,#1324,#1325));
#6019=EDGE_LOOP('',(#1326,#1327,#1328,#1329));
#6020=EDGE_LOOP('',(#1330,#1331,#1332,#1333));
#6021=EDGE_LOOP('',(#1334,#1335,#1336,#1337));
#6022=EDGE_LOOP('',(#1338,#1339,#1340,#1341));
#6023=EDGE_LOOP('',(#1342));
#6024=EDGE_LOOP('',(#1343));
#6025=EDGE_LOOP('',(#1344));
#6026=EDGE_LOOP('',(#1345,#1346,#1347,#1348));
#6027=EDGE_LOOP('',(#1349,#1350,#1351,#1352));
#6028=EDGE_LOOP('',(#1353,#1354,#1355,#1356));
#6029=EDGE_LOOP('',(#1357,#1358,#1359,#1360));
#6030=EDGE_LOOP('',(#1361,#1362,#1363,#1364));
#6031=EDGE_LOOP('',(#1365,#1366,#1367,#1368));
#6032=EDGE_LOOP('',(#1369,#1370,#1371,#1372));
#6033=EDGE_LOOP('',(#1373,#1374,#1375,#1376));
#6034=EDGE_LOOP('',(#1377,#1378,#1379,#1380));
#6035=EDGE_LOOP('',(#1381,#1382,#1383,#1384));
#6036=EDGE_LOOP('',(#1385,#1386,#1387,#1388));
#6037=EDGE_LOOP('',(#1389,#1390,#1391,#1392));
#6038=EDGE_LOOP('',(#1393,#1394,#1395,#1396));
#6039=EDGE_LOOP('',(#1397,#1398,#1399,#1400));
#6040=EDGE_LOOP('',(#1401,#1402,#1403,#1404));
#6041=EDGE_LOOP('',(#1405,#1406,#1407,#1408));
#6042=EDGE_LOOP('',(#1409,#1410,#1411,#1412));
#6043=EDGE_LOOP('',(#1413,#1414,#1415,#1416));
#6044=EDGE_LOOP('',(#1417,#1418,#1419,#1420));
#6045=EDGE_LOOP('',(#1421,#1422,#1423,#1424));
#6046=EDGE_LOOP('',(#1425,#1426,#1427,#1428));
#6047=EDGE_LOOP('',(#1429,#1430,#1431,#1432));
#6048=EDGE_LOOP('',(#1433,#1434,#1435,#1436));
#6049=EDGE_LOOP('',(#1437,#1438,#1439,#1440));
#6050=EDGE_LOOP('',(#1441,#1442,#1443,#1444));
#6051=EDGE_LOOP('',(#1445,#1446,#1447,#1448));
#6052=EDGE_LOOP('',(#1449,#1450,#1451,#1452));
#6053=EDGE_LOOP('',(#1453,#1454,#1455,#1456));
#6054=EDGE_LOOP('',(#1457,#1458,#1459,#1460));
#6055=EDGE_LOOP('',(#1461,#1462,#1463,#1464));
#6056=EDGE_LOOP('',(#1465,#1466,#1467,#1468));
#6057=EDGE_LOOP('',(#1469,#1470,#1471,#1472,#1473,#1474,#1475,#1476,#1477,
#1478,#1479,#1480,#1481,#1482,#1483,#1484,#1485,#1486,#1487,#1488,#1489,
#1490,#1491,#1492,#1493,#1494,#1495,#1496,#1497));
#6058=EDGE_LOOP('',(#1498,#1499,#1500,#1501));
#6059=EDGE_LOOP('',(#1502,#1503,#1504,#1505));
#6060=EDGE_LOOP('',(#1506,#1507,#1508,#1509));
#6061=EDGE_LOOP('',(#1510,#1511,#1512,#1513));
#6062=EDGE_LOOP('',(#1514,#1515,#1516,#1517));
#6063=EDGE_LOOP('',(#1518,#1519,#1520,#1521));
#6064=EDGE_LOOP('',(#1522,#1523,#1524,#1525));
#6065=EDGE_LOOP('',(#1526,#1527,#1528,#1529));
#6066=EDGE_LOOP('',(#1530,#1531,#1532,#1533));
#6067=EDGE_LOOP('',(#1534,#1535,#1536,#1537));
#6068=EDGE_LOOP('',(#1538,#1539,#1540,#1541));
#6069=EDGE_LOOP('',(#1542,#1543,#1544,#1545));
#6070=EDGE_LOOP('',(#1546,#1547,#1548,#1549));
#6071=EDGE_LOOP('',(#1550,#1551,#1552,#1553));
#6072=EDGE_LOOP('',(#1554,#1555,#1556,#1557));
#6073=EDGE_LOOP('',(#1558,#1559,#1560,#1561));
#6074=EDGE_LOOP('',(#1562,#1563,#1564,#1565));
#6075=EDGE_LOOP('',(#1566,#1567,#1568,#1569));
#6076=EDGE_LOOP('',(#1570,#1571,#1572,#1573));
#6077=EDGE_LOOP('',(#1574,#1575,#1576,#1577));
#6078=EDGE_LOOP('',(#1578,#1579,#1580,#1581));
#6079=EDGE_LOOP('',(#1582,#1583,#1584,#1585));
#6080=EDGE_LOOP('',(#1586,#1587,#1588,#1589));
#6081=EDGE_LOOP('',(#1590,#1591,#1592,#1593));
#6082=EDGE_LOOP('',(#1594,#1595,#1596,#1597));
#6083=EDGE_LOOP('',(#1598,#1599,#1600,#1601));
#6084=EDGE_LOOP('',(#1602,#1603,#1604,#1605));
#6085=EDGE_LOOP('',(#1606,#1607,#1608,#1609));
#6086=EDGE_LOOP('',(#1610,#1611,#1612,#1613));
#6087=EDGE_LOOP('',(#1614,#1615,#1616,#1617));
#6088=EDGE_LOOP('',(#1618,#1619,#1620,#1621,#1622,#1623,#1624,#1625,#1626,
#1627,#1628,#1629,#1630,#1631,#1632,#1633,#1634,#1635,#1636,#1637,#1638,
#1639,#1640,#1641,#1642,#1643,#1644,#1645,#1646,#1647));
#6089=EDGE_LOOP('',(#1648,#1649,#1650,#1651));
#6090=EDGE_LOOP('',(#1652,#1653,#1654,#1655));
#6091=EDGE_LOOP('',(#1656,#1657,#1658,#1659));
#6092=EDGE_LOOP('',(#1660,#1661,#1662,#1663));
#6093=EDGE_LOOP('',(#1664,#1665,#1666,#1667));
#6094=EDGE_LOOP('',(#1668,#1669,#1670,#1671));
#6095=EDGE_LOOP('',(#1672,#1673,#1674,#1675));
#6096=EDGE_LOOP('',(#1676,#1677,#1678,#1679));
#6097=EDGE_LOOP('',(#1680,#1681,#1682,#1683));
#6098=EDGE_LOOP('',(#1684,#1685,#1686,#1687));
#6099=EDGE_LOOP('',(#1688,#1689,#1690,#1691));
#6100=EDGE_LOOP('',(#1692,#1693,#1694,#1695));
#6101=EDGE_LOOP('',(#1696,#1697,#1698,#1699));
#6102=EDGE_LOOP('',(#1700,#1701,#1702,#1703));
#6103=EDGE_LOOP('',(#1704,#1705,#1706,#1707));
#6104=EDGE_LOOP('',(#1708,#1709,#1710,#1711));
#6105=EDGE_LOOP('',(#1712,#1713,#1714,#1715));
#6106=EDGE_LOOP('',(#1716,#1717,#1718,#1719));
#6107=EDGE_LOOP('',(#1720,#1721,#1722,#1723));
#6108=EDGE_LOOP('',(#1724,#1725,#1726,#1727));
#6109=EDGE_LOOP('',(#1728,#1729,#1730,#1731));
#6110=EDGE_LOOP('',(#1732,#1733,#1734,#1735));
#6111=EDGE_LOOP('',(#1736,#1737,#1738,#1739));
#6112=EDGE_LOOP('',(#1740,#1741,#1742,#1743));
#6113=EDGE_LOOP('',(#1744,#1745,#1746,#1747));
#6114=EDGE_LOOP('',(#1748,#1749,#1750,#1751));
#6115=EDGE_LOOP('',(#1752,#1753,#1754,#1755));
#6116=EDGE_LOOP('',(#1756,#1757,#1758,#1759));
#6117=EDGE_LOOP('',(#1760,#1761,#1762,#1763));
#6118=EDGE_LOOP('',(#1764,#1765,#1766,#1767));
#6119=EDGE_LOOP('',(#1768,#1769,#1770,#1771));
#6120=EDGE_LOOP('',(#1772,#1773,#1774,#1775));
#6121=EDGE_LOOP('',(#1776,#1777,#1778,#1779));
#6122=EDGE_LOOP('',(#1780,#1781,#1782,#1783));
#6123=EDGE_LOOP('',(#1784,#1785,#1786,#1787));
#6124=EDGE_LOOP('',(#1788,#1789,#1790,#1791));
#6125=EDGE_LOOP('',(#1792,#1793,#1794,#1795));
#6126=EDGE_LOOP('',(#1796,#1797,#1798,#1799));
#6127=EDGE_LOOP('',(#1800,#1801,#1802,#1803));
#6128=EDGE_LOOP('',(#1804,#1805,#1806,#1807));
#6129=EDGE_LOOP('',(#1808,#1809,#1810,#1811));
#6130=EDGE_LOOP('',(#1812,#1813,#1814,#1815));
#6131=EDGE_LOOP('',(#1816,#1817,#1818,#1819));
#6132=EDGE_LOOP('',(#1820,#1821,#1822,#1823));
#6133=EDGE_LOOP('',(#1824,#1825,#1826,#1827));
#6134=EDGE_LOOP('',(#1828,#1829,#1830,#1831));
#6135=EDGE_LOOP('',(#1832,#1833,#1834,#1835));
#6136=EDGE_LOOP('',(#1836,#1837,#1838,#1839));
#6137=EDGE_LOOP('',(#1840,#1841,#1842,#1843));
#6138=EDGE_LOOP('',(#1844,#1845,#1846,#1847));
#6139=EDGE_LOOP('',(#1848,#1849,#1850,#1851));
#6140=EDGE_LOOP('',(#1852,#1853,#1854,#1855));
#6141=EDGE_LOOP('',(#1856,#1857,#1858,#1859));
#6142=EDGE_LOOP('',(#1860,#1861,#1862,#1863));
#6143=EDGE_LOOP('',(#1864,#1865,#1866,#1867));
#6144=EDGE_LOOP('',(#1868,#1869,#1870,#1871));
#6145=EDGE_LOOP('',(#1872,#1873,#1874,#1875));
#6146=EDGE_LOOP('',(#1876,#1877,#1878,#1879));
#6147=EDGE_LOOP('',(#1880,#1881,#1882,#1883));
#6148=EDGE_LOOP('',(#1884,#1885,#1886,#1887));
#6149=EDGE_LOOP('',(#1888,#1889,#1890,#1891,#1892,#1893,#1894,#1895,#1896,
#1897,#1898,#1899,#1900,#1901,#1902,#1903,#1904,#1905,#1906,#1907,#1908,
#1909,#1910));
#6150=EDGE_LOOP('',(#1911,#1912,#1913,#1914,#1915,#1916,#1917,#1918,#1919,
#1920,#1921,#1922,#1923,#1924,#1925,#1926,#1927,#1928,#1929));
#6151=EDGE_LOOP('',(#1930,#1931,#1932,#1933,#1934,#1935,#1936,#1937,#1938,
#1939,#1940,#1941,#1942,#1943,#1944,#1945,#1946,#1947));
#6152=EDGE_LOOP('',(#1948,#1949,#1950,#1951,#1952,#1953,#1954,#1955,#1956,
#1957,#1958,#1959,#1960,#1961,#1962,#1963,#1964,#1965,#1966));
#6153=EDGE_LOOP('',(#1967,#1968,#1969,#1970));
#6154=EDGE_LOOP('',(#1971,#1972,#1973,#1974));
#6155=EDGE_LOOP('',(#1975,#1976,#1977,#1978));
#6156=EDGE_LOOP('',(#1979,#1980,#1981,#1982));
#6157=EDGE_LOOP('',(#1983,#1984,#1985,#1986));
#6158=EDGE_LOOP('',(#1987,#1988,#1989,#1990));
#6159=EDGE_LOOP('',(#1991,#1992,#1993,#1994));
#6160=EDGE_LOOP('',(#1995,#1996,#1997,#1998));
#6161=EDGE_LOOP('',(#1999,#2000,#2001,#2002));
#6162=EDGE_LOOP('',(#2003,#2004,#2005,#2006));
#6163=EDGE_LOOP('',(#2007,#2008,#2009,#2010));
#6164=EDGE_LOOP('',(#2011,#2012,#2013,#2014));
#6165=EDGE_LOOP('',(#2015,#2016,#2017,#2018));
#6166=EDGE_LOOP('',(#2019,#2020,#2021,#2022));
#6167=EDGE_LOOP('',(#2023,#2024,#2025,#2026));
#6168=EDGE_LOOP('',(#2027,#2028,#2029,#2030));
#6169=EDGE_LOOP('',(#2031,#2032,#2033,#2034));
#6170=EDGE_LOOP('',(#2035,#2036,#2037,#2038));
#6171=EDGE_LOOP('',(#2039,#2040,#2041,#2042));
#6172=EDGE_LOOP('',(#2043,#2044,#2045,#2046));
#6173=EDGE_LOOP('',(#2047,#2048,#2049,#2050));
#6174=EDGE_LOOP('',(#2051,#2052,#2053,#2054));
#6175=EDGE_LOOP('',(#2055,#2056,#2057,#2058));
#6176=EDGE_LOOP('',(#2059,#2060,#2061,#2062));
#6177=EDGE_LOOP('',(#2063,#2064,#2065,#2066));
#6178=EDGE_LOOP('',(#2067,#2068,#2069,#2070));
#6179=EDGE_LOOP('',(#2071,#2072,#2073,#2074));
#6180=EDGE_LOOP('',(#2075,#2076,#2077,#2078));
#6181=EDGE_LOOP('',(#2079,#2080,#2081,#2082));
#6182=EDGE_LOOP('',(#2083,#2084,#2085,#2086));
#6183=EDGE_LOOP('',(#2087,#2088,#2089,#2090));
#6184=EDGE_LOOP('',(#2091,#2092,#2093,#2094));
#6185=EDGE_LOOP('',(#2095,#2096,#2097,#2098));
#6186=EDGE_LOOP('',(#2099,#2100,#2101,#2102));
#6187=EDGE_LOOP('',(#2103,#2104,#2105,#2106));
#6188=EDGE_LOOP('',(#2107,#2108,#2109,#2110));
#6189=EDGE_LOOP('',(#2111,#2112,#2113,#2114));
#6190=EDGE_LOOP('',(#2115,#2116,#2117,#2118,#2119,#2120,#2121,#2122,#2123,
#2124,#2125,#2126,#2127,#2128,#2129,#2130,#2131,#2132,#2133));
#6191=EDGE_LOOP('',(#2134,#2135,#2136,#2137,#2138,#2139,#2140,#2141,#2142,
#2143,#2144,#2145,#2146,#2147,#2148,#2149,#2150,#2151));
#6192=EDGE_LOOP('',(#2152,#2153,#2154,#2155,#2156,#2157,#2158,#2159,#2160,
#2161,#2162,#2163,#2164,#2165,#2166,#2167,#2168,#2169));
#6193=EDGE_LOOP('',(#2170,#2171,#2172,#2173,#2174,#2175,#2176,#2177,#2178,
#2179,#2180,#2181,#2182,#2183,#2184,#2185,#2186,#2187));
#6194=EDGE_LOOP('',(#2188,#2189,#2190,#2191));
#6195=EDGE_LOOP('',(#2192,#2193,#2194,#2195));
#6196=EDGE_LOOP('',(#2196,#2197,#2198,#2199));
#6197=EDGE_LOOP('',(#2200,#2201,#2202,#2203));
#6198=EDGE_LOOP('',(#2204,#2205,#2206,#2207));
#6199=EDGE_LOOP('',(#2208,#2209,#2210,#2211));
#6200=EDGE_LOOP('',(#2212,#2213,#2214,#2215));
#6201=EDGE_LOOP('',(#2216,#2217,#2218,#2219));
#6202=EDGE_LOOP('',(#2220,#2221,#2222,#2223));
#6203=EDGE_LOOP('',(#2224,#2225,#2226,#2227));
#6204=EDGE_LOOP('',(#2228,#2229,#2230,#2231));
#6205=EDGE_LOOP('',(#2232,#2233,#2234,#2235));
#6206=EDGE_LOOP('',(#2236,#2237,#2238,#2239,#2240,#2241,#2242,#2243));
#6207=EDGE_LOOP('',(#2244,#2245,#2246,#2247));
#6208=EDGE_LOOP('',(#2248,#2249,#2250,#2251));
#6209=EDGE_LOOP('',(#2252,#2253,#2254,#2255));
#6210=EDGE_LOOP('',(#2256,#2257,#2258,#2259));
#6211=EDGE_LOOP('',(#2260,#2261,#2262,#2263,#2264,#2265,#2266,#2267));
#6212=EDGE_LOOP('',(#2268,#2269,#2270,#2271));
#6213=EDGE_LOOP('',(#2272,#2273,#2274,#2275));
#6214=EDGE_LOOP('',(#2276,#2277,#2278,#2279));
#6215=EDGE_LOOP('',(#2280,#2281,#2282,#2283));
#6216=EDGE_LOOP('',(#2284,#2285,#2286,#2287));
#6217=EDGE_LOOP('',(#2288,#2289,#2290,#2291));
#6218=EDGE_LOOP('',(#2292,#2293,#2294,#2295));
#6219=EDGE_LOOP('',(#2296,#2297,#2298,#2299));
#6220=FACE_BOUND('',#5708,.T.);
#6221=FACE_BOUND('',#5709,.T.);
#6222=FACE_BOUND('',#5710,.T.);
#6223=FACE_BOUND('',#5711,.T.);
#6224=FACE_BOUND('',#5712,.T.);
#6225=FACE_BOUND('',#5713,.T.);
#6226=FACE_BOUND('',#5714,.T.);
#6227=FACE_BOUND('',#5715,.T.);
#6228=FACE_BOUND('',#5716,.T.);
#6229=FACE_BOUND('',#5717,.T.);
#6230=FACE_BOUND('',#5718,.T.);
#6231=FACE_BOUND('',#5719,.T.);
#6232=FACE_BOUND('',#5720,.T.);
#6233=FACE_BOUND('',#5721,.T.);
#6234=FACE_BOUND('',#5722,.T.);
#6235=FACE_BOUND('',#5723,.T.);
#6236=FACE_BOUND('',#5724,.T.);
#6237=FACE_BOUND('',#5725,.T.);
#6238=FACE_BOUND('',#5726,.T.);
#6239=FACE_BOUND('',#5727,.T.);
#6240=FACE_BOUND('',#5728,.T.);
#6241=FACE_BOUND('',#5729,.T.);
#6242=FACE_BOUND('',#5730,.T.);
#6243=FACE_BOUND('',#5731,.T.);
#6244=FACE_BOUND('',#5732,.T.);
#6245=FACE_BOUND('',#5733,.T.);
#6246=FACE_BOUND('',#5734,.T.);
#6247=FACE_BOUND('',#5735,.T.);
#6248=FACE_BOUND('',#5736,.T.);
#6249=FACE_BOUND('',#5737,.T.);
#6250=FACE_BOUND('',#5738,.T.);
#6251=FACE_BOUND('',#5739,.T.);
#6252=FACE_BOUND('',#5740,.T.);
#6253=FACE_BOUND('',#5741,.T.);
#6254=FACE_BOUND('',#5742,.T.);
#6255=FACE_BOUND('',#5743,.T.);
#6256=FACE_BOUND('',#5744,.T.);
#6257=FACE_BOUND('',#5745,.T.);
#6258=FACE_BOUND('',#5746,.T.);
#6259=FACE_BOUND('',#5747,.T.);
#6260=FACE_BOUND('',#5748,.T.);
#6261=FACE_BOUND('',#5749,.T.);
#6262=FACE_BOUND('',#5750,.T.);
#6263=FACE_BOUND('',#5751,.T.);
#6264=FACE_BOUND('',#5752,.T.);
#6265=FACE_BOUND('',#5753,.T.);
#6266=FACE_BOUND('',#5754,.T.);
#6267=FACE_BOUND('',#5755,.T.);
#6268=FACE_BOUND('',#5756,.T.);
#6269=FACE_BOUND('',#5757,.T.);
#6270=FACE_BOUND('',#5758,.T.);
#6271=FACE_BOUND('',#5759,.T.);
#6272=FACE_BOUND('',#5760,.T.);
#6273=FACE_BOUND('',#5761,.T.);
#6274=FACE_BOUND('',#5762,.T.);
#6275=FACE_BOUND('',#5763,.T.);
#6276=FACE_BOUND('',#5764,.T.);
#6277=FACE_BOUND('',#5765,.T.);
#6278=FACE_BOUND('',#5766,.T.);
#6279=FACE_BOUND('',#5767,.T.);
#6280=FACE_BOUND('',#5768,.T.);
#6281=FACE_BOUND('',#5769,.T.);
#6282=FACE_BOUND('',#5770,.T.);
#6283=FACE_BOUND('',#5771,.T.);
#6284=FACE_BOUND('',#5772,.T.);
#6285=FACE_BOUND('',#5773,.T.);
#6286=FACE_BOUND('',#5774,.T.);
#6287=FACE_BOUND('',#5775,.T.);
#6288=FACE_BOUND('',#5776,.T.);
#6289=FACE_BOUND('',#5777,.T.);
#6290=FACE_BOUND('',#5778,.T.);
#6291=FACE_BOUND('',#5779,.T.);
#6292=FACE_BOUND('',#5780,.T.);
#6293=FACE_BOUND('',#5781,.T.);
#6294=FACE_BOUND('',#5782,.T.);
#6295=FACE_BOUND('',#5783,.T.);
#6296=FACE_BOUND('',#5784,.T.);
#6297=FACE_BOUND('',#5785,.T.);
#6298=FACE_BOUND('',#5786,.T.);
#6299=FACE_BOUND('',#5787,.T.);
#6300=FACE_BOUND('',#5788,.T.);
#6301=FACE_BOUND('',#5789,.T.);
#6302=FACE_BOUND('',#5790,.T.);
#6303=FACE_BOUND('',#5791,.T.);
#6304=FACE_BOUND('',#5792,.T.);
#6305=FACE_BOUND('',#5793,.T.);
#6306=FACE_BOUND('',#5794,.T.);
#6307=FACE_BOUND('',#5795,.T.);
#6308=FACE_BOUND('',#5796,.T.);
#6309=FACE_BOUND('',#5797,.T.);
#6310=FACE_BOUND('',#5798,.T.);
#6311=FACE_BOUND('',#5799,.T.);
#6312=FACE_BOUND('',#5800,.T.);
#6313=FACE_BOUND('',#5801,.T.);
#6314=FACE_BOUND('',#5802,.T.);
#6315=FACE_BOUND('',#5803,.T.);
#6316=FACE_BOUND('',#5804,.T.);
#6317=FACE_BOUND('',#5805,.T.);
#6318=FACE_BOUND('',#5806,.T.);
#6319=FACE_BOUND('',#5807,.T.);
#6320=FACE_BOUND('',#5808,.T.);
#6321=FACE_BOUND('',#5809,.T.);
#6322=FACE_BOUND('',#5810,.T.);
#6323=FACE_BOUND('',#5811,.T.);
#6324=FACE_BOUND('',#5812,.T.);
#6325=FACE_BOUND('',#5813,.T.);
#6326=FACE_BOUND('',#5814,.T.);
#6327=FACE_BOUND('',#5815,.T.);
#6328=FACE_BOUND('',#5816,.T.);
#6329=FACE_BOUND('',#5817,.T.);
#6330=FACE_BOUND('',#5818,.T.);
#6331=FACE_BOUND('',#5819,.T.);
#6332=FACE_BOUND('',#5820,.T.);
#6333=FACE_BOUND('',#5821,.T.);
#6334=FACE_BOUND('',#5822,.T.);
#6335=FACE_BOUND('',#5823,.T.);
#6336=FACE_BOUND('',#5824,.T.);
#6337=FACE_BOUND('',#5825,.T.);
#6338=FACE_BOUND('',#5826,.T.);
#6339=FACE_BOUND('',#5827,.T.);
#6340=FACE_BOUND('',#5828,.T.);
#6341=FACE_BOUND('',#5829,.T.);
#6342=FACE_BOUND('',#5830,.T.);
#6343=FACE_BOUND('',#5831,.T.);
#6344=FACE_BOUND('',#5832,.T.);
#6345=FACE_BOUND('',#5833,.T.);
#6346=FACE_BOUND('',#5834,.T.);
#6347=FACE_BOUND('',#5835,.T.);
#6348=FACE_BOUND('',#5836,.T.);
#6349=FACE_BOUND('',#5837,.T.);
#6350=FACE_BOUND('',#5838,.T.);
#6351=FACE_BOUND('',#5839,.T.);
#6352=FACE_BOUND('',#5840,.T.);
#6353=FACE_BOUND('',#5841,.T.);
#6354=FACE_BOUND('',#5842,.T.);
#6355=FACE_BOUND('',#5843,.T.);
#6356=FACE_BOUND('',#5844,.T.);
#6357=FACE_BOUND('',#5845,.T.);
#6358=FACE_BOUND('',#5846,.T.);
#6359=FACE_BOUND('',#5847,.T.);
#6360=FACE_BOUND('',#5848,.T.);
#6361=FACE_BOUND('',#5849,.T.);
#6362=FACE_BOUND('',#5850,.T.);
#6363=FACE_BOUND('',#5851,.T.);
#6364=FACE_BOUND('',#5852,.T.);
#6365=FACE_BOUND('',#5853,.T.);
#6366=FACE_BOUND('',#5854,.T.);
#6367=FACE_BOUND('',#5855,.T.);
#6368=FACE_BOUND('',#5856,.T.);
#6369=FACE_BOUND('',#5857,.T.);
#6370=FACE_BOUND('',#5858,.T.);
#6371=FACE_BOUND('',#5859,.T.);
#6372=FACE_BOUND('',#5860,.T.);
#6373=FACE_BOUND('',#5861,.T.);
#6374=FACE_BOUND('',#5862,.T.);
#6375=FACE_BOUND('',#5863,.T.);
#6376=FACE_BOUND('',#5864,.T.);
#6377=FACE_BOUND('',#5865,.T.);
#6378=FACE_BOUND('',#5866,.T.);
#6379=FACE_BOUND('',#5867,.T.);
#6380=FACE_BOUND('',#5868,.T.);
#6381=FACE_BOUND('',#5869,.T.);
#6382=FACE_BOUND('',#5870,.T.);
#6383=FACE_BOUND('',#5871,.T.);
#6384=FACE_BOUND('',#5872,.T.);
#6385=FACE_BOUND('',#5873,.T.);
#6386=FACE_BOUND('',#5874,.T.);
#6387=FACE_BOUND('',#5875,.T.);
#6388=FACE_BOUND('',#5876,.T.);
#6389=FACE_BOUND('',#5877,.T.);
#6390=FACE_BOUND('',#5878,.T.);
#6391=FACE_BOUND('',#5879,.T.);
#6392=FACE_BOUND('',#5880,.T.);
#6393=FACE_BOUND('',#5881,.T.);
#6394=FACE_BOUND('',#5882,.T.);
#6395=FACE_BOUND('',#5883,.T.);
#6396=FACE_BOUND('',#5884,.T.);
#6397=FACE_BOUND('',#5885,.T.);
#6398=FACE_BOUND('',#5886,.T.);
#6399=FACE_BOUND('',#5887,.T.);
#6400=FACE_BOUND('',#5888,.T.);
#6401=FACE_BOUND('',#5889,.T.);
#6402=FACE_BOUND('',#5890,.T.);
#6403=FACE_BOUND('',#5891,.T.);
#6404=FACE_BOUND('',#5892,.T.);
#6405=FACE_BOUND('',#5893,.T.);
#6406=FACE_BOUND('',#5894,.T.);
#6407=FACE_BOUND('',#5895,.T.);
#6408=FACE_BOUND('',#5896,.T.);
#6409=FACE_BOUND('',#5897,.T.);
#6410=FACE_BOUND('',#5898,.T.);
#6411=FACE_BOUND('',#5899,.T.);
#6412=FACE_BOUND('',#5900,.T.);
#6413=FACE_BOUND('',#5901,.T.);
#6414=FACE_BOUND('',#5902,.T.);
#6415=FACE_BOUND('',#5903,.T.);
#6416=FACE_BOUND('',#5904,.T.);
#6417=FACE_BOUND('',#5905,.T.);
#6418=FACE_BOUND('',#5906,.T.);
#6419=FACE_BOUND('',#5907,.T.);
#6420=FACE_BOUND('',#5908,.T.);
#6421=FACE_BOUND('',#5909,.T.);
#6422=FACE_BOUND('',#5910,.T.);
#6423=FACE_BOUND('',#5911,.T.);
#6424=FACE_BOUND('',#5912,.T.);
#6425=FACE_BOUND('',#5913,.T.);
#6426=FACE_BOUND('',#5914,.T.);
#6427=FACE_BOUND('',#5915,.T.);
#6428=FACE_BOUND('',#5916,.T.);
#6429=FACE_BOUND('',#5917,.T.);
#6430=FACE_BOUND('',#5918,.T.);
#6431=FACE_BOUND('',#5919,.T.);
#6432=FACE_BOUND('',#5920,.T.);
#6433=FACE_BOUND('',#5921,.T.);
#6434=FACE_BOUND('',#5922,.T.);
#6435=FACE_BOUND('',#5923,.T.);
#6436=FACE_BOUND('',#5924,.T.);
#6437=FACE_BOUND('',#5925,.T.);
#6438=FACE_BOUND('',#5926,.T.);
#6439=FACE_BOUND('',#5927,.T.);
#6440=FACE_BOUND('',#5928,.T.);
#6441=FACE_BOUND('',#5929,.T.);
#6442=FACE_BOUND('',#5930,.T.);
#6443=FACE_BOUND('',#5931,.T.);
#6444=FACE_BOUND('',#5932,.T.);
#6445=FACE_BOUND('',#5933,.T.);
#6446=FACE_BOUND('',#5934,.T.);
#6447=FACE_BOUND('',#5935,.T.);
#6448=FACE_BOUND('',#5936,.T.);
#6449=FACE_BOUND('',#5937,.T.);
#6450=FACE_BOUND('',#5938,.T.);
#6451=FACE_BOUND('',#5939,.T.);
#6452=FACE_BOUND('',#5940,.T.);
#6453=FACE_BOUND('',#5941,.T.);
#6454=FACE_BOUND('',#5942,.T.);
#6455=FACE_BOUND('',#5943,.T.);
#6456=FACE_BOUND('',#5944,.T.);
#6457=FACE_BOUND('',#5945,.T.);
#6458=FACE_BOUND('',#5946,.T.);
#6459=FACE_BOUND('',#5947,.T.);
#6460=FACE_BOUND('',#5948,.T.);
#6461=FACE_BOUND('',#5949,.T.);
#6462=FACE_BOUND('',#5950,.T.);
#6463=FACE_BOUND('',#5951,.T.);
#6464=FACE_BOUND('',#5952,.T.);
#6465=FACE_BOUND('',#5953,.T.);
#6466=FACE_BOUND('',#5954,.T.);
#6467=FACE_BOUND('',#5955,.T.);
#6468=FACE_BOUND('',#5956,.T.);
#6469=FACE_BOUND('',#5957,.T.);
#6470=FACE_BOUND('',#5958,.T.);
#6471=FACE_BOUND('',#5959,.T.);
#6472=FACE_BOUND('',#5960,.T.);
#6473=FACE_BOUND('',#5961,.T.);
#6474=FACE_BOUND('',#5962,.T.);
#6475=FACE_BOUND('',#5963,.T.);
#6476=FACE_BOUND('',#5964,.T.);
#6477=FACE_BOUND('',#5965,.T.);
#6478=FACE_BOUND('',#5966,.T.);
#6479=FACE_BOUND('',#5967,.T.);
#6480=FACE_BOUND('',#5968,.T.);
#6481=FACE_BOUND('',#5969,.T.);
#6482=FACE_BOUND('',#5970,.T.);
#6483=FACE_BOUND('',#5971,.T.);
#6484=FACE_BOUND('',#5972,.T.);
#6485=FACE_BOUND('',#5973,.T.);
#6486=FACE_BOUND('',#5974,.T.);
#6487=FACE_BOUND('',#5975,.T.);
#6488=FACE_BOUND('',#5976,.T.);
#6489=FACE_BOUND('',#5977,.T.);
#6490=FACE_BOUND('',#5978,.T.);
#6491=FACE_BOUND('',#5979,.T.);
#6492=FACE_BOUND('',#5980,.T.);
#6493=FACE_BOUND('',#5981,.T.);
#6494=FACE_BOUND('',#5982,.T.);
#6495=FACE_BOUND('',#5983,.T.);
#6496=FACE_BOUND('',#5984,.T.);
#6497=FACE_BOUND('',#5985,.T.);
#6498=FACE_BOUND('',#5986,.T.);
#6499=FACE_BOUND('',#5987,.T.);
#6500=FACE_BOUND('',#5988,.T.);
#6501=FACE_BOUND('',#5989,.T.);
#6502=FACE_BOUND('',#5990,.T.);
#6503=FACE_BOUND('',#5991,.T.);
#6504=FACE_BOUND('',#5992,.T.);
#6505=FACE_BOUND('',#5993,.T.);
#6506=FACE_BOUND('',#5994,.T.);
#6507=FACE_BOUND('',#5995,.T.);
#6508=FACE_BOUND('',#5996,.T.);
#6509=FACE_BOUND('',#5997,.T.);
#6510=FACE_BOUND('',#5998,.T.);
#6511=FACE_BOUND('',#5999,.T.);
#6512=FACE_BOUND('',#6000,.T.);
#6513=FACE_BOUND('',#6001,.T.);
#6514=FACE_BOUND('',#6002,.T.);
#6515=FACE_BOUND('',#6003,.T.);
#6516=FACE_BOUND('',#6004,.T.);
#6517=FACE_BOUND('',#6005,.T.);
#6518=FACE_BOUND('',#6006,.T.);
#6519=FACE_BOUND('',#6007,.T.);
#6520=FACE_BOUND('',#6008,.T.);
#6521=FACE_BOUND('',#6009,.T.);
#6522=FACE_BOUND('',#6010,.T.);
#6523=FACE_BOUND('',#6011,.T.);
#6524=FACE_BOUND('',#6012,.T.);
#6525=FACE_BOUND('',#6013,.T.);
#6526=FACE_BOUND('',#6014,.T.);
#6527=FACE_BOUND('',#6015,.T.);
#6528=FACE_BOUND('',#6016,.T.);
#6529=FACE_BOUND('',#6017,.T.);
#6530=FACE_BOUND('',#6018,.T.);
#6531=FACE_BOUND('',#6019,.T.);
#6532=FACE_BOUND('',#6020,.T.);
#6533=FACE_BOUND('',#6021,.T.);
#6534=FACE_BOUND('',#6022,.T.);
#6535=FACE_BOUND('',#6023,.T.);
#6536=FACE_BOUND('',#6024,.T.);
#6537=FACE_BOUND('',#6025,.T.);
#6538=FACE_BOUND('',#6026,.T.);
#6539=FACE_BOUND('',#6027,.T.);
#6540=FACE_BOUND('',#6028,.T.);
#6541=FACE_BOUND('',#6029,.T.);
#6542=FACE_BOUND('',#6030,.T.);
#6543=FACE_BOUND('',#6031,.T.);
#6544=FACE_BOUND('',#6032,.T.);
#6545=FACE_BOUND('',#6033,.T.);
#6546=FACE_BOUND('',#6034,.T.);
#6547=FACE_BOUND('',#6035,.T.);
#6548=FACE_BOUND('',#6036,.T.);
#6549=FACE_BOUND('',#6037,.T.);
#6550=FACE_BOUND('',#6038,.T.);
#6551=FACE_BOUND('',#6039,.T.);
#6552=FACE_BOUND('',#6040,.T.);
#6553=FACE_BOUND('',#6041,.T.);
#6554=FACE_BOUND('',#6042,.T.);
#6555=FACE_BOUND('',#6043,.T.);
#6556=FACE_BOUND('',#6044,.T.);
#6557=FACE_BOUND('',#6045,.T.);
#6558=FACE_BOUND('',#6046,.T.);
#6559=FACE_BOUND('',#6047,.T.);
#6560=FACE_BOUND('',#6048,.T.);
#6561=FACE_BOUND('',#6049,.T.);
#6562=FACE_BOUND('',#6050,.T.);
#6563=FACE_BOUND('',#6051,.T.);
#6564=FACE_BOUND('',#6052,.T.);
#6565=FACE_BOUND('',#6053,.T.);
#6566=FACE_BOUND('',#6054,.T.);
#6567=FACE_BOUND('',#6055,.T.);
#6568=FACE_BOUND('',#6056,.T.);
#6569=FACE_BOUND('',#6057,.T.);
#6570=FACE_BOUND('',#6058,.T.);
#6571=FACE_BOUND('',#6059,.T.);
#6572=FACE_BOUND('',#6060,.T.);
#6573=FACE_BOUND('',#6061,.T.);
#6574=FACE_BOUND('',#6062,.T.);
#6575=FACE_BOUND('',#6063,.T.);
#6576=FACE_BOUND('',#6064,.T.);
#6577=FACE_BOUND('',#6065,.T.);
#6578=FACE_BOUND('',#6066,.T.);
#6579=FACE_BOUND('',#6067,.T.);
#6580=FACE_BOUND('',#6068,.T.);
#6581=FACE_BOUND('',#6069,.T.);
#6582=FACE_BOUND('',#6070,.T.);
#6583=FACE_BOUND('',#6071,.T.);
#6584=FACE_BOUND('',#6072,.T.);
#6585=FACE_BOUND('',#6073,.T.);
#6586=FACE_BOUND('',#6074,.T.);
#6587=FACE_BOUND('',#6075,.T.);
#6588=FACE_BOUND('',#6076,.T.);
#6589=FACE_BOUND('',#6077,.T.);
#6590=FACE_BOUND('',#6078,.T.);
#6591=FACE_BOUND('',#6079,.T.);
#6592=FACE_BOUND('',#6080,.T.);
#6593=FACE_BOUND('',#6081,.T.);
#6594=FACE_BOUND('',#6082,.T.);
#6595=FACE_BOUND('',#6083,.T.);
#6596=FACE_BOUND('',#6084,.T.);
#6597=FACE_BOUND('',#6085,.T.);
#6598=FACE_BOUND('',#6086,.T.);
#6599=FACE_BOUND('',#6087,.T.);
#6600=FACE_BOUND('',#6088,.T.);
#6601=FACE_BOUND('',#6089,.T.);
#6602=FACE_BOUND('',#6090,.T.);
#6603=FACE_BOUND('',#6091,.T.);
#6604=FACE_BOUND('',#6092,.T.);
#6605=FACE_BOUND('',#6093,.T.);
#6606=FACE_BOUND('',#6094,.T.);
#6607=FACE_BOUND('',#6095,.T.);
#6608=FACE_BOUND('',#6096,.T.);
#6609=FACE_BOUND('',#6097,.T.);
#6610=FACE_BOUND('',#6098,.T.);
#6611=FACE_BOUND('',#6099,.T.);
#6612=FACE_BOUND('',#6100,.T.);
#6613=FACE_BOUND('',#6101,.T.);
#6614=FACE_BOUND('',#6102,.T.);
#6615=FACE_BOUND('',#6103,.T.);
#6616=FACE_BOUND('',#6104,.T.);
#6617=FACE_BOUND('',#6105,.T.);
#6618=FACE_BOUND('',#6106,.T.);
#6619=FACE_BOUND('',#6107,.T.);
#6620=FACE_BOUND('',#6108,.T.);
#6621=FACE_BOUND('',#6109,.T.);
#6622=FACE_BOUND('',#6110,.T.);
#6623=FACE_BOUND('',#6111,.T.);
#6624=FACE_BOUND('',#6112,.T.);
#6625=FACE_BOUND('',#6113,.T.);
#6626=FACE_BOUND('',#6114,.T.);
#6627=FACE_BOUND('',#6115,.T.);
#6628=FACE_BOUND('',#6116,.T.);
#6629=FACE_BOUND('',#6117,.T.);
#6630=FACE_BOUND('',#6118,.T.);
#6631=FACE_BOUND('',#6119,.T.);
#6632=FACE_BOUND('',#6120,.T.);
#6633=FACE_BOUND('',#6121,.T.);
#6634=FACE_BOUND('',#6122,.T.);
#6635=FACE_BOUND('',#6123,.T.);
#6636=FACE_BOUND('',#6124,.T.);
#6637=FACE_BOUND('',#6125,.T.);
#6638=FACE_BOUND('',#6126,.T.);
#6639=FACE_BOUND('',#6127,.T.);
#6640=FACE_BOUND('',#6128,.T.);
#6641=FACE_BOUND('',#6129,.T.);
#6642=FACE_BOUND('',#6130,.T.);
#6643=FACE_BOUND('',#6131,.T.);
#6644=FACE_BOUND('',#6132,.T.);
#6645=FACE_BOUND('',#6133,.T.);
#6646=FACE_BOUND('',#6134,.T.);
#6647=FACE_BOUND('',#6135,.T.);
#6648=FACE_BOUND('',#6136,.T.);
#6649=FACE_BOUND('',#6137,.T.);
#6650=FACE_BOUND('',#6138,.T.);
#6651=FACE_BOUND('',#6139,.T.);
#6652=FACE_BOUND('',#6140,.T.);
#6653=FACE_BOUND('',#6141,.T.);
#6654=FACE_BOUND('',#6142,.T.);
#6655=FACE_BOUND('',#6143,.T.);
#6656=FACE_BOUND('',#6144,.T.);
#6657=FACE_BOUND('',#6145,.T.);
#6658=FACE_BOUND('',#6146,.T.);
#6659=FACE_BOUND('',#6147,.T.);
#6660=FACE_BOUND('',#6148,.T.);
#6661=FACE_BOUND('',#6149,.T.);
#6662=FACE_BOUND('',#6150,.T.);
#6663=FACE_BOUND('',#6151,.T.);
#6664=FACE_BOUND('',#6152,.T.);
#6665=FACE_BOUND('',#6153,.T.);
#6666=FACE_BOUND('',#6154,.T.);
#6667=FACE_BOUND('',#6155,.T.);
#6668=FACE_BOUND('',#6156,.T.);
#6669=FACE_BOUND('',#6157,.T.);
#6670=FACE_BOUND('',#6158,.T.);
#6671=FACE_BOUND('',#6159,.T.);
#6672=FACE_BOUND('',#6160,.T.);
#6673=FACE_BOUND('',#6161,.T.);
#6674=FACE_BOUND('',#6162,.T.);
#6675=FACE_BOUND('',#6163,.T.);
#6676=FACE_BOUND('',#6164,.T.);
#6677=FACE_BOUND('',#6165,.T.);
#6678=FACE_BOUND('',#6166,.T.);
#6679=FACE_BOUND('',#6167,.T.);
#6680=FACE_BOUND('',#6168,.T.);
#6681=FACE_BOUND('',#6169,.T.);
#6682=FACE_BOUND('',#6170,.T.);
#6683=FACE_BOUND('',#6171,.T.);
#6684=FACE_BOUND('',#6172,.T.);
#6685=FACE_BOUND('',#6173,.T.);
#6686=FACE_BOUND('',#6174,.T.);
#6687=FACE_BOUND('',#6175,.T.);
#6688=FACE_BOUND('',#6176,.T.);
#6689=FACE_BOUND('',#6177,.T.);
#6690=FACE_BOUND('',#6178,.T.);
#6691=FACE_BOUND('',#6179,.T.);
#6692=FACE_BOUND('',#6180,.T.);
#6693=FACE_BOUND('',#6181,.T.);
#6694=FACE_BOUND('',#6182,.T.);
#6695=FACE_BOUND('',#6183,.T.);
#6696=FACE_BOUND('',#6184,.T.);
#6697=FACE_BOUND('',#6185,.T.);
#6698=FACE_BOUND('',#6186,.T.);
#6699=FACE_BOUND('',#6187,.T.);
#6700=FACE_BOUND('',#6188,.T.);
#6701=FACE_BOUND('',#6189,.T.);
#6702=FACE_BOUND('',#6190,.T.);
#6703=FACE_BOUND('',#6191,.T.);
#6704=FACE_BOUND('',#6192,.T.);
#6705=FACE_BOUND('',#6193,.T.);
#6706=FACE_BOUND('',#6194,.T.);
#6707=FACE_BOUND('',#6195,.T.);
#6708=FACE_BOUND('',#6196,.T.);
#6709=FACE_BOUND('',#6197,.T.);
#6710=FACE_BOUND('',#6198,.T.);
#6711=FACE_BOUND('',#6199,.T.);
#6712=FACE_BOUND('',#6200,.T.);
#6713=FACE_BOUND('',#6201,.T.);
#6714=FACE_BOUND('',#6202,.T.);
#6715=FACE_BOUND('',#6203,.T.);
#6716=FACE_BOUND('',#6204,.T.);
#6717=FACE_BOUND('',#6205,.T.);
#6718=FACE_BOUND('',#6206,.T.);
#6719=FACE_BOUND('',#6207,.T.);
#6720=FACE_BOUND('',#6208,.T.);
#6721=FACE_BOUND('',#6209,.T.);
#6722=FACE_BOUND('',#6210,.T.);
#6723=FACE_BOUND('',#6211,.T.);
#6724=FACE_BOUND('',#6212,.T.);
#6725=FACE_BOUND('',#6213,.T.);
#6726=FACE_BOUND('',#6214,.T.);
#6727=FACE_BOUND('',#6215,.T.);
#6728=FACE_BOUND('',#6216,.T.);
#6729=FACE_BOUND('',#6217,.T.);
#6730=FACE_BOUND('',#6218,.T.);
#6731=FACE_BOUND('',#6219,.T.);
#6732=PLANE('',#7477);
#6733=PLANE('',#7509);
#6734=PLANE('',#7510);
#6735=PLANE('',#7526);
#6736=PLANE('',#7541);
#6737=PLANE('',#7542);
#6738=PLANE('',#7543);
#6739=PLANE('',#7544);
#6740=PLANE('',#7545);
#6741=PLANE('',#7546);
#6742=PLANE('',#7547);
#6743=PLANE('',#7553);
#6744=PLANE('',#7554);
#6745=PLANE('',#7560);
#6746=PLANE('',#7561);
#6747=PLANE('',#7567);
#6748=PLANE('',#7568);
#6749=PLANE('',#7574);
#6750=PLANE('',#7575);
#6751=PLANE('',#7581);
#6752=PLANE('',#7582);
#6753=PLANE('',#7588);
#6754=PLANE('',#7589);
#6755=PLANE('',#7595);
#6756=PLANE('',#7596);
#6757=PLANE('',#7602);
#6758=PLANE('',#7603);
#6759=PLANE('',#7604);
#6760=PLANE('',#7605);
#6761=PLANE('',#7606);
#6762=PLANE('',#7619);
#6763=PLANE('',#7622);
#6764=PLANE('',#7625);
#6765=PLANE('',#7628);
#6766=PLANE('',#7631);
#6767=PLANE('',#7632);
#6768=PLANE('',#7633);
#6769=PLANE('',#7634);
#6770=PLANE('',#7635);
#6771=PLANE('',#7636);
#6772=PLANE('',#7637);
#6773=PLANE('',#7638);
#6774=PLANE('',#7639);
#6775=PLANE('',#7640);
#6776=PLANE('',#7641);
#6777=PLANE('',#7642);
#6778=PLANE('',#7659);
#6779=PLANE('',#7662);
#6780=PLANE('',#7665);
#6781=PLANE('',#7668);
#6782=PLANE('',#7671);
#6783=PLANE('',#7674);
#6784=PLANE('',#7677);
#6785=PLANE('',#7680);
#6786=PLANE('',#7681);
#6787=PLANE('',#7685);
#6788=PLANE('',#7689);
#6789=PLANE('',#7693);
#6790=PLANE('',#7697);
#6791=PLANE('',#7698);
#6792=PLANE('',#7699);
#6793=PLANE('',#7703);
#6794=PLANE('',#7707);
#6795=PLANE('',#7708);
#6796=PLANE('',#7712);
#6797=PLANE('',#7716);
#6798=PLANE('',#7718);
#6799=PLANE('',#7719);
#6800=PLANE('',#7722);
#6801=PLANE('',#7723);
#6802=PLANE('',#7726);
#6803=PLANE('',#7727);
#6804=PLANE('',#7730);
#6805=PLANE('',#7731);
#6806=PLANE('',#7735);
#6807=PLANE('',#7738);
#6808=PLANE('',#7739);
#6809=PLANE('',#7740);
#6810=PLANE('',#7741);
#6811=PLANE('',#7742);
#6812=PLANE('',#7746);
#6813=PLANE('',#7747);
#6814=PLANE('',#7748);
#6815=PLANE('',#7752);
#6816=PLANE('',#7753);
#6817=PLANE('',#7754);
#6818=PLANE('',#7755);
#6819=PLANE('',#7756);
#6820=PLANE('',#7757);
#6821=PLANE('',#7758);
#6822=PLANE('',#7763);
#6823=PLANE('',#7764);
#6824=PLANE('',#7765);
#6825=PLANE('',#7766);
#6826=PLANE('',#7767);
#6827=PLANE('',#7772);
#6828=PLANE('',#7773);
#6829=PLANE('',#7774);
#6830=PLANE('',#7775);
#6831=PLANE('',#7776);
#6832=PLANE('',#7777);
#6833=PLANE('',#7780);
#6834=PLANE('',#7783);
#6835=PLANE('',#7784);
#6836=PLANE('',#7785);
#6837=PLANE('',#7786);
#6838=PLANE('',#7790);
#6839=PLANE('',#7791);
#6840=PLANE('',#7792);
#6841=PLANE('',#7796);
#6842=PLANE('',#7797);
#6843=PLANE('',#7798);
#6844=PLANE('',#7799);
#6845=PLANE('',#7800);
#6846=PLANE('',#7801);
#6847=PLANE('',#7804);
#6848=PLANE('',#7807);
#6849=PLANE('',#7808);
#6850=PLANE('',#7809);
#6851=PLANE('',#7812);
#6852=PLANE('',#7815);
#6853=PLANE('',#7816);
#6854=PLANE('',#7817);
#6855=PLANE('',#7818);
#6856=PLANE('',#7819);
#6857=PLANE('',#7820);
#6858=PLANE('',#7821);
#6859=PLANE('',#7822);
#6860=PLANE('',#7823);
#6861=PLANE('',#7824);
#6862=PLANE('',#7825);
#6863=PLANE('',#7826);
#6864=PLANE('',#7827);
#6865=PLANE('',#7828);
#6866=PLANE('',#7829);
#6867=PLANE('',#7830);
#6868=PLANE('',#7831);
#6869=PLANE('',#7832);
#6870=PLANE('',#7833);
#6871=PLANE('',#7834);
#6872=PLANE('',#7835);
#6873=PLANE('',#7836);
#6874=PLANE('',#7837);
#6875=PLANE('',#7838);
#6876=PLANE('',#7839);
#6877=PLANE('',#7840);
#6878=PLANE('',#7842);
#6879=PLANE('',#7843);
#6880=PLANE('',#7844);
#6881=PLANE('',#7845);
#6882=PLANE('',#7846);
#6883=PLANE('',#7847);
#6884=PLANE('',#7848);
#6885=PLANE('',#7849);
#6886=PLANE('',#7850);
#6887=PLANE('',#7851);
#6888=PLANE('',#7852);
#6889=PLANE('',#7853);
#6890=PLANE('',#7854);
#6891=PLANE('',#7855);
#6892=PLANE('',#7856);
#6893=PLANE('',#7857);
#6894=PLANE('',#7858);
#6895=PLANE('',#7859);
#6896=PLANE('',#7860);
#6897=PLANE('',#7861);
#6898=PLANE('',#7862);
#6899=PLANE('',#7863);
#6900=PLANE('',#7864);
#6901=PLANE('',#7865);
#6902=PLANE('',#7866);
#6903=PLANE('',#7867);
#6904=PLANE('',#7868);
#6905=PLANE('',#7869);
#6906=PLANE('',#7870);
#6907=PLANE('',#7871);
#6908=PLANE('',#7872);
#6909=PLANE('',#7873);
#6910=PLANE('',#7874);
#6911=PLANE('',#7875);
#6912=PLANE('',#7876);
#6913=PLANE('',#7877);
#6914=PLANE('',#7878);
#6915=PLANE('',#7879);
#6916=PLANE('',#7880);
#6917=PLANE('',#7881);
#6918=PLANE('',#7882);
#6919=PLANE('',#7883);
#6920=PLANE('',#7884);
#6921=PLANE('',#7885);
#6922=PLANE('',#7886);
#6923=PLANE('',#7887);
#6924=PLANE('',#7888);
#6925=PLANE('',#7889);
#6926=PLANE('',#7890);
#6927=PLANE('',#7891);
#6928=PLANE('',#7892);
#6929=PLANE('',#7893);
#6930=PLANE('',#7894);
#6931=PLANE('',#7895);
#6932=PLANE('',#7896);
#6933=PLANE('',#7897);
#6934=PLANE('',#7898);
#6935=PLANE('',#7899);
#6936=PLANE('',#7900);
#6937=PLANE('',#7901);
#6938=PLANE('',#7902);
#6939=PLANE('',#7903);
#6940=PLANE('',#7904);
#6941=PLANE('',#7905);
#6942=PLANE('',#7906);
#6943=PLANE('',#7907);
#6944=PLANE('',#7908);
#6945=PLANE('',#7909);
#6946=PLANE('',#7910);
#6947=PLANE('',#7911);
#6948=PLANE('',#7912);
#6949=PLANE('',#7913);
#6950=PLANE('',#7914);
#6951=PLANE('',#7915);
#6952=PLANE('',#7916);
#6953=PLANE('',#7917);
#6954=PLANE('',#7918);
#6955=PLANE('',#7919);
#6956=PLANE('',#7920);
#6957=PLANE('',#7921);
#6958=PLANE('',#7922);
#6959=PLANE('',#7923);
#6960=PLANE('',#7924);
#6961=PLANE('',#7925);
#6962=PLANE('',#7926);
#6963=PLANE('',#7927);
#6964=PLANE('',#7928);
#6965=PLANE('',#7929);
#6966=PLANE('',#7930);
#6967=PLANE('',#7931);
#6968=PLANE('',#7932);
#6969=PLANE('',#7933);
#6970=PLANE('',#7934);
#6971=PLANE('',#7935);
#6972=PLANE('',#7936);
#6973=PLANE('',#7937);
#6974=PLANE('',#7938);
#6975=PLANE('',#7939);
#6976=PLANE('',#7940);
#6977=PLANE('',#7941);
#6978=PLANE('',#7942);
#6979=PLANE('',#7943);
#6980=PLANE('',#7944);
#6981=PLANE('',#7945);
#6982=PLANE('',#7946);
#6983=PLANE('',#7947);
#6984=PLANE('',#7948);
#6985=PLANE('',#7949);
#6986=PLANE('',#7950);
#6987=PLANE('',#7951);
#6988=PLANE('',#7952);
#6989=PLANE('',#7953);
#6990=PLANE('',#7954);
#6991=PLANE('',#7955);
#6992=PLANE('',#7956);
#6993=PLANE('',#7957);
#6994=PLANE('',#7958);
#6995=PLANE('',#7959);
#6996=PLANE('',#7960);
#6997=PLANE('',#7961);
#6998=PLANE('',#7962);
#6999=PLANE('',#7963);
#7000=PLANE('',#7964);
#7001=PLANE('',#7965);
#7002=PLANE('',#7966);
#7003=PLANE('',#7967);
#7004=PLANE('',#7968);
#7005=PLANE('',#7969);
#7006=PLANE('',#7970);
#7007=PLANE('',#7971);
#7008=PLANE('',#7972);
#7009=PLANE('',#7973);
#7010=PLANE('',#7974);
#7011=PLANE('',#7975);
#7012=PLANE('',#7976);
#7013=PLANE('',#7977);
#7014=PLANE('',#7978);
#7015=PLANE('',#7979);
#7016=PLANE('',#7980);
#7017=PLANE('',#7981);
#7018=PLANE('',#7982);
#7019=PLANE('',#7983);
#7020=PLANE('',#7984);
#7021=PLANE('',#7985);
#7022=PLANE('',#7986);
#7023=PLANE('',#7987);
#7024=PLANE('',#7988);
#7025=PLANE('',#7989);
#7026=PLANE('',#7990);
#7027=PLANE('',#7991);
#7028=PLANE('',#7992);
#7029=PLANE('',#7993);
#7030=PLANE('',#7994);
#7031=PLANE('',#7995);
#7032=PLANE('',#7996);
#7033=PLANE('',#7997);
#7034=PLANE('',#7998);
#7035=PLANE('',#7999);
#7036=PLANE('',#8000);
#7037=PLANE('',#8001);
#7038=PLANE('',#8002);
#7039=PLANE('',#8003);
#7040=PLANE('',#8004);
#7041=PLANE('',#8005);
#7042=PLANE('',#8006);
#7043=PLANE('',#8007);
#7044=PLANE('',#8016);
#7045=PLANE('',#8017);
#7046=PLANE('',#8018);
#7047=PLANE('',#8019);
#7048=PLANE('',#8020);
#7049=PLANE('',#8025);
#7050=PLANE('',#8026);
#7051=PLANE('',#8027);
#7052=PLANE('',#8028);
#7053=PLANE('',#8029);
#7054=ADVANCED_FACE('',(#6220,#6221,#6222,#6223,#6224,#6225,#6226,#6227,
#6228,#6229,#6230,#6231,#6232,#6233,#6234,#6235,#6236,#6237),#6732,.F.);
#7055=ADVANCED_FACE('',(#6238,#6239,#6240,#6241,#6242),#6733,.F.);
#7056=ADVANCED_FACE('',(#6243,#6244,#6245,#6246,#6247,#6248,#6249,#6250,
#6251),#6734,.F.);
#7057=ADVANCED_FACE('',(#6252,#6253,#6254,#6255,#6256,#6257,#6258,#6259,
#6260,#6261,#6262),#6735,.F.);
#7058=ADVANCED_FACE('',(#6263),#6736,.F.);
#7059=ADVANCED_FACE('',(#6264),#6737,.F.);
#7060=ADVANCED_FACE('',(#6265),#6738,.T.);
#7061=ADVANCED_FACE('',(#6266),#6739,.T.);
#7062=ADVANCED_FACE('',(#6267),#6740,.T.);
#7063=ADVANCED_FACE('',(#6268),#6741,.F.);
#7064=ADVANCED_FACE('',(#6269),#95,.T.);
#7065=ADVANCED_FACE('',(#6270),#96,.T.);
#7066=ADVANCED_FACE('',(#6271),#97,.T.);
#7067=ADVANCED_FACE('',(#6272),#6742,.F.);
#7068=ADVANCED_FACE('',(#6273),#98,.T.);
#7069=ADVANCED_FACE('',(#6274,#6275),#20,.F.);
#7070=ADVANCED_FACE('',(#6276,#6277),#21,.T.);
#7071=ADVANCED_FACE('',(#6278,#6279),#6743,.T.);
#7072=ADVANCED_FACE('',(#6280),#6744,.F.);
#7073=ADVANCED_FACE('',(#6281,#6282),#22,.F.);
#7074=ADVANCED_FACE('',(#6283,#6284),#23,.T.);
#7075=ADVANCED_FACE('',(#6285,#6286),#6745,.T.);
#7076=ADVANCED_FACE('',(#6287),#6746,.F.);
#7077=ADVANCED_FACE('',(#6288,#6289),#24,.F.);
#7078=ADVANCED_FACE('',(#6290,#6291),#25,.T.);
#7079=ADVANCED_FACE('',(#6292,#6293),#6747,.T.);
#7080=ADVANCED_FACE('',(#6294),#6748,.F.);
#7081=ADVANCED_FACE('',(#6295,#6296),#26,.F.);
#7082=ADVANCED_FACE('',(#6297,#6298),#27,.T.);
#7083=ADVANCED_FACE('',(#6299,#6300),#6749,.T.);
#7084=ADVANCED_FACE('',(#6301),#6750,.F.);
#7085=ADVANCED_FACE('',(#6302,#6303),#28,.F.);
#7086=ADVANCED_FACE('',(#6304,#6305),#29,.T.);
#7087=ADVANCED_FACE('',(#6306,#6307),#6751,.T.);
#7088=ADVANCED_FACE('',(#6308),#6752,.F.);
#7089=ADVANCED_FACE('',(#6309,#6310),#30,.F.);
#7090=ADVANCED_FACE('',(#6311,#6312),#31,.T.);
#7091=ADVANCED_FACE('',(#6313,#6314),#6753,.T.);
#7092=ADVANCED_FACE('',(#6315),#6754,.F.);
#7093=ADVANCED_FACE('',(#6316,#6317),#32,.F.);
#7094=ADVANCED_FACE('',(#6318,#6319),#33,.T.);
#7095=ADVANCED_FACE('',(#6320,#6321),#6755,.T.);
#7096=ADVANCED_FACE('',(#6322),#6756,.F.);
#7097=ADVANCED_FACE('',(#6323,#6324),#34,.F.);
#7098=ADVANCED_FACE('',(#6325,#6326),#35,.T.);
#7099=ADVANCED_FACE('',(#6327,#6328),#6757,.T.);
#7100=ADVANCED_FACE('',(#6329),#6758,.F.);
#7101=ADVANCED_FACE('',(#6330),#6759,.T.);
#7102=ADVANCED_FACE('',(#6331),#6760,.F.);
#7103=ADVANCED_FACE('',(#6332,#6333,#6334,#6335,#6336),#6761,.T.);
#7104=ADVANCED_FACE('',(#6337),#6762,.T.);
#7105=ADVANCED_FACE('',(#6338,#6339),#36,.F.);
#7106=ADVANCED_FACE('',(#6340),#6763,.T.);
#7107=ADVANCED_FACE('',(#6341,#6342),#37,.F.);
#7108=ADVANCED_FACE('',(#6343),#6764,.T.);
#7109=ADVANCED_FACE('',(#6344,#6345),#38,.F.);
#7110=ADVANCED_FACE('',(#6346),#6765,.T.);
#7111=ADVANCED_FACE('',(#6347,#6348),#39,.F.);
#7112=ADVANCED_FACE('',(#6349),#6766,.T.);
#7113=ADVANCED_FACE('',(#6350),#6767,.T.);
#7114=ADVANCED_FACE('',(#6351),#6768,.F.);
#7115=ADVANCED_FACE('',(#6352),#6769,.T.);
#7116=ADVANCED_FACE('',(#6353),#6770,.F.);
#7117=ADVANCED_FACE('',(#6354),#6771,.T.);
#7118=ADVANCED_FACE('',(#6355),#6772,.F.);
#7119=ADVANCED_FACE('',(#6356),#6773,.T.);
#7120=ADVANCED_FACE('',(#6357),#6774,.F.);
#7121=ADVANCED_FACE('',(#6358),#6775,.T.);
#7122=ADVANCED_FACE('',(#6359),#6776,.T.);
#7123=ADVANCED_FACE('',(#6360),#6777,.T.);
#7124=ADVANCED_FACE('',(#6361,#6362),#40,.F.);
#7125=ADVANCED_FACE('',(#6363,#6364),#41,.F.);
#7126=ADVANCED_FACE('',(#6365,#6366),#42,.F.);
#7127=ADVANCED_FACE('',(#6367,#6368),#43,.F.);
#7128=ADVANCED_FACE('',(#6369,#6370),#44,.F.);
#7129=ADVANCED_FACE('',(#6371,#6372),#45,.F.);
#7130=ADVANCED_FACE('',(#6373,#6374),#46,.F.);
#7131=ADVANCED_FACE('',(#6375,#6376),#47,.F.);
#7132=ADVANCED_FACE('',(#6377,#6378),#6778,.F.);
#7133=ADVANCED_FACE('',(#6379,#6380),#48,.F.);
#7134=ADVANCED_FACE('',(#6381,#6382),#6779,.F.);
#7135=ADVANCED_FACE('',(#6383,#6384),#49,.F.);
#7136=ADVANCED_FACE('',(#6385,#6386),#6780,.F.);
#7137=ADVANCED_FACE('',(#6387,#6388),#50,.F.);
#7138=ADVANCED_FACE('',(#6389,#6390),#6781,.F.);
#7139=ADVANCED_FACE('',(#6391,#6392),#51,.F.);
#7140=ADVANCED_FACE('',(#6393,#6394),#6782,.F.);
#7141=ADVANCED_FACE('',(#6395,#6396),#52,.F.);
#7142=ADVANCED_FACE('',(#6397,#6398),#6783,.F.);
#7143=ADVANCED_FACE('',(#6399,#6400),#53,.F.);
#7144=ADVANCED_FACE('',(#6401,#6402),#6784,.F.);
#7145=ADVANCED_FACE('',(#6403,#6404),#54,.F.);
#7146=ADVANCED_FACE('',(#6405),#6785,.F.);
#7147=ADVANCED_FACE('',(#6406),#6786,.F.);
#7148=ADVANCED_FACE('',(#6407),#55,.F.);
#7149=ADVANCED_FACE('',(#6408),#6787,.T.);
#7150=ADVANCED_FACE('',(#6409),#56,.F.);
#7151=ADVANCED_FACE('',(#6410),#6788,.T.);
#7152=ADVANCED_FACE('',(#6411),#57,.F.);
#7153=ADVANCED_FACE('',(#6412),#6789,.F.);
#7154=ADVANCED_FACE('',(#6413),#58,.F.);
#7155=ADVANCED_FACE('',(#6414),#6790,.T.);
#7156=ADVANCED_FACE('',(#6415),#6791,.T.);
#7157=ADVANCED_FACE('',(#6416),#6792,.F.);
#7158=ADVANCED_FACE('',(#6417),#59,.F.);
#7159=ADVANCED_FACE('',(#6418),#6793,.T.);
#7160=ADVANCED_FACE('',(#6419),#60,.F.);
#7161=ADVANCED_FACE('',(#6420),#6794,.T.);
#7162=ADVANCED_FACE('',(#6421),#6795,.F.);
#7163=ADVANCED_FACE('',(#6422),#61,.F.);
#7164=ADVANCED_FACE('',(#6423),#6796,.T.);
#7165=ADVANCED_FACE('',(#6424),#62,.F.);
#7166=ADVANCED_FACE('',(#6425),#6797,.T.);
#7167=ADVANCED_FACE('',(#6426),#12,.F.);
#7168=ADVANCED_FACE('',(#6427),#6798,.T.);
#7169=ADVANCED_FACE('',(#6428),#6799,.F.);
#7170=ADVANCED_FACE('',(#6429),#13,.F.);
#7171=ADVANCED_FACE('',(#6430),#14,.F.);
#7172=ADVANCED_FACE('',(#6431),#6800,.T.);
#7173=ADVANCED_FACE('',(#6432),#6801,.F.);
#7174=ADVANCED_FACE('',(#6433),#15,.F.);
#7175=ADVANCED_FACE('',(#6434),#16,.F.);
#7176=ADVANCED_FACE('',(#6435),#6802,.F.);
#7177=ADVANCED_FACE('',(#6436),#6803,.T.);
#7178=ADVANCED_FACE('',(#6437),#17,.F.);
#7179=ADVANCED_FACE('',(#6438),#18,.F.);
#7180=ADVANCED_FACE('',(#6439),#6804,.T.);
#7181=ADVANCED_FACE('',(#6440),#6805,.F.);
#7182=ADVANCED_FACE('',(#6441),#19,.F.);
#7183=ADVANCED_FACE('',(#6442),#63,.F.);
#7184=ADVANCED_FACE('',(#6443),#6806,.F.);
#7185=ADVANCED_FACE('',(#6444),#64,.F.);
#7186=ADVANCED_FACE('',(#6445),#6807,.T.);
#7187=ADVANCED_FACE('',(#6446),#6808,.T.);
#7188=ADVANCED_FACE('',(#6447),#6809,.T.);
#7189=ADVANCED_FACE('',(#6448),#6810,.F.);
#7190=ADVANCED_FACE('',(#6449),#6811,.T.);
#7191=ADVANCED_FACE('',(#6450),#65,.T.);
#7192=ADVANCED_FACE('',(#6451),#6812,.T.);
#7193=ADVANCED_FACE('',(#6452),#6813,.F.);
#7194=ADVANCED_FACE('',(#6453),#6814,.F.);
#7195=ADVANCED_FACE('',(#6454),#66,.T.);
#7196=ADVANCED_FACE('',(#6455),#6815,.T.);
#7197=ADVANCED_FACE('',(#6456,#6457),#6816,.T.);
#7198=ADVANCED_FACE('',(#6458),#6817,.F.);
#7199=ADVANCED_FACE('',(#6459),#6818,.F.);
#7200=ADVANCED_FACE('',(#6460),#6819,.F.);
#7201=ADVANCED_FACE('',(#6461),#6820,.T.);
#7202=ADVANCED_FACE('',(#6462),#6821,.F.);
#7203=ADVANCED_FACE('',(#6463),#67,.T.);
#7204=ADVANCED_FACE('',(#6464),#68,.F.);
#7205=ADVANCED_FACE('',(#6465),#6822,.T.);
#7206=ADVANCED_FACE('',(#6466),#6823,.T.);
#7207=ADVANCED_FACE('',(#6467),#6824,.F.);
#7208=ADVANCED_FACE('',(#6468),#6825,.F.);
#7209=ADVANCED_FACE('',(#6469),#6826,.T.);
#7210=ADVANCED_FACE('',(#6470),#69,.F.);
#7211=ADVANCED_FACE('',(#6471),#70,.T.);
#7212=ADVANCED_FACE('',(#6472),#6827,.F.);
#7213=ADVANCED_FACE('',(#6473),#6828,.F.);
#7214=ADVANCED_FACE('',(#6474),#6829,.T.);
#7215=ADVANCED_FACE('',(#6475),#6830,.T.);
#7216=ADVANCED_FACE('',(#6476,#6477),#6831,.T.);
#7217=ADVANCED_FACE('',(#6478),#6832,.F.);
#7218=ADVANCED_FACE('',(#6479),#71,.F.);
#7219=ADVANCED_FACE('',(#6480),#6833,.T.);
#7220=ADVANCED_FACE('',(#6481),#72,.F.);
#7221=ADVANCED_FACE('',(#6482),#6834,.F.);
#7222=ADVANCED_FACE('',(#6483),#6835,.T.);
#7223=ADVANCED_FACE('',(#6484),#6836,.F.);
#7224=ADVANCED_FACE('',(#6485),#6837,.F.);
#7225=ADVANCED_FACE('',(#6486),#73,.T.);
#7226=ADVANCED_FACE('',(#6487),#6838,.T.);
#7227=ADVANCED_FACE('',(#6488),#6839,.T.);
#7228=ADVANCED_FACE('',(#6489),#6840,.F.);
#7229=ADVANCED_FACE('',(#6490),#74,.T.);
#7230=ADVANCED_FACE('',(#6491),#6841,.F.);
#7231=ADVANCED_FACE('',(#6492,#6493),#6842,.T.);
#7232=ADVANCED_FACE('',(#6494),#6843,.F.);
#7233=ADVANCED_FACE('',(#6495),#6844,.T.);
#7234=ADVANCED_FACE('',(#6496),#6845,.F.);
#7235=ADVANCED_FACE('',(#6497),#6846,.F.);
#7236=ADVANCED_FACE('',(#6498),#75,.F.);
#7237=ADVANCED_FACE('',(#6499),#6847,.T.);
#7238=ADVANCED_FACE('',(#6500),#76,.F.);
#7239=ADVANCED_FACE('',(#6501),#6848,.T.);
#7240=ADVANCED_FACE('',(#6502),#6849,.T.);
#7241=ADVANCED_FACE('',(#6503),#6850,.T.);
#7242=ADVANCED_FACE('',(#6504),#77,.F.);
#7243=ADVANCED_FACE('',(#6505),#6851,.F.);
#7244=ADVANCED_FACE('',(#6506),#78,.F.);
#7245=ADVANCED_FACE('',(#6507),#6852,.F.);
#7246=ADVANCED_FACE('',(#6508),#6853,.T.);
#7247=ADVANCED_FACE('',(#6509),#6854,.F.);
#7248=ADVANCED_FACE('',(#6510),#6855,.T.);
#7249=ADVANCED_FACE('',(#6511),#6856,.F.);
#7250=ADVANCED_FACE('',(#6512),#6857,.F.);
#7251=ADVANCED_FACE('',(#6513),#6858,.T.);
#7252=ADVANCED_FACE('',(#6514),#6859,.F.);
#7253=ADVANCED_FACE('',(#6515),#6860,.F.);
#7254=ADVANCED_FACE('',(#6516),#6861,.T.);
#7255=ADVANCED_FACE('',(#6517),#6862,.T.);
#7256=ADVANCED_FACE('',(#6518,#6519),#6863,.T.);
#7257=ADVANCED_FACE('',(#6520),#6864,.T.);
#7258=ADVANCED_FACE('',(#6521),#6865,.F.);
#7259=ADVANCED_FACE('',(#6522),#6866,.F.);
#7260=ADVANCED_FACE('',(#6523),#6867,.T.);
#7261=ADVANCED_FACE('',(#6524),#6868,.F.);
#7262=ADVANCED_FACE('',(#6525),#6869,.F.);
#7263=ADVANCED_FACE('',(#6526),#6870,.T.);
#7264=ADVANCED_FACE('',(#6527),#6871,.T.);
#7265=ADVANCED_FACE('',(#6528,#6529),#6872,.T.);
#7266=ADVANCED_FACE('',(#6530),#6873,.T.);
#7267=ADVANCED_FACE('',(#6531),#6874,.F.);
#7268=ADVANCED_FACE('',(#6532),#6875,.F.);
#7269=ADVANCED_FACE('',(#6533),#6876,.T.);
#7270=ADVANCED_FACE('',(#6534),#6877,.T.);
#7271=ADVANCED_FACE('',(#6535,#6536),#99,.F.);
#7272=ADVANCED_FACE('',(#6537),#6878,.T.);
#7273=ADVANCED_FACE('',(#6538),#6879,.F.);
#7274=ADVANCED_FACE('',(#6539),#6880,.F.);
#7275=ADVANCED_FACE('',(#6540),#6881,.T.);
#7276=ADVANCED_FACE('',(#6541),#6882,.T.);
#7277=ADVANCED_FACE('',(#6542),#6883,.T.);
#7278=ADVANCED_FACE('',(#6543),#6884,.T.);
#7279=ADVANCED_FACE('',(#6544),#6885,.T.);
#7280=ADVANCED_FACE('',(#6545),#6886,.T.);
#7281=ADVANCED_FACE('',(#6546),#6887,.T.);
#7282=ADVANCED_FACE('',(#6547),#6888,.T.);
#7283=ADVANCED_FACE('',(#6548),#6889,.T.);
#7284=ADVANCED_FACE('',(#6549),#6890,.T.);
#7285=ADVANCED_FACE('',(#6550),#6891,.T.);
#7286=ADVANCED_FACE('',(#6551),#6892,.T.);
#7287=ADVANCED_FACE('',(#6552),#6893,.T.);
#7288=ADVANCED_FACE('',(#6553),#6894,.T.);
#7289=ADVANCED_FACE('',(#6554),#6895,.T.);
#7290=ADVANCED_FACE('',(#6555),#6896,.T.);
#7291=ADVANCED_FACE('',(#6556),#6897,.T.);
#7292=ADVANCED_FACE('',(#6557),#6898,.T.);
#7293=ADVANCED_FACE('',(#6558),#6899,.T.);
#7294=ADVANCED_FACE('',(#6559),#6900,.T.);
#7295=ADVANCED_FACE('',(#6560),#6901,.T.);
#7296=ADVANCED_FACE('',(#6561),#6902,.T.);
#7297=ADVANCED_FACE('',(#6562),#6903,.T.);
#7298=ADVANCED_FACE('',(#6563),#6904,.T.);
#7299=ADVANCED_FACE('',(#6564),#6905,.T.);
#7300=ADVANCED_FACE('',(#6565),#6906,.T.);
#7301=ADVANCED_FACE('',(#6566),#6907,.T.);
#7302=ADVANCED_FACE('',(#6567),#6908,.T.);
#7303=ADVANCED_FACE('',(#6568),#6909,.T.);
#7304=ADVANCED_FACE('',(#6569),#6910,.T.);
#7305=ADVANCED_FACE('',(#6570),#6911,.T.);
#7306=ADVANCED_FACE('',(#6571),#6912,.T.);
#7307=ADVANCED_FACE('',(#6572),#6913,.T.);
#7308=ADVANCED_FACE('',(#6573),#6914,.T.);
#7309=ADVANCED_FACE('',(#6574),#6915,.T.);
#7310=ADVANCED_FACE('',(#6575),#6916,.T.);
#7311=ADVANCED_FACE('',(#6576),#6917,.T.);
#7312=ADVANCED_FACE('',(#6577),#6918,.T.);
#7313=ADVANCED_FACE('',(#6578),#6919,.T.);
#7314=ADVANCED_FACE('',(#6579),#6920,.T.);
#7315=ADVANCED_FACE('',(#6580),#6921,.T.);
#7316=ADVANCED_FACE('',(#6581),#6922,.T.);
#7317=ADVANCED_FACE('',(#6582),#6923,.T.);
#7318=ADVANCED_FACE('',(#6583),#6924,.T.);
#7319=ADVANCED_FACE('',(#6584),#6925,.T.);
#7320=ADVANCED_FACE('',(#6585),#6926,.T.);
#7321=ADVANCED_FACE('',(#6586),#6927,.T.);
#7322=ADVANCED_FACE('',(#6587),#6928,.T.);
#7323=ADVANCED_FACE('',(#6588),#6929,.T.);
#7324=ADVANCED_FACE('',(#6589),#6930,.T.);
#7325=ADVANCED_FACE('',(#6590),#6931,.T.);
#7326=ADVANCED_FACE('',(#6591),#6932,.T.);
#7327=ADVANCED_FACE('',(#6592),#6933,.T.);
#7328=ADVANCED_FACE('',(#6593),#6934,.T.);
#7329=ADVANCED_FACE('',(#6594),#6935,.T.);
#7330=ADVANCED_FACE('',(#6595),#6936,.T.);
#7331=ADVANCED_FACE('',(#6596),#6937,.T.);
#7332=ADVANCED_FACE('',(#6597),#6938,.T.);
#7333=ADVANCED_FACE('',(#6598),#6939,.T.);
#7334=ADVANCED_FACE('',(#6599),#6940,.T.);
#7335=ADVANCED_FACE('',(#6600),#6941,.T.);
#7336=ADVANCED_FACE('',(#6601),#6942,.T.);
#7337=ADVANCED_FACE('',(#6602),#6943,.T.);
#7338=ADVANCED_FACE('',(#6603),#6944,.T.);
#7339=ADVANCED_FACE('',(#6604),#6945,.T.);
#7340=ADVANCED_FACE('',(#6605),#6946,.T.);
#7341=ADVANCED_FACE('',(#6606),#6947,.T.);
#7342=ADVANCED_FACE('',(#6607),#6948,.T.);
#7343=ADVANCED_FACE('',(#6608),#6949,.T.);
#7344=ADVANCED_FACE('',(#6609),#6950,.T.);
#7345=ADVANCED_FACE('',(#6610),#6951,.T.);
#7346=ADVANCED_FACE('',(#6611),#6952,.T.);
#7347=ADVANCED_FACE('',(#6612),#6953,.T.);
#7348=ADVANCED_FACE('',(#6613),#6954,.T.);
#7349=ADVANCED_FACE('',(#6614),#6955,.T.);
#7350=ADVANCED_FACE('',(#6615),#6956,.T.);
#7351=ADVANCED_FACE('',(#6616),#6957,.T.);
#7352=ADVANCED_FACE('',(#6617),#6958,.T.);
#7353=ADVANCED_FACE('',(#6618),#6959,.T.);
#7354=ADVANCED_FACE('',(#6619),#6960,.T.);
#7355=ADVANCED_FACE('',(#6620),#6961,.T.);
#7356=ADVANCED_FACE('',(#6621),#6962,.T.);
#7357=ADVANCED_FACE('',(#6622),#6963,.T.);
#7358=ADVANCED_FACE('',(#6623),#6964,.T.);
#7359=ADVANCED_FACE('',(#6624),#6965,.T.);
#7360=ADVANCED_FACE('',(#6625),#6966,.T.);
#7361=ADVANCED_FACE('',(#6626),#6967,.T.);
#7362=ADVANCED_FACE('',(#6627),#6968,.T.);
#7363=ADVANCED_FACE('',(#6628),#6969,.T.);
#7364=ADVANCED_FACE('',(#6629),#6970,.T.);
#7365=ADVANCED_FACE('',(#6630),#6971,.T.);
#7366=ADVANCED_FACE('',(#6631),#6972,.T.);
#7367=ADVANCED_FACE('',(#6632),#6973,.T.);
#7368=ADVANCED_FACE('',(#6633),#6974,.T.);
#7369=ADVANCED_FACE('',(#6634),#6975,.T.);
#7370=ADVANCED_FACE('',(#6635),#6976,.T.);
#7371=ADVANCED_FACE('',(#6636),#6977,.T.);
#7372=ADVANCED_FACE('',(#6637),#6978,.T.);
#7373=ADVANCED_FACE('',(#6638),#6979,.T.);
#7374=ADVANCED_FACE('',(#6639),#6980,.T.);
#7375=ADVANCED_FACE('',(#6640),#6981,.T.);
#7376=ADVANCED_FACE('',(#6641),#6982,.T.);
#7377=ADVANCED_FACE('',(#6642),#6983,.T.);
#7378=ADVANCED_FACE('',(#6643),#6984,.T.);
#7379=ADVANCED_FACE('',(#6644),#6985,.T.);
#7380=ADVANCED_FACE('',(#6645),#6986,.T.);
#7381=ADVANCED_FACE('',(#6646),#6987,.T.);
#7382=ADVANCED_FACE('',(#6647),#6988,.T.);
#7383=ADVANCED_FACE('',(#6648),#6989,.T.);
#7384=ADVANCED_FACE('',(#6649),#6990,.T.);
#7385=ADVANCED_FACE('',(#6650),#6991,.T.);
#7386=ADVANCED_FACE('',(#6651),#6992,.T.);
#7387=ADVANCED_FACE('',(#6652),#6993,.T.);
#7388=ADVANCED_FACE('',(#6653),#6994,.T.);
#7389=ADVANCED_FACE('',(#6654),#6995,.T.);
#7390=ADVANCED_FACE('',(#6655),#6996,.T.);
#7391=ADVANCED_FACE('',(#6656),#6997,.T.);
#7392=ADVANCED_FACE('',(#6657),#6998,.T.);
#7393=ADVANCED_FACE('',(#6658),#6999,.T.);
#7394=ADVANCED_FACE('',(#6659),#7000,.T.);
#7395=ADVANCED_FACE('',(#6660),#7001,.T.);
#7396=ADVANCED_FACE('',(#6661,#6662,#6663),#7002,.T.);
#7397=ADVANCED_FACE('',(#6664),#7003,.F.);
#7398=ADVANCED_FACE('',(#6665),#7004,.T.);
#7399=ADVANCED_FACE('',(#6666),#7005,.T.);
#7400=ADVANCED_FACE('',(#6667),#7006,.T.);
#7401=ADVANCED_FACE('',(#6668),#7007,.T.);
#7402=ADVANCED_FACE('',(#6669),#7008,.T.);
#7403=ADVANCED_FACE('',(#6670),#7009,.T.);
#7404=ADVANCED_FACE('',(#6671),#7010,.T.);
#7405=ADVANCED_FACE('',(#6672),#7011,.T.);
#7406=ADVANCED_FACE('',(#6673),#7012,.T.);
#7407=ADVANCED_FACE('',(#6674),#7013,.T.);
#7408=ADVANCED_FACE('',(#6675),#7014,.T.);
#7409=ADVANCED_FACE('',(#6676),#7015,.T.);
#7410=ADVANCED_FACE('',(#6677),#7016,.T.);
#7411=ADVANCED_FACE('',(#6678),#7017,.T.);
#7412=ADVANCED_FACE('',(#6679),#7018,.T.);
#7413=ADVANCED_FACE('',(#6680),#7019,.T.);
#7414=ADVANCED_FACE('',(#6681),#7020,.T.);
#7415=ADVANCED_FACE('',(#6682),#7021,.T.);
#7416=ADVANCED_FACE('',(#6683),#7022,.T.);
#7417=ADVANCED_FACE('',(#6684),#7023,.T.);
#7418=ADVANCED_FACE('',(#6685),#7024,.T.);
#7419=ADVANCED_FACE('',(#6686),#7025,.T.);
#7420=ADVANCED_FACE('',(#6687),#7026,.T.);
#7421=ADVANCED_FACE('',(#6688),#7027,.T.);
#7422=ADVANCED_FACE('',(#6689),#7028,.T.);
#7423=ADVANCED_FACE('',(#6690),#7029,.T.);
#7424=ADVANCED_FACE('',(#6691),#7030,.T.);
#7425=ADVANCED_FACE('',(#6692),#7031,.T.);
#7426=ADVANCED_FACE('',(#6693),#7032,.T.);
#7427=ADVANCED_FACE('',(#6694),#7033,.T.);
#7428=ADVANCED_FACE('',(#6695),#7034,.T.);
#7429=ADVANCED_FACE('',(#6696),#7035,.T.);
#7430=ADVANCED_FACE('',(#6697),#7036,.T.);
#7431=ADVANCED_FACE('',(#6698),#7037,.T.);
#7432=ADVANCED_FACE('',(#6699),#7038,.T.);
#7433=ADVANCED_FACE('',(#6700),#7039,.T.);
#7434=ADVANCED_FACE('',(#6701),#7040,.T.);
#7435=ADVANCED_FACE('',(#6702,#6703),#7041,.T.);
#7436=ADVANCED_FACE('',(#6704),#7042,.F.);
#7437=ADVANCED_FACE('',(#6705),#7043,.F.);
#7438=ADVANCED_FACE('',(#6706),#79,.F.);
#7439=ADVANCED_FACE('',(#6707),#80,.F.);
#7440=ADVANCED_FACE('',(#6708),#81,.F.);
#7441=ADVANCED_FACE('',(#6709),#82,.F.);
#7442=ADVANCED_FACE('',(#6710),#83,.F.);
#7443=ADVANCED_FACE('',(#6711),#84,.F.);
#7444=ADVANCED_FACE('',(#6712),#85,.F.);
#7445=ADVANCED_FACE('',(#6713),#86,.F.);
#7446=ADVANCED_FACE('',(#6714),#7044,.T.);
#7447=ADVANCED_FACE('',(#6715),#7045,.F.);
#7448=ADVANCED_FACE('',(#6716),#7046,.F.);
#7449=ADVANCED_FACE('',(#6717),#7047,.T.);
#7450=ADVANCED_FACE('',(#6718),#7048,.T.);
#7451=ADVANCED_FACE('',(#6719),#7049,.T.);
#7452=ADVANCED_FACE('',(#6720),#7050,.F.);
#7453=ADVANCED_FACE('',(#6721),#7051,.F.);
#7454=ADVANCED_FACE('',(#6722),#7052,.T.);
#7455=ADVANCED_FACE('',(#6723),#7053,.T.);
#7456=ADVANCED_FACE('',(#6724),#87,.F.);
#7457=ADVANCED_FACE('',(#6725),#88,.F.);
#7458=ADVANCED_FACE('',(#6726),#89,.F.);
#7459=ADVANCED_FACE('',(#6727),#90,.F.);
#7460=ADVANCED_FACE('',(#6728),#91,.F.);
#7461=ADVANCED_FACE('',(#6729),#92,.F.);
#7462=ADVANCED_FACE('',(#6730),#93,.F.);
#7463=ADVANCED_FACE('',(#6731),#94,.F.);
#7464=CLOSED_SHELL('',(#7054,#7055,#7056,#7057,#7058,#7059,#7060,#7061,
#7062,#7063,#7064,#7065,#7066,#7067,#7068,#7069,#7070,#7071,#7072,#7073,
#7074,#7075,#7076,#7077,#7078,#7079,#7080,#7081,#7082,#7083,#7084,#7085,
#7086,#7087,#7088,#7089,#7090,#7091,#7092,#7093,#7094,#7095,#7096,#7097,
#7098,#7099,#7100,#7101,#7102,#7103,#7104,#7105,#7106,#7107,#7108,#7109,
#7110,#7111,#7112,#7113,#7114,#7115,#7116,#7117,#7118,#7119,#7120,#7121,
#7122,#7123,#7124,#7125,#7126,#7127,#7128,#7129,#7130,#7131,#7132,#7133,
#7134,#7135,#7136,#7137,#7138,#7139,#7140,#7141,#7142,#7143,#7144,#7145,
#7146,#7147,#7148,#7149,#7150,#7151,#7152,#7153,#7154,#7155,#7156,#7157,
#7158,#7159,#7160,#7161,#7162,#7163,#7164,#7165,#7166,#7167,#7168,#7169,
#7170,#7171,#7172,#7173,#7174,#7175,#7176,#7177,#7178,#7179,#7180,#7181,
#7182,#7183,#7184,#7185,#7186,#7187,#7188,#7189,#7190,#7191,#7192,#7193,
#7194,#7195,#7196,#7197,#7198,#7199,#7200,#7201,#7202,#7203,#7204,#7205,
#7206,#7207,#7208,#7209,#7210,#7211,#7212,#7213,#7214,#7215,#7216,#7217,
#7218,#7219,#7220,#7221,#7222,#7223,#7224,#7225,#7226,#7227,#7228,#7229,
#7230,#7231,#7232,#7233,#7234,#7235,#7236,#7237,#7238,#7239,#7240,#7241,
#7242,#7243,#7244,#7245,#7246,#7247,#7248,#7249,#7250,#7251,#7252,#7253,
#7254,#7255,#7256,#7257,#7258,#7259,#7260,#7261,#7262,#7263,#7264,#7265,
#7266,#7267,#7268,#7269,#7270,#7271,#7272,#7273,#7274,#7275,#7276,#7277,
#7278,#7279,#7280,#7281,#7282,#7283,#7284,#7285,#7286,#7287,#7288,#7289,
#7290,#7291,#7292,#7293,#7294,#7295,#7296,#7297,#7298,#7299,#7300,#7301,
#7302,#7303,#7304,#7305,#7306,#7307,#7308,#7309,#7310,#7311,#7312,#7313,
#7314,#7315,#7316,#7317,#7318,#7319,#7320,#7321,#7322,#7323,#7324,#7325,
#7326,#7327,#7328,#7329,#7330,#7331,#7332,#7333,#7334,#7335,#7336,#7337,
#7338,#7339,#7340,#7341,#7342,#7343,#7344,#7345,#7346,#7347,#7348,#7349,
#7350,#7351,#7352,#7353,#7354,#7355,#7356,#7357,#7358,#7359,#7360,#7361,
#7362,#7363,#7364,#7365,#7366,#7367,#7368,#7369,#7370,#7371,#7372,#7373,
#7374,#7375,#7376,#7377,#7378,#7379,#7380,#7381,#7382,#7383,#7384,#7385,
#7386,#7387,#7388,#7389,#7390,#7391,#7392,#7393,#7394,#7395,#7396,#7397,
#7398,#7399,#7400,#7401,#7402,#7403,#7404,#7405,#7406,#7407,#7408,#7409,
#7410,#7411,#7412,#7413,#7414,#7415,#7416,#7417,#7418,#7419,#7420,#7421,
#7422,#7423,#7424,#7425,#7426,#7427,#7428,#7429,#7430,#7431,#7432,#7433,
#7434,#7435,#7436,#7437,#7438,#7439,#7440,#7441,#7442,#7443,#7444,#7445,
#7446,#7447,#7448,#7449,#7450,#7451,#7452,#7453,#7454,#7455,#7456,#7457,
#7458,#7459,#7460,#7461,#7462,#7463));
#7465=STYLED_ITEM('',(#7466),#7473);
#7466=PRESENTATION_STYLE_ASSIGNMENT((#7467));
#7467=SURFACE_STYLE_USAGE(.BOTH.,#7468);
#7468=SURFACE_SIDE_STYLE('',(#7469));
#7469=SURFACE_STYLE_FILL_AREA(#7470);
#7470=FILL_AREA_STYLE('',(#7471));
#7471=FILL_AREA_STYLE_COLOUR('',#7472);
#7472=COLOUR_RGB('',0.647058823529412,0.647058823529412,0.647058823529412);
#7473=MANIFOLD_SOLID_BREP('Beep_Bottom',#7464);
#7474=SHAPE_DEFINITION_REPRESENTATION(#12277,#7475);
#7475=SHAPE_REPRESENTATION('Beep_Bottom',(#7476),#12272);
#7476=AXIS2_PLACEMENT_3D('',#10022,#8042,#8043);
#7477=AXIS2_PLACEMENT_3D('',#10023,#8044,#8045);
#7478=AXIS2_PLACEMENT_3D('',#10027,#8047,#8048);
#7479=AXIS2_PLACEMENT_3D('',#10031,#8050,#8051);
#7480=AXIS2_PLACEMENT_3D('',#10035,#8053,#8054);
#7481=AXIS2_PLACEMENT_3D('',#10039,#8056,#8057);
#7482=AXIS2_PLACEMENT_3D('',#10040,#8058,#8059);
#7483=AXIS2_PLACEMENT_3D('',#10042,#8060,#8061);
#7484=AXIS2_PLACEMENT_3D('',#10044,#8062,#8063);
#7485=AXIS2_PLACEMENT_3D('',#10046,#8064,#8065);
#7486=AXIS2_PLACEMENT_3D('',#10048,#8066,#8067);
#7487=AXIS2_PLACEMENT_3D('',#10050,#8068,#8069);
#7488=AXIS2_PLACEMENT_3D('',#10052,#8070,#8071);
#7489=AXIS2_PLACEMENT_3D('',#10054,#8072,#8073);
#7490=AXIS2_PLACEMENT_3D('',#10056,#8074,#8075);
#7491=AXIS2_PLACEMENT_3D('',#10058,#8076,#8077);
#7492=AXIS2_PLACEMENT_3D('',#10060,#8078,#8079);
#7493=AXIS2_PLACEMENT_3D('',#10062,#8080,#8081);
#7494=AXIS2_PLACEMENT_3D('',#10064,#8082,#8083);
#7495=AXIS2_PLACEMENT_3D('',#10066,#8084,#8085);
#7496=AXIS2_PLACEMENT_3D('',#10068,#8086,#8087);
#7497=AXIS2_PLACEMENT_3D('',#10073,#8089,#8090);
#7498=AXIS2_PLACEMENT_3D('',#10079,#8093,#8094);
#7499=AXIS2_PLACEMENT_3D('',#10087,#8098,#8099);
#7500=AXIS2_PLACEMENT_3D('',#10091,#8101,#8102);
#7501=AXIS2_PLACEMENT_3D('',#10095,#8104,#8105);
#7502=AXIS2_PLACEMENT_3D('',#10099,#8107,#8108);
#7503=AXIS2_PLACEMENT_3D('',#10105,#8111,#8112);
#7504=AXIS2_PLACEMENT_3D('',#10113,#8116,#8117);
#7505=AXIS2_PLACEMENT_3D('',#10184,#8125,#8126);
#7506=AXIS2_PLACEMENT_3D('',#10188,#8128,#8129);
#7507=AXIS2_PLACEMENT_3D('',#10192,#8131,#8132);
#7508=AXIS2_PLACEMENT_3D('',#10196,#8134,#8135);
#7509=AXIS2_PLACEMENT_3D('',#10197,#8136,#8137);
#7510=AXIS2_PLACEMENT_3D('',#10408,#8243,#8244);
#7511=AXIS2_PLACEMENT_3D('',#10409,#8245,#8246);
#7512=AXIS2_PLACEMENT_3D('',#10419,#8251,#8252);
#7513=AXIS2_PLACEMENT_3D('',#10421,#8253,#8254);
#7514=AXIS2_PLACEMENT_3D('',#10423,#8255,#8256);
#7515=AXIS2_PLACEMENT_3D('',#10425,#8257,#8258);
#7516=AXIS2_PLACEMENT_3D('',#10430,#8260,#8261);
#7517=AXIS2_PLACEMENT_3D('',#10434,#8263,#8264);
#7518=AXIS2_PLACEMENT_3D('',#10438,#8266,#8267);
#7519=AXIS2_PLACEMENT_3D('',#10442,#8269,#8270);
#7520=AXIS2_PLACEMENT_3D('',#10443,#8271,#8272);
#7521=AXIS2_PLACEMENT_3D('',#10450,#8275,#8276);
#7522=AXIS2_PLACEMENT_3D('',#10454,#8278,#8279);
#7523=AXIS2_PLACEMENT_3D('',#10480,#8285,#8286);
#7524=AXIS2_PLACEMENT_3D('',#10484,#8288,#8289);
#7525=AXIS2_PLACEMENT_3D('',#10490,#8292,#8293);
#7526=AXIS2_PLACEMENT_3D('',#10501,#8299,#8300);
#7527=AXIS2_PLACEMENT_3D('',#10513,#8306,#8307);
#7528=AXIS2_PLACEMENT_3D('',#10517,#8309,#8310);
#7529=AXIS2_PLACEMENT_3D('',#10525,#8314,#8315);
#7530=AXIS2_PLACEMENT_3D('',#10529,#8317,#8318);
#7531=AXIS2_PLACEMENT_3D('',#10533,#8320,#8321);
#7532=AXIS2_PLACEMENT_3D('',#10537,#8323,#8324);
#7533=AXIS2_PLACEMENT_3D('',#10538,#8325,#8326);
#7534=AXIS2_PLACEMENT_3D('',#10540,#8327,#8328);
#7535=AXIS2_PLACEMENT_3D('',#10542,#8329,#8330);
#7536=AXIS2_PLACEMENT_3D('',#10544,#8331,#8332);
#7537=AXIS2_PLACEMENT_3D('',#10551,#8335,#8336);
#7538=AXIS2_PLACEMENT_3D('',#10555,#8338,#8339);
#7539=AXIS2_PLACEMENT_3D('',#10569,#8346,#8347);
#7540=AXIS2_PLACEMENT_3D('',#10581,#8353,#8354);
#7541=AXIS2_PLACEMENT_3D('',#10598,#8357,#8358);
#7542=AXIS2_PLACEMENT_3D('',#10607,#8363,#8364);
#7543=AXIS2_PLACEMENT_3D('',#10616,#8369,#8370);
#7544=AXIS2_PLACEMENT_3D('',#10634,#8382,#8383);
#7545=AXIS2_PLACEMENT_3D('',#10652,#8395,#8396);
#7546=AXIS2_PLACEMENT_3D('',#10658,#8400,#8401);
#7547=AXIS2_PLACEMENT_3D('',#10701,#8408,#8409);
#7548=AXIS2_PLACEMENT_3D('',#10713,#8411,#8412);
#7549=AXIS2_PLACEMENT_3D('',#10714,#8413,#8414);
#7550=AXIS2_PLACEMENT_3D('',#10716,#8415,#8416);
#7551=AXIS2_PLACEMENT_3D('',#10718,#8417,#8418);
#7552=AXIS2_PLACEMENT_3D('',#10719,#8419,#8420);
#7553=AXIS2_PLACEMENT_3D('',#10721,#8421,#8422);
#7554=AXIS2_PLACEMENT_3D('',#10722,#8423,#8424);
#7555=AXIS2_PLACEMENT_3D('',#10723,#8425,#8426);
#7556=AXIS2_PLACEMENT_3D('',#10724,#8427,#8428);
#7557=AXIS2_PLACEMENT_3D('',#10726,#8429,#8430);
#7558=AXIS2_PLACEMENT_3D('',#10728,#8431,#8432);
#7559=AXIS2_PLACEMENT_3D('',#10729,#8433,#8434);
#7560=AXIS2_PLACEMENT_3D('',#10731,#8435,#8436);
#7561=AXIS2_PLACEMENT_3D('',#10732,#8437,#8438);
#7562=AXIS2_PLACEMENT_3D('',#10733,#8439,#8440);
#7563=AXIS2_PLACEMENT_3D('',#10734,#8441,#8442);
#7564=AXIS2_PLACEMENT_3D('',#10736,#8443,#8444);
#7565=AXIS2_PLACEMENT_3D('',#10738,#8445,#8446);
#7566=AXIS2_PLACEMENT_3D('',#10739,#8447,#8448);
#7567=AXIS2_PLACEMENT_3D('',#10741,#8449,#8450);
#7568=AXIS2_PLACEMENT_3D('',#10742,#8451,#8452);
#7569=AXIS2_PLACEMENT_3D('',#10743,#8453,#8454);
#7570=AXIS2_PLACEMENT_3D('',#10744,#8455,#8456);
#7571=AXIS2_PLACEMENT_3D('',#10746,#8457,#8458);
#7572=AXIS2_PLACEMENT_3D('',#10748,#8459,#8460);
#7573=AXIS2_PLACEMENT_3D('',#10749,#8461,#8462);
#7574=AXIS2_PLACEMENT_3D('',#10751,#8463,#8464);
#7575=AXIS2_PLACEMENT_3D('',#10752,#8465,#8466);
#7576=AXIS2_PLACEMENT_3D('',#10753,#8467,#8468);
#7577=AXIS2_PLACEMENT_3D('',#10754,#8469,#8470);
#7578=AXIS2_PLACEMENT_3D('',#10756,#8471,#8472);
#7579=AXIS2_PLACEMENT_3D('',#10758,#8473,#8474);
#7580=AXIS2_PLACEMENT_3D('',#10759,#8475,#8476);
#7581=AXIS2_PLACEMENT_3D('',#10761,#8477,#8478);
#7582=AXIS2_PLACEMENT_3D('',#10762,#8479,#8480);
#7583=AXIS2_PLACEMENT_3D('',#10763,#8481,#8482);
#7584=AXIS2_PLACEMENT_3D('',#10764,#8483,#8484);
#7585=AXIS2_PLACEMENT_3D('',#10766,#8485,#8486);
#7586=AXIS2_PLACEMENT_3D('',#10768,#8487,#8488);
#7587=AXIS2_PLACEMENT_3D('',#10769,#8489,#8490);
#7588=AXIS2_PLACEMENT_3D('',#10771,#8491,#8492);
#7589=AXIS2_PLACEMENT_3D('',#10772,#8493,#8494);
#7590=AXIS2_PLACEMENT_3D('',#10773,#8495,#8496);
#7591=AXIS2_PLACEMENT_3D('',#10774,#8497,#8498);
#7592=AXIS2_PLACEMENT_3D('',#10776,#8499,#8500);
#7593=AXIS2_PLACEMENT_3D('',#10778,#8501,#8502);
#7594=AXIS2_PLACEMENT_3D('',#10779,#8503,#8504);
#7595=AXIS2_PLACEMENT_3D('',#10781,#8505,#8506);
#7596=AXIS2_PLACEMENT_3D('',#10782,#8507,#8508);
#7597=AXIS2_PLACEMENT_3D('',#10783,#8509,#8510);
#7598=AXIS2_PLACEMENT_3D('',#10784,#8511,#8512);
#7599=AXIS2_PLACEMENT_3D('',#10786,#8513,#8514);
#7600=AXIS2_PLACEMENT_3D('',#10788,#8515,#8516);
#7601=AXIS2_PLACEMENT_3D('',#10789,#8517,#8518);
#7602=AXIS2_PLACEMENT_3D('',#10791,#8519,#8520);
#7603=AXIS2_PLACEMENT_3D('',#10792,#8521,#8522);
#7604=AXIS2_PLACEMENT_3D('',#10793,#8523,#8524);
#7605=AXIS2_PLACEMENT_3D('',#10797,#8527,#8528);
#7606=AXIS2_PLACEMENT_3D('',#10801,#8531,#8532);
#7607=AXIS2_PLACEMENT_3D('',#10802,#8533,#8534);
#7608=AXIS2_PLACEMENT_3D('',#10804,#8535,#8536);
#7609=AXIS2_PLACEMENT_3D('',#10806,#8537,#8538);
#7610=AXIS2_PLACEMENT_3D('',#10808,#8539,#8540);
#7611=AXIS2_PLACEMENT_3D('',#10813,#8542,#8543);
#7612=AXIS2_PLACEMENT_3D('',#10817,#8545,#8546);
#7613=AXIS2_PLACEMENT_3D('',#10821,#8548,#8549);
#7614=AXIS2_PLACEMENT_3D('',#10829,#8553,#8554);
#7615=AXIS2_PLACEMENT_3D('',#10832,#8556,#8557);
#7616=AXIS2_PLACEMENT_3D('',#10833,#8558,#8559);
#7617=AXIS2_PLACEMENT_3D('',#10841,#8563,#8564);
#7618=AXIS2_PLACEMENT_3D('',#10847,#8567,#8568);
#7619=AXIS2_PLACEMENT_3D('',#10848,#8569,#8570);
#7620=AXIS2_PLACEMENT_3D('',#10851,#8573,#8574);
#7621=AXIS2_PLACEMENT_3D('',#10852,#8575,#8576);
#7622=AXIS2_PLACEMENT_3D('',#10854,#8577,#8578);
#7623=AXIS2_PLACEMENT_3D('',#10855,#8579,#8580);
#7624=AXIS2_PLACEMENT_3D('',#10856,#8581,#8582);
#7625=AXIS2_PLACEMENT_3D('',#10858,#8583,#8584);
#7626=AXIS2_PLACEMENT_3D('',#10859,#8585,#8586);
#7627=AXIS2_PLACEMENT_3D('',#10860,#8587,#8588);
#7628=AXIS2_PLACEMENT_3D('',#10862,#8589,#8590);
#7629=AXIS2_PLACEMENT_3D('',#10863,#8591,#8592);
#7630=AXIS2_PLACEMENT_3D('',#10864,#8593,#8594);
#7631=AXIS2_PLACEMENT_3D('',#10866,#8595,#8596);
#7632=AXIS2_PLACEMENT_3D('',#10867,#8597,#8598);
#7633=AXIS2_PLACEMENT_3D('',#10870,#8601,#8602);
#7634=AXIS2_PLACEMENT_3D('',#10873,#8605,#8606);
#7635=AXIS2_PLACEMENT_3D('',#10876,#8609,#8610);
#7636=AXIS2_PLACEMENT_3D('',#10879,#8613,#8614);
#7637=AXIS2_PLACEMENT_3D('',#10882,#8617,#8618);
#7638=AXIS2_PLACEMENT_3D('',#10884,#8620,#8621);
#7639=AXIS2_PLACEMENT_3D('',#10887,#8624,#8625);
#7640=AXIS2_PLACEMENT_3D('',#10888,#8626,#8627);
#7641=AXIS2_PLACEMENT_3D('',#10890,#8629,#8630);
#7642=AXIS2_PLACEMENT_3D('',#10893,#8633,#8634);
#7643=AXIS2_PLACEMENT_3D('',#10894,#8635,#8636);
#7644=AXIS2_PLACEMENT_3D('',#10895,#8637,#8638);
#7645=AXIS2_PLACEMENT_3D('',#10897,#8639,#8640);
#7646=AXIS2_PLACEMENT_3D('',#10898,#8641,#8642);
#7647=AXIS2_PLACEMENT_3D('',#10900,#8643,#8644);
#7648=AXIS2_PLACEMENT_3D('',#10901,#8645,#8646);
#7649=AXIS2_PLACEMENT_3D('',#10903,#8647,#8648);
#7650=AXIS2_PLACEMENT_3D('',#10904,#8649,#8650);
#7651=AXIS2_PLACEMENT_3D('',#10906,#8651,#8652);
#7652=AXIS2_PLACEMENT_3D('',#10907,#8653,#8654);
#7653=AXIS2_PLACEMENT_3D('',#10909,#8655,#8656);
#7654=AXIS2_PLACEMENT_3D('',#10910,#8657,#8658);
#7655=AXIS2_PLACEMENT_3D('',#10912,#8659,#8660);
#7656=AXIS2_PLACEMENT_3D('',#10913,#8661,#8662);
#7657=AXIS2_PLACEMENT_3D('',#10915,#8663,#8664);
#7658=AXIS2_PLACEMENT_3D('',#10916,#8665,#8666);
#7659=AXIS2_PLACEMENT_3D('',#10918,#8667,#8668);
#7660=AXIS2_PLACEMENT_3D('',#10919,#8669,#8670);
#7661=AXIS2_PLACEMENT_3D('',#10920,#8671,#8672);
#7662=AXIS2_PLACEMENT_3D('',#10922,#8673,#8674);
#7663=AXIS2_PLACEMENT_3D('',#10923,#8675,#8676);
#7664=AXIS2_PLACEMENT_3D('',#10924,#8677,#8678);
#7665=AXIS2_PLACEMENT_3D('',#10926,#8679,#8680);
#7666=AXIS2_PLACEMENT_3D('',#10927,#8681,#8682);
#7667=AXIS2_PLACEMENT_3D('',#10928,#8683,#8684);
#7668=AXIS2_PLACEMENT_3D('',#10930,#8685,#8686);
#7669=AXIS2_PLACEMENT_3D('',#10931,#8687,#8688);
#7670=AXIS2_PLACEMENT_3D('',#10932,#8689,#8690);
#7671=AXIS2_PLACEMENT_3D('',#10934,#8691,#8692);
#7672=AXIS2_PLACEMENT_3D('',#10935,#8693,#8694);
#7673=AXIS2_PLACEMENT_3D('',#10936,#8695,#8696);
#7674=AXIS2_PLACEMENT_3D('',#10938,#8697,#8698);
#7675=AXIS2_PLACEMENT_3D('',#10939,#8699,#8700);
#7676=AXIS2_PLACEMENT_3D('',#10940,#8701,#8702);
#7677=AXIS2_PLACEMENT_3D('',#10942,#8703,#8704);
#7678=AXIS2_PLACEMENT_3D('',#10943,#8705,#8706);
#7679=AXIS2_PLACEMENT_3D('',#10944,#8707,#8708);
#7680=AXIS2_PLACEMENT_3D('',#10946,#8709,#8710);
#7681=AXIS2_PLACEMENT_3D('',#10947,#8711,#8712);
#7682=AXIS2_PLACEMENT_3D('',#10956,#8717,#8718);
#7683=AXIS2_PLACEMENT_3D('',#10957,#8719,#8720);
#7684=AXIS2_PLACEMENT_3D('',#10961,#8722,#8723);
#7685=AXIS2_PLACEMENT_3D('',#10962,#8724,#8725);
#7686=AXIS2_PLACEMENT_3D('',#10968,#8729,#8730);
#7687=AXIS2_PLACEMENT_3D('',#10969,#8731,#8732);
#7688=AXIS2_PLACEMENT_3D('',#10970,#8733,#8734);
#7689=AXIS2_PLACEMENT_3D('',#10971,#8735,#8736);
#7690=AXIS2_PLACEMENT_3D('',#10972,#8737,#8738);
#7691=AXIS2_PLACEMENT_3D('',#10976,#8740,#8741);
#7692=AXIS2_PLACEMENT_3D('',#10980,#8743,#8744);
#7693=AXIS2_PLACEMENT_3D('',#10981,#8745,#8746);
#7694=AXIS2_PLACEMENT_3D('',#10987,#8750,#8751);
#7695=AXIS2_PLACEMENT_3D('',#10988,#8752,#8753);
#7696=AXIS2_PLACEMENT_3D('',#10992,#8755,#8756);
#7697=AXIS2_PLACEMENT_3D('',#10993,#8757,#8758);
#7698=AXIS2_PLACEMENT_3D('',#10996,#8761,#8762);
#7699=AXIS2_PLACEMENT_3D('',#10997,#8763,#8764);
#7700=AXIS2_PLACEMENT_3D('',#11006,#8769,#8770);
#7701=AXIS2_PLACEMENT_3D('',#11007,#8771,#8772);
#7702=AXIS2_PLACEMENT_3D('',#11011,#8774,#8775);
#7703=AXIS2_PLACEMENT_3D('',#11012,#8776,#8777);
#7704=AXIS2_PLACEMENT_3D('',#11018,#8781,#8782);
#7705=AXIS2_PLACEMENT_3D('',#11019,#8783,#8784);
#7706=AXIS2_PLACEMENT_3D('',#11020,#8785,#8786);
#7707=AXIS2_PLACEMENT_3D('',#11021,#8787,#8788);
#7708=AXIS2_PLACEMENT_3D('',#11022,#8789,#8790);
#7709=AXIS2_PLACEMENT_3D('',#11031,#8795,#8796);
#7710=AXIS2_PLACEMENT_3D('',#11032,#8797,#8798);
#7711=AXIS2_PLACEMENT_3D('',#11036,#8800,#8801);
#7712=AXIS2_PLACEMENT_3D('',#11037,#8802,#8803);
#7713=AXIS2_PLACEMENT_3D('',#11043,#8807,#8808);
#7714=AXIS2_PLACEMENT_3D('',#11044,#8809,#8810);
#7715=AXIS2_PLACEMENT_3D('',#11045,#8811,#8812);
#7716=AXIS2_PLACEMENT_3D('',#11046,#8813,#8814);
#7717=AXIS2_PLACEMENT_3D('',#11047,#8815,#8816);
#7718=AXIS2_PLACEMENT_3D('',#11050,#8819,#8820);
#7719=AXIS2_PLACEMENT_3D('',#11052,#8822,#8823);
#7720=AXIS2_PLACEMENT_3D('',#11054,#8825,#8826);
#7721=AXIS2_PLACEMENT_3D('',#11055,#8827,#8828);
#7722=AXIS2_PLACEMENT_3D('',#11058,#8831,#8832);
#7723=AXIS2_PLACEMENT_3D('',#11060,#8834,#8835);
#7724=AXIS2_PLACEMENT_3D('',#11062,#8837,#8838);
#7725=AXIS2_PLACEMENT_3D('',#11063,#8839,#8840);
#7726=AXIS2_PLACEMENT_3D('',#11066,#8843,#8844);
#7727=AXIS2_PLACEMENT_3D('',#11068,#8846,#8847);
#7728=AXIS2_PLACEMENT_3D('',#11070,#8849,#8850);
#7729=AXIS2_PLACEMENT_3D('',#11071,#8851,#8852);
#7730=AXIS2_PLACEMENT_3D('',#11074,#8855,#8856);
#7731=AXIS2_PLACEMENT_3D('',#11076,#8858,#8859);
#7732=AXIS2_PLACEMENT_3D('',#11078,#8861,#8862);
#7733=AXIS2_PLACEMENT_3D('',#11079,#8863,#8864);
#7734=AXIS2_PLACEMENT_3D('',#11082,#8866,#8867);
#7735=AXIS2_PLACEMENT_3D('',#11085,#8869,#8870);
#7736=AXIS2_PLACEMENT_3D('',#11089,#8873,#8874);
#7737=AXIS2_PLACEMENT_3D('',#11092,#8876,#8877);
#7738=AXIS2_PLACEMENT_3D('',#11093,#8878,#8879);
#7739=AXIS2_PLACEMENT_3D('',#11095,#8881,#8882);
#7740=AXIS2_PLACEMENT_3D('',#11099,#8885,#8886);
#7741=AXIS2_PLACEMENT_3D('',#11103,#8889,#8890);
#7742=AXIS2_PLACEMENT_3D('',#11105,#8892,#8893);
#7743=AXIS2_PLACEMENT_3D('',#11114,#8898,#8899);
#7744=AXIS2_PLACEMENT_3D('',#11115,#8900,#8901);
#7745=AXIS2_PLACEMENT_3D('',#11119,#8903,#8904);
#7746=AXIS2_PLACEMENT_3D('',#11120,#8905,#8906);
#7747=AXIS2_PLACEMENT_3D('',#11126,#8910,#8911);
#7748=AXIS2_PLACEMENT_3D('',#11132,#8915,#8916);
#7749=AXIS2_PLACEMENT_3D('',#11138,#8920,#8921);
#7750=AXIS2_PLACEMENT_3D('',#11139,#8922,#8923);
#7751=AXIS2_PLACEMENT_3D('',#11140,#8924,#8925);
#7752=AXIS2_PLACEMENT_3D('',#11141,#8926,#8927);
#7753=AXIS2_PLACEMENT_3D('',#11143,#8929,#8930);
#7754=AXIS2_PLACEMENT_3D('',#11144,#8931,#8932);
#7755=AXIS2_PLACEMENT_3D('',#11150,#8936,#8937);
#7756=AXIS2_PLACEMENT_3D('',#11154,#8940,#8941);
#7757=AXIS2_PLACEMENT_3D('',#11158,#8944,#8945);
#7758=AXIS2_PLACEMENT_3D('',#11164,#8949,#8950);
#7759=AXIS2_PLACEMENT_3D('',#11168,#8953,#8954);
#7760=AXIS2_PLACEMENT_3D('',#11169,#8955,#8956);
#7761=AXIS2_PLACEMENT_3D('',#11170,#8957,#8958);
#7762=AXIS2_PLACEMENT_3D('',#11173,#8960,#8961);
#7763=AXIS2_PLACEMENT_3D('',#11174,#8962,#8963);
#7764=AXIS2_PLACEMENT_3D('',#11178,#8966,#8967);
#7765=AXIS2_PLACEMENT_3D('',#11182,#8970,#8971);
#7766=AXIS2_PLACEMENT_3D('',#11186,#8974,#8975);
#7767=AXIS2_PLACEMENT_3D('',#11190,#8978,#8979);
#7768=AXIS2_PLACEMENT_3D('',#11194,#8982,#8983);
#7769=AXIS2_PLACEMENT_3D('',#11195,#8984,#8985);
#7770=AXIS2_PLACEMENT_3D('',#11196,#8986,#8987);
#7771=AXIS2_PLACEMENT_3D('',#11199,#8989,#8990);
#7772=AXIS2_PLACEMENT_3D('',#11200,#8991,#8992);
#7773=AXIS2_PLACEMENT_3D('',#11204,#8995,#8996);
#7774=AXIS2_PLACEMENT_3D('',#11208,#8999,#9000);
#7775=AXIS2_PLACEMENT_3D('',#11210,#9002,#9003);
#7776=AXIS2_PLACEMENT_3D('',#11212,#9005,#9006);
#7777=AXIS2_PLACEMENT_3D('',#11213,#9007,#9008);
#7778=AXIS2_PLACEMENT_3D('',#11217,#9011,#9012);
#7779=AXIS2_PLACEMENT_3D('',#11220,#9014,#9015);
#7780=AXIS2_PLACEMENT_3D('',#11221,#9016,#9017);
#7781=AXIS2_PLACEMENT_3D('',#11225,#9020,#9021);
#7782=AXIS2_PLACEMENT_3D('',#11228,#9023,#9024);
#7783=AXIS2_PLACEMENT_3D('',#11229,#9025,#9026);
#7784=AXIS2_PLACEMENT_3D('',#11231,#9028,#9029);
#7785=AXIS2_PLACEMENT_3D('',#11235,#9032,#9033);
#7786=AXIS2_PLACEMENT_3D('',#11239,#9036,#9037);
#7787=AXIS2_PLACEMENT_3D('',#11241,#9039,#9040);
#7788=AXIS2_PLACEMENT_3D('',#11242,#9041,#9042);
#7789=AXIS2_PLACEMENT_3D('',#11247,#9044,#9045);
#7790=AXIS2_PLACEMENT_3D('',#11250,#9047,#9048);
#7791=AXIS2_PLACEMENT_3D('',#11256,#9052,#9053);
#7792=AXIS2_PLACEMENT_3D('',#11262,#9057,#9058);
#7793=AXIS2_PLACEMENT_3D('',#11268,#9062,#9063);
#7794=AXIS2_PLACEMENT_3D('',#11269,#9064,#9065);
#7795=AXIS2_PLACEMENT_3D('',#11273,#9067,#9068);
#7796=AXIS2_PLACEMENT_3D('',#11274,#9069,#9070);
#7797=AXIS2_PLACEMENT_3D('',#11277,#9073,#9074);
#7798=AXIS2_PLACEMENT_3D('',#11278,#9075,#9076);
#7799=AXIS2_PLACEMENT_3D('',#11279,#9077,#9078);
#7800=AXIS2_PLACEMENT_3D('',#11285,#9082,#9083);
#7801=AXIS2_PLACEMENT_3D('',#11289,#9086,#9087);
#7802=AXIS2_PLACEMENT_3D('',#11293,#9090,#9091);
#7803=AXIS2_PLACEMENT_3D('',#11296,#9093,#9094);
#7804=AXIS2_PLACEMENT_3D('',#11297,#9095,#9096);
#7805=AXIS2_PLACEMENT_3D('',#11301,#9099,#9100);
#7806=AXIS2_PLACEMENT_3D('',#11302,#9101,#9102);
#7807=AXIS2_PLACEMENT_3D('',#11303,#9103,#9104);
#7808=AXIS2_PLACEMENT_3D('',#11304,#9105,#9106);
#7809=AXIS2_PLACEMENT_3D('',#11310,#9110,#9111);
#7810=AXIS2_PLACEMENT_3D('',#11314,#9114,#9115);
#7811=AXIS2_PLACEMENT_3D('',#11317,#9117,#9118);
#7812=AXIS2_PLACEMENT_3D('',#11318,#9119,#9120);
#7813=AXIS2_PLACEMENT_3D('',#11322,#9123,#9124);
#7814=AXIS2_PLACEMENT_3D('',#11325,#9126,#9127);
#7815=AXIS2_PLACEMENT_3D('',#11326,#9128,#9129);
#7816=AXIS2_PLACEMENT_3D('',#11328,#9131,#9132);
#7817=AXIS2_PLACEMENT_3D('',#11329,#9133,#9134);
#7818=AXIS2_PLACEMENT_3D('',#11330,#9135,#9136);
#7819=AXIS2_PLACEMENT_3D('',#11339,#9141,#9142);
#7820=AXIS2_PLACEMENT_3D('',#11345,#9146,#9147);
#7821=AXIS2_PLACEMENT_3D('',#11351,#9151,#9152);
#7822=AXIS2_PLACEMENT_3D('',#11357,#9156,#9157);
#7823=AXIS2_PLACEMENT_3D('',#11361,#9160,#9161);
#7824=AXIS2_PLACEMENT_3D('',#11365,#9164,#9165);
#7825=AXIS2_PLACEMENT_3D('',#11367,#9167,#9168);
#7826=AXIS2_PLACEMENT_3D('',#11370,#9171,#9172);
#7827=AXIS2_PLACEMENT_3D('',#11371,#9173,#9174);
#7828=AXIS2_PLACEMENT_3D('',#11380,#9179,#9180);
#7829=AXIS2_PLACEMENT_3D('',#11386,#9184,#9185);
#7830=AXIS2_PLACEMENT_3D('',#11392,#9189,#9190);
#7831=AXIS2_PLACEMENT_3D('',#11398,#9194,#9195);
#7832=AXIS2_PLACEMENT_3D('',#11402,#9198,#9199);
#7833=AXIS2_PLACEMENT_3D('',#11406,#9202,#9203);
#7834=AXIS2_PLACEMENT_3D('',#11408,#9205,#9206);
#7835=AXIS2_PLACEMENT_3D('',#11411,#9209,#9210);
#7836=AXIS2_PLACEMENT_3D('',#11412,#9211,#9212);
#7837=AXIS2_PLACEMENT_3D('',#11418,#9216,#9217);
#7838=AXIS2_PLACEMENT_3D('',#11422,#9220,#9221);
#7839=AXIS2_PLACEMENT_3D('',#11426,#9224,#9225);
#7840=AXIS2_PLACEMENT_3D('',#11428,#9227,#9228);
#7841=AXIS2_PLACEMENT_3D('',#11451,#9229,#9230);
#7842=AXIS2_PLACEMENT_3D('',#11453,#9231,#9232);
#7843=AXIS2_PLACEMENT_3D('',#11454,#9233,#9234);
#7844=AXIS2_PLACEMENT_3D('',#11455,#9235,#9236);
#7845=AXIS2_PLACEMENT_3D('',#11456,#9237,#9238);
#7846=AXIS2_PLACEMENT_3D('',#11462,#9242,#9243);
#7847=AXIS2_PLACEMENT_3D('',#11466,#9246,#9247);
#7848=AXIS2_PLACEMENT_3D('',#11470,#9250,#9251);
#7849=AXIS2_PLACEMENT_3D('',#11474,#9254,#9255);
#7850=AXIS2_PLACEMENT_3D('',#11478,#9258,#9259);
#7851=AXIS2_PLACEMENT_3D('',#11482,#9262,#9263);
#7852=AXIS2_PLACEMENT_3D('',#11486,#9266,#9267);
#7853=AXIS2_PLACEMENT_3D('',#11490,#9270,#9271);
#7854=AXIS2_PLACEMENT_3D('',#11494,#9274,#9275);
#7855=AXIS2_PLACEMENT_3D('',#11498,#9278,#9279);
#7856=AXIS2_PLACEMENT_3D('',#11502,#9282,#9283);
#7857=AXIS2_PLACEMENT_3D('',#11506,#9286,#9287);
#7858=AXIS2_PLACEMENT_3D('',#11510,#9290,#9291);
#7859=AXIS2_PLACEMENT_3D('',#11514,#9294,#9295);
#7860=AXIS2_PLACEMENT_3D('',#11518,#9298,#9299);
#7861=AXIS2_PLACEMENT_3D('',#11522,#9302,#9303);
#7862=AXIS2_PLACEMENT_3D('',#11526,#9306,#9307);
#7863=AXIS2_PLACEMENT_3D('',#11530,#9310,#9311);
#7864=AXIS2_PLACEMENT_3D('',#11534,#9314,#9315);
#7865=AXIS2_PLACEMENT_3D('',#11538,#9318,#9319);
#7866=AXIS2_PLACEMENT_3D('',#11542,#9322,#9323);
#7867=AXIS2_PLACEMENT_3D('',#11546,#9326,#9327);
#7868=AXIS2_PLACEMENT_3D('',#11550,#9330,#9331);
#7869=AXIS2_PLACEMENT_3D('',#11554,#9334,#9335);
#7870=AXIS2_PLACEMENT_3D('',#11558,#9338,#9339);
#7871=AXIS2_PLACEMENT_3D('',#11562,#9342,#9343);
#7872=AXIS2_PLACEMENT_3D('',#11566,#9346,#9347);
#7873=AXIS2_PLACEMENT_3D('',#11570,#9350,#9351);
#7874=AXIS2_PLACEMENT_3D('',#11572,#9353,#9354);
#7875=AXIS2_PLACEMENT_3D('',#11573,#9355,#9356);
#7876=AXIS2_PLACEMENT_3D('',#11579,#9360,#9361);
#7877=AXIS2_PLACEMENT_3D('',#11583,#9364,#9365);
#7878=AXIS2_PLACEMENT_3D('',#11587,#9368,#9369);
#7879=AXIS2_PLACEMENT_3D('',#11591,#9372,#9373);
#7880=AXIS2_PLACEMENT_3D('',#11595,#9376,#9377);
#7881=AXIS2_PLACEMENT_3D('',#11599,#9380,#9381);
#7882=AXIS2_PLACEMENT_3D('',#11603,#9384,#9385);
#7883=AXIS2_PLACEMENT_3D('',#11607,#9388,#9389);
#7884=AXIS2_PLACEMENT_3D('',#11611,#9392,#9393);
#7885=AXIS2_PLACEMENT_3D('',#11615,#9396,#9397);
#7886=AXIS2_PLACEMENT_3D('',#11619,#9400,#9401);
#7887=AXIS2_PLACEMENT_3D('',#11623,#9404,#9405);
#7888=AXIS2_PLACEMENT_3D('',#11627,#9408,#9409);
#7889=AXIS2_PLACEMENT_3D('',#11631,#9412,#9413);
#7890=AXIS2_PLACEMENT_3D('',#11635,#9416,#9417);
#7891=AXIS2_PLACEMENT_3D('',#11639,#9420,#9421);
#7892=AXIS2_PLACEMENT_3D('',#11643,#9424,#9425);
#7893=AXIS2_PLACEMENT_3D('',#11647,#9428,#9429);
#7894=AXIS2_PLACEMENT_3D('',#11651,#9432,#9433);
#7895=AXIS2_PLACEMENT_3D('',#11655,#9436,#9437);
#7896=AXIS2_PLACEMENT_3D('',#11659,#9440,#9441);
#7897=AXIS2_PLACEMENT_3D('',#11663,#9444,#9445);
#7898=AXIS2_PLACEMENT_3D('',#11667,#9448,#9449);
#7899=AXIS2_PLACEMENT_3D('',#11671,#9452,#9453);
#7900=AXIS2_PLACEMENT_3D('',#11675,#9456,#9457);
#7901=AXIS2_PLACEMENT_3D('',#11679,#9460,#9461);
#7902=AXIS2_PLACEMENT_3D('',#11683,#9464,#9465);
#7903=AXIS2_PLACEMENT_3D('',#11687,#9468,#9469);
#7904=AXIS2_PLACEMENT_3D('',#11691,#9472,#9473);
#7905=AXIS2_PLACEMENT_3D('',#11693,#9475,#9476);
#7906=AXIS2_PLACEMENT_3D('',#11694,#9477,#9478);
#7907=AXIS2_PLACEMENT_3D('',#11703,#9483,#9484);
#7908=AXIS2_PLACEMENT_3D('',#11709,#9488,#9489);
#7909=AXIS2_PLACEMENT_3D('',#11715,#9493,#9494);
#7910=AXIS2_PLACEMENT_3D('',#11721,#9498,#9499);
#7911=AXIS2_PLACEMENT_3D('',#11727,#9503,#9504);
#7912=AXIS2_PLACEMENT_3D('',#11733,#9508,#9509);
#7913=AXIS2_PLACEMENT_3D('',#11739,#9513,#9514);
#7914=AXIS2_PLACEMENT_3D('',#11745,#9518,#9519);
#7915=AXIS2_PLACEMENT_3D('',#11751,#9523,#9524);
#7916=AXIS2_PLACEMENT_3D('',#11757,#9528,#9529);
#7917=AXIS2_PLACEMENT_3D('',#11763,#9533,#9534);
#7918=AXIS2_PLACEMENT_3D('',#11769,#9538,#9539);
#7919=AXIS2_PLACEMENT_3D('',#11775,#9543,#9544);
#7920=AXIS2_PLACEMENT_3D('',#11781,#9548,#9549);
#7921=AXIS2_PLACEMENT_3D('',#11787,#9553,#9554);
#7922=AXIS2_PLACEMENT_3D('',#11793,#9558,#9559);
#7923=AXIS2_PLACEMENT_3D('',#11799,#9563,#9564);
#7924=AXIS2_PLACEMENT_3D('',#11808,#9569,#9570);
#7925=AXIS2_PLACEMENT_3D('',#11814,#9574,#9575);
#7926=AXIS2_PLACEMENT_3D('',#11820,#9579,#9580);
#7927=AXIS2_PLACEMENT_3D('',#11826,#9584,#9585);
#7928=AXIS2_PLACEMENT_3D('',#11832,#9589,#9590);
#7929=AXIS2_PLACEMENT_3D('',#11838,#9594,#9595);
#7930=AXIS2_PLACEMENT_3D('',#11844,#9599,#9600);
#7931=AXIS2_PLACEMENT_3D('',#11850,#9604,#9605);
#7932=AXIS2_PLACEMENT_3D('',#11856,#9609,#9610);
#7933=AXIS2_PLACEMENT_3D('',#11862,#9614,#9615);
#7934=AXIS2_PLACEMENT_3D('',#11868,#9619,#9620);
#7935=AXIS2_PLACEMENT_3D('',#11874,#9624,#9625);
#7936=AXIS2_PLACEMENT_3D('',#11880,#9629,#9630);
#7937=AXIS2_PLACEMENT_3D('',#11886,#9634,#9635);
#7938=AXIS2_PLACEMENT_3D('',#11892,#9639,#9640);
#7939=AXIS2_PLACEMENT_3D('',#11898,#9644,#9645);
#7940=AXIS2_PLACEMENT_3D('',#11904,#9649,#9650);
#7941=AXIS2_PLACEMENT_3D('',#11910,#9654,#9655);
#7942=AXIS2_PLACEMENT_3D('',#11916,#9659,#9660);
#7943=AXIS2_PLACEMENT_3D('',#11920,#9663,#9664);
#7944=AXIS2_PLACEMENT_3D('',#11924,#9667,#9668);
#7945=AXIS2_PLACEMENT_3D('',#11928,#9671,#9672);
#7946=AXIS2_PLACEMENT_3D('',#11932,#9675,#9676);
#7947=AXIS2_PLACEMENT_3D('',#11936,#9679,#9680);
#7948=AXIS2_PLACEMENT_3D('',#11940,#9683,#9684);
#7949=AXIS2_PLACEMENT_3D('',#11944,#9687,#9688);
#7950=AXIS2_PLACEMENT_3D('',#11948,#9691,#9692);
#7951=AXIS2_PLACEMENT_3D('',#11952,#9695,#9696);
#7952=AXIS2_PLACEMENT_3D('',#11956,#9699,#9700);
#7953=AXIS2_PLACEMENT_3D('',#11960,#9703,#9704);
#7954=AXIS2_PLACEMENT_3D('',#11964,#9707,#9708);
#7955=AXIS2_PLACEMENT_3D('',#11968,#9711,#9712);
#7956=AXIS2_PLACEMENT_3D('',#11972,#9715,#9716);
#7957=AXIS2_PLACEMENT_3D('',#11976,#9719,#9720);
#7958=AXIS2_PLACEMENT_3D('',#11980,#9723,#9724);
#7959=AXIS2_PLACEMENT_3D('',#11984,#9727,#9728);
#7960=AXIS2_PLACEMENT_3D('',#11988,#9731,#9732);
#7961=AXIS2_PLACEMENT_3D('',#11992,#9735,#9736);
#7962=AXIS2_PLACEMENT_3D('',#11996,#9739,#9740);
#7963=AXIS2_PLACEMENT_3D('',#12000,#9743,#9744);
#7964=AXIS2_PLACEMENT_3D('',#12003,#9747,#9748);
#7965=AXIS2_PLACEMENT_3D('',#12005,#9750,#9751);
#7966=AXIS2_PLACEMENT_3D('',#12008,#9754,#9755);
#7967=AXIS2_PLACEMENT_3D('',#12009,#9756,#9757);
#7968=AXIS2_PLACEMENT_3D('',#12010,#9758,#9759);
#7969=AXIS2_PLACEMENT_3D('',#12019,#9764,#9765);
#7970=AXIS2_PLACEMENT_3D('',#12025,#9769,#9770);
#7971=AXIS2_PLACEMENT_3D('',#12031,#9774,#9775);
#7972=AXIS2_PLACEMENT_3D('',#12037,#9779,#9780);
#7973=AXIS2_PLACEMENT_3D('',#12043,#9784,#9785);
#7974=AXIS2_PLACEMENT_3D('',#12049,#9789,#9790);
#7975=AXIS2_PLACEMENT_3D('',#12055,#9794,#9795);
#7976=AXIS2_PLACEMENT_3D('',#12061,#9799,#9800);
#7977=AXIS2_PLACEMENT_3D('',#12067,#9804,#9805);
#7978=AXIS2_PLACEMENT_3D('',#12073,#9809,#9810);
#7979=AXIS2_PLACEMENT_3D('',#12079,#9814,#9815);
#7980=AXIS2_PLACEMENT_3D('',#12085,#9819,#9820);
#7981=AXIS2_PLACEMENT_3D('',#12091,#9824,#9825);
#7982=AXIS2_PLACEMENT_3D('',#12097,#9829,#9830);
#7983=AXIS2_PLACEMENT_3D('',#12103,#9834,#9835);
#7984=AXIS2_PLACEMENT_3D('',#12109,#9839,#9840);
#7985=AXIS2_PLACEMENT_3D('',#12115,#9844,#9845);
#7986=AXIS2_PLACEMENT_3D('',#12121,#9849,#9850);
#7987=AXIS2_PLACEMENT_3D('',#12125,#9853,#9854);
#7988=AXIS2_PLACEMENT_3D('',#12129,#9857,#9858);
#7989=AXIS2_PLACEMENT_3D('',#12133,#9861,#9862);
#7990=AXIS2_PLACEMENT_3D('',#12137,#9865,#9866);
#7991=AXIS2_PLACEMENT_3D('',#12141,#9869,#9870);
#7992=AXIS2_PLACEMENT_3D('',#12145,#9873,#9874);
#7993=AXIS2_PLACEMENT_3D('',#12149,#9877,#9878);
#7994=AXIS2_PLACEMENT_3D('',#12153,#9881,#9882);
#7995=AXIS2_PLACEMENT_3D('',#12157,#9885,#9886);
#7996=AXIS2_PLACEMENT_3D('',#12161,#9889,#9890);
#7997=AXIS2_PLACEMENT_3D('',#12165,#9893,#9894);
#7998=AXIS2_PLACEMENT_3D('',#12169,#9897,#9898);
#7999=AXIS2_PLACEMENT_3D('',#12173,#9901,#9902);
#8000=AXIS2_PLACEMENT_3D('',#12177,#9905,#9906);
#8001=AXIS2_PLACEMENT_3D('',#12181,#9909,#9910);
#8002=AXIS2_PLACEMENT_3D('',#12185,#9913,#9914);
#8003=AXIS2_PLACEMENT_3D('',#12189,#9917,#9918);
#8004=AXIS2_PLACEMENT_3D('',#12191,#9920,#9921);
#8005=AXIS2_PLACEMENT_3D('',#12194,#9924,#9925);
#8006=AXIS2_PLACEMENT_3D('',#12195,#9926,#9927);
#8007=AXIS2_PLACEMENT_3D('',#12196,#9928,#9929);
#8008=AXIS2_PLACEMENT_3D('',#12197,#9930,#9931);
#8009=AXIS2_PLACEMENT_3D('',#12198,#9932,#9933);
#8010=AXIS2_PLACEMENT_3D('',#12199,#9934,#9935);
#8011=AXIS2_PLACEMENT_3D('',#12200,#9936,#9937);
#8012=AXIS2_PLACEMENT_3D('',#12201,#9938,#9939);
#8013=AXIS2_PLACEMENT_3D('',#12202,#9940,#9941);
#8014=AXIS2_PLACEMENT_3D('',#12203,#9942,#9943);
#8015=AXIS2_PLACEMENT_3D('',#12204,#9944,#9945);
#8016=AXIS2_PLACEMENT_3D('',#12205,#9946,#9947);
#8017=AXIS2_PLACEMENT_3D('',#12211,#9951,#9952);
#8018=AXIS2_PLACEMENT_3D('',#12217,#9956,#9957);
#8019=AXIS2_PLACEMENT_3D('',#12223,#9961,#9962);
#8020=AXIS2_PLACEMENT_3D('',#12229,#9966,#9967);
#8021=AXIS2_PLACEMENT_3D('',#12230,#9968,#9969);
#8022=AXIS2_PLACEMENT_3D('',#12231,#9970,#9971);
#8023=AXIS2_PLACEMENT_3D('',#12232,#9972,#9973);
#8024=AXIS2_PLACEMENT_3D('',#12233,#9974,#9975);
#8025=AXIS2_PLACEMENT_3D('',#12234,#9976,#9977);
#8026=AXIS2_PLACEMENT_3D('',#12240,#9981,#9982);
#8027=AXIS2_PLACEMENT_3D('',#12246,#9986,#9987);
#8028=AXIS2_PLACEMENT_3D('',#12252,#9991,#9992);
#8029=AXIS2_PLACEMENT_3D('',#12258,#9996,#9997);
#8030=AXIS2_PLACEMENT_3D('',#12259,#9998,#9999);
#8031=AXIS2_PLACEMENT_3D('',#12260,#10000,#10001);
#8032=AXIS2_PLACEMENT_3D('',#12261,#10002,#10003);
#8033=AXIS2_PLACEMENT_3D('',#12262,#10004,#10005);
#8034=AXIS2_PLACEMENT_3D('',#12263,#10006,#10007);
#8035=AXIS2_PLACEMENT_3D('',#12264,#10008,#10009);
#8036=AXIS2_PLACEMENT_3D('',#12265,#10010,#10011);
#8037=AXIS2_PLACEMENT_3D('',#12266,#10012,#10013);
#8038=AXIS2_PLACEMENT_3D('',#12267,#10014,#10015);
#8039=AXIS2_PLACEMENT_3D('',#12268,#10016,#10017);
#8040=AXIS2_PLACEMENT_3D('',#12269,#10018,#10019);
#8041=AXIS2_PLACEMENT_3D('',#12270,#10020,#10021);
#8042=DIRECTION('',(0.,0.,1.));
#8043=DIRECTION('',(1.,0.,0.));
#8044=DIRECTION('',(0.,0.,-1.));
#8045=DIRECTION('',(1.,0.,0.));
#8046=DIRECTION('',(-1.,0.,0.));
#8047=DIRECTION('',(0.,0.,-1.));
#8048=DIRECTION('',(-1.,0.,0.));
#8049=DIRECTION('',(0.,-1.,0.));
#8050=DIRECTION('',(0.,0.,-1.));
#8051=DIRECTION('',(-1.,0.,0.));
#8052=DIRECTION('',(-1.,-2.01127359533543E-16,0.));
#8053=DIRECTION('',(0.,0.,-1.));
#8054=DIRECTION('',(-1.,0.,0.));
#8055=DIRECTION('',(0.,-1.,0.));
#8056=DIRECTION('',(0.,0.,-1.));
#8057=DIRECTION('',(-1.,0.,0.));
#8058=DIRECTION('',(0.,0.,1.));
#8059=DIRECTION('',(1.,0.,0.));
#8060=DIRECTION('',(0.,0.,1.));
#8061=DIRECTION('',(1.,0.,0.));
#8062=DIRECTION('',(0.,0.,1.));
#8063=DIRECTION('',(1.,0.,0.));
#8064=DIRECTION('',(0.,0.,1.));
#8065=DIRECTION('',(1.,0.,0.));
#8066=DIRECTION('',(0.,0.,1.));
#8067=DIRECTION('',(1.,0.,0.));
#8068=DIRECTION('',(0.,0.,1.));
#8069=DIRECTION('',(1.,0.,0.));
#8070=DIRECTION('',(0.,0.,1.));
#8071=DIRECTION('',(1.,0.,0.));
#8072=DIRECTION('',(0.,0.,1.));
#8073=DIRECTION('',(1.,0.,0.));
#8074=DIRECTION('',(0.,0.,1.));
#8075=DIRECTION('',(1.,0.,0.));
#8076=DIRECTION('',(0.,0.,1.));
#8077=DIRECTION('',(1.,0.,0.));
#8078=DIRECTION('',(0.,0.,1.));
#8079=DIRECTION('',(1.,0.,0.));
#8080=DIRECTION('',(0.,0.,1.));
#8081=DIRECTION('',(1.,0.,0.));
#8082=DIRECTION('',(0.,0.,1.));
#8083=DIRECTION('',(1.,0.,0.));
#8084=DIRECTION('',(0.,0.,1.));
#8085=DIRECTION('',(1.,0.,0.));
#8086=DIRECTION('',(0.,0.,1.));
#8087=DIRECTION('',(1.,0.,0.));
#8088=DIRECTION('',(0.,-1.,0.));
#8089=DIRECTION('',(0.,0.,-1.));
#8090=DIRECTION('',(-1.,0.,0.));
#8091=DIRECTION('',(-1.,0.,0.));
#8092=DIRECTION('',(0.,-1.,0.));
#8093=DIRECTION('',(0.,0.,-1.));
#8094=DIRECTION('',(-1.,0.,0.));
#8095=DIRECTION('',(-1.,0.,0.));
#8096=DIRECTION('',(0.,-1.,0.));
#8097=DIRECTION('',(1.,0.,0.));
#8098=DIRECTION('',(0.,0.,-1.));
#8099=DIRECTION('',(-1.,0.,0.));
#8100=DIRECTION('',(0.,-1.,0.));
#8101=DIRECTION('',(0.,0.,-1.));
#8102=DIRECTION('',(-1.,0.,0.));
#8103=DIRECTION('',(1.,0.,0.));
#8104=DIRECTION('',(0.,0.,-1.));
#8105=DIRECTION('',(-1.,0.,0.));
#8106=DIRECTION('',(0.,-1.,0.));
#8107=DIRECTION('',(0.,0.,-1.));
#8108=DIRECTION('',(-1.,0.,0.));
#8109=DIRECTION('',(1.,0.,0.));
#8110=DIRECTION('',(0.,-1.,0.));
#8111=DIRECTION('',(0.,0.,-1.));
#8112=DIRECTION('',(-1.,0.,0.));
#8113=DIRECTION('',(1.,0.,0.));
#8114=DIRECTION('',(0.,-1.,0.));
#8115=DIRECTION('',(-1.,0.,0.));
#8116=DIRECTION('',(0.,0.,-1.));
#8117=DIRECTION('',(-1.,0.,0.));
#8118=DIRECTION('',(0.,-1.,0.));
#8119=DIRECTION('',(1.,6.28238471015935E-17,0.));
#8120=DIRECTION('',(6.18357634652788E-17,-1.,0.));
#8121=DIRECTION('',(-1.,0.,0.));
#8122=DIRECTION('',(0.,1.,0.));
#8123=DIRECTION('',(1.,6.28238471015935E-17,0.));
#8124=DIRECTION('',(-1.,0.,0.));
#8125=DIRECTION('',(0.,0.,-1.));
#8126=DIRECTION('',(-1.,0.,0.));
#8127=DIRECTION('',(0.,-1.,0.));
#8128=DIRECTION('',(0.,0.,-1.));
#8129=DIRECTION('',(-1.,0.,0.));
#8130=DIRECTION('',(-1.,-2.01127359533543E-16,0.));
#8131=DIRECTION('',(0.,0.,-1.));
#8132=DIRECTION('',(-1.,0.,0.));
#8133=DIRECTION('',(4.33680868994202E-17,-1.,0.));
#8134=DIRECTION('',(0.,0.,-1.));
#8135=DIRECTION('',(-1.,0.,0.));
#8136=DIRECTION('',(-4.9831245404654E-18,0.0871557427476582,0.996194698091746));
#8137=DIRECTION('',(0.,-0.996194698091746,0.0871557427476582));
#8138=DIRECTION('',(-0.707109763909946,0.70441305501699,-0.0616281567536497));
#8139=DIRECTION('',(-1.,-4.34307920528345E-19,-4.9641622471425E-18));
#8140=DIRECTION('',(-0.975440946873041,-0.219422955823494,0.0191970211519054));
#8141=DIRECTION('',(-0.827216580417878,-0.559745063580781,0.0489713475279159));
#8142=DIRECTION('',(-0.561883739409799,-0.824068405768932,0.0720966434746627));
#8143=DIRECTION('',(-0.220260358124412,-0.971729270028701,0.0850152951438328));
#8144=DIRECTION('',(-1.03732117488738E-33,-0.996194698091746,0.0871557427476582));
#8145=DIRECTION('',(0.14142436282869,-0.986182009080594,0.0862797459677718));
#8146=DIRECTION('',(0.298275938794334,-0.950847599159,0.0831883856672545));
#8147=DIRECTION('',(0.55470019622523,-0.828884091765036,0.0725179614064224));
#8148=DIRECTION('',(0.32851965747058,-0.940903036473777,0.0823183491685745));
#8149=DIRECTION('',(-0.196111362455109,-0.976850221066798,0.0854633203061376));
#8150=DIRECTION('',(-0.447202276753008,-0.891029263251879,0.0779549594043956));
#8151=DIRECTION('',(-0.430730047459184,-0.899046605666692,0.0786563859772973));
#8152=DIRECTION('',(-0.208106893982575,-0.974384099695957,0.08524756264331));
#8153=DIRECTION('',(-1.17563066487236E-33,-0.996194698091746,0.0871557427476582));
#8154=DIRECTION('',(0.216929876485679,-0.972472502394358,0.0850803195501934));
#8155=DIRECTION('',(0.561883739409799,-0.824068405768932,0.0720966434746627));
#8156=DIRECTION('',(0.82219158657751,-0.567044833669514,0.0496099946570257));
#8157=DIRECTION('',(0.979366673829244,-0.201322342362806,0.0176134226712304));
#8158=DIRECTION('',(1.,4.34307920528345E-19,4.9641622471425E-18));
#8159=DIRECTION('',(0.707106781186555,0.704416026402752,-0.0616284167162188));
#8160=DIRECTION('',(-1.5370039849497E-7,0.996194698091734,-0.0871557427476572));
#8161=DIRECTION('',(-0.707106781186569,-0.704416026402738,0.0616284167162175));
#8162=DIRECTION('',(7.06069946373341E-32,-0.996194698091746,0.0871557427476582));
#8163=DIRECTION('',(-0.707106781186445,-0.704416026402861,0.0616284167162283));
#8164=DIRECTION('',(-0.447304140605361,-0.890978519518933,0.0779505199030178));
#8165=DIRECTION('',(-2.42041607473721E-33,-0.996194698091746,0.0871557427476582));
#8166=DIRECTION('',(0.624675766176564,-0.777912733888569,0.0680585454277087));
#8167=DIRECTION('',(1.,4.34307920528345E-19,4.9641622471425E-18));
#8168=DIRECTION('',(0.85165877214033,-0.522102339462713,0.0456780359033511));
#8169=DIRECTION('',(0.393918095323064,-0.915647919399304,0.0801088127285381));
#8170=DIRECTION('',(7.60702194917409E-34,-0.996194698091746,0.0871557427476582));
#8171=DIRECTION('',(-0.371389055726485,-0.924944202544286,0.0809221321166512));
#8172=DIRECTION('',(-0.880470769669912,-0.472296341064952,0.0413205756679566));
#8173=DIRECTION('',(-1.,-4.34307920528345E-19,-4.9641622471425E-18));
#8174=DIRECTION('',(-0.624675766176565,-0.777912733888568,0.0680585454277086));
#8175=DIRECTION('',(-7.60702194917409E-34,-0.996194698091746,0.0871557427476582));
#8176=DIRECTION('',(0.707106781186555,-0.704416026402752,0.0616284167162188));
#8177=DIRECTION('',(1.,4.34307920528345E-19,4.9641622471425E-18));
#8178=DIRECTION('',(0.871574948009943,-0.488396690929882,0.0427291737599392));
#8179=DIRECTION('',(0.400818986067732,-0.912671013379531,0.0798483671994259));
#8180=DIRECTION('',(2.76618979969967E-34,-0.996194698091746,0.0871557427476582));
#8181=DIRECTION('',(-0.47058638075393,-0.878996307167485,0.0769022121583059));
#8182=DIRECTION('',(-0.906182827499868,-0.421276925547122,0.0368569551904279));
#8183=DIRECTION('',(-1.,-4.34307920528345E-19,-4.9641622471425E-18));
#8184=DIRECTION('',(-0.624675766176579,-0.777912733888557,0.0680585454277077));
#8185=DIRECTION('',(2.28210658475223E-33,-0.996194698091746,0.0871557427476582));
#8186=DIRECTION('',(0.707106781186538,-0.704416026402768,0.0616284167162202));
#8187=DIRECTION('',(1.,4.34307920528345E-19,4.9641622471425E-18));
#8188=DIRECTION('',(0.,0.996194698091746,-0.0871557427476582));
#8189=DIRECTION('',(-1.,-4.34307920528345E-19,-4.9641622471425E-18));
#8190=DIRECTION('',(-2.76618979969967E-34,-0.996194698091746,0.0871557427476582));
#8191=DIRECTION('',(-1.,-4.34307920528345E-19,-4.9641622471425E-18));
#8192=DIRECTION('',(8.29856939909901E-33,-0.996194698091746,0.0871557427476582));
#8193=DIRECTION('',(1.,4.34307920528345E-19,4.9641622471425E-18));
#8194=DIRECTION('',(-0.707285727598649,-0.704237715810996,0.0616128165608535));
#8195=DIRECTION('',(-0.707106781186445,-0.704416026402861,0.0616284167162283));
#8196=DIRECTION('',(7.06069946373341E-32,-0.996194698091746,0.0871557427476582));
#8197=DIRECTION('',(-0.707106781186693,-0.704416026402614,0.0616284167162067));
#8198=DIRECTION('',(-0.447304140605361,-0.890978519518933,0.0779505199030178));
#8199=DIRECTION('',(-2.42041607473721E-33,-0.996194698091746,0.0871557427476582));
#8200=DIRECTION('',(0.624675766176565,-0.777912733888568,0.0680585454277086));
#8201=DIRECTION('',(1.,4.34307920528345E-19,4.9641622471425E-18));
#8202=DIRECTION('',(0.85165877214033,-0.522102339462713,0.0456780359033511));
#8203=DIRECTION('',(0.393920902917518,-0.915646720722563,0.0801087078579121));
#8204=DIRECTION('',(7.60702194917409E-34,-0.996194698091746,0.0871557427476582));
#8205=DIRECTION('',(-0.371391756770647,-0.924943126238845,0.0809220379521266));
#8206=DIRECTION('',(-0.880470769669912,-0.472296341064952,0.0413205756679566));
#8207=DIRECTION('',(-1.,-4.34307920528345E-19,-4.9641622471425E-18));
#8208=DIRECTION('',(-0.624675766176565,-0.777912733888568,0.0680585454277086));
#8209=DIRECTION('',(-7.60702194917409E-34,-0.996194698091746,0.0871557427476582));
#8210=DIRECTION('',(0.707106781186555,-0.704416026402752,0.0616284167162188));
#8211=DIRECTION('',(1.,4.34307920528345E-19,4.9641622471425E-18));
#8212=DIRECTION('',(0.871575610763606,-0.488395517186107,0.042729071070665));
#8213=DIRECTION('',(0.400818986067732,-0.912671013379531,0.0798483671994259));
#8214=DIRECTION('',(2.76618979969967E-34,-0.996194698091746,0.0871557427476582));
#8215=DIRECTION('',(-0.470588698928183,-0.878995075514943,0.076902104402671));
#8216=DIRECTION('',(-0.906182827499868,-0.421276925547122,0.0368569551904279));
#8217=DIRECTION('',(-1.,-4.34307920528345E-19,-4.9641622471425E-18));
#8218=DIRECTION('',(-0.624675766176579,-0.777912733888557,0.0680585454277077));
#8219=DIRECTION('',(2.28210658475223E-33,-0.996194698091746,0.0871557427476582));
#8220=DIRECTION('',(0.707106781186538,-0.704416026402768,0.0616284167162202));
#8221=DIRECTION('',(1.,4.34307920528345E-19,4.9641622471425E-18));
#8222=DIRECTION('',(0.,0.996194698091746,-0.0871557427476582));
#8223=DIRECTION('',(-1.,-4.34307920528345E-19,-4.9641622471425E-18));
#8224=DIRECTION('',(-1.,-4.34307920528345E-19,-4.9641622471425E-18));
#8225=DIRECTION('',(-0.982155187734954,-0.187356620644107,0.0163915803428865));
#8226=DIRECTION('',(-0.910366441595881,-0.412228377774112,0.0360653098389168));
#8227=DIRECTION('',(-0.64142085433369,-0.764269825827949,0.066864945634878));
#8228=DIRECTION('',(-0.444633569301429,-0.892304102679221,0.078066493402104));
#8229=DIRECTION('',(-0.141421007645992,-0.98618248657306,0.0862797877429496));
#8230=DIRECTION('',(-6.22392704932426E-34,-0.996194698091746,0.0871557427476582));
#8231=DIRECTION('',(0.140565147090374,-0.986303910767754,0.0862904109834631));
#8232=DIRECTION('',(0.437050151295002,-0.896014508164225,0.0783911118191262));
#8233=DIRECTION('',(0.647648457413716,-0.75903987701987,0.0664073844033502));
#8234=DIRECTION('',(0.902480817644236,-0.429090989587645,0.0375405972100392));
#8235=DIRECTION('',(0.982155187734954,-0.187356620644107,0.0163915803428865));
#8236=DIRECTION('',(1.,4.34307920528345E-19,4.9641622471425E-18));
#8237=DIRECTION('',(0.851659683006115,-0.522100864932514,0.0456779068986747));
#8238=DIRECTION('',(0.447211008369729,-0.891024914141259,0.0779545789065199));
#8239=DIRECTION('',(8.29856939909901E-34,-0.996194698091746,0.0871557427476582));
#8240=DIRECTION('',(0.780884234154935,-0.62229868629148,0.0544440803775798));
#8241=DIRECTION('',(1.,4.34307920528345E-19,4.9641622471425E-18));
#8242=DIRECTION('',(-1.0144023316176E-7,0.99619469809174,-0.0871557427476578));
#8243=DIRECTION('',(-4.9831245404654E-18,0.0871557427476582,0.996194698091746));
#8244=DIRECTION('',(0.,-0.996194698091746,0.0871557427476582));
#8245=DIRECTION('',(4.9831245404654E-18,-0.0871557427476582,-0.996194698091746));
#8246=DIRECTION('',(-1.,1.21564356914034E-16,-1.56376623854655E-17));
#8247=DIRECTION('',(-8.29856939909901E-34,0.996194698091746,-0.0871557427476582));
#8248=DIRECTION('',(-1.,1.16677685428147E-16,-1.5210134028075E-17));
#8249=DIRECTION('',(-8.29856939909901E-34,0.996194698091746,-0.0871557427476582));
#8250=DIRECTION('',(-1.,-4.34307920528345E-19,-4.9641622471425E-18));
#8251=DIRECTION('',(-4.9831245404654E-18,0.0871557427476582,0.996194698091746));
#8252=DIRECTION('',(5.69573741286931E-17,-0.996194698091746,0.0871557427476582));
#8253=DIRECTION('',(-4.9831245404654E-18,0.0871557427476582,0.996194698091746));
#8254=DIRECTION('',(5.69573741286931E-17,-0.996194698091746,0.0871557427476582));
#8255=DIRECTION('',(-4.9831245404654E-18,0.0871557427476582,0.996194698091746));
#8256=DIRECTION('',(5.69573741286931E-17,-0.996194698091746,0.0871557427476582));
#8257=DIRECTION('',(-4.9831245404654E-18,0.0871557427476582,0.996194698091746));
#8258=DIRECTION('',(5.69573741286931E-17,-0.996194698091746,0.0871557427476582));
#8259=DIRECTION('',(1.,4.34307920528345E-19,4.9641622471425E-18));
#8260=DIRECTION('',(-4.9831245404654E-18,0.0871557427476582,0.996194698091746));
#8261=DIRECTION('',(0.,-0.996194698091746,0.0871557427476582));
#8262=DIRECTION('',(-1.,-4.34307920528345E-19,-4.9641622471425E-18));
#8263=DIRECTION('',(-4.9831245404654E-18,0.0871557427476582,0.996194698091746));
#8264=DIRECTION('',(0.,-0.996194698091746,0.0871557427476582));
#8265=DIRECTION('',(1.,4.34307920528345E-19,4.9641622471425E-18));
#8266=DIRECTION('',(-4.9831245404654E-18,0.0871557427476582,0.996194698091746));
#8267=DIRECTION('',(0.,-0.996194698091746,0.0871557427476582));
#8268=DIRECTION('',(-1.,-4.34307920528345E-19,-4.9641622471425E-18));
#8269=DIRECTION('',(-4.9831245404654E-18,0.0871557427476582,0.996194698091746));
#8270=DIRECTION('',(0.,-0.996194698091746,0.0871557427476582));
#8271=DIRECTION('',(4.9831245404654E-18,-0.0871557427476582,-0.996194698091746));
#8272=DIRECTION('',(0.,0.996194698091746,-0.0871557427476582));
#8273=DIRECTION('',(-6.16359991298565E-17,0.996194698091746,-0.0871557427476582));
#8274=DIRECTION('',(1.,-3.18370562861976E-16,3.28559743174587E-17));
#8275=DIRECTION('',(4.9831245404654E-18,-0.0871557427476582,-0.996194698091746));
#8276=DIRECTION('',(0.,0.996194698091746,-0.0871557427476582));
#8277=DIRECTION('',(-1.03732117488738E-33,-0.996194698091746,0.0871557427476582));
#8278=DIRECTION('',(4.9831245404654E-18,-0.0871557427476582,-0.996194698091746));
#8279=DIRECTION('',(0.,0.996194698091746,-0.0871557427476582));
#8280=DIRECTION('',(-1.,-4.34307920528345E-19,-4.9641622471425E-18));
#8281=DIRECTION('',(-6.16359991298565E-17,0.996194698091746,-0.0871557427476582));
#8282=DIRECTION('',(-1.,-6.27809373211765E-17,4.90461034466289E-19));
#8283=DIRECTION('',(-4.35966906228553E-19,-0.996194698091746,0.0871557427476582));
#8284=DIRECTION('',(1.,-3.18370562861976E-16,3.28559743174588E-17));
#8285=DIRECTION('',(4.9831245404654E-18,-0.0871557427476582,-0.996194698091746));
#8286=DIRECTION('',(0.,0.996194698091746,-0.0871557427476582));
#8287=DIRECTION('',(-1.17563066487236E-33,-0.996194698091746,0.0871557427476582));
#8288=DIRECTION('',(4.9831245404654E-18,-0.0871557427476582,-0.996194698091746));
#8289=DIRECTION('',(0.,0.996194698091746,-0.0871557427476582));
#8290=DIRECTION('',(-1.,4.77772998253229E-16,-4.68018803526169E-17));
#8291=DIRECTION('',(-4.35966906228553E-19,-0.996194698091746,0.0871557427476582));
#8292=DIRECTION('',(4.9831245404654E-18,-0.0871557427476582,-0.996194698091746));
#8293=DIRECTION('',(0.,0.996194698091746,-0.0871557427476582));
#8294=DIRECTION('',(-1.,-4.34307920528345E-19,-4.9641622471425E-18));
#8295=DIRECTION('',(5.80899857936931E-33,-0.996194698091746,0.0871557427476582));
#8296=DIRECTION('',(1.,4.34307920528345E-19,4.9641622471425E-18));
#8297=DIRECTION('',(5.80899857936931E-33,-0.996194698091746,0.0871557427476582));
#8298=DIRECTION('',(-1.,-4.34307920528345E-19,-4.9641622471425E-18));
#8299=DIRECTION('',(-4.9831245404654E-18,0.0871557427476582,0.996194698091746));
#8300=DIRECTION('',(0.,-0.996194698091746,0.0871557427476582));
#8301=DIRECTION('',(3.45773724962459E-34,-0.996194698091746,0.0871557427476582));
#8302=DIRECTION('',(1.,4.34307920528345E-19,4.9641622471425E-18));
#8303=DIRECTION('',(3.45773724962459E-34,-0.996194698091746,0.0871557427476582));
#8304=DIRECTION('',(1.,4.34307920528345E-19,4.9641622471425E-18));
#8305=DIRECTION('',(9.68166429894885E-34,-0.996194698091746,0.0871557427476582));
#8306=DIRECTION('',(4.9831245404654E-18,-0.0871557427476582,-0.996194698091746));
#8307=DIRECTION('',(0.,0.996194698091746,-0.0871557427476582));
#8308=DIRECTION('',(1.,4.34307920528345E-19,4.9641622471425E-18));
#8309=DIRECTION('',(4.9831245404654E-18,-0.0871557427476582,-0.996194698091746));
#8310=DIRECTION('',(0.,0.996194698091746,-0.0871557427476582));
#8311=DIRECTION('',(-2.42041607473721E-33,-0.996194698091746,0.0871557427476582));
#8312=DIRECTION('',(1.,4.34307920528345E-19,4.9641622471425E-18));
#8313=DIRECTION('',(-1.,1.19117518622911E-16,-1.54235917735111E-17));
#8314=DIRECTION('',(-4.9831245404654E-18,0.0871557427476582,0.996194698091746));
#8315=DIRECTION('',(0.,-0.996194698091746,0.0871557427476582));
#8316=DIRECTION('',(1.,-1.19117518622911E-16,1.54235917735111E-17));
#8317=DIRECTION('',(-4.9831245404654E-18,0.0871557427476582,0.996194698091746));
#8318=DIRECTION('',(0.,-0.996194698091746,0.0871557427476582));
#8319=DIRECTION('',(1.,-1.19117518622911E-16,1.54235917735111E-17));
#8320=DIRECTION('',(-4.9831245404654E-18,0.0871557427476582,0.996194698091746));
#8321=DIRECTION('',(0.,-0.996194698091746,0.0871557427476582));
#8322=DIRECTION('',(-1.,1.19117518622911E-16,-1.54235917735111E-17));
#8323=DIRECTION('',(-4.9831245404654E-18,0.0871557427476582,0.996194698091746));
#8324=DIRECTION('',(0.,-0.996194698091746,0.0871557427476582));
#8325=DIRECTION('',(-4.9831245404654E-18,0.0871557427476582,0.996194698091746));
#8326=DIRECTION('',(5.69573741286931E-17,-0.996194698091746,0.0871557427476582));
#8327=DIRECTION('',(-4.9831245404654E-18,0.0871557427476582,0.996194698091746));
#8328=DIRECTION('',(5.69573741286931E-17,-0.996194698091746,0.0871557427476582));
#8329=DIRECTION('',(-4.9831245404654E-18,0.0871557427476582,0.996194698091746));
#8330=DIRECTION('',(5.69573741286931E-17,-0.996194698091746,0.0871557427476582));
#8331=DIRECTION('',(-4.9831245404654E-18,0.0871557427476582,0.996194698091746));
#8332=DIRECTION('',(5.69573741286931E-17,-0.996194698091746,0.0871557427476582));
#8333=DIRECTION('',(1.,4.34307920528345E-19,4.9641622471425E-18));
#8334=DIRECTION('',(-1.17563066487236E-33,-0.996194698091746,0.0871557427476582));
#8335=DIRECTION('',(4.9831245404654E-18,-0.0871557427476582,-0.996194698091746));
#8336=DIRECTION('',(0.,0.996194698091746,-0.0871557427476582));
#8337=DIRECTION('',(1.,4.34307920528345E-19,4.9641622471425E-18));
#8338=DIRECTION('',(4.9831245404654E-18,-0.0871557427476582,-0.996194698091746));
#8339=DIRECTION('',(0.,0.996194698091746,-0.0871557427476582));
#8340=DIRECTION('',(-1.17563066487236E-33,-0.996194698091746,0.0871557427476582));
#8341=DIRECTION('',(1.38309489984983E-34,-0.996194698091746,0.0871557427476582));
#8342=DIRECTION('',(1.,4.34307920528345E-19,4.9641622471425E-18));
#8343=DIRECTION('',(1.38309489984983E-34,-0.996194698091746,0.0871557427476582));
#8344=DIRECTION('',(1.,3.44743568365634E-16,-2.51589947887991E-17));
#8345=DIRECTION('',(-6.16359991298565E-17,0.996194698091746,-0.0871557427476582));
#8346=DIRECTION('',(4.9831245404654E-18,-0.0871557427476582,-0.996194698091746));
#8347=DIRECTION('',(0.,0.996194698091746,-0.0871557427476582));
#8348=DIRECTION('',(-1.,1.63133036708975E-16,-1.9274450625262E-17));
#8349=DIRECTION('',(3.45773724962459E-34,-0.996194698091746,0.0871557427476582));
#8350=DIRECTION('',(1.,4.34307920528345E-19,4.9641622471425E-18));
#8351=DIRECTION('',(3.45773724962459E-34,-0.996194698091746,0.0871557427476582));
#8352=DIRECTION('',(-1.,1.63133036708975E-16,-1.9274450625262E-17));
#8353=DIRECTION('',(4.9831245404654E-18,-0.0871557427476582,-0.996194698091746));
#8354=DIRECTION('',(0.,0.996194698091746,-0.0871557427476582));
#8355=DIRECTION('',(-4.35966906228553E-19,-0.996194698091746,0.0871557427476582));
#8356=DIRECTION('',(1.,4.34307920528345E-19,4.9641622471425E-18));
#8357=DIRECTION('',(-4.9831245404654E-18,0.0871557427476582,0.996194698091746));
#8358=DIRECTION('',(0.,-0.996194698091746,0.0871557427476582));
#8359=DIRECTION('',(6.91547449924918E-35,-0.996194698091746,0.0871557427476582));
#8360=DIRECTION('',(1.,4.34307920528345E-19,4.9641622471425E-18));
#8361=DIRECTION('',(-4.35966906228553E-19,-0.996194698091746,0.0871557427476582));
#8362=DIRECTION('',(1.,4.34307920528345E-19,4.9641622471425E-18));
#8363=DIRECTION('',(-4.9831245404654E-18,0.0871557427476582,0.996194698091746));
#8364=DIRECTION('',(0.,-0.996194698091746,0.0871557427476582));
#8365=DIRECTION('',(9.85638338623185E-17,-0.996194698091746,0.0871557427476582));
#8366=DIRECTION('',(-1.,-4.34307920528345E-19,-4.9641622471425E-18));
#8367=DIRECTION('',(-6.16359991298565E-17,0.996194698091746,-0.0871557427476582));
#8368=DIRECTION('',(-1.,-4.34307920528345E-19,-4.9641622471425E-18));
#8369=DIRECTION('',(1.,0.,5.00215926666825E-18));
#8370=DIRECTION('',(5.00215926666825E-18,0.,-1.));
#8371=DIRECTION('',(-4.35966906228553E-19,-0.996194698091746,0.0871557427476582));
#8372=DIRECTION('',(4.9831245404654E-18,-0.0871557427476582,-0.996194698091746));
#8373=DIRECTION('',(4.9831245404654E-18,-0.0871557427476582,-0.996194698091746));
#8374=DIRECTION('',(-4.35966906228553E-19,-0.996194698091746,0.0871557427476582));
#8375=DIRECTION('',(4.9831245404654E-18,-0.0871557427476582,-0.996194698091746));
#8376=DIRECTION('',(4.9831245404654E-18,-0.0871557427476582,-0.996194698091746));
#8377=DIRECTION('',(-4.35966906228553E-19,-0.996194698091746,0.0871557427476582));
#8378=DIRECTION('',(4.9831245404654E-18,-0.0871557427476582,-0.996194698091746));
#8379=DIRECTION('',(-4.9831245404654E-18,0.0871557427476582,0.996194698091746));
#8380=DIRECTION('',(-4.9831245404654E-18,0.0871557427476582,0.996194698091746));
#8381=DIRECTION('',(4.9831245404654E-18,-0.0871557427476582,-0.996194698091746));
#8382=DIRECTION('',(-1.,-6.18357634652788E-17,4.07769037014158E-19));
#8383=DIRECTION('',(6.18357634652788E-17,-1.,0.));
#8384=DIRECTION('',(-6.16359991298565E-17,0.996194698091746,-0.0871557427476582));
#8385=DIRECTION('',(4.9831245404654E-18,-0.0871557427476582,-0.996194698091746));
#8386=DIRECTION('',(-4.9831245404654E-18,0.0871557427476582,0.996194698091746));
#8387=DIRECTION('',(-4.9831245404654E-18,0.0871557427476582,0.996194698091746));
#8388=DIRECTION('',(4.9831245404654E-18,-0.0871557427476582,-0.996194698091746));
#8389=DIRECTION('',(-6.16359991298565E-17,0.996194698091746,-0.0871557427476582));
#8390=DIRECTION('',(4.9831245404654E-18,-0.0871557427476582,-0.996194698091746));
#8391=DIRECTION('',(4.9831245404654E-18,-0.0871557427476582,-0.996194698091746));
#8392=DIRECTION('',(-6.16359991298565E-17,0.996194698091746,-0.0871557427476582));
#8393=DIRECTION('',(4.9831245404654E-18,-0.0871557427476582,-0.996194698091746));
#8394=DIRECTION('',(4.9831245404654E-18,-0.0871557427476582,-0.996194698091746));
#8395=DIRECTION('',(0.,1.,0.));
#8396=DIRECTION('',(0.,0.,1.));
#8397=DIRECTION('',(0.,0.,1.));
#8398=DIRECTION('',(-1.,0.,0.));
#8399=DIRECTION('',(0.,0.,1.));
#8400=DIRECTION('',(6.25847833963339E-17,-0.996194698091746,0.0871557427476582));
#8401=DIRECTION('',(0.,-0.0871557427476582,-0.996194698091746));
#8402=DIRECTION('',(0.,-0.0871557427476582,-0.996194698091746));
#8403=DIRECTION('',(-4.9831245404654E-18,0.0871557427476582,0.996194698091746));
#8404=DIRECTION('',(-4.9831245404654E-18,0.0871557427476582,0.996194698091746));
#8405=DIRECTION('',(0.,-0.0871557427476582,-0.996194698091746));
#8406=DIRECTION('',(-1.,-6.28238471015935E-17,0.));
#8407=DIRECTION('',(-4.9831245404654E-18,0.0871557427476582,0.996194698091746));
#8408=DIRECTION('',(0.,0.996194698091746,-0.0871557427476582));
#8409=DIRECTION('',(0.,0.0871557427476582,0.996194698091746));
#8410=DIRECTION('',(-4.9831245404654E-18,0.0871557427476582,0.996194698091746));
#8411=DIRECTION('',(0.,0.,-1.));
#8412=DIRECTION('',(-1.,0.,0.));
#8413=DIRECTION('',(0.,0.,1.));
#8414=DIRECTION('',(1.,0.,0.));
#8415=DIRECTION('',(0.,0.,1.));
#8416=DIRECTION('',(1.,0.,0.));
#8417=DIRECTION('',(0.,0.,-1.));
#8418=DIRECTION('',(-1.,0.,0.));
#8419=DIRECTION('',(0.,0.,1.));
#8420=DIRECTION('',(1.,0.,0.));
#8421=DIRECTION('',(0.,0.,1.));
#8422=DIRECTION('',(1.,0.,0.));
#8423=DIRECTION('',(0.,0.,-1.));
#8424=DIRECTION('',(1.,0.,0.));
#8425=DIRECTION('',(0.,0.,-1.));
#8426=DIRECTION('',(-1.,0.,0.));
#8427=DIRECTION('',(0.,0.,1.));
#8428=DIRECTION('',(1.,0.,0.));
#8429=DIRECTION('',(0.,0.,1.));
#8430=DIRECTION('',(1.,0.,0.));
#8431=DIRECTION('',(0.,0.,-1.));
#8432=DIRECTION('',(-1.,0.,0.));
#8433=DIRECTION('',(0.,0.,1.));
#8434=DIRECTION('',(1.,0.,0.));
#8435=DIRECTION('',(0.,0.,1.));
#8436=DIRECTION('',(1.,0.,0.));
#8437=DIRECTION('',(0.,0.,-1.));
#8438=DIRECTION('',(1.,0.,0.));
#8439=DIRECTION('',(0.,0.,-1.));
#8440=DIRECTION('',(-1.,0.,0.));
#8441=DIRECTION('',(0.,0.,1.));
#8442=DIRECTION('',(1.,0.,0.));
#8443=DIRECTION('',(0.,0.,1.));
#8444=DIRECTION('',(1.,0.,0.));
#8445=DIRECTION('',(0.,0.,-1.));
#8446=DIRECTION('',(-1.,0.,0.));
#8447=DIRECTION('',(0.,0.,1.));
#8448=DIRECTION('',(1.,0.,0.));
#8449=DIRECTION('',(0.,0.,1.));
#8450=DIRECTION('',(1.,0.,0.));
#8451=DIRECTION('',(0.,0.,-1.));
#8452=DIRECTION('',(1.,0.,0.));
#8453=DIRECTION('',(0.,0.,-1.));
#8454=DIRECTION('',(-1.,0.,0.));
#8455=DIRECTION('',(0.,0.,1.));
#8456=DIRECTION('',(1.,0.,0.));
#8457=DIRECTION('',(0.,0.,1.));
#8458=DIRECTION('',(1.,0.,0.));
#8459=DIRECTION('',(0.,0.,-1.));
#8460=DIRECTION('',(-1.,0.,0.));
#8461=DIRECTION('',(0.,0.,1.));
#8462=DIRECTION('',(1.,0.,0.));
#8463=DIRECTION('',(0.,0.,1.));
#8464=DIRECTION('',(1.,0.,0.));
#8465=DIRECTION('',(0.,0.,-1.));
#8466=DIRECTION('',(1.,0.,0.));
#8467=DIRECTION('',(0.,0.,-1.));
#8468=DIRECTION('',(-1.,0.,0.));
#8469=DIRECTION('',(0.,0.,1.));
#8470=DIRECTION('',(1.,0.,0.));
#8471=DIRECTION('',(0.,0.,1.));
#8472=DIRECTION('',(1.,0.,0.));
#8473=DIRECTION('',(0.,0.,-1.));
#8474=DIRECTION('',(-1.,0.,0.));
#8475=DIRECTION('',(0.,0.,1.));
#8476=DIRECTION('',(1.,0.,0.));
#8477=DIRECTION('',(0.,0.,1.));
#8478=DIRECTION('',(1.,0.,0.));
#8479=DIRECTION('',(0.,0.,-1.));
#8480=DIRECTION('',(1.,0.,0.));
#8481=DIRECTION('',(0.,0.,-1.));
#8482=DIRECTION('',(-1.,0.,0.));
#8483=DIRECTION('',(0.,0.,1.));
#8484=DIRECTION('',(1.,0.,0.));
#8485=DIRECTION('',(0.,0.,1.));
#8486=DIRECTION('',(1.,0.,0.));
#8487=DIRECTION('',(0.,0.,-1.));
#8488=DIRECTION('',(-1.,0.,0.));
#8489=DIRECTION('',(0.,0.,1.));
#8490=DIRECTION('',(1.,0.,0.));
#8491=DIRECTION('',(0.,0.,1.));
#8492=DIRECTION('',(1.,0.,0.));
#8493=DIRECTION('',(0.,0.,-1.));
#8494=DIRECTION('',(1.,0.,0.));
#8495=DIRECTION('',(0.,0.,-1.));
#8496=DIRECTION('',(-1.,0.,0.));
#8497=DIRECTION('',(0.,0.,1.));
#8498=DIRECTION('',(1.,0.,0.));
#8499=DIRECTION('',(0.,0.,1.));
#8500=DIRECTION('',(1.,0.,0.));
#8501=DIRECTION('',(0.,0.,-1.));
#8502=DIRECTION('',(-1.,0.,0.));
#8503=DIRECTION('',(0.,0.,1.));
#8504=DIRECTION('',(1.,0.,0.));
#8505=DIRECTION('',(0.,0.,1.));
#8506=DIRECTION('',(1.,0.,0.));
#8507=DIRECTION('',(0.,0.,-1.));
#8508=DIRECTION('',(1.,0.,0.));
#8509=DIRECTION('',(0.,0.,-1.));
#8510=DIRECTION('',(-1.,0.,0.));
#8511=DIRECTION('',(0.,0.,1.));
#8512=DIRECTION('',(1.,0.,0.));
#8513=DIRECTION('',(0.,0.,1.));
#8514=DIRECTION('',(1.,0.,0.));
#8515=DIRECTION('',(0.,0.,-1.));
#8516=DIRECTION('',(-1.,0.,0.));
#8517=DIRECTION('',(0.,0.,1.));
#8518=DIRECTION('',(1.,0.,0.));
#8519=DIRECTION('',(0.,0.,1.));
#8520=DIRECTION('',(1.,0.,0.));
#8521=DIRECTION('',(0.,0.,-1.));
#8522=DIRECTION('',(1.,0.,0.));
#8523=DIRECTION('',(-1.,0.,0.));
#8524=DIRECTION('',(0.,0.,1.));
#8525=DIRECTION('',(0.,-1.,0.));
#8526=DIRECTION('',(0.,0.,1.));
#8527=DIRECTION('',(-1.,0.,0.));
#8528=DIRECTION('',(0.,0.,1.));
#8529=DIRECTION('',(0.,0.,1.));
#8530=DIRECTION('',(0.,-1.,0.));
#8531=DIRECTION('',(0.,0.,1.));
#8532=DIRECTION('',(1.,0.,0.));
#8533=DIRECTION('',(0.,0.,1.));
#8534=DIRECTION('',(1.,0.,0.));
#8535=DIRECTION('',(0.,0.,1.));
#8536=DIRECTION('',(1.,0.,0.));
#8537=DIRECTION('',(0.,0.,1.));
#8538=DIRECTION('',(1.,0.,0.));
#8539=DIRECTION('',(0.,0.,1.));
#8540=DIRECTION('',(1.,0.,0.));
#8541=DIRECTION('',(0.,1.,0.));
#8542=DIRECTION('',(0.,0.,1.));
#8543=DIRECTION('',(1.,0.,0.));
#8544=DIRECTION('',(-1.,0.,0.));
#8545=DIRECTION('',(0.,0.,1.));
#8546=DIRECTION('',(1.,0.,0.));
#8547=DIRECTION('',(0.,1.,0.));
#8548=DIRECTION('',(0.,0.,1.));
#8549=DIRECTION('',(1.,0.,0.));
#8550=DIRECTION('',(-1.,0.,0.));
#8551=DIRECTION('',(0.,1.,0.));
#8552=DIRECTION('',(1.,0.,0.));
#8553=DIRECTION('',(0.,0.,1.));
#8554=DIRECTION('',(1.,0.,0.));
#8555=DIRECTION('',(0.,1.,0.));
#8556=DIRECTION('',(0.,0.,1.));
#8557=DIRECTION('',(1.,0.,0.));
#8558=DIRECTION('',(0.,0.,1.));
#8559=DIRECTION('',(1.,0.,0.));
#8560=DIRECTION('',(-1.,0.,0.));
#8561=DIRECTION('',(0.,1.,0.));
#8562=DIRECTION('',(-1.,0.,0.));
#8563=DIRECTION('',(0.,0.,1.));
#8564=DIRECTION('',(1.,0.,0.));
#8565=DIRECTION('',(0.,1.,0.));
#8566=DIRECTION('',(-1.,0.,0.));
#8567=DIRECTION('',(0.,0.,1.));
#8568=DIRECTION('',(1.,0.,0.));
#8569=DIRECTION('',(0.,1.,0.));
#8570=DIRECTION('',(0.,0.,1.));
#8571=DIRECTION('',(0.,0.,1.));
#8572=DIRECTION('',(0.,0.,1.));
#8573=DIRECTION('',(0.,0.,1.));
#8574=DIRECTION('',(1.,0.,0.));
#8575=DIRECTION('',(0.,0.,1.));
#8576=DIRECTION('',(1.,0.,0.));
#8577=DIRECTION('',(0.,0.,1.));
#8578=DIRECTION('',(1.,0.,0.));
#8579=DIRECTION('',(0.,0.,1.));
#8580=DIRECTION('',(1.,0.,0.));
#8581=DIRECTION('',(0.,0.,1.));
#8582=DIRECTION('',(1.,0.,0.));
#8583=DIRECTION('',(0.,0.,1.));
#8584=DIRECTION('',(1.,0.,0.));
#8585=DIRECTION('',(0.,0.,1.));
#8586=DIRECTION('',(1.,0.,0.));
#8587=DIRECTION('',(0.,0.,1.));
#8588=DIRECTION('',(1.,0.,0.));
#8589=DIRECTION('',(0.,0.,1.));
#8590=DIRECTION('',(1.,0.,0.));
#8591=DIRECTION('',(0.,0.,1.));
#8592=DIRECTION('',(1.,0.,0.));
#8593=DIRECTION('',(0.,0.,1.));
#8594=DIRECTION('',(1.,0.,0.));
#8595=DIRECTION('',(0.,0.,1.));
#8596=DIRECTION('',(1.,0.,0.));
#8597=DIRECTION('',(-1.,0.,0.));
#8598=DIRECTION('',(0.,0.,1.));
#8599=DIRECTION('',(0.,0.,1.));
#8600=DIRECTION('',(0.,0.,1.));
#8601=DIRECTION('',(0.,-1.,0.));
#8602=DIRECTION('',(0.,0.,-1.));
#8603=DIRECTION('',(0.,0.,1.));
#8604=DIRECTION('',(0.,0.,1.));
#8605=DIRECTION('',(0.,-1.,0.));
#8606=DIRECTION('',(0.,0.,-1.));
#8607=DIRECTION('',(0.,0.,1.));
#8608=DIRECTION('',(0.,0.,1.));
#8609=DIRECTION('',(-1.,0.,0.));
#8610=DIRECTION('',(0.,0.,1.));
#8611=DIRECTION('',(0.,0.,1.));
#8612=DIRECTION('',(0.,0.,1.));
#8613=DIRECTION('',(0.,-1.,0.));
#8614=DIRECTION('',(0.,0.,-1.));
#8615=DIRECTION('',(0.,0.,1.));
#8616=DIRECTION('',(0.,0.,1.));
#8617=DIRECTION('',(-1.,0.,0.));
#8618=DIRECTION('',(0.,0.,1.));
#8619=DIRECTION('',(0.,0.,1.));
#8620=DIRECTION('',(0.,-1.,0.));
#8621=DIRECTION('',(0.,0.,-1.));
#8622=DIRECTION('',(0.,0.,1.));
#8623=DIRECTION('',(0.,0.,1.));
#8624=DIRECTION('',(-1.,0.,0.));
#8625=DIRECTION('',(0.,0.,1.));
#8626=DIRECTION('',(-1.,0.,0.));
#8627=DIRECTION('',(0.,0.,1.));
#8628=DIRECTION('',(0.,0.,1.));
#8629=DIRECTION('',(0.,1.,0.));
#8630=DIRECTION('',(0.,0.,1.));
#8631=DIRECTION('',(0.,0.,1.));
#8632=DIRECTION('',(0.,0.,1.));
#8633=DIRECTION('',(-1.,0.,0.));
#8634=DIRECTION('',(0.,0.,1.));
#8635=DIRECTION('',(0.,0.,1.));
#8636=DIRECTION('',(1.,0.,0.));
#8637=DIRECTION('',(0.,0.,1.));
#8638=DIRECTION('',(1.,0.,0.));
#8639=DIRECTION('',(0.,0.,1.));
#8640=DIRECTION('',(1.,0.,0.));
#8641=DIRECTION('',(0.,0.,1.));
#8642=DIRECTION('',(1.,0.,0.));
#8643=DIRECTION('',(0.,0.,1.));
#8644=DIRECTION('',(1.,0.,0.));
#8645=DIRECTION('',(0.,0.,1.));
#8646=DIRECTION('',(1.,0.,0.));
#8647=DIRECTION('',(0.,0.,1.));
#8648=DIRECTION('',(1.,0.,0.));
#8649=DIRECTION('',(0.,0.,1.));
#8650=DIRECTION('',(1.,0.,0.));
#8651=DIRECTION('',(0.,0.,1.));
#8652=DIRECTION('',(1.,0.,0.));
#8653=DIRECTION('',(0.,0.,1.));
#8654=DIRECTION('',(1.,0.,0.));
#8655=DIRECTION('',(0.,0.,1.));
#8656=DIRECTION('',(1.,0.,0.));
#8657=DIRECTION('',(0.,0.,1.));
#8658=DIRECTION('',(1.,0.,0.));
#8659=DIRECTION('',(0.,0.,1.));
#8660=DIRECTION('',(1.,0.,0.));
#8661=DIRECTION('',(0.,0.,1.));
#8662=DIRECTION('',(1.,0.,0.));
#8663=DIRECTION('',(0.,0.,1.));
#8664=DIRECTION('',(1.,0.,0.));
#8665=DIRECTION('',(0.,0.,1.));
#8666=DIRECTION('',(1.,0.,0.));
#8667=DIRECTION('',(0.,0.,1.));
#8668=DIRECTION('',(1.,0.,0.));
#8669=DIRECTION('',(0.,0.,1.));
#8670=DIRECTION('',(1.,0.,0.));
#8671=DIRECTION('',(0.,0.,1.));
#8672=DIRECTION('',(1.,0.,0.));
#8673=DIRECTION('',(0.,0.,1.));
#8674=DIRECTION('',(1.,0.,0.));
#8675=DIRECTION('',(0.,0.,1.));
#8676=DIRECTION('',(1.,0.,0.));
#8677=DIRECTION('',(0.,0.,1.));
#8678=DIRECTION('',(1.,0.,0.));
#8679=DIRECTION('',(0.,0.,1.));
#8680=DIRECTION('',(1.,0.,0.));
#8681=DIRECTION('',(0.,0.,1.));
#8682=DIRECTION('',(1.,0.,0.));
#8683=DIRECTION('',(0.,0.,1.));
#8684=DIRECTION('',(1.,0.,0.));
#8685=DIRECTION('',(0.,0.,1.));
#8686=DIRECTION('',(1.,0.,0.));
#8687=DIRECTION('',(0.,0.,1.));
#8688=DIRECTION('',(1.,0.,0.));
#8689=DIRECTION('',(0.,0.,1.));
#8690=DIRECTION('',(1.,0.,0.));
#8691=DIRECTION('',(0.,0.,1.));
#8692=DIRECTION('',(1.,0.,0.));
#8693=DIRECTION('',(0.,0.,1.));
#8694=DIRECTION('',(1.,0.,0.));
#8695=DIRECTION('',(0.,0.,1.));
#8696=DIRECTION('',(1.,0.,0.));
#8697=DIRECTION('',(0.,0.,1.));
#8698=DIRECTION('',(1.,0.,0.));
#8699=DIRECTION('',(0.,0.,1.));
#8700=DIRECTION('',(1.,0.,0.));
#8701=DIRECTION('',(0.,0.,1.));
#8702=DIRECTION('',(1.,0.,0.));
#8703=DIRECTION('',(0.,0.,1.));
#8704=DIRECTION('',(1.,0.,0.));
#8705=DIRECTION('',(0.,0.,1.));
#8706=DIRECTION('',(1.,0.,0.));
#8707=DIRECTION('',(0.,0.,1.));
#8708=DIRECTION('',(1.,0.,0.));
#8709=DIRECTION('',(0.,0.,1.));
#8710=DIRECTION('',(1.,0.,0.));
#8711=DIRECTION('',(-1.20008495098846E-16,-0.996194698091746,0.0871557427476582));
#8712=DIRECTION('',(0.,-0.0871557427476582,-0.996194698091746));
#8713=DIRECTION('',(4.9831245404654E-18,-0.0871557427476582,-0.996194698091746));
#8714=DIRECTION('',(-1.,1.19117518622911E-16,-1.54235917735111E-17));
#8715=DIRECTION('',(4.9831245404654E-18,-0.0871557427476582,-0.996194698091746));
#8716=DIRECTION('',(-1.,1.19117518622911E-16,-1.54235917735111E-17));
#8717=DIRECTION('',(4.9831245404654E-18,-0.0871557427476582,-0.996194698091746));
#8718=DIRECTION('',(0.,0.996194698091746,-0.0871557427476582));
#8719=DIRECTION('',(0.,0.0871557427476576,0.996194698091746));
#8720=DIRECTION('',(0.,-0.996194698091746,0.0871557427476576));
#8721=DIRECTION('',(4.9831245404654E-18,-0.0871557427476582,-0.996194698091746));
#8722=DIRECTION('',(4.9831245404654E-18,-0.0871557427476582,-0.996194698091746));
#8723=DIRECTION('',(0.,0.996194698091746,-0.0871557427476582));
#8724=DIRECTION('',(-1.20008495098846E-16,-0.996194698091746,0.0871557427476582));
#8725=DIRECTION('',(0.,-0.0871557427476582,-0.996194698091746));
#8726=DIRECTION('',(1.,-1.19117518622911E-16,1.54235917735111E-17));
#8727=DIRECTION('',(4.9831245404654E-18,-0.0871557427476582,-0.996194698091746));
#8728=DIRECTION('',(-1.,1.19117518622911E-16,-1.54235917735111E-17));
#8729=DIRECTION('',(4.9831245404654E-18,-0.0871557427476582,-0.996194698091746));
#8730=DIRECTION('',(0.,0.996194698091746,-0.0871557427476582));
#8731=DIRECTION('',(0.,0.0871557427476589,0.996194698091746));
#8732=DIRECTION('',(0.,-0.996194698091746,0.0871557427476589));
#8733=DIRECTION('',(4.9831245404654E-18,-0.0871557427476582,-0.996194698091746));
#8734=DIRECTION('',(0.,0.996194698091746,-0.0871557427476582));
#8735=DIRECTION('',(4.9831245404654E-18,-0.0871557427476582,-0.996194698091746));
#8736=DIRECTION('',(1.,4.34307920528345E-19,4.9641622471425E-18));
#8737=DIRECTION('',(4.9831245404654E-18,-0.0871557427476582,-0.996194698091746));
#8738=DIRECTION('',(0.,0.996194698091746,-0.0871557427476582));
#8739=DIRECTION('',(4.9831245404654E-18,-0.0871557427476582,-0.996194698091746));
#8740=DIRECTION('',(0.,0.0871557427476576,0.996194698091746));
#8741=DIRECTION('',(0.,-0.996194698091746,0.0871557427476576));
#8742=DIRECTION('',(4.9831245404654E-18,-0.0871557427476582,-0.996194698091746));
#8743=DIRECTION('',(4.9831245404654E-18,-0.0871557427476582,-0.996194698091746));
#8744=DIRECTION('',(0.,0.996194698091746,-0.0871557427476582));
#8745=DIRECTION('',(-1.20008495098846E-16,-0.996194698091746,0.0871557427476582));
#8746=DIRECTION('',(0.,-0.0871557427476582,-0.996194698091746));
#8747=DIRECTION('',(-1.,1.19117518622911E-16,-1.54235917735111E-17));
#8748=DIRECTION('',(4.9831245404654E-18,-0.0871557427476582,-0.996194698091746));
#8749=DIRECTION('',(-1.,1.19117518622911E-16,-1.54235917735111E-17));
#8750=DIRECTION('',(4.9831245404654E-18,-0.0871557427476582,-0.996194698091746));
#8751=DIRECTION('',(0.,0.996194698091746,-0.0871557427476582));
#8752=DIRECTION('',(0.,0.0871557427476576,0.996194698091746));
#8753=DIRECTION('',(0.,-0.996194698091746,0.0871557427476576));
#8754=DIRECTION('',(4.9831245404654E-18,-0.0871557427476582,-0.996194698091746));
#8755=DIRECTION('',(4.9831245404654E-18,-0.0871557427476582,-0.996194698091746));
#8756=DIRECTION('',(0.,0.996194698091746,-0.0871557427476582));
#8757=DIRECTION('',(-1.20008495098846E-16,-0.996194698091746,0.0871557427476582));
#8758=DIRECTION('',(0.,-0.0871557427476582,-0.996194698091746));
#8759=DIRECTION('',(1.,-1.19117518622911E-16,1.54235917735111E-17));
#8760=DIRECTION('',(-1.,1.19117518622911E-16,-1.54235917735111E-17));
#8761=DIRECTION('',(4.9831245404654E-18,-0.0871557427476582,-0.996194698091746));
#8762=DIRECTION('',(1.,4.34307920528345E-19,4.9641622471425E-18));
#8763=DIRECTION('',(9.4039548065783E-35,-0.996194698091746,0.0871557427476582));
#8764=DIRECTION('',(0.,-0.0871557427476582,-0.996194698091746));
#8765=DIRECTION('',(4.9831245404654E-18,-0.0871557427476582,-0.996194698091746));
#8766=DIRECTION('',(-1.,-4.34307920528345E-19,-4.9641622471425E-18));
#8767=DIRECTION('',(4.9831245404654E-18,-0.0871557427476582,-0.996194698091746));
#8768=DIRECTION('',(-1.,-4.34307920528345E-19,-4.9641622471425E-18));
#8769=DIRECTION('',(4.9831245404654E-18,-0.0871557427476582,-0.996194698091746));
#8770=DIRECTION('',(0.,0.996194698091746,-0.0871557427476582));
#8771=DIRECTION('',(0.,0.087155742747596,0.996194698091751));
#8772=DIRECTION('',(0.,-0.996194698091751,0.087155742747596));
#8773=DIRECTION('',(4.9831245404654E-18,-0.0871557427476582,-0.996194698091746));
#8774=DIRECTION('',(4.9831245404654E-18,-0.0871557427476582,-0.996194698091746));
#8775=DIRECTION('',(0.,0.996194698091746,-0.0871557427476582));
#8776=DIRECTION('',(9.4039548065783E-35,-0.996194698091746,0.0871557427476582));
#8777=DIRECTION('',(0.,-0.0871557427476582,-0.996194698091746));
#8778=DIRECTION('',(1.,4.34307920528345E-19,4.9641622471425E-18));
#8779=DIRECTION('',(4.9831245404654E-18,-0.0871557427476582,-0.996194698091746));
#8780=DIRECTION('',(-1.,-4.34307920528345E-19,-4.9641622471425E-18));
#8781=DIRECTION('',(4.9831245404654E-18,-0.0871557427476582,-0.996194698091746));
#8782=DIRECTION('',(0.,0.996194698091746,-0.0871557427476582));
#8783=DIRECTION('',(0.,0.087155742747593,0.996194698091751));
#8784=DIRECTION('',(0.,-0.996194698091751,0.087155742747593));
#8785=DIRECTION('',(4.9831245404654E-18,-0.0871557427476582,-0.996194698091746));
#8786=DIRECTION('',(0.,0.996194698091746,-0.0871557427476582));
#8787=DIRECTION('',(4.9831245404654E-18,-0.0871557427476582,-0.996194698091746));
#8788=DIRECTION('',(1.,4.34307920528345E-19,4.9641622471425E-18));
#8789=DIRECTION('',(9.4039548065783E-35,-0.996194698091746,0.0871557427476582));
#8790=DIRECTION('',(0.,-0.0871557427476582,-0.996194698091746));
#8791=DIRECTION('',(4.9831245404654E-18,-0.0871557427476582,-0.996194698091746));
#8792=DIRECTION('',(-1.,-4.34307920528345E-19,-4.9641622471425E-18));
#8793=DIRECTION('',(4.9831245404654E-18,-0.0871557427476582,-0.996194698091746));
#8794=DIRECTION('',(-1.,-4.34307920528345E-19,-4.9641622471425E-18));
#8795=DIRECTION('',(4.9831245404654E-18,-0.0871557427476582,-0.996194698091746));
#8796=DIRECTION('',(0.,0.996194698091746,-0.0871557427476582));
#8797=DIRECTION('',(0.,0.087155742747593,0.996194698091751));
#8798=DIRECTION('',(0.,-0.996194698091751,0.087155742747593));
#8799=DIRECTION('',(4.9831245404654E-18,-0.0871557427476582,-0.996194698091746));
#8800=DIRECTION('',(4.9831245404654E-18,-0.0871557427476582,-0.996194698091746));
#8801=DIRECTION('',(0.,0.996194698091746,-0.0871557427476582));
#8802=DIRECTION('',(9.4039548065783E-35,-0.996194698091746,0.0871557427476582));
#8803=DIRECTION('',(0.,-0.0871557427476582,-0.996194698091746));
#8804=DIRECTION('',(1.,4.34307920528345E-19,4.9641622471425E-18));
#8805=DIRECTION('',(4.9831245404654E-18,-0.0871557427476582,-0.996194698091746));
#8806=DIRECTION('',(-1.,-4.34307920528345E-19,-4.9641622471425E-18));
#8807=DIRECTION('',(4.9831245404654E-18,-0.0871557427476582,-0.996194698091746));
#8808=DIRECTION('',(0.,0.996194698091746,-0.0871557427476582));
#8809=DIRECTION('',(0.,0.087155742747593,0.996194698091751));
#8810=DIRECTION('',(0.,-0.996194698091751,0.087155742747593));
#8811=DIRECTION('',(4.9831245404654E-18,-0.0871557427476582,-0.996194698091746));
#8812=DIRECTION('',(0.,0.996194698091746,-0.0871557427476582));
#8813=DIRECTION('',(4.9831245404654E-18,-0.0871557427476582,-0.996194698091746));
#8814=DIRECTION('',(1.,4.34307920528345E-19,4.9641622471425E-18));
#8815=DIRECTION('',(0.,-0.0871557427476576,-0.996194698091746));
#8816=DIRECTION('',(0.,0.996194698091746,-0.0871557427476576));
#8817=DIRECTION('',(0.,0.76604444311899,0.642787609686525));
#8818=DIRECTION('',(0.,0.642787609686536,-0.766044443118981));
#8819=DIRECTION('',(-8.13352195303277E-17,-0.766044443118989,-0.642787609686526));
#8820=DIRECTION('',(1.,-1.19117518622911E-16,1.54235917735111E-17));
#8821=DIRECTION('',(0.,0.642787609686523,-0.766044443118992));
#8822=DIRECTION('',(-8.8382421838443E-17,-0.642787609686505,0.766044443119007));
#8823=DIRECTION('',(-1.,1.19117518622911E-16,-1.54235917735111E-17));
#8824=DIRECTION('',(0.,0.766044443119006,0.642787609686506));
#8825=DIRECTION('',(0.,-0.0871557427476589,-0.996194698091746));
#8826=DIRECTION('',(0.,0.996194698091746,-0.0871557427476589));
#8827=DIRECTION('',(0.,-0.087155742747593,-0.996194698091751));
#8828=DIRECTION('',(0.,0.996194698091751,-0.087155742747593));
#8829=DIRECTION('',(0.,0.766044443118928,0.6427876096866));
#8830=DIRECTION('',(0.,0.642787609684982,-0.766044443120285));
#8831=DIRECTION('',(3.52360115406028E-18,-0.76604444311896,-0.642787609686561));
#8832=DIRECTION('',(1.,4.34307920528345E-19,4.9641622471425E-18));
#8833=DIRECTION('',(0.,0.642787609686565,-0.766044443118956));
#8834=DIRECTION('',(-3.52360115406013E-18,-0.64278760968655,0.766044443118969));
#8835=DIRECTION('',(-1.,-4.34307920528345E-19,-4.9641622471425E-18));
#8836=DIRECTION('',(0.,0.76604444311896,0.642787609686561));
#8837=DIRECTION('',(0.,-0.087155742747593,-0.996194698091751));
#8838=DIRECTION('',(0.,0.996194698091751,-0.087155742747593));
#8839=DIRECTION('',(0.,-0.0871557427476576,-0.996194698091746));
#8840=DIRECTION('',(0.,0.996194698091746,-0.0871557427476576));
#8841=DIRECTION('',(0.,-0.642787609686505,0.766044443119007));
#8842=DIRECTION('',(0.,-0.766044443118963,-0.642787609686558));
#8843=DIRECTION('',(-8.8382421838448E-17,-0.642787609686553,0.766044443118967));
#8844=DIRECTION('',(-1.,1.19117518622911E-16,-1.54235917735111E-17));
#8845=DIRECTION('',(0.,-0.76604444311896,-0.642787609686561));
#8846=DIRECTION('',(-8.13352195303312E-17,-0.766044443119014,-0.642787609686496));
#8847=DIRECTION('',(1.,-1.19117518622911E-16,1.54235917735111E-17));
#8848=DIRECTION('',(0.,-0.642787609686496,0.766044443119014));
#8849=DIRECTION('',(0.,-0.0871557427476576,-0.996194698091746));
#8850=DIRECTION('',(0.,0.996194698091746,-0.0871557427476576));
#8851=DIRECTION('',(0.,-0.087155742747596,-0.996194698091751));
#8852=DIRECTION('',(0.,0.996194698091751,-0.087155742747596));
#8853=DIRECTION('',(0.,0.766044443118944,0.64278760968658));
#8854=DIRECTION('',(0.,0.642787609685076,-0.766044443120206));
#8855=DIRECTION('',(3.52360115406003E-18,-0.766044443119005,-0.642787609686507));
#8856=DIRECTION('',(1.,4.34307920528345E-19,4.9641622471425E-18));
#8857=DIRECTION('',(0.,0.642787609686508,-0.766044443119005));
#8858=DIRECTION('',(-3.52360115405986E-18,-0.642787609686609,0.766044443118919));
#8859=DIRECTION('',(-1.,-4.34307920528345E-19,-4.9641622471425E-18));
#8860=DIRECTION('',(0.,0.76604444311892,0.642787609686609));
#8861=DIRECTION('',(0.,-0.087155742747593,-0.996194698091751));
#8862=DIRECTION('',(0.,0.996194698091751,-0.087155742747593));
#8863=DIRECTION('',(4.9831245404654E-18,-0.0871557427476582,-0.996194698091746));
#8864=DIRECTION('',(0.,0.996194698091746,-0.0871557427476582));
#8865=DIRECTION('',(4.9831245404654E-18,-0.0871557427476582,-0.996194698091746));
#8866=DIRECTION('',(4.9831245404654E-18,-0.0871557427476582,-0.996194698091746));
#8867=DIRECTION('',(0.,0.996194698091746,-0.0871557427476582));
#8868=DIRECTION('',(4.9831245404654E-18,-0.0871557427476582,-0.996194698091746));
#8869=DIRECTION('',(1.,4.34307920528344E-19,4.9641622471425E-18));
#8870=DIRECTION('',(4.9641622471425E-18,0.,-1.));
#8871=DIRECTION('',(4.9831245404654E-18,-0.0871557427476582,-0.996194698091746));
#8872=DIRECTION('',(-1.03732117488738E-33,-0.996194698091746,0.0871557427476582));
#8873=DIRECTION('',(4.9831245404654E-18,-0.0871557427476582,-0.996194698091746));
#8874=DIRECTION('',(0.,0.996194698091746,-0.0871557427476582));
#8875=DIRECTION('',(4.9831245404654E-18,-0.0871557427476582,-0.996194698091746));
#8876=DIRECTION('',(4.9831245404654E-18,-0.0871557427476582,-0.996194698091746));
#8877=DIRECTION('',(0.,0.996194698091746,-0.0871557427476582));
#8878=DIRECTION('',(3.20022653596922E-16,0.996194698091746,-0.0871557427476582));
#8879=DIRECTION('',(0.,0.0871557427476582,0.996194698091746));
#8880=DIRECTION('',(1.,-3.18370562861976E-16,3.28559743174587E-17));
#8881=DIRECTION('',(9.4039548065783E-35,-0.996194698091746,0.0871557427476582));
#8882=DIRECTION('',(0.,-0.0871557427476582,-0.996194698091746));
#8883=DIRECTION('',(4.9831245404654E-18,-0.0871557427476582,-0.996194698091746));
#8884=DIRECTION('',(-1.,-4.34307920528345E-19,-4.9641622471425E-18));
#8885=DIRECTION('',(1.,9.86230766377657E-17,-3.62624190118465E-18));
#8886=DIRECTION('',(-9.86230766377657E-17,1.,0.));
#8887=DIRECTION('',(4.9831245404654E-18,-0.0871557427476582,-0.996194698091746));
#8888=DIRECTION('',(9.85638338623185E-17,-0.996194698091746,0.0871557427476582));
#8889=DIRECTION('',(9.4039548065783E-35,-0.996194698091746,0.0871557427476582));
#8890=DIRECTION('',(0.,-0.0871557427476582,-0.996194698091746));
#8891=DIRECTION('',(-1.,-4.34307920528345E-19,-4.9641622471425E-18));
#8892=DIRECTION('',(1.,4.34307920528345E-19,4.9641622471425E-18));
#8893=DIRECTION('',(4.9641622471425E-18,0.,-1.));
#8894=DIRECTION('',(-1.38309489984983E-34,-0.996194698091746,0.0871557427476582));
#8895=DIRECTION('',(4.9831245404654E-18,-0.0871557427476582,-0.996194698091746));
#8896=DIRECTION('',(-1.38309489984983E-34,-0.996194698091746,0.0871557427476582));
#8897=DIRECTION('',(4.9831245404654E-18,-0.0871557427476582,-0.996194698091746));
#8898=DIRECTION('',(4.9831245404654E-18,-0.0871557427476582,-0.996194698091746));
#8899=DIRECTION('',(0.,0.996194698091746,-0.0871557427476582));
#8900=DIRECTION('',(4.9831245404654E-18,-0.0871557427476582,-0.996194698091746));
#8901=DIRECTION('',(0.,0.996194698091746,-0.0871557427476582));
#8902=DIRECTION('',(4.9831245404654E-18,-0.0871557427476582,-0.996194698091746));
#8903=DIRECTION('',(4.9831245404654E-18,-0.0871557427476582,-0.996194698091746));
#8904=DIRECTION('',(0.,0.996194698091746,-0.0871557427476582));
#8905=DIRECTION('',(-9.4039548065783E-35,0.996194698091746,-0.0871557427476582));
#8906=DIRECTION('',(0.,0.0871557427476582,0.996194698091746));
#8907=DIRECTION('',(1.,4.34307920528345E-19,4.9641622471425E-18));
#8908=DIRECTION('',(4.9831245404654E-18,-0.0871557427476582,-0.996194698091746));
#8909=DIRECTION('',(1.,4.34307920528345E-19,4.9641622471425E-18));
#8910=DIRECTION('',(1.,4.34307920528344E-19,4.9641622471425E-18));
#8911=DIRECTION('',(4.9641622471425E-18,0.,-1.));
#8912=DIRECTION('',(-2.76618979969967E-34,-0.996194698091746,0.0871557427476582));
#8913=DIRECTION('',(4.9831245404654E-18,-0.0871557427476582,-0.996194698091746));
#8914=DIRECTION('',(-2.76618979969967E-34,-0.996194698091746,0.0871557427476582));
#8915=DIRECTION('',(-9.4039548065783E-35,0.996194698091746,-0.0871557427476582));
#8916=DIRECTION('',(0.,0.0871557427476582,0.996194698091746));
#8917=DIRECTION('',(1.,4.34307920528345E-19,4.9641622471425E-18));
#8918=DIRECTION('',(4.9831245404654E-18,-0.0871557427476582,-0.996194698091746));
#8919=DIRECTION('',(1.,4.34307920528345E-19,4.9641622471425E-18));
#8920=DIRECTION('',(4.9831245404654E-18,-0.0871557427476582,-0.996194698091746));
#8921=DIRECTION('',(0.,0.996194698091746,-0.0871557427476582));
#8922=DIRECTION('',(4.9831245404654E-18,-0.0871557427476582,-0.996194698091746));
#8923=DIRECTION('',(0.,0.996194698091746,-0.0871557427476582));
#8924=DIRECTION('',(4.9831245404654E-18,-0.0871557427476582,-0.996194698091746));
#8925=DIRECTION('',(0.,0.996194698091746,-0.0871557427476582));
#8926=DIRECTION('',(9.4039548065783E-35,-0.996194698091746,0.0871557427476582));
#8927=DIRECTION('',(0.,-0.0871557427476582,-0.996194698091746));
#8928=DIRECTION('',(-1.,-4.34307920528345E-19,-4.9641622471425E-18));
#8929=DIRECTION('',(4.9831245404654E-18,-0.0871557427476582,-0.996194698091746));
#8930=DIRECTION('',(1.,4.34307920528345E-19,4.9641622471425E-18));
#8931=DIRECTION('',(9.4039548065783E-35,-0.996194698091746,0.0871557427476582));
#8932=DIRECTION('',(0.,-0.0871557427476582,-0.996194698091746));
#8933=DIRECTION('',(4.9831245404654E-18,-0.0871557427476582,-0.996194698091746));
#8934=DIRECTION('',(-1.,-4.34307920528345E-19,-4.9641622471425E-18));
#8935=DIRECTION('',(4.9831245404654E-18,-0.0871557427476582,-0.996194698091746));
#8936=DIRECTION('',(1.,4.34307920528344E-19,4.9641622471425E-18));
#8937=DIRECTION('',(4.9641622471425E-18,0.,-1.));
#8938=DIRECTION('',(4.9831245404654E-18,-0.0871557427476582,-0.996194698091746));
#8939=DIRECTION('',(-2.76618979969967E-34,-0.996194698091746,0.0871557427476582));
#8940=DIRECTION('',(-9.4039548065783E-35,0.996194698091746,-0.0871557427476582));
#8941=DIRECTION('',(0.,0.0871557427476582,0.996194698091746));
#8942=DIRECTION('',(4.9831245404654E-18,-0.0871557427476582,-0.996194698091746));
#8943=DIRECTION('',(1.,4.34307920528345E-19,4.9641622471425E-18));
#8944=DIRECTION('',(1.,4.34307920528345E-19,4.9641622471425E-18));
#8945=DIRECTION('',(4.9641622471425E-18,0.,-1.));
#8946=DIRECTION('',(4.9831245404654E-18,-0.0871557427476582,-0.996194698091746));
#8947=DIRECTION('',(3.45773724962459E-34,-0.996194698091746,0.0871557427476582));
#8948=DIRECTION('',(4.9831245404654E-18,-0.0871557427476582,-0.996194698091746));
#8949=DIRECTION('',(-1.64192145313385E-16,-0.996194698091746,0.0871557427476582));
#8950=DIRECTION('',(0.,-0.0871557427476582,-0.996194698091746));
#8951=DIRECTION('',(4.9831245404654E-18,-0.0871557427476582,-0.996194698091746));
#8952=DIRECTION('',(-1.,1.63133036708975E-16,-1.9274450625262E-17));
#8953=DIRECTION('',(4.9831245404654E-18,-0.0871557427476582,-0.996194698091746));
#8954=DIRECTION('',(0.,0.996194698091746,-0.0871557427476582));
#8955=DIRECTION('',(4.9831245404654E-18,-0.0871557427476582,-0.996194698091746));
#8956=DIRECTION('',(0.,0.996194698091746,-0.0871557427476582));
#8957=DIRECTION('',(4.9831245404654E-18,-0.0871557427476582,-0.996194698091746));
#8958=DIRECTION('',(0.,0.996194698091746,-0.0871557427476582));
#8959=DIRECTION('',(4.9831245404654E-18,-0.0871557427476582,-0.996194698091746));
#8960=DIRECTION('',(4.9831245404654E-18,-0.0871557427476582,-0.996194698091746));
#8961=DIRECTION('',(0.,0.996194698091746,-0.0871557427476582));
#8962=DIRECTION('',(9.4039548065783E-35,-0.996194698091746,0.0871557427476582));
#8963=DIRECTION('',(0.,-0.0871557427476582,-0.996194698091746));
#8964=DIRECTION('',(4.9831245404654E-18,-0.0871557427476582,-0.996194698091746));
#8965=DIRECTION('',(-1.,-4.34307920528345E-19,-4.9641622471425E-18));
#8966=DIRECTION('',(1.,4.34307920528351E-19,4.9641622471425E-18));
#8967=DIRECTION('',(4.9641622471425E-18,0.,-1.));
#8968=DIRECTION('',(4.9831245404654E-18,-0.0871557427476582,-0.996194698091746));
#8969=DIRECTION('',(5.80899857936931E-33,-0.996194698091746,0.0871557427476582));
#8970=DIRECTION('',(-9.4039548065783E-35,0.996194698091746,-0.0871557427476582));
#8971=DIRECTION('',(0.,0.0871557427476582,0.996194698091746));
#8972=DIRECTION('',(4.9831245404654E-18,-0.0871557427476582,-0.996194698091746));
#8973=DIRECTION('',(1.,4.34307920528345E-19,4.9641622471425E-18));
#8974=DIRECTION('',(1.,4.34307920528351E-19,4.9641622471425E-18));
#8975=DIRECTION('',(4.9641622471425E-18,0.,-1.));
#8976=DIRECTION('',(4.9831245404654E-18,-0.0871557427476582,-0.996194698091746));
#8977=DIRECTION('',(5.80899857936931E-33,-0.996194698091746,0.0871557427476582));
#8978=DIRECTION('',(9.4039548065783E-35,-0.996194698091746,0.0871557427476582));
#8979=DIRECTION('',(0.,-0.0871557427476582,-0.996194698091746));
#8980=DIRECTION('',(4.9831245404654E-18,-0.0871557427476582,-0.996194698091746));
#8981=DIRECTION('',(-1.,-4.34307920528345E-19,-4.9641622471425E-18));
#8982=DIRECTION('',(4.9831245404654E-18,-0.0871557427476582,-0.996194698091746));
#8983=DIRECTION('',(0.,0.996194698091746,-0.0871557427476582));
#8984=DIRECTION('',(4.9831245404654E-18,-0.0871557427476582,-0.996194698091746));
#8985=DIRECTION('',(0.,0.996194698091746,-0.0871557427476582));
#8986=DIRECTION('',(4.9831245404654E-18,-0.0871557427476582,-0.996194698091746));
#8987=DIRECTION('',(0.,0.996194698091746,-0.0871557427476582));
#8988=DIRECTION('',(4.9831245404654E-18,-0.0871557427476582,-0.996194698091746));
#8989=DIRECTION('',(4.9831245404654E-18,-0.0871557427476582,-0.996194698091746));
#8990=DIRECTION('',(0.,0.996194698091746,-0.0871557427476582));
#8991=DIRECTION('',(-1.64192145313385E-16,-0.996194698091746,0.0871557427476582));
#8992=DIRECTION('',(0.,-0.0871557427476582,-0.996194698091746));
#8993=DIRECTION('',(4.9831245404654E-18,-0.0871557427476582,-0.996194698091746));
#8994=DIRECTION('',(-1.,1.63133036708975E-16,-1.9274450625262E-17));
#8995=DIRECTION('',(1.,4.34307920528345E-19,4.9641622471425E-18));
#8996=DIRECTION('',(4.9641622471425E-18,0.,-1.));
#8997=DIRECTION('',(4.9831245404654E-18,-0.0871557427476582,-0.996194698091746));
#8998=DIRECTION('',(3.45773724962459E-34,-0.996194698091746,0.0871557427476582));
#8999=DIRECTION('',(-9.4039548065783E-35,0.996194698091746,-0.0871557427476582));
#9000=DIRECTION('',(0.,0.0871557427476582,0.996194698091746));
#9001=DIRECTION('',(1.,4.34307920528345E-19,4.9641622471425E-18));
#9002=DIRECTION('',(1.,4.34307920528353E-19,4.9641622471425E-18));
#9003=DIRECTION('',(4.9641622471425E-18,0.,-1.));
#9004=DIRECTION('',(8.29856939909901E-33,-0.996194698091746,0.0871557427476582));
#9005=DIRECTION('',(4.9831245404654E-18,-0.0871557427476582,-0.996194698091746));
#9006=DIRECTION('',(1.,4.34307920528345E-19,4.9641622471425E-18));
#9007=DIRECTION('',(-4.80033980395383E-16,-0.996194698091746,0.0871557427476582));
#9008=DIRECTION('',(0.,-0.0871557427476582,-0.996194698091746));
#9009=DIRECTION('',(4.9831245404654E-18,-0.0871557427476582,-0.996194698091746));
#9010=DIRECTION('',(-1.,4.77772998253229E-16,-4.68018803526169E-17));
#9011=DIRECTION('',(4.9831245404654E-18,-0.0871557427476582,-0.996194698091746));
#9012=DIRECTION('',(0.,0.996194698091746,-0.0871557427476582));
#9013=DIRECTION('',(4.9831245404654E-18,-0.0871557427476582,-0.996194698091746));
#9014=DIRECTION('',(4.9831245404654E-18,-0.0871557427476582,-0.996194698091746));
#9015=DIRECTION('',(0.,0.996194698091746,-0.0871557427476582));
#9016=DIRECTION('',(1.,4.34307920528344E-19,4.9641622471425E-18));
#9017=DIRECTION('',(4.9641622471425E-18,0.,-1.));
#9018=DIRECTION('',(4.9831245404654E-18,-0.0871557427476582,-0.996194698091746));
#9019=DIRECTION('',(-1.17563066487236E-33,-0.996194698091746,0.0871557427476582));
#9020=DIRECTION('',(4.9831245404654E-18,-0.0871557427476582,-0.996194698091746));
#9021=DIRECTION('',(0.,0.996194698091746,-0.0871557427476582));
#9022=DIRECTION('',(4.9831245404654E-18,-0.0871557427476582,-0.996194698091746));
#9023=DIRECTION('',(4.9831245404654E-18,-0.0871557427476582,-0.996194698091746));
#9024=DIRECTION('',(0.,0.996194698091746,-0.0871557427476582));
#9025=DIRECTION('',(3.20022653596922E-16,0.996194698091746,-0.0871557427476582));
#9026=DIRECTION('',(0.,0.0871557427476582,0.996194698091746));
#9027=DIRECTION('',(1.,-3.18370562861976E-16,3.28559743174588E-17));
#9028=DIRECTION('',(-9.4039548065783E-35,0.996194698091746,-0.0871557427476582));
#9029=DIRECTION('',(0.,0.0871557427476582,0.996194698091746));
#9030=DIRECTION('',(4.9831245404654E-18,-0.0871557427476582,-0.996194698091746));
#9031=DIRECTION('',(1.,4.34307920528345E-19,4.9641622471425E-18));
#9032=DIRECTION('',(1.,4.34307920528345E-19,4.9641622471425E-18));
#9033=DIRECTION('',(4.9641622471425E-18,0.,-1.));
#9034=DIRECTION('',(4.9831245404654E-18,-0.0871557427476582,-0.996194698091746));
#9035=DIRECTION('',(6.91547449924918E-35,-0.996194698091746,0.0871557427476582));
#9036=DIRECTION('',(-9.4039548065783E-35,0.996194698091746,-0.0871557427476582));
#9037=DIRECTION('',(0.,0.0871557427476582,0.996194698091746));
#9038=DIRECTION('',(1.,4.34307920528345E-19,4.9641622471425E-18));
#9039=DIRECTION('',(4.9831245404654E-18,-0.0871557427476582,-0.996194698091746));
#9040=DIRECTION('',(0.,0.996194698091746,-0.0871557427476582));
#9041=DIRECTION('',(4.9831245404654E-18,-0.0871557427476582,-0.996194698091746));
#9042=DIRECTION('',(0.,0.996194698091746,-0.0871557427476582));
#9043=DIRECTION('',(4.9831245404654E-18,-0.0871557427476582,-0.996194698091746));
#9044=DIRECTION('',(4.9831245404654E-18,-0.0871557427476582,-0.996194698091746));
#9045=DIRECTION('',(0.,0.996194698091746,-0.0871557427476582));
#9046=DIRECTION('',(4.9831245404654E-18,-0.0871557427476582,-0.996194698091746));
#9047=DIRECTION('',(9.4039548065783E-35,-0.996194698091746,0.0871557427476582));
#9048=DIRECTION('',(0.,-0.0871557427476582,-0.996194698091746));
#9049=DIRECTION('',(-1.,-4.34307920528345E-19,-4.9641622471425E-18));
#9050=DIRECTION('',(4.9831245404654E-18,-0.0871557427476582,-0.996194698091746));
#9051=DIRECTION('',(-1.,-4.34307920528345E-19,-4.9641622471425E-18));
#9052=DIRECTION('',(1.,4.34307920528345E-19,4.9641622471425E-18));
#9053=DIRECTION('',(4.9641622471425E-18,0.,-1.));
#9054=DIRECTION('',(6.91547449924918E-35,-0.996194698091746,0.0871557427476582));
#9055=DIRECTION('',(4.9831245404654E-18,-0.0871557427476582,-0.996194698091746));
#9056=DIRECTION('',(6.91547449924918E-35,-0.996194698091746,0.0871557427476582));
#9057=DIRECTION('',(9.4039548065783E-35,-0.996194698091746,0.0871557427476582));
#9058=DIRECTION('',(0.,-0.0871557427476582,-0.996194698091746));
#9059=DIRECTION('',(-1.,-4.34307920528345E-19,-4.9641622471425E-18));
#9060=DIRECTION('',(4.9831245404654E-18,-0.0871557427476582,-0.996194698091746));
#9061=DIRECTION('',(-1.,-4.34307920528345E-19,-4.9641622471425E-18));
#9062=DIRECTION('',(4.9831245404654E-18,-0.0871557427476582,-0.996194698091746));
#9063=DIRECTION('',(0.,0.996194698091746,-0.0871557427476582));
#9064=DIRECTION('',(4.9831245404654E-18,-0.0871557427476582,-0.996194698091746));
#9065=DIRECTION('',(0.,0.996194698091746,-0.0871557427476582));
#9066=DIRECTION('',(4.9831245404654E-18,-0.0871557427476582,-0.996194698091746));
#9067=DIRECTION('',(4.9831245404654E-18,-0.0871557427476582,-0.996194698091746));
#9068=DIRECTION('',(0.,0.996194698091746,-0.0871557427476582));
#9069=DIRECTION('',(1.,4.34307920528344E-19,4.9641622471425E-18));
#9070=DIRECTION('',(4.9641622471425E-18,0.,-1.));
#9071=DIRECTION('',(-1.17563066487236E-33,-0.996194698091746,0.0871557427476582));
#9072=DIRECTION('',(-1.17563066487236E-33,-0.996194698091746,0.0871557427476582));
#9073=DIRECTION('',(4.9831245404654E-18,-0.0871557427476582,-0.996194698091746));
#9074=DIRECTION('',(1.,4.34307920528345E-19,4.9641622471425E-18));
#9075=DIRECTION('',(-4.9831245404654E-18,0.0871557427476582,0.996194698091746));
#9076=DIRECTION('',(0.,-0.996194698091746,0.0871557427476582));
#9077=DIRECTION('',(1.,4.34307920528346E-19,4.9641622471425E-18));
#9078=DIRECTION('',(4.9641622471425E-18,0.,-1.));
#9079=DIRECTION('',(4.9831245404654E-18,-0.0871557427476582,-0.996194698091746));
#9080=DIRECTION('',(9.68166429894885E-34,-0.996194698091746,0.0871557427476582));
#9081=DIRECTION('',(4.9831245404654E-18,-0.0871557427476582,-0.996194698091746));
#9082=DIRECTION('',(-9.4039548065783E-35,0.996194698091746,-0.0871557427476582));
#9083=DIRECTION('',(0.,0.0871557427476582,0.996194698091746));
#9084=DIRECTION('',(4.9831245404654E-18,-0.0871557427476582,-0.996194698091746));
#9085=DIRECTION('',(1.,4.34307920528345E-19,4.9641622471425E-18));
#9086=DIRECTION('',(1.,4.34307920528342E-19,4.9641622471425E-18));
#9087=DIRECTION('',(4.9641622471425E-18,0.,-1.));
#9088=DIRECTION('',(4.9831245404654E-18,-0.0871557427476582,-0.996194698091746));
#9089=DIRECTION('',(-2.42041607473721E-33,-0.996194698091746,0.0871557427476582));
#9090=DIRECTION('',(4.9831245404654E-18,-0.0871557427476582,-0.996194698091746));
#9091=DIRECTION('',(0.,0.996194698091746,-0.0871557427476582));
#9092=DIRECTION('',(4.9831245404654E-18,-0.0871557427476582,-0.996194698091746));
#9093=DIRECTION('',(4.9831245404654E-18,-0.0871557427476582,-0.996194698091746));
#9094=DIRECTION('',(0.,0.996194698091746,-0.0871557427476582));
#9095=DIRECTION('',(-9.4039548065783E-35,0.996194698091746,-0.0871557427476582));
#9096=DIRECTION('',(0.,0.0871557427476582,0.996194698091746));
#9097=DIRECTION('',(4.9831245404654E-18,-0.0871557427476582,-0.996194698091746));
#9098=DIRECTION('',(1.,4.34307920528345E-19,4.9641622471425E-18));
#9099=DIRECTION('',(4.9831245404654E-18,-0.0871557427476582,-0.996194698091746));
#9100=DIRECTION('',(0.,0.996194698091746,-0.0871557427476582));
#9101=DIRECTION('',(4.9831245404654E-18,-0.0871557427476582,-0.996194698091746));
#9102=DIRECTION('',(0.,0.996194698091746,-0.0871557427476582));
#9103=DIRECTION('',(4.9831245404654E-18,-0.0871557427476582,-0.996194698091746));
#9104=DIRECTION('',(1.,4.34307920528345E-19,4.9641622471425E-18));
#9105=DIRECTION('',(-9.4039548065783E-35,0.996194698091746,-0.0871557427476582));
#9106=DIRECTION('',(0.,0.0871557427476582,0.996194698091746));
#9107=DIRECTION('',(4.9831245404654E-18,-0.0871557427476582,-0.996194698091746));
#9108=DIRECTION('',(1.,4.34307920528345E-19,4.9641622471425E-18));
#9109=DIRECTION('',(4.9831245404654E-18,-0.0871557427476582,-0.996194698091746));
#9110=DIRECTION('',(1.,4.34307920528344E-19,4.9641622471425E-18));
#9111=DIRECTION('',(4.9641622471425E-18,0.,-1.));
#9112=DIRECTION('',(4.9831245404654E-18,-0.0871557427476582,-0.996194698091746));
#9113=DIRECTION('',(-1.17563066487236E-33,-0.996194698091746,0.0871557427476582));
#9114=DIRECTION('',(4.9831245404654E-18,-0.0871557427476582,-0.996194698091746));
#9115=DIRECTION('',(0.,0.996194698091746,-0.0871557427476582));
#9116=DIRECTION('',(4.9831245404654E-18,-0.0871557427476582,-0.996194698091746));
#9117=DIRECTION('',(4.9831245404654E-18,-0.0871557427476582,-0.996194698091746));
#9118=DIRECTION('',(0.,0.996194698091746,-0.0871557427476582));
#9119=DIRECTION('',(-9.4039548065783E-35,0.996194698091746,-0.0871557427476582));
#9120=DIRECTION('',(0.,0.0871557427476582,0.996194698091746));
#9121=DIRECTION('',(4.9831245404654E-18,-0.0871557427476582,-0.996194698091746));
#9122=DIRECTION('',(1.,4.34307920528345E-19,4.9641622471425E-18));
#9123=DIRECTION('',(4.9831245404654E-18,-0.0871557427476582,-0.996194698091746));
#9124=DIRECTION('',(0.,0.996194698091746,-0.0871557427476582));
#9125=DIRECTION('',(4.9831245404654E-18,-0.0871557427476582,-0.996194698091746));
#9126=DIRECTION('',(4.9831245404654E-18,-0.0871557427476582,-0.996194698091746));
#9127=DIRECTION('',(0.,0.996194698091746,-0.0871557427476582));
#9128=DIRECTION('',(1.,4.34307920528344E-19,4.9641622471425E-18));
#9129=DIRECTION('',(4.9641622471425E-18,0.,-1.));
#9130=DIRECTION('',(-1.17563066487236E-33,-0.996194698091746,0.0871557427476582));
#9131=DIRECTION('',(4.9831245404654E-18,-0.0871557427476582,-0.996194698091746));
#9132=DIRECTION('',(1.,4.34307920528345E-19,4.9641622471425E-18));
#9133=DIRECTION('',(-4.9831245404654E-18,0.0871557427476582,0.996194698091746));
#9134=DIRECTION('',(0.,-0.996194698091746,0.0871557427476582));
#9135=DIRECTION('',(-9.4039548065783E-35,0.996194698091746,-0.0871557427476582));
#9136=DIRECTION('',(0.,0.0871557427476582,0.996194698091746));
#9137=DIRECTION('',(1.,4.34307920528345E-19,4.9641622471425E-18));
#9138=DIRECTION('',(4.9831245404654E-18,-0.0871557427476582,-0.996194698091746));
#9139=DIRECTION('',(1.,4.34307920528345E-19,4.9641622471425E-18));
#9140=DIRECTION('',(4.9831245404654E-18,-0.0871557427476582,-0.996194698091746));
#9141=DIRECTION('',(1.,4.34307920528344E-19,4.9641622471425E-18));
#9142=DIRECTION('',(4.9641622471425E-18,0.,-1.));
#9143=DIRECTION('',(-1.17563066487236E-33,-0.996194698091746,0.0871557427476582));
#9144=DIRECTION('',(4.9831245404654E-18,-0.0871557427476582,-0.996194698091746));
#9145=DIRECTION('',(-1.17563066487236E-33,-0.996194698091746,0.0871557427476582));
#9146=DIRECTION('',(-9.4039548065783E-35,0.996194698091746,-0.0871557427476582));
#9147=DIRECTION('',(0.,0.0871557427476582,0.996194698091746));
#9148=DIRECTION('',(1.,4.34307920528345E-19,4.9641622471425E-18));
#9149=DIRECTION('',(4.9831245404654E-18,-0.0871557427476582,-0.996194698091746));
#9150=DIRECTION('',(1.,4.34307920528345E-19,4.9641622471425E-18));
#9151=DIRECTION('',(1.,4.34307920528345E-19,4.9641622471425E-18));
#9152=DIRECTION('',(4.9641622471425E-18,0.,-1.));
#9153=DIRECTION('',(4.9831245404654E-18,-0.0871557427476582,-0.996194698091746));
#9154=DIRECTION('',(3.45773724962459E-34,-0.996194698091746,0.0871557427476582));
#9155=DIRECTION('',(4.9831245404654E-18,-0.0871557427476582,-0.996194698091746));
#9156=DIRECTION('',(-9.4039548065783E-35,0.996194698091746,-0.0871557427476582));
#9157=DIRECTION('',(0.,0.0871557427476582,0.996194698091746));
#9158=DIRECTION('',(4.9831245404654E-18,-0.0871557427476582,-0.996194698091746));
#9159=DIRECTION('',(1.,4.34307920528345E-19,4.9641622471425E-18));
#9160=DIRECTION('',(1.,4.34307920528345E-19,4.9641622471425E-18));
#9161=DIRECTION('',(4.9641622471425E-18,0.,-1.));
#9162=DIRECTION('',(4.9831245404654E-18,-0.0871557427476582,-0.996194698091746));
#9163=DIRECTION('',(3.45773724962459E-34,-0.996194698091746,0.0871557427476582));
#9164=DIRECTION('',(-9.4039548065783E-35,0.996194698091746,-0.0871557427476582));
#9165=DIRECTION('',(0.,0.0871557427476582,0.996194698091746));
#9166=DIRECTION('',(1.,4.34307920528345E-19,4.9641622471425E-18));
#9167=DIRECTION('',(1.,4.34307920528344E-19,4.9641622471425E-18));
#9168=DIRECTION('',(4.9641622471425E-18,0.,-1.));
#9169=DIRECTION('',(-1.17563066487236E-33,-0.996194698091746,0.0871557427476582));
#9170=DIRECTION('',(-1.17563066487236E-33,-0.996194698091746,0.0871557427476582));
#9171=DIRECTION('',(4.9831245404654E-18,-0.0871557427476582,-0.996194698091746));
#9172=DIRECTION('',(1.,4.34307920528345E-19,4.9641622471425E-18));
#9173=DIRECTION('',(-9.4039548065783E-35,0.996194698091746,-0.0871557427476582));
#9174=DIRECTION('',(0.,0.0871557427476582,0.996194698091746));
#9175=DIRECTION('',(1.,4.34307920528345E-19,4.9641622471425E-18));
#9176=DIRECTION('',(4.9831245404654E-18,-0.0871557427476582,-0.996194698091746));
#9177=DIRECTION('',(1.,4.34307920528345E-19,4.9641622471425E-18));
#9178=DIRECTION('',(4.9831245404654E-18,-0.0871557427476582,-0.996194698091746));
#9179=DIRECTION('',(1.,4.34307920528347E-19,4.9641622471425E-18));
#9180=DIRECTION('',(4.9641622471425E-18,0.,-1.));
#9181=DIRECTION('',(2.07464234977475E-33,-0.996194698091746,0.0871557427476582));
#9182=DIRECTION('',(4.9831245404654E-18,-0.0871557427476582,-0.996194698091746));
#9183=DIRECTION('',(2.07464234977475E-33,-0.996194698091746,0.0871557427476582));
#9184=DIRECTION('',(-9.4039548065783E-35,0.996194698091746,-0.0871557427476582));
#9185=DIRECTION('',(0.,0.0871557427476582,0.996194698091746));
#9186=DIRECTION('',(1.,4.34307920528345E-19,4.9641622471425E-18));
#9187=DIRECTION('',(4.9831245404654E-18,-0.0871557427476582,-0.996194698091746));
#9188=DIRECTION('',(1.,4.34307920528345E-19,4.9641622471425E-18));
#9189=DIRECTION('',(1.,4.34307920528345E-19,4.9641622471425E-18));
#9190=DIRECTION('',(4.9641622471425E-18,0.,-1.));
#9191=DIRECTION('',(4.9831245404654E-18,-0.0871557427476582,-0.996194698091746));
#9192=DIRECTION('',(1.38309489984983E-34,-0.996194698091746,0.0871557427476582));
#9193=DIRECTION('',(4.9831245404654E-18,-0.0871557427476582,-0.996194698091746));
#9194=DIRECTION('',(-3.45624465884676E-16,0.996194698091746,-0.0871557427476582));
#9195=DIRECTION('',(0.,0.0871557427476582,0.996194698091746));
#9196=DIRECTION('',(4.9831245404654E-18,-0.0871557427476582,-0.996194698091746));
#9197=DIRECTION('',(1.,3.44743568365634E-16,-2.51589947887991E-17));
#9198=DIRECTION('',(1.,4.34307920528345E-19,4.9641622471425E-18));
#9199=DIRECTION('',(4.9641622471425E-18,0.,-1.));
#9200=DIRECTION('',(4.9831245404654E-18,-0.0871557427476582,-0.996194698091746));
#9201=DIRECTION('',(1.38309489984983E-34,-0.996194698091746,0.0871557427476582));
#9202=DIRECTION('',(-9.4039548065783E-35,0.996194698091746,-0.0871557427476582));
#9203=DIRECTION('',(0.,0.0871557427476582,0.996194698091746));
#9204=DIRECTION('',(1.,4.34307920528345E-19,4.9641622471425E-18));
#9205=DIRECTION('',(1.,4.34307920528347E-19,4.9641622471425E-18));
#9206=DIRECTION('',(4.9641622471425E-18,0.,-1.));
#9207=DIRECTION('',(2.07464234977475E-33,-0.996194698091746,0.0871557427476582));
#9208=DIRECTION('',(2.07464234977475E-33,-0.996194698091746,0.0871557427476582));
#9209=DIRECTION('',(4.9831245404654E-18,-0.0871557427476582,-0.996194698091746));
#9210=DIRECTION('',(1.,4.34307920528345E-19,4.9641622471425E-18));
#9211=DIRECTION('',(-1.,-4.34307920528346E-19,-4.9641622471425E-18));
#9212=DIRECTION('',(-4.9641622471425E-18,0.,1.));
#9213=DIRECTION('',(4.9831245404654E-18,-0.0871557427476582,-0.996194698091746));
#9214=DIRECTION('',(-8.29856939909901E-34,0.996194698091746,-0.0871557427476582));
#9215=DIRECTION('',(4.9831245404654E-18,-0.0871557427476582,-0.996194698091746));
#9216=DIRECTION('',(9.4039548065783E-35,-0.996194698091746,0.0871557427476582));
#9217=DIRECTION('',(0.,-0.0871557427476582,-0.996194698091746));
#9218=DIRECTION('',(4.9831245404654E-18,-0.0871557427476582,-0.996194698091746));
#9219=DIRECTION('',(-1.,-4.34307920528345E-19,-4.9641622471425E-18));
#9220=DIRECTION('',(-1.,-4.34307920528346E-19,-4.9641622471425E-18));
#9221=DIRECTION('',(-4.9641622471425E-18,0.,1.));
#9222=DIRECTION('',(4.9831245404654E-18,-0.0871557427476582,-0.996194698091746));
#9223=DIRECTION('',(-8.29856939909901E-34,0.996194698091746,-0.0871557427476582));
#9224=DIRECTION('',(-1.17559342137645E-16,-0.996194698091746,0.0871557427476582));
#9225=DIRECTION('',(0.,-0.0871557427476582,-0.996194698091746));
#9226=DIRECTION('',(-1.,1.16677685428147E-16,-1.5210134028075E-17));
#9227=DIRECTION('',(4.9831245404654E-18,-0.0871557427476582,-0.996194698091746));
#9228=DIRECTION('',(1.,4.34307920528345E-19,4.9641622471425E-18));
#9229=DIRECTION('',(4.9831245404654E-18,-0.0871557427476582,-0.996194698091746));
#9230=DIRECTION('',(-1.,1.21564356914034E-16,-1.56376623854655E-17));
#9231=DIRECTION('',(4.9831245404654E-18,-0.0871557427476582,-0.996194698091746));
#9232=DIRECTION('',(1.,4.34307920528345E-19,4.9641622471425E-18));
#9233=DIRECTION('',(-4.9831245404654E-18,0.0871557427476582,0.996194698091746));
#9234=DIRECTION('',(0.,-0.996194698091746,0.0871557427476582));
#9235=DIRECTION('',(-4.9831245404654E-18,0.0871557427476582,0.996194698091746));
#9236=DIRECTION('',(0.,-0.996194698091746,0.0871557427476582));
#9237=DIRECTION('',(0.707106781186527,-0.70441602640278,0.0616284167162212));
#9238=DIRECTION('',(0.705757556807973,0.708453436019927,0.));
#9239=DIRECTION('',(4.9831245404654E-18,-0.0871557427476582,-0.996194698091746));
#9240=DIRECTION('',(-0.707106781186569,-0.704416026402738,0.0616284167162175));
#9241=DIRECTION('',(4.9831245404654E-18,-0.0871557427476582,-0.996194698091746));
#9242=DIRECTION('',(9.4039548065783E-35,-0.996194698091746,0.0871557427476582));
#9243=DIRECTION('',(0.,-0.0871557427476582,-0.996194698091746));
#9244=DIRECTION('',(4.9831245404654E-18,-0.0871557427476582,-0.996194698091746));
#9245=DIRECTION('',(-1.,-4.34307920528345E-19,-4.9641622471425E-18));
#9246=DIRECTION('',(-1.,-4.34307920528345E-19,-4.9641622471425E-18));
#9247=DIRECTION('',(-4.9641622471425E-18,0.,1.));
#9248=DIRECTION('',(4.9831245404654E-18,-0.0871557427476582,-0.996194698091746));
#9249=DIRECTION('',(0.,0.996194698091746,-0.0871557427476582));
#9250=DIRECTION('',(-9.4039548065783E-35,0.996194698091746,-0.0871557427476582));
#9251=DIRECTION('',(0.,0.0871557427476582,0.996194698091746));
#9252=DIRECTION('',(4.9831245404654E-18,-0.0871557427476582,-0.996194698091746));
#9253=DIRECTION('',(1.,4.34307920528345E-19,4.9641622471425E-18));
#9254=DIRECTION('',(0.707106781186557,0.704416026402749,-0.0616284167162185));
#9255=DIRECTION('',(-0.705757556807942,0.708453436019958,0.));
#9256=DIRECTION('',(4.9831245404654E-18,-0.0871557427476582,-0.996194698091746));
#9257=DIRECTION('',(0.707106781186538,-0.704416026402768,0.0616284167162202));
#9258=DIRECTION('',(1.,4.34307920528347E-19,4.9641622471425E-18));
#9259=DIRECTION('',(4.9641622471425E-18,0.,-1.));
#9260=DIRECTION('',(4.9831245404654E-18,-0.0871557427476582,-0.996194698091746));
#9261=DIRECTION('',(2.28210658475223E-33,-0.996194698091746,0.0871557427476582));
#9262=DIRECTION('',(0.780884234154913,-0.622298686291507,0.0544440803775822));
#9263=DIRECTION('',(0.623223037521983,0.782044145494276,0.));
#9264=DIRECTION('',(4.9831245404654E-18,-0.0871557427476582,-0.996194698091746));
#9265=DIRECTION('',(-0.624675766176579,-0.777912733888557,0.0680585454277077));
#9266=DIRECTION('',(9.4039548065783E-35,-0.996194698091746,0.0871557427476582));
#9267=DIRECTION('',(0.,-0.0871557427476582,-0.996194698091746));
#9268=DIRECTION('',(4.9831245404654E-18,-0.0871557427476582,-0.996194698091746));
#9269=DIRECTION('',(-1.,-4.34307920528345E-19,-4.9641622471425E-18));
#9270=DIRECTION('',(0.422886134963473,-0.902734528257155,0.0789790373959241));
#9271=DIRECTION('',(0.905563257028077,0.424211253411201,0.));
#9272=DIRECTION('',(4.9831245404654E-18,-0.0871557427476582,-0.996194698091746));
#9273=DIRECTION('',(-0.906182827499868,-0.421276925547122,0.0368569551904279));
#9274=DIRECTION('',(0.882353930262067,-0.468795657501249,0.0410143055415411));
#9275=DIRECTION('',(0.469190453416984,0.883097003970892,0.));
#9276=DIRECTION('',(4.9831245404654E-18,-0.0871557427476582,-0.996194698091746));
#9277=DIRECTION('',(-0.47058638075393,-0.878996307167485,0.0769022121583059));
#9278=DIRECTION('',(1.,4.34307920528345E-19,4.9641622471425E-18));
#9279=DIRECTION('',(4.9641622471425E-18,0.,-1.));
#9280=DIRECTION('',(4.9831245404654E-18,-0.0871557427476582,-0.996194698091746));
#9281=DIRECTION('',(2.76618979969967E-34,-0.996194698091746,0.0871557427476582));
#9282=DIRECTION('',(0.916157268381163,0.399293748815184,-0.0349336764380965));
#9283=DIRECTION('',(-0.399537613449131,0.916716802201952,0.));
#9284=DIRECTION('',(4.9831245404654E-18,-0.0871557427476582,-0.996194698091746));
#9285=DIRECTION('',(0.400818986067732,-0.912671013379531,0.0798483671994259));
#9286=DIRECTION('',(0.490262286945943,0.868258342197093,-0.0759627619540581));
#9287=DIRECTION('',(-0.87077430938367,0.491682928438026,0.));
#9288=DIRECTION('',(4.9831245404654E-18,-0.0871557427476582,-0.996194698091746));
#9289=DIRECTION('',(0.871574948009943,-0.488396690929882,0.0427291737599392));
#9290=DIRECTION('',(-9.4039548065783E-35,0.996194698091746,-0.0871557427476582));
#9291=DIRECTION('',(0.,0.0871557427476582,0.996194698091746));
#9292=DIRECTION('',(4.9831245404654E-18,-0.0871557427476582,-0.996194698091746));
#9293=DIRECTION('',(1.,4.34307920528345E-19,4.9641622471425E-18));
#9294=DIRECTION('',(0.70710678118654,0.704416026402766,-0.06162841671622));
#9295=DIRECTION('',(-0.705757556807959,0.708453436019941,0.));
#9296=DIRECTION('',(4.9831245404654E-18,-0.0871557427476582,-0.996194698091746));
#9297=DIRECTION('',(0.707106781186555,-0.704416026402752,0.0616284167162188));
#9298=DIRECTION('',(1.,4.34307920528344E-19,4.9641622471425E-18));
#9299=DIRECTION('',(4.9641622471425E-18,0.,-1.));
#9300=DIRECTION('',(4.9831245404654E-18,-0.0871557427476582,-0.996194698091746));
#9301=DIRECTION('',(-7.60702194917409E-34,-0.996194698091746,0.0871557427476582));
#9302=DIRECTION('',(0.780884234154923,-0.622298686291493,0.054444080377581));
#9303=DIRECTION('',(0.62322303752197,0.782044145494287,0.));
#9304=DIRECTION('',(4.9831245404654E-18,-0.0871557427476582,-0.996194698091746));
#9305=DIRECTION('',(-0.624675766176565,-0.777912733888568,0.0680585454277086));
#9306=DIRECTION('',(9.4039548065783E-35,-0.996194698091746,0.0871557427476582));
#9307=DIRECTION('',(0.,-0.0871557427476582,-0.996194698091746));
#9308=DIRECTION('',(4.9831245404654E-18,-0.0871557427476582,-0.996194698091746));
#9309=DIRECTION('',(-1.,-4.34307920528345E-19,-4.9641622471425E-18));
#9310=DIRECTION('',(0.474100436360138,-0.877120312569925,0.0767380838981835));
#9311=DIRECTION('',(0.879714338748328,0.475502557512146,0.));
#9312=DIRECTION('',(4.9831245404654E-18,-0.0871557427476582,-0.996194698091746));
#9313=DIRECTION('',(-0.880470769669912,-0.472296341064952,0.0413205756679566));
#9314=DIRECTION('',(0.928477339134666,-0.369975808244024,0.0323686890001932));
#9315=DIRECTION('',(0.370169778430788,0.928964119402091,0.));
#9316=DIRECTION('',(4.9831245404654E-18,-0.0871557427476582,-0.996194698091746));
#9317=DIRECTION('',(-0.371389055726485,-0.924944202544286,0.0809221321166512));
#9318=DIRECTION('',(1.,4.34307920528346E-19,4.9641622471425E-18));
#9319=DIRECTION('',(4.9641622471425E-18,0.,-1.));
#9320=DIRECTION('',(4.9831245404654E-18,-0.0871557427476582,-0.996194698091746));
#9321=DIRECTION('',(7.60702194917409E-34,-0.996194698091746,0.0871557427476582));
#9322=DIRECTION('',(0.919145545698313,0.392419118043235,-0.0343322241796244));
#9323=DIRECTION('',(-0.392650595219751,0.919687724215984,0.));
#9324=DIRECTION('',(4.9831245404654E-18,-0.0871557427476582,-0.996194698091746));
#9325=DIRECTION('',(0.393918095323064,-0.915647919399304,0.0801088127285381));
#9326=DIRECTION('',(0.524096685580463,0.848417953389522,-0.074226952853449));
#9327=DIRECTION('',(-0.850764894928905,0.525546471357776,0.));
#9328=DIRECTION('',(4.9831245404654E-18,-0.0871557427476582,-0.996194698091746));
#9329=DIRECTION('',(0.85165877214033,-0.522102339462713,0.0456780359033511));
#9330=DIRECTION('',(-9.4039548065783E-35,0.996194698091746,-0.0871557427476582));
#9331=DIRECTION('',(0.,0.0871557427476582,0.996194698091746));
#9332=DIRECTION('',(4.9831245404654E-18,-0.0871557427476582,-0.996194698091746));
#9333=DIRECTION('',(1.,4.34307920528345E-19,4.9641622471425E-18));
#9334=DIRECTION('',(0.780884234154924,0.622298686291492,-0.0544440803775809));
#9335=DIRECTION('',(-0.623223037521968,0.782044145494288,0.));
#9336=DIRECTION('',(4.9831245404654E-18,-0.0871557427476582,-0.996194698091746));
#9337=DIRECTION('',(0.624675766176564,-0.777912733888569,0.0680585454277087));
#9338=DIRECTION('',(1.,4.34307920528342E-19,4.9641622471425E-18));
#9339=DIRECTION('',(4.9641622471425E-18,0.,-1.));
#9340=DIRECTION('',(4.9831245404654E-18,-0.0871557427476582,-0.996194698091746));
#9341=DIRECTION('',(-2.42041607473721E-33,-0.996194698091746,0.0871557427476582));
#9342=DIRECTION('',(0.894381912718107,-0.445602013305545,0.0389851246085632));
#9343=DIRECTION('',(0.445941021652093,0.895062347106551,0.));
#9344=DIRECTION('',(4.9831245404654E-18,-0.0871557427476582,-0.996194698091746));
#9345=DIRECTION('',(-0.447304140605361,-0.890978519518933,0.0779505199030178));
#9346=DIRECTION('',(0.70710678118665,-0.704416026402657,0.0616284167162105));
#9347=DIRECTION('',(0.705757556807849,0.70845343602005,0.));
#9348=DIRECTION('',(4.9831245404654E-18,-0.0871557427476582,-0.996194698091746));
#9349=DIRECTION('',(-0.707106781186445,-0.704416026402861,0.0616284167162283));
#9350=DIRECTION('',(1.,4.34307920528415E-19,4.96416224714249E-18));
#9351=DIRECTION('',(4.96416224714249E-18,0.,-1.));
#9352=DIRECTION('',(7.06069946373341E-32,-0.996194698091746,0.0871557427476582));
#9353=DIRECTION('',(4.9831245404654E-18,-0.0871557427476582,-0.996194698091746));
#9354=DIRECTION('',(1.,4.34307920528345E-19,4.9641622471425E-18));
#9355=DIRECTION('',(0.706927789477292,-0.704594291869736,0.0616440129236781));
#9356=DIRECTION('',(0.705936842972372,0.70827478688303,0.));
#9357=DIRECTION('',(4.9831245404654E-18,-0.0871557427476582,-0.996194698091746));
#9358=DIRECTION('',(-0.707285727598649,-0.704237715810996,0.0616128165608535));
#9359=DIRECTION('',(4.9831245404654E-18,-0.0871557427476582,-0.996194698091746));
#9360=DIRECTION('',(9.4039548065783E-35,-0.996194698091746,0.0871557427476582));
#9361=DIRECTION('',(0.,-0.0871557427476582,-0.996194698091746));
#9362=DIRECTION('',(4.9831245404654E-18,-0.0871557427476582,-0.996194698091746));
#9363=DIRECTION('',(-1.,-4.34307920528345E-19,-4.9641622471425E-18));
#9364=DIRECTION('',(-1.,-4.34307920528345E-19,-4.9641622471425E-18));
#9365=DIRECTION('',(-4.9641622471425E-18,0.,1.));
#9366=DIRECTION('',(4.9831245404654E-18,-0.0871557427476582,-0.996194698091746));
#9367=DIRECTION('',(0.,0.996194698091746,-0.0871557427476582));
#9368=DIRECTION('',(-9.4039548065783E-35,0.996194698091746,-0.0871557427476582));
#9369=DIRECTION('',(0.,0.0871557427476582,0.996194698091746));
#9370=DIRECTION('',(4.9831245404654E-18,-0.0871557427476582,-0.996194698091746));
#9371=DIRECTION('',(1.,4.34307920528345E-19,4.9641622471425E-18));
#9372=DIRECTION('',(0.707106781186557,0.704416026402749,-0.0616284167162185));
#9373=DIRECTION('',(-0.705757556807942,0.708453436019958,0.));
#9374=DIRECTION('',(4.9831245404654E-18,-0.0871557427476582,-0.996194698091746));
#9375=DIRECTION('',(0.707106781186538,-0.704416026402768,0.0616284167162202));
#9376=DIRECTION('',(1.,4.34307920528347E-19,4.9641622471425E-18));
#9377=DIRECTION('',(4.9641622471425E-18,0.,-1.));
#9378=DIRECTION('',(4.9831245404654E-18,-0.0871557427476582,-0.996194698091746));
#9379=DIRECTION('',(2.28210658475223E-33,-0.996194698091746,0.0871557427476582));
#9380=DIRECTION('',(0.780884234154913,-0.622298686291507,0.0544440803775822));
#9381=DIRECTION('',(0.623223037521983,0.782044145494276,0.));
#9382=DIRECTION('',(4.9831245404654E-18,-0.0871557427476582,-0.996194698091746));
#9383=DIRECTION('',(-0.624675766176579,-0.777912733888557,0.0680585454277077));
#9384=DIRECTION('',(9.4039548065783E-35,-0.996194698091746,0.0871557427476582));
#9385=DIRECTION('',(0.,-0.0871557427476582,-0.996194698091746));
#9386=DIRECTION('',(4.9831245404654E-18,-0.0871557427476582,-0.996194698091746));
#9387=DIRECTION('',(-1.,-4.34307920528345E-19,-4.9641622471425E-18));
#9388=DIRECTION('',(0.422886134963473,-0.902734528257155,0.0789790373959241));
#9389=DIRECTION('',(0.905563257028077,0.424211253411201,0.));
#9390=DIRECTION('',(4.9831245404654E-18,-0.0871557427476582,-0.996194698091746));
#9391=DIRECTION('',(-0.906182827499868,-0.421276925547122,0.0368569551904279));
#9392=DIRECTION('',(0.882352693904813,-0.468797966854149,0.04101450758374));
#9393=DIRECTION('',(0.469192768609287,0.883095773902668,0.));
#9394=DIRECTION('',(4.9831245404654E-18,-0.0871557427476582,-0.996194698091746));
#9395=DIRECTION('',(-0.470588698928183,-0.878995075514943,0.076902104402671));
#9396=DIRECTION('',(1.,4.34307920528345E-19,4.9641622471425E-18));
#9397=DIRECTION('',(4.9641622471425E-18,0.,-1.));
#9398=DIRECTION('',(4.9831245404654E-18,-0.0871557427476582,-0.996194698091746));
#9399=DIRECTION('',(2.76618979969967E-34,-0.996194698091746,0.0871557427476582));
#9400=DIRECTION('',(0.916157268381163,0.399293748815184,-0.0349336764380965));
#9401=DIRECTION('',(-0.399537613449131,0.916716802201952,0.));
#9402=DIRECTION('',(4.9831245404654E-18,-0.0871557427476582,-0.996194698091746));
#9403=DIRECTION('',(0.400818986067732,-0.912671013379531,0.0798483671994259));
#9404=DIRECTION('',(0.490261108718657,0.868259002428779,-0.0759628197168459));
#9405=DIRECTION('',(-0.870774975371502,0.491681748966504,0.));
#9406=DIRECTION('',(4.9831245404654E-18,-0.0871557427476582,-0.996194698091746));
#9407=DIRECTION('',(0.871575610763606,-0.488395517186107,0.042729071070665));
#9408=DIRECTION('',(-9.4039548065783E-35,0.996194698091746,-0.0871557427476582));
#9409=DIRECTION('',(0.,0.0871557427476582,0.996194698091746));
#9410=DIRECTION('',(4.9831245404654E-18,-0.0871557427476582,-0.996194698091746));
#9411=DIRECTION('',(1.,4.34307920528345E-19,4.9641622471425E-18));
#9412=DIRECTION('',(0.70710678118654,0.704416026402766,-0.06162841671622));
#9413=DIRECTION('',(-0.705757556807959,0.708453436019941,0.));
#9414=DIRECTION('',(4.9831245404654E-18,-0.0871557427476582,-0.996194698091746));
#9415=DIRECTION('',(0.707106781186555,-0.704416026402752,0.0616284167162188));
#9416=DIRECTION('',(1.,4.34307920528344E-19,4.9641622471425E-18));
#9417=DIRECTION('',(4.9641622471425E-18,0.,-1.));
#9418=DIRECTION('',(4.9831245404654E-18,-0.0871557427476582,-0.996194698091746));
#9419=DIRECTION('',(-7.60702194917409E-34,-0.996194698091746,0.0871557427476582));
#9420=DIRECTION('',(0.780884234154923,-0.622298686291493,0.054444080377581));
#9421=DIRECTION('',(0.62322303752197,0.782044145494287,0.));
#9422=DIRECTION('',(4.9831245404654E-18,-0.0871557427476582,-0.996194698091746));
#9423=DIRECTION('',(-0.624675766176565,-0.777912733888568,0.0680585454277086));
#9424=DIRECTION('',(9.4039548065783E-35,-0.996194698091746,0.0871557427476582));
#9425=DIRECTION('',(0.,-0.0871557427476582,-0.996194698091746));
#9426=DIRECTION('',(4.9831245404654E-18,-0.0871557427476582,-0.996194698091746));
#9427=DIRECTION('',(-1.,-4.34307920528345E-19,-4.9641622471425E-18));
#9428=DIRECTION('',(0.474100436360138,-0.877120312569925,0.0767380838981835));
#9429=DIRECTION('',(0.879714338748328,0.475502557512146,0.));
#9430=DIRECTION('',(4.9831245404654E-18,-0.0871557427476582,-0.996194698091746));
#9431=DIRECTION('',(-0.880470769669912,-0.472296341064952,0.0413205756679566));
#9432=DIRECTION('',(0.928476258717913,-0.369978499009897,0.0323689244117033));
#9433=DIRECTION('',(0.370172473431039,0.928963045505012,0.));
#9434=DIRECTION('',(4.9831245404654E-18,-0.0871557427476582,-0.996194698091746));
#9435=DIRECTION('',(-0.371391756770647,-0.924943126238845,0.0809220379521266));
#9436=DIRECTION('',(1.,4.34307920528346E-19,4.9641622471425E-18));
#9437=DIRECTION('',(4.9641622471425E-18,0.,-1.));
#9438=DIRECTION('',(4.9831245404654E-18,-0.0871557427476582,-0.996194698091746));
#9439=DIRECTION('',(7.60702194917409E-34,-0.996194698091746,0.0871557427476582));
#9440=DIRECTION('',(0.919144342442822,0.392421914953944,-0.0343324688776044));
#9441=DIRECTION('',(-0.392653397082877,0.919686527986181,0.));
#9442=DIRECTION('',(4.9831245404654E-18,-0.0871557427476582,-0.996194698091746));
#9443=DIRECTION('',(0.393920902917518,-0.915646720722563,0.0801087078579121));
#9444=DIRECTION('',(0.524096685580463,0.848417953389522,-0.074226952853449));
#9445=DIRECTION('',(-0.850764894928905,0.525546471357776,0.));
#9446=DIRECTION('',(4.9831245404654E-18,-0.0871557427476582,-0.996194698091746));
#9447=DIRECTION('',(0.85165877214033,-0.522102339462713,0.0456780359033511));
#9448=DIRECTION('',(-9.4039548065783E-35,0.996194698091746,-0.0871557427476582));
#9449=DIRECTION('',(0.,0.0871557427476582,0.996194698091746));
#9450=DIRECTION('',(4.9831245404654E-18,-0.0871557427476582,-0.996194698091746));
#9451=DIRECTION('',(1.,4.34307920528345E-19,4.9641622471425E-18));
#9452=DIRECTION('',(0.780884234154923,0.622298686291493,-0.054444080377581));
#9453=DIRECTION('',(-0.62322303752197,0.782044145494287,0.));
#9454=DIRECTION('',(4.9831245404654E-18,-0.0871557427476582,-0.996194698091746));
#9455=DIRECTION('',(0.624675766176565,-0.777912733888568,0.0680585454277086));
#9456=DIRECTION('',(1.,4.34307920528342E-19,4.9641622471425E-18));
#9457=DIRECTION('',(4.9641622471425E-18,0.,-1.));
#9458=DIRECTION('',(4.9831245404654E-18,-0.0871557427476582,-0.996194698091746));
#9459=DIRECTION('',(-2.42041607473721E-33,-0.996194698091746,0.0871557427476582));
#9460=DIRECTION('',(0.894381912718107,-0.445602013305545,0.0389851246085632));
#9461=DIRECTION('',(0.445941021652093,0.895062347106551,0.));
#9462=DIRECTION('',(4.9831245404654E-18,-0.0871557427476582,-0.996194698091746));
#9463=DIRECTION('',(-0.447304140605361,-0.890978519518933,0.0779505199030178));
#9464=DIRECTION('',(0.707106781186402,-0.704416026402904,0.0616284167162321));
#9465=DIRECTION('',(0.705757556808098,0.708453436019803,0.));
#9466=DIRECTION('',(4.9831245404654E-18,-0.0871557427476582,-0.996194698091746));
#9467=DIRECTION('',(-0.707106781186693,-0.704416026402614,0.0616284167162067));
#9468=DIRECTION('',(1.,4.34307920528415E-19,4.96416224714249E-18));
#9469=DIRECTION('',(4.96416224714249E-18,0.,-1.));
#9470=DIRECTION('',(4.9831245404654E-18,-0.0871557427476582,-0.996194698091746));
#9471=DIRECTION('',(7.06069946373341E-32,-0.996194698091746,0.0871557427476582));
#9472=DIRECTION('',(0.70710678118665,-0.704416026402657,0.0616284167162105));
#9473=DIRECTION('',(0.705757556807849,0.70845343602005,0.));
#9474=DIRECTION('',(-0.707106781186445,-0.704416026402861,0.0616284167162283));
#9475=DIRECTION('',(4.9831245404654E-18,-0.0871557427476582,-0.996194698091746));
#9476=DIRECTION('',(1.,4.34307920528345E-19,4.9641622471425E-18));
#9477=DIRECTION('',(0.242477848797118,-0.966465202313089,0.0845547488946839));
#9478=DIRECTION('',(0.969938713032012,0.243349322912152,0.));
#9479=DIRECTION('',(-0.970156942377223,-0.24155514737638,0.0211333370117671));
#9480=DIRECTION('',(4.9831245404654E-18,-0.0871557427476582,-0.996194698091746));
#9481=DIRECTION('',(-0.970156942377223,-0.24155514737638,0.0211333370117671));
#9482=DIRECTION('',(4.9831245404654E-18,-0.0871557427476582,-0.996194698091746));
#9483=DIRECTION('',(0.514498946981241,-0.854227998592635,0.0747352659432946));
#9484=DIRECTION('',(0.856623624036179,0.515941824960066,0.));
#9485=DIRECTION('',(-0.857491010772238,-0.512541123156499,0.0448415378670381));
#9486=DIRECTION('',(4.9831245404654E-18,-0.0871557427476582,-0.996194698091746));
#9487=DIRECTION('',(-0.857491010772238,-0.512541123156499,0.0448415378670381));
#9488=DIRECTION('',(0.910362890770184,-0.412236159773904,0.0360659906756782));
#9489=DIRECTION('',(0.412504530880102,0.910955548862505,0.));
#9490=DIRECTION('',(-0.413810834933734,-0.906898685124732,0.0793433539149806));
#9491=DIRECTION('',(4.9831245404654E-18,-0.0871557427476582,-0.996194698091746));
#9492=DIRECTION('',(-0.413810834933734,-0.906898685124732,0.0793433539149806));
#9493=DIRECTION('',(1.,4.34307920528343E-19,4.9641622471425E-18));
#9494=DIRECTION('',(4.9641622471425E-18,0.,-1.));
#9495=DIRECTION('',(-1.38309489984983E-33,-0.996194698091746,0.0871557427476582));
#9496=DIRECTION('',(4.9831245404654E-18,-0.0871557427476582,-0.996194698091746));
#9497=DIRECTION('',(-1.38309489984983E-33,-0.996194698091746,0.0871557427476582));
#9498=DIRECTION('',(0.933342796225149,0.357620333589585,-0.0312877250354479));
#9499=DIRECTION('',(-0.357795503367441,0.933799966679181,0.));
#9500=DIRECTION('',(0.358986385166095,-0.929791145101618,0.0813461846431791));
#9501=DIRECTION('',(4.9831245404654E-18,-0.0871557427476582,-0.996194698091746));
#9502=DIRECTION('',(0.358986385166095,-0.929791145101618,0.0813461846431791));
#9503=DIRECTION('',(0.393920902917519,0.915646720722563,-0.080108707857912));
#9504=DIRECTION('',(-0.918598975663944,0.39519099421565,0.));
#9505=DIRECTION('',(0.919144342442822,-0.392421914953945,0.0343324688776045));
#9506=DIRECTION('',(4.9831245404654E-18,-0.0871557427476582,-0.996194698091746));
#9507=DIRECTION('',(0.919144342442822,-0.392421914953945,0.0343324688776045));
#9508=DIRECTION('',(-9.4039548065783E-35,0.996194698091746,-0.0871557427476582));
#9509=DIRECTION('',(0.,0.0871557427476582,0.996194698091746));
#9510=DIRECTION('',(1.,4.34307920528345E-19,4.9641622471425E-18));
#9511=DIRECTION('',(4.9831245404654E-18,-0.0871557427476582,-0.996194698091746));
#9512=DIRECTION('',(1.,4.34307920528345E-19,4.9641622471425E-18));
#9513=DIRECTION('',(-0.234259775507321,0.968474620955162,-0.084730550246143));
#9514=DIRECTION('',(-0.971969921051908,-0.235105237224414,0.));
#9515=DIRECTION('',(0.972174036672066,0.233368346336556,-0.0204170847302402));
#9516=DIRECTION('',(4.9831245404654E-18,-0.0871557427476582,-0.996194698091746));
#9517=DIRECTION('',(0.972174036672066,0.233368346336556,-0.0204170847302402));
#9518=DIRECTION('',(-0.634965811439679,0.769600488496395,-0.0673313181874479));
#9519=DIRECTION('',(-0.77135093687517,-0.636410034633174,0.));
#9520=DIRECTION('',(0.772540237335733,0.632549574825732,-0.0553409169153947));
#9521=DIRECTION('',(4.9831245404654E-18,-0.0871557427476582,-0.996194698091746));
#9522=DIRECTION('',(0.772540237335733,0.632549574825732,-0.0553409169153947));
#9523=DIRECTION('',(-0.836968733663349,0.545168255168575,-0.0476960420414586));
#9524=DIRECTION('',(-0.545789420210863,-0.837922376348723,0.));
#9525=DIRECTION('',(0.54725070933711,0.833783814943991,-0.0729466316389961));
#9526=DIRECTION('',(4.9831245404654E-18,-0.0871557427476582,-0.996194698091746));
#9527=DIRECTION('',(0.54725070933711,0.833783814943991,-0.0729466316389961));
#9528=DIRECTION('',(-0.979178708565964,0.202227662814459,-0.0176926279476082));
#9529=DIRECTION('',(-0.202259321817288,-0.979332000262429,0.));
#9530=DIRECTION('',(0.203000139633181,0.975452637957736,-0.0853410476277594));
#9531=DIRECTION('',(4.9831245404654E-18,-0.0871557427476582,-0.996194698091746));
#9532=DIRECTION('',(0.203000139633181,0.975452637957736,-0.0853410476277594));
#9533=DIRECTION('',(-1.,-4.34307920528344E-19,-4.9641622471425E-18));
#9534=DIRECTION('',(-4.9641622471425E-18,0.,1.));
#9535=DIRECTION('',(9.68166429894885E-34,0.996194698091746,-0.0871557427476582));
#9536=DIRECTION('',(4.9831245404654E-18,-0.0871557427476582,-0.996194698091746));
#9537=DIRECTION('',(9.68166429894885E-34,0.996194698091746,-0.0871557427476582));
#9538=DIRECTION('',(-0.978890358562829,-0.203608320035479,0.0178134198026627));
#9539=DIRECTION('',(0.203640632010379,-0.979045705263249,0.));
#9540=DIRECTION('',(-0.204386070740489,0.975165385213418,-0.0853159162690648));
#9541=DIRECTION('',(4.9831245404654E-18,-0.0871557427476582,-0.996194698091746));
#9542=DIRECTION('',(-0.204386070740489,0.975165385213418,-0.0853159162690648));
#9543=DIRECTION('',(-0.817802535195901,-0.573308978492495,0.0501580363157211));
#9544=DIRECTION('',(0.574031515677857,-0.81883320585366,0.));
#9545=DIRECTION('',(-0.575498925652479,0.814690549648145,-0.0712761873759166));
#9546=DIRECTION('',(4.9831245404654E-18,-0.0871557427476582,-0.996194698091746));
#9547=DIRECTION('',(-0.575498925652479,0.814690549648145,-0.0712761873759166));
#9548=DIRECTION('',(-0.575493861913157,-0.814694099488107,0.0712764979466707));
#9549=DIRECTION('',(0.81677147936178,-0.576961307629177,0.));
#9550=DIRECTION('',(-0.817806098595676,0.573303934022231,-0.0501575949817595));
#9551=DIRECTION('',(4.9831245404654E-18,-0.0871557427476582,-0.996194698091746));
#9552=DIRECTION('',(-0.817806098595676,0.573303934022231,-0.0501575949817595));
#9553=DIRECTION('',(-0.2043839836961,-0.975165819314473,0.085315954247986));
#9554=DIRECTION('',(0.978734336456169,-0.205131905469876,0.));
#9555=DIRECTION('',(-0.97889079432208,0.203606240932924,-0.0178132379047588));
#9556=DIRECTION('',(4.9831245404654E-18,-0.0871557427476582,-0.996194698091746));
#9557=DIRECTION('',(-0.97889079432208,0.203606240932924,-0.0178132379047588));
#9558=DIRECTION('',(9.4039548065783E-35,-0.996194698091746,0.0871557427476582));
#9559=DIRECTION('',(0.,-0.0871557427476582,-0.996194698091746));
#9560=DIRECTION('',(-1.,-4.34307920528345E-19,-4.9641622471425E-18));
#9561=DIRECTION('',(4.9831245404654E-18,-0.0871557427476582,-0.996194698091746));
#9562=DIRECTION('',(-1.,-4.34307920528345E-19,-4.9641622471425E-18));
#9563=DIRECTION('',(0.242593398695015,-0.966436424764284,0.0845522311853995));
#9564=DIRECTION('',(0.969909624093423,0.243465235898178,0.));
#9565=DIRECTION('',(-0.970128054902857,-0.241670257572031,0.0211434078489428));
#9566=DIRECTION('',(4.9831245404654E-18,-0.0871557427476582,-0.996194698091746));
#9567=DIRECTION('',(-0.970128054902857,-0.241670257572031,0.0211434078489428));
#9568=DIRECTION('',(4.9831245404654E-18,-0.0871557427476582,-0.996194698091746));
#9569=DIRECTION('',(0.514495755427532,-0.854229906246013,0.074735432841339));
#9570=DIRECTION('',(0.856625547784305,0.5159386309274,0.));
#9571=DIRECTION('',(-0.857492925712541,-0.512537943747615,0.044841259704804));
#9572=DIRECTION('',(4.9831245404654E-18,-0.0871557427476582,-0.996194698091746));
#9573=DIRECTION('',(-0.857492925712541,-0.512537943747615,0.044841259704804));
#9574=DIRECTION('',(0.910362890770189,-0.412236159773893,0.0360659906756772));
#9575=DIRECTION('',(0.412504530880091,0.91095554886251,0.));
#9576=DIRECTION('',(-0.413810834933723,-0.906898685124737,0.0793433539149811));
#9577=DIRECTION('',(4.9831245404654E-18,-0.0871557427476582,-0.996194698091746));
#9578=DIRECTION('',(-0.413810834933723,-0.906898685124737,0.0793433539149811));
#9579=DIRECTION('',(1.,4.34307920528345E-19,4.9641622471425E-18));
#9580=DIRECTION('',(4.9641622471425E-18,0.,-1.));
#9581=DIRECTION('',(2.76618979969967E-34,-0.996194698091746,0.0871557427476582));
#9582=DIRECTION('',(4.9831245404654E-18,-0.0871557427476582,-0.996194698091746));
#9583=DIRECTION('',(2.76618979969967E-34,-0.996194698091746,0.0871557427476582));
#9584=DIRECTION('',(0.880470769669915,0.472296341064945,-0.041320575667956));
#9585=DIRECTION('',(-0.47270005513021,0.881223387047743,0.));
#9586=DIRECTION('',(0.474100436360131,-0.877120312569928,0.0767380838981838));
#9587=DIRECTION('',(4.9831245404654E-18,-0.0871557427476582,-0.996194698091746));
#9588=DIRECTION('',(0.474100436360131,-0.877120312569928,0.0767380838981838));
#9589=DIRECTION('',(0.393920902917509,0.915646720722567,-0.0801087078579124));
#9590=DIRECTION('',(-0.918598975663948,0.39519099421564,0.));
#9591=DIRECTION('',(0.919144342442826,-0.392421914953936,0.0343324688776037));
#9592=DIRECTION('',(4.9831245404654E-18,-0.0871557427476582,-0.996194698091746));
#9593=DIRECTION('',(0.919144342442826,-0.392421914953936,0.0343324688776037));
#9594=DIRECTION('',(-9.4039548065783E-35,0.996194698091746,-0.0871557427476582));
#9595=DIRECTION('',(0.,0.0871557427476582,0.996194698091746));
#9596=DIRECTION('',(1.,4.34307920528345E-19,4.9641622471425E-18));
#9597=DIRECTION('',(4.9831245404654E-18,-0.0871557427476582,-0.996194698091746));
#9598=DIRECTION('',(1.,4.34307920528345E-19,4.9641622471425E-18));
#9599=DIRECTION('',(-0.196126316764026,0.976847241543415,-0.0854630596316189));
#9600=DIRECTION('',(-0.980434317538085,-0.196846511255925,0.));
#9601=DIRECTION('',(0.980578639310778,0.195379996916585,-0.0170935348099312));
#9602=DIRECTION('',(4.9831245404654E-18,-0.0871557427476582,-0.996194698091746));
#9603=DIRECTION('',(0.980578639310778,0.195379996916585,-0.0170935348099312));
#9604=DIRECTION('',(-0.400820050406802,0.912670549502177,-0.0798483266154162));
#9605=DIRECTION('',(-0.91559401847527,-0.402103958364385,0.));
#9606=DIRECTION('',(0.916156802731873,0.399294809104122,-0.0349337692013586));
#9607=DIRECTION('',(4.9831245404654E-18,-0.0871557427476582,-0.996194698091746));
#9608=DIRECTION('',(0.916156802731873,0.399294809104122,-0.0349337692013586));
#9609=DIRECTION('',(-0.707106781186547,0.704416026402759,-0.0616284167162194));
#9610=DIRECTION('',(-0.705757556807953,-0.708453436019947,0.));
#9611=DIRECTION('',(0.707106781186548,0.704416026402758,-0.0616284167162193));
#9612=DIRECTION('',(4.9831245404654E-18,-0.0871557427476582,-0.996194698091746));
#9613=DIRECTION('',(0.707106781186548,0.704416026402758,-0.0616284167162193));
#9614=DIRECTION('',(-0.916157268381163,0.399293748815184,-0.0349336764380965));
#9615=DIRECTION('',(-0.399537613449131,-0.916716802201952,0.));
#9616=DIRECTION('',(0.400818986067732,0.912671013379531,-0.0798483671994259));
#9617=DIRECTION('',(4.9831245404654E-18,-0.0871557427476582,-0.996194698091746));
#9618=DIRECTION('',(0.400818986067732,0.912671013379531,-0.0798483671994259));
#9619=DIRECTION('',(-0.980578512026489,0.195380630880955,-0.0170935902746267));
#9620=DIRECTION('',(-0.19540918135195,-0.980721801452053,0.));
#9621=DIRECTION('',(0.196126953150037,0.976847114743481,-0.0854630485380621));
#9622=DIRECTION('',(4.9831245404654E-18,-0.0871557427476582,-0.996194698091746));
#9623=DIRECTION('',(0.196126953150037,0.976847114743481,-0.0854630485380621));
#9624=DIRECTION('',(-1.,-4.34307920528344E-19,-4.9641622471425E-18));
#9625=DIRECTION('',(-4.9641622471425E-18,0.,1.));
#9626=DIRECTION('',(1.03732117488738E-33,0.996194698091746,-0.0871557427476582));
#9627=DIRECTION('',(4.9831245404654E-18,-0.0871557427476582,-0.996194698091746));
#9628=DIRECTION('',(1.03732117488738E-33,0.996194698091746,-0.0871557427476582));
#9629=DIRECTION('',(-0.978890358562829,-0.203608320035478,0.0178134198026626));
#9630=DIRECTION('',(0.203640632010377,-0.97904570526325,0.));
#9631=DIRECTION('',(-0.204386070740487,0.975165385213418,-0.0853159162690649));
#9632=DIRECTION('',(4.9831245404654E-18,-0.0871557427476582,-0.996194698091746));
#9633=DIRECTION('',(-0.204386070740487,0.975165385213418,-0.0853159162690649));
#9634=DIRECTION('',(-0.817802535195901,-0.573308978492495,0.0501580363157211));
#9635=DIRECTION('',(0.574031515677857,-0.81883320585366,0.));
#9636=DIRECTION('',(-0.575498925652479,0.814690549648145,-0.0712761873759166));
#9637=DIRECTION('',(4.9831245404654E-18,-0.0871557427476582,-0.996194698091746));
#9638=DIRECTION('',(-0.575498925652479,0.814690549648145,-0.0712761873759166));
#9639=DIRECTION('',(-0.575492494695919,-0.814695057942233,0.0712765818005412));
#9640=DIRECTION('',(0.816772445166482,-0.576959940391676,0.));
#9641=DIRECTION('',(-0.81780706071094,0.573302572007666,-0.0501574758209256));
#9642=DIRECTION('',(4.9831245404654E-18,-0.0871557427476582,-0.996194698091746));
#9643=DIRECTION('',(-0.81780706071094,0.573302572007666,-0.0501574758209256));
#9644=DIRECTION('',(-0.2043839836961,-0.975165819314473,0.085315954247986));
#9645=DIRECTION('',(0.978734336456169,-0.205131905469876,0.));
#9646=DIRECTION('',(-0.97889079432208,0.203606240932924,-0.0178132379047588));
#9647=DIRECTION('',(4.9831245404654E-18,-0.0871557427476582,-0.996194698091746));
#9648=DIRECTION('',(-0.97889079432208,0.203606240932924,-0.0178132379047588));
#9649=DIRECTION('',(9.4039548065783E-35,-0.996194698091746,0.0871557427476582));
#9650=DIRECTION('',(0.,-0.0871557427476582,-0.996194698091746));
#9651=DIRECTION('',(-1.,-4.34307920528345E-19,-4.9641622471425E-18));
#9652=DIRECTION('',(4.9831245404654E-18,-0.0871557427476582,-0.996194698091746));
#9653=DIRECTION('',(-1.,-4.34307920528345E-19,-4.9641622471425E-18));
#9654=DIRECTION('',(-0.707103798450568,-0.704418997775994,0.0616286766776925));
#9655=DIRECTION('',(0.705760545190173,-0.708450458996866,0.));
#9656=DIRECTION('',(4.9831245404654E-18,-0.0871557427476582,-0.996194698091746));
#9657=DIRECTION('',(-0.707109763909946,0.70441305501699,-0.0616281567536497));
#9658=DIRECTION('',(4.9831245404654E-18,-0.0871557427476582,-0.996194698091746));
#9659=DIRECTION('',(-0.999999999999988,-1.53115522075712E-7,1.3395872386476E-8));
#9660=DIRECTION('',(1.53115522075712E-7,-0.999999999999988,0.));
#9661=DIRECTION('',(4.9831245404654E-18,-0.0871557427476582,-0.996194698091746));
#9662=DIRECTION('',(-1.5370039849497E-7,0.996194698091734,-0.0871557427476572));
#9663=DIRECTION('',(-0.70710678118654,0.704416026402766,-0.06162841671622));
#9664=DIRECTION('',(-0.705757556807959,-0.708453436019941,0.));
#9665=DIRECTION('',(4.9831245404654E-18,-0.0871557427476582,-0.996194698091746));
#9666=DIRECTION('',(0.707106781186555,0.704416026402752,-0.0616284167162188));
#9667=DIRECTION('',(-9.4039548065783E-35,0.996194698091746,-0.0871557427476582));
#9668=DIRECTION('',(0.,0.0871557427476582,0.996194698091746));
#9669=DIRECTION('',(4.9831245404654E-18,-0.0871557427476582,-0.996194698091746));
#9670=DIRECTION('',(1.,4.34307920528345E-19,4.9641622471425E-18));
#9671=DIRECTION('',(0.202091361004478,0.975639887956441,-0.0853574298798913));
#9672=DIRECTION('',(-0.979213631143017,0.202831616331644,0.));
#9673=DIRECTION('',(4.9831245404654E-18,-0.0871557427476582,-0.996194698091746));
#9674=DIRECTION('',(0.979366673829244,-0.201322342362806,0.0176134226712304));
#9675=DIRECTION('',(0.569210852813926,0.819062899364156,-0.0716587184090384));
#9676=DIRECTION('',(-0.821173965547455,0.570677946224548,0.));
#9677=DIRECTION('',(4.9831245404654E-18,-0.0871557427476582,-0.996194698091746));
#9678=DIRECTION('',(0.82219158657751,-0.567044833669514,0.0496099946570257));
#9679=DIRECTION('',(0.827216213203574,0.559745602144006,-0.0489713946460926));
#9680=DIRECTION('',(-0.560418002046871,0.828209914805295,0.));
#9681=DIRECTION('',(4.9831245404654E-18,-0.0871557427476582,-0.996194698091746));
#9682=DIRECTION('',(0.561883739409799,-0.824068405768932,0.0720966434746627));
#9683=DIRECTION('',(0.976187189368877,0.216104392812731,-0.0189066845092671));
#9684=DIRECTION('',(-0.216143027802901,0.976361711422664,0.));
#9685=DIRECTION('',(4.9831245404654E-18,-0.0871557427476582,-0.996194698091746));
#9686=DIRECTION('',(0.216929876485679,-0.972472502394358,0.0850803195501934));
#9687=DIRECTION('',(1.,4.34307920528344E-19,4.9641622471425E-18));
#9688=DIRECTION('',(4.9641622471425E-18,0.,-1.));
#9689=DIRECTION('',(4.9831245404654E-18,-0.0871557427476582,-0.996194698091746));
#9690=DIRECTION('',(-1.17563066487236E-33,-0.996194698091746,0.0871557427476582));
#9691=DIRECTION('',(0.978106088661616,-0.207314984421782,0.0181377109159595));
#9692=DIRECTION('',(0.207349093722805,0.978267015355384,0.));
#9693=DIRECTION('',(4.9831245404654E-18,-0.0871557427476582,-0.996194698091746));
#9694=DIRECTION('',(-0.208106893982575,-0.974384099695957,0.08524756264331));
#9695=DIRECTION('',(0.902480817644236,-0.429090989587644,0.0375405972100392));
#9696=DIRECTION('',(0.429393667749477,0.903117422097842,0.));
#9697=DIRECTION('',(4.9831245404654E-18,-0.0871557427476582,-0.996194698091746));
#9698=DIRECTION('',(-0.430730047459184,-0.899046605666692,0.0786563859772973));
#9699=DIRECTION('',(0.894432850283869,-0.445500537075904,0.0389762465888522));
#9700=DIRECTION('',(0.445839313693608,0.895113013180578,0.));
#9701=DIRECTION('',(4.9831245404654E-18,-0.0871557427476582,-0.996194698091746));
#9702=DIRECTION('',(-0.447202276753008,-0.891029263251879,0.0779549594043956));
#9703=DIRECTION('',(0.980581630215456,-0.195365099513328,0.0170922314560302));
#9704=DIRECTION('',(0.195393643175192,0.980724897311538,0.));
#9705=DIRECTION('',(4.9831245404654E-18,-0.0871557427476582,-0.996194698091746));
#9706=DIRECTION('',(-0.196111362455109,-0.976850221066798,0.0854633203061376));
#9707=DIRECTION('',(0.944497133217149,0.327269540991108,-0.0286323747540547));
#9708=DIRECTION('',(-0.32740377342399,0.944884526885552,0.));
#9709=DIRECTION('',(4.9831245404654E-18,-0.0871557427476582,-0.996194698091746));
#9710=DIRECTION('',(0.32851965747058,-0.940903036473777,0.0823183491685745));
#9711=DIRECTION('',(0.832050294337843,0.552589394510025,-0.0483453076042817));
#9712=DIRECTION('',(-0.553236303698115,0.833024364751984,0.));
#9713=DIRECTION('',(4.9831245404654E-18,-0.0871557427476582,-0.996194698091746));
#9714=DIRECTION('',(0.55470019622523,-0.828884091765036,0.0725179614064224));
#9715=DIRECTION('',(0.95447968251627,0.297140908795253,-0.0259964609893752));
#9716=DIRECTION('',(-0.29724136600389,0.954802372397629,0.));
#9717=DIRECTION('',(4.9831245404654E-18,-0.0871557427476582,-0.996194698091746));
#9718=DIRECTION('',(0.298275938794334,-0.950847599159,0.0831883856672545));
#9719=DIRECTION('',(0.989949064143453,0.140886200430944,-0.0123259453849488));
#9720=DIRECTION('',(-0.140896903995411,0.990024273664291,0.));
#9721=DIRECTION('',(4.9831245404654E-18,-0.0871557427476582,-0.996194698091746));
#9722=DIRECTION('',(0.14142436282869,-0.986182009080594,0.0862797459677718));
#9723=DIRECTION('',(1.,4.34307920528344E-19,4.9641622471425E-18));
#9724=DIRECTION('',(4.9641622471425E-18,0.,-1.));
#9725=DIRECTION('',(4.9831245404654E-18,-0.0871557427476582,-0.996194698091746));
#9726=DIRECTION('',(-1.03732117488738E-33,-0.996194698091746,0.0871557427476582));
#9727=DIRECTION('',(0.975441117976326,-0.219422200963329,0.0191969551101983));
#9728=DIRECTION('',(0.219462643214863,0.975620903954577,0.));
#9729=DIRECTION('',(4.9831245404654E-18,-0.0871557427476582,-0.996194698091746));
#9730=DIRECTION('',(-0.220260358124412,-0.971729270028701,0.0850152951438328));
#9731=DIRECTION('',(0.827216213203574,-0.559745602144006,0.0489713946460927));
#9732=DIRECTION('',(0.560418002046871,0.828209914805295,0.));
#9733=DIRECTION('',(4.9831245404654E-18,-0.0871557427476582,-0.996194698091746));
#9734=DIRECTION('',(-0.561883739409799,-0.824068405768932,0.0720966434746627));
#9735=DIRECTION('',(0.56188319878935,-0.824068771585874,0.0720966754794981));
#9736=DIRECTION('',(0.826218883473872,0.563349231464097,0.));
#9737=DIRECTION('',(4.9831245404654E-18,-0.0871557427476582,-0.996194698091746));
#9738=DIRECTION('',(-0.827216580417878,-0.559745063580781,0.0489713475279159));
#9739=DIRECTION('',(0.220261115868021,-0.971729099576515,0.0850152802311989));
#9740=DIRECTION('',(0.975259884050247,0.221061436171707,0.));
#9741=DIRECTION('',(4.9831245404654E-18,-0.0871557427476582,-0.996194698091746));
#9742=DIRECTION('',(-0.975440946873041,-0.219422955823494,0.0191970211519054));
#9743=DIRECTION('',(0.447123036643431,-0.891068726921116,0.077958412028075));
#9744=DIRECTION('',(0.893788873349831,0.448487959566407,0.));
#9745=DIRECTION('',(-0.894472464697912,-0.445421598498867,0.0389693403582466));
#9746=DIRECTION('',(-0.894472464697912,-0.445421598498867,0.0389693403582466));
#9747=DIRECTION('',(9.4039548065783E-35,-0.996194698091746,0.0871557427476582));
#9748=DIRECTION('',(0.,-0.0871557427476582,-0.996194698091746));
#9749=DIRECTION('',(-1.,-4.34307920528345E-19,-4.9641622471425E-18));
#9750=DIRECTION('',(0.447304140605254,-0.890978519518986,0.0779505199030225));
#9751=DIRECTION('',(0.893697837385158,0.448669338659431,0.));
#9752=DIRECTION('',(-0.89438191271816,-0.445602013305439,0.0389851246085538));
#9753=DIRECTION('',(-0.89438191271816,-0.445602013305439,0.0389851246085538));
#9754=DIRECTION('',(4.9831245404654E-18,-0.0871557427476582,-0.996194698091746));
#9755=DIRECTION('',(1.,4.34307920528345E-19,4.9641622471425E-18));
#9756=DIRECTION('',(-4.9831245404654E-18,0.0871557427476582,0.996194698091746));
#9757=DIRECTION('',(0.,-0.996194698091746,0.0871557427476582));
#9758=DIRECTION('',(0.31627578319018,-0.945057325523191,0.0826818023654081));
#9759=DIRECTION('',(0.948304321527131,0.317362432831876,0.));
#9760=DIRECTION('',(-0.94866729097584,-0.315072258348872,0.0275652507970374));
#9761=DIRECTION('',(4.9831245404654E-18,-0.0871557427476582,-0.996194698091746));
#9762=DIRECTION('',(-0.94866729097584,-0.315072258348872,0.0275652507970374));
#9763=DIRECTION('',(4.9831245404654E-18,-0.0871557427476582,-0.996194698091746));
#9764=DIRECTION('',(0.588170812546022,-0.805659240618189,0.0704860502189963));
#9765=DIRECTION('',(0.807668100830455,0.589637379158518,0.));
#9766=DIRECTION('',(-0.808736728032647,-0.585932645030661,0.0512624640299422));
#9767=DIRECTION('',(4.9831245404654E-18,-0.0871557427476582,-0.996194698091746));
#9768=DIRECTION('',(-0.808736728032647,-0.585932645030661,0.0512624640299422));
#9769=DIRECTION('',(0.933342796225164,-0.357620333589546,0.0312877250354445));
#9770=DIRECTION('',(0.357795503367402,0.933799966679196,0.));
#9771=DIRECTION('',(-0.358986385166056,-0.929791145101633,0.0813461846431804));
#9772=DIRECTION('',(4.9831245404654E-18,-0.0871557427476582,-0.996194698091746));
#9773=DIRECTION('',(-0.358986385166056,-0.929791145101633,0.0813461846431804));
#9774=DIRECTION('',(1.,4.34307920528346E-19,4.9641622471425E-18));
#9775=DIRECTION('',(4.9641622471425E-18,0.,-1.));
#9776=DIRECTION('',(1.10647591987987E-33,-0.996194698091746,0.0871557427476582));
#9777=DIRECTION('',(4.9831245404654E-18,-0.0871557427476582,-0.996194698091746));
#9778=DIRECTION('',(1.10647591987987E-33,-0.996194698091746,0.0871557427476582));
#9779=DIRECTION('',(0.928476906969335,0.369976884549685,-0.032368783164737));
#9780=DIRECTION('',(-0.370170856430191,0.928963689844624,0.));
#9781=DIRECTION('',(0.371390136143459,-0.924943772023474,0.0809220944509607));
#9782=DIRECTION('',(4.9831245404654E-18,-0.0871557427476582,-0.996194698091746));
#9783=DIRECTION('',(0.371390136143459,-0.924943772023474,0.0809220944509607));
#9784=DIRECTION('',(0.470588698928176,0.878995075514947,-0.0769021044026714));
#9785=DIRECTION('',(-0.881605820350285,0.471986416673723,0.));
#9786=DIRECTION('',(0.882352693904816,-0.468797966854142,0.0410145075837393));
#9787=DIRECTION('',(4.9831245404654E-18,-0.0871557427476582,-0.996194698091746));
#9788=DIRECTION('',(0.882352693904816,-0.468797966854142,0.0410145075837393));
#9789=DIRECTION('',(-9.4039548065783E-35,0.996194698091746,-0.0871557427476582));
#9790=DIRECTION('',(0.,0.0871557427476582,0.996194698091746));
#9791=DIRECTION('',(1.,4.34307920528345E-19,4.9641622471425E-18));
#9792=DIRECTION('',(4.9831245404654E-18,-0.0871557427476582,-0.996194698091746));
#9793=DIRECTION('',(1.,4.34307920528345E-19,4.9641622471425E-18));
#9794=DIRECTION('',(-0.24254082462653,0.966449520072455,-0.0845533768764098));
#9795=DIRECTION('',(-0.969922861098111,-0.243412496637406,0.));
#9796=DIRECTION('',(0.970141200232978,0.241617883563749,-0.0211388257169547));
#9797=DIRECTION('',(4.9831245404654E-18,-0.0871557427476582,-0.996194698091746));
#9798=DIRECTION('',(0.970141200232978,0.241617883563749,-0.0211388257169547));
#9799=DIRECTION('',(-0.544987157179132,0.835253857975093,-0.0730752437391129));
#9800=DIRECTION('',(-0.837492953685492,-0.546448124278189,0.));
#9801=DIRECTION('',(0.838444392020012,0.542913316509944,-0.047498760471882));
#9802=DIRECTION('',(4.9831245404654E-18,-0.0871557427476582,-0.996194698091746));
#9803=DIRECTION('',(0.838444392020012,0.542913316509944,-0.047498760471882));
#9804=DIRECTION('',(-0.789353054061147,0.61160331248113,-0.0535083564170022));
#9805=DIRECTION('',(-0.612480751347223,-0.790485502225779,0.));
#9806=DIRECTION('',(0.613939537775782,0.786349327378242,-0.0687966517168317));
#9807=DIRECTION('',(4.9831245404654E-18,-0.0871557427476582,-0.996194698091746));
#9808=DIRECTION('',(0.613939537775782,0.786349327378242,-0.0687966517168317));
#9809=DIRECTION('',(-0.957825818173284,0.286255991006517,-0.0250441540794491));
#9810=DIRECTION('',(-0.286345804518125,-0.958126338347333,0.));
#9811=DIRECTION('',(0.287349442387972,0.954181001759614,-0.083480020605776));
#9812=DIRECTION('',(4.9831245404654E-18,-0.0871557427476582,-0.996194698091746));
#9813=DIRECTION('',(0.287349442387972,0.954181001759614,-0.083480020605776));
#9814=DIRECTION('',(-1.,-4.34307920528344E-19,-4.9641622471425E-18));
#9815=DIRECTION('',(-4.9641622471425E-18,0.,1.));
#9816=DIRECTION('',(6.22392704932426E-34,0.996194698091746,-0.0871557427476582));
#9817=DIRECTION('',(4.9831245404654E-18,-0.0871557427476582,-0.996194698091746));
#9818=DIRECTION('',(6.22392704932426E-34,0.996194698091746,-0.0871557427476582));
#9819=DIRECTION('',(-0.957825818173283,-0.286255991006521,0.0250441540794495));
#9820=DIRECTION('',(0.28634580451813,-0.958126338347331,0.));
#9821=DIRECTION('',(-0.287349442387976,0.954181001759613,-0.0834800206057759));
#9822=DIRECTION('',(4.9831245404654E-18,-0.0871557427476582,-0.996194698091746));
#9823=DIRECTION('',(-0.287349442387976,0.954181001759613,-0.0834800206057759));
#9824=DIRECTION('',(-0.789353054061147,-0.61160331248113,0.0535083564170022));
#9825=DIRECTION('',(0.612480751347223,-0.790485502225779,0.));
#9826=DIRECTION('',(-0.613939537775782,0.786349327378242,-0.0687966517168317));
#9827=DIRECTION('',(4.9831245404654E-18,-0.0871557427476582,-0.996194698091746));
#9828=DIRECTION('',(-0.613939537775782,0.786349327378242,-0.0687966517168317));
#9829=DIRECTION('',(-0.544988648948964,-0.835252892015644,0.0730751592286116));
#9830=DIRECTION('',(0.837491979936758,-0.546449616654279,0.));
#9831=DIRECTION('',(-0.838443422370754,0.542914802603141,-0.0474988904881897));
#9832=DIRECTION('',(4.9831245404654E-18,-0.0871557427476582,-0.996194698091746));
#9833=DIRECTION('',(-0.838443422370754,0.542914802603141,-0.0474988904881897));
#9834=DIRECTION('',(-0.242540824626531,-0.966449520072455,0.0845533768764098));
#9835=DIRECTION('',(0.96992286109811,-0.243412496637407,0.));
#9836=DIRECTION('',(-0.970141200232978,0.24161788356375,-0.0211388257169548));
#9837=DIRECTION('',(4.9831245404654E-18,-0.0871557427476582,-0.996194698091746));
#9838=DIRECTION('',(-0.970141200232978,0.24161788356375,-0.0211388257169548));
#9839=DIRECTION('',(9.4039548065783E-35,-0.996194698091746,0.0871557427476582));
#9840=DIRECTION('',(0.,-0.0871557427476582,-0.996194698091746));
#9841=DIRECTION('',(-1.,-4.34307920528345E-19,-4.9641622471425E-18));
#9842=DIRECTION('',(4.9831245404654E-18,-0.0871557427476582,-0.996194698091746));
#9843=DIRECTION('',(-1.,-4.34307920528345E-19,-4.9641622471425E-18));
#9844=DIRECTION('',(9.4039548065783E-35,-0.996194698091746,0.0871557427476582));
#9845=DIRECTION('',(0.,-0.0871557427476582,-0.996194698091746));
#9846=DIRECTION('',(4.9831245404654E-18,-0.0871557427476582,-0.996194698091746));
#9847=DIRECTION('',(-1.,-4.34307920528345E-19,-4.9641622471425E-18));
#9848=DIRECTION('',(4.9831245404654E-18,-0.0871557427476582,-0.996194698091746));
#9849=DIRECTION('',(-1.,-1.0105422244937E-7,8.84109886074462E-9));
#9850=DIRECTION('',(1.0105422244937E-7,-1.,0.));
#9851=DIRECTION('',(4.9831245404654E-18,-0.0871557427476582,-0.996194698091746));
#9852=DIRECTION('',(-1.0144023316176E-7,0.99619469809174,-0.0871557427476578));
#9853=DIRECTION('',(-9.4039548065783E-35,0.996194698091746,-0.0871557427476582));
#9854=DIRECTION('',(0.,0.0871557427476582,0.996194698091746));
#9855=DIRECTION('',(4.9831245404654E-18,-0.0871557427476582,-0.996194698091746));
#9856=DIRECTION('',(1.,4.34307920528345E-19,4.9641622471425E-18));
#9857=DIRECTION('',(0.624675766176551,0.777912733888579,-0.0680585454277096));
#9858=DIRECTION('',(-0.779720649484485,0.626127549918939,0.));
#9859=DIRECTION('',(4.9831245404654E-18,-0.0871557427476582,-0.996194698091746));
#9860=DIRECTION('',(0.780884234154935,-0.62229868629148,0.0544440803775798));
#9861=DIRECTION('',(1.,4.34307920528346E-19,4.9641622471425E-18));
#9862=DIRECTION('',(4.9641622471425E-18,0.,-1.));
#9863=DIRECTION('',(4.9831245404654E-18,-0.0871557427476582,-0.996194698091746));
#9864=DIRECTION('',(8.29856939909901E-34,-0.996194698091746,0.0871557427476582));
#9865=DIRECTION('',(0.894428484560353,0.445509235466187,-0.0389770075993929));
#9866=DIRECTION('',(-0.445848031943196,0.895108670727962,0.));
#9867=DIRECTION('',(4.9831245404654E-18,-0.0871557427476582,-0.996194698091746));
#9868=DIRECTION('',(0.447211008369729,-0.891024914141259,0.0779545789065199));
#9869=DIRECTION('',(0.524095205417798,0.848418860789189,-0.0742270322406331));
#9870=DIRECTION('',(-0.850765809879729,0.525544990214623,0.));
#9871=DIRECTION('',(4.9831245404654E-18,-0.0871557427476582,-0.996194698091746));
#9872=DIRECTION('',(0.851659683006115,-0.522100864932514,0.0456779068986747));
#9873=DIRECTION('',(-9.4039548065783E-35,0.996194698091746,-0.0871557427476582));
#9874=DIRECTION('',(0.,0.0871557427476582,0.996194698091746));
#9875=DIRECTION('',(4.9831245404654E-18,-0.0871557427476582,-0.996194698091746));
#9876=DIRECTION('',(1.,4.34307920528345E-19,4.9641622471425E-18));
#9877=DIRECTION('',(0.188072292497639,0.978417790724864,-0.0856004648805056));
#9878=DIRECTION('',(-0.982022260140418,0.18876514664711,0.));
#9879=DIRECTION('',(4.9831245404654E-18,-0.0871557427476582,-0.996194698091746));
#9880=DIRECTION('',(0.982155187734954,-0.187356620644107,0.0163915803428865));
#9881=DIRECTION('',(0.430730047459184,0.899046605666692,-0.0786563859772973));
#9882=DIRECTION('',(-0.901840700238512,0.432068688281517,0.));
#9883=DIRECTION('',(4.9831245404654E-18,-0.0871557427476582,-0.996194698091746));
#9884=DIRECTION('',(0.902480817644236,-0.429090989587645,0.0375405972100392));
#9885=DIRECTION('',(0.761939286039008,0.645183959502842,-0.0564462823452675));
#9886=DIRECTION('',(-0.646214259214272,0.763156033317007,0.));
#9887=DIRECTION('',(4.9831245404654E-18,-0.0871557427476582,-0.996194698091746));
#9888=DIRECTION('',(0.647648457413716,-0.75903987701987,0.0664073844033502));
#9889=DIRECTION('',(0.899437138021895,0.435387043520276,-0.0380914305540923));
#9890=DIRECTION('',(-0.43570325162223,0.900090371310468,0.));
#9891=DIRECTION('',(4.9831245404654E-18,-0.0871557427476582,-0.996194698091746));
#9892=DIRECTION('',(0.437050151295002,-0.896014508164225,0.0783911118191262));
#9893=DIRECTION('',(0.990071431475255,0.140030254267917,-0.0122510597990953));
#9894=DIRECTION('',(-0.140040763914006,0.990145738991176,0.));
#9895=DIRECTION('',(4.9831245404654E-18,-0.0871557427476582,-0.996194698091746));
#9896=DIRECTION('',(0.140565147090374,-0.986303910767754,0.0862904109834631));
#9897=DIRECTION('',(1.,4.34307920528344E-19,4.9641622471425E-18));
#9898=DIRECTION('',(4.9641622471425E-18,0.,-1.));
#9899=DIRECTION('',(4.9831245404654E-18,-0.0871557427476582,-0.996194698091746));
#9900=DIRECTION('',(-6.22392704932426E-34,-0.996194698091746,0.0871557427476582));
#9901=DIRECTION('',(0.989949543459864,-0.140882858015729,0.0123256529615087));
#9902=DIRECTION('',(0.140893560818355,0.990024749448176,0.));
#9903=DIRECTION('',(4.9831245404654E-18,-0.0871557427476582,-0.996194698091746));
#9904=DIRECTION('',(-0.141421007645992,-0.98618248657306,0.0862797877429496));
#9905=DIRECTION('',(0.895712559390718,-0.442941604331693,0.0387523689830084));
#9906=DIRECTION('',(0.443274572317506,0.896385884280164,0.));
#9907=DIRECTION('',(4.9831245404654E-18,-0.0871557427476582,-0.996194698091746));
#9908=DIRECTION('',(-0.444633569301429,-0.892304102679221,0.078066493402104));
#9909=DIRECTION('',(0.767189212401895,-0.6389800543327,0.0559035109732902));
#9910=DIRECTION('',(0.6399808718067,0.768390840472176,0.));
#9911=DIRECTION('',(4.9831245404654E-18,-0.0871557427476582,-0.996194698091746));
#9912=DIRECTION('',(-0.64142085433369,-0.764269825827949,0.066864945634878));
#9913=DIRECTION('',(0.413803023207967,-0.906902222438465,0.0793436633898316));
#9914=DIRECTION('',(0.909770435812802,0.415111736910659,0.));
#9915=DIRECTION('',(4.9831245404654E-18,-0.0871557427476582,-0.996194698091746));
#9916=DIRECTION('',(-0.910366441595881,-0.412228377774112,0.0360653098389168));
#9917=DIRECTION('',(0.188072292497639,-0.978417790724864,0.0856004648805056));
#9918=DIRECTION('',(0.982022260140418,0.18876514664711,0.));
#9919=DIRECTION('',(-0.982155187734954,-0.187356620644107,0.0163915803428865));
#9920=DIRECTION('',(0.447123036643431,-0.891068726921116,0.077958412028075));
#9921=DIRECTION('',(0.893788873349831,0.448487959566407,0.));
#9922=DIRECTION('',(-0.894472464697912,-0.445421598498867,0.0389693403582467));
#9923=DIRECTION('',(-0.894472464697912,-0.445421598498867,0.0389693403582467));
#9924=DIRECTION('',(4.9831245404654E-18,-0.0871557427476582,-0.996194698091746));
#9925=DIRECTION('',(1.,4.34307920528345E-19,4.9641622471425E-18));
#9926=DIRECTION('',(-4.9831245404654E-18,0.0871557427476582,0.996194698091746));
#9927=DIRECTION('',(0.,-0.996194698091746,0.0871557427476582));
#9928=DIRECTION('',(-4.9831245404654E-18,0.0871557427476582,0.996194698091746));
#9929=DIRECTION('',(0.,-0.996194698091746,0.0871557427476582));
#9930=DIRECTION('',(0.,0.,-1.));
#9931=DIRECTION('',(-1.,0.,0.));
#9932=DIRECTION('',(0.,0.,-1.));
#9933=DIRECTION('',(-1.,0.,0.));
#9934=DIRECTION('',(0.,0.,1.));
#9935=DIRECTION('',(1.,0.,0.));
#9936=DIRECTION('',(0.,0.,-1.));
#9937=DIRECTION('',(-1.,0.,0.));
#9938=DIRECTION('',(0.,0.,1.));
#9939=DIRECTION('',(1.,0.,0.));
#9940=DIRECTION('',(0.,0.,1.));
#9941=DIRECTION('',(1.,0.,0.));
#9942=DIRECTION('',(0.,0.,1.));
#9943=DIRECTION('',(1.,0.,0.));
#9944=DIRECTION('',(0.,0.,-1.));
#9945=DIRECTION('',(-1.,0.,0.));
#9946=DIRECTION('',(-1.,0.,0.));
#9947=DIRECTION('',(0.,0.,1.));
#9948=DIRECTION('',(0.,0.,1.));
#9949=DIRECTION('',(0.,-1.,0.));
#9950=DIRECTION('',(0.,0.,1.));
#9951=DIRECTION('',(0.,1.,0.));
#9952=DIRECTION('',(0.,0.,1.));
#9953=DIRECTION('',(0.,0.,1.));
#9954=DIRECTION('',(-1.,0.,0.));
#9955=DIRECTION('',(0.,0.,1.));
#9956=DIRECTION('',(-1.,0.,0.));
#9957=DIRECTION('',(0.,0.,1.));
#9958=DIRECTION('',(0.,0.,1.));
#9959=DIRECTION('',(0.,-1.,0.));
#9960=DIRECTION('',(0.,0.,1.));
#9961=DIRECTION('',(-2.01127359533543E-16,1.,0.));
#9962=DIRECTION('',(-1.,-2.01127359533543E-16,0.));
#9963=DIRECTION('',(-1.,-2.01127359533543E-16,0.));
#9964=DIRECTION('',(0.,0.,1.));
#9965=DIRECTION('',(0.,0.,1.));
#9966=DIRECTION('',(0.,0.,1.));
#9967=DIRECTION('',(1.,0.,0.));
#9968=DIRECTION('',(0.,0.,1.));
#9969=DIRECTION('',(1.,0.,0.));
#9970=DIRECTION('',(0.,0.,1.));
#9971=DIRECTION('',(1.,0.,0.));
#9972=DIRECTION('',(0.,0.,1.));
#9973=DIRECTION('',(1.,0.,0.));
#9974=DIRECTION('',(0.,0.,1.));
#9975=DIRECTION('',(1.,0.,0.));
#9976=DIRECTION('',(-1.,0.,0.));
#9977=DIRECTION('',(0.,0.,1.));
#9978=DIRECTION('',(0.,-1.,0.));
#9979=DIRECTION('',(0.,0.,1.));
#9980=DIRECTION('',(0.,0.,1.));
#9981=DIRECTION('',(0.,1.,0.));
#9982=DIRECTION('',(0.,0.,1.));
#9983=DIRECTION('',(-1.,0.,0.));
#9984=DIRECTION('',(0.,0.,1.));
#9985=DIRECTION('',(0.,0.,1.));
#9986=DIRECTION('',(-1.,-4.33680868994202E-17,0.));
#9987=DIRECTION('',(4.33680868994202E-17,-1.,0.));
#9988=DIRECTION('',(0.,0.,1.));
#9989=DIRECTION('',(4.33680868994202E-17,-1.,0.));
#9990=DIRECTION('',(0.,0.,1.));
#9991=DIRECTION('',(-2.01127359533543E-16,1.,0.));
#9992=DIRECTION('',(-1.,-2.01127359533543E-16,0.));
#9993=DIRECTION('',(0.,0.,1.));
#9994=DIRECTION('',(-1.,-2.01127359533543E-16,0.));
#9995=DIRECTION('',(0.,0.,1.));
#9996=DIRECTION('',(0.,0.,1.));
#9997=DIRECTION('',(1.,0.,0.));
#9998=DIRECTION('',(0.,0.,1.));
#9999=DIRECTION('',(1.,0.,0.));
#10000=DIRECTION('',(0.,0.,1.));
#10001=DIRECTION('',(1.,0.,0.));
#10002=DIRECTION('',(0.,0.,1.));
#10003=DIRECTION('',(1.,0.,0.));
#10004=DIRECTION('',(0.,0.,1.));
#10005=DIRECTION('',(1.,0.,0.));
#10006=DIRECTION('',(0.,0.,1.));
#10007=DIRECTION('',(1.,0.,0.));
#10008=DIRECTION('',(0.,0.,-1.));
#10009=DIRECTION('',(-1.,0.,0.));
#10010=DIRECTION('',(0.,0.,1.));
#10011=DIRECTION('',(1.,0.,0.));
#10012=DIRECTION('',(0.,0.,-1.));
#10013=DIRECTION('',(-1.,0.,0.));
#10014=DIRECTION('',(0.,0.,-1.));
#10015=DIRECTION('',(-1.,0.,0.));
#10016=DIRECTION('',(0.,0.,1.));
#10017=DIRECTION('',(1.,0.,0.));
#10018=DIRECTION('',(0.,0.,1.));
#10019=DIRECTION('',(1.,0.,0.));
#10020=DIRECTION('',(0.,0.,-1.));
#10021=DIRECTION('',(-1.,0.,0.));
#10022=CARTESIAN_POINT('',(0.,0.,0.));
#10023=CARTESIAN_POINT('',(0.104775,0.045786960240787,-0.0195));
#10024=CARTESIAN_POINT('',(0.168774999865277,0.0671750410093126,-0.0195));
#10025=CARTESIAN_POINT('',(0.202774999865277,0.0671750410093126,-0.0195));
#10026=CARTESIAN_POINT('',(0.134774999865277,0.0671750410093126,-0.0195));
#10027=CARTESIAN_POINT('',(0.202774999865277,0.0666750410093126,-0.0195));
#10028=CARTESIAN_POINT('',(0.203274999865278,0.0666750410093126,-0.0195));
#10029=CARTESIAN_POINT('',(0.203274999865278,0.0571750410093126,-0.0195));
#10030=CARTESIAN_POINT('',(0.203274999865278,0.0476750410093126,-0.0195));
#10031=CARTESIAN_POINT('',(0.202774999865277,0.0476750410093126,-0.0195));
#10032=CARTESIAN_POINT('',(0.202774999865277,0.0471750410093126,-0.0195));
#10033=CARTESIAN_POINT('',(0.168774999865277,0.0471750410093126,-0.0195));
#10034=CARTESIAN_POINT('',(0.134774999865277,0.0471750410093126,-0.0195));
#10035=CARTESIAN_POINT('',(0.134774999865277,0.0476750410093126,-0.0195));
#10036=CARTESIAN_POINT('',(0.134274999865277,0.0476750410093126,-0.0195));
#10037=CARTESIAN_POINT('',(0.134274999865277,0.0571750410093126,-0.0195));
#10038=CARTESIAN_POINT('',(0.134274999865277,0.0666750410093126,-0.0195));
#10039=CARTESIAN_POINT('',(0.134774999865277,0.0666750410093126,-0.0195));
#10040=CARTESIAN_POINT('',(0.1713625,-0.00935112052773995,-0.0195));
#10041=CARTESIAN_POINT('',(0.1725625,-0.00935112052773995,-0.0195));
#10042=CARTESIAN_POINT('',(-0.004675,0.100925041009312,-0.0195));
#10043=CARTESIAN_POINT('',(-0.003475,0.100925041009312,-0.0195));
#10044=CARTESIAN_POINT('',(-0.004675,-0.00935112052773995,-0.0195));
#10045=CARTESIAN_POINT('',(-0.003475,-0.00935112052773995,-0.0195));
#10046=CARTESIAN_POINT('',(0.214225,-0.00935112052773995,-0.0195));
#10047=CARTESIAN_POINT('',(0.215425,-0.00935112052773995,-0.0195));
#10048=CARTESIAN_POINT('',(0.0381875,-0.00935112052773995,-0.0195));
#10049=CARTESIAN_POINT('',(0.0393875,-0.00935112052773995,-0.0195));
#10050=CARTESIAN_POINT('',(0.1285,0.100925041009312,-0.0195));
#10051=CARTESIAN_POINT('',(0.1297,0.100925041009312,-0.0195));
#10052=CARTESIAN_POINT('',(0.214225,0.100925041009312,-0.0195));
#10053=CARTESIAN_POINT('',(0.215425,0.100925041009312,-0.0195));
#10054=CARTESIAN_POINT('',(0.00396870000000005,-0.00357187799999993,-0.0195));
#10055=CARTESIAN_POINT('',(0.00686557799999998,-0.00357187799999993,-0.0195));
#10056=CARTESIAN_POINT('',(0.0182562,0.0988218810000001,-0.0195));
#10057=CARTESIAN_POINT('',(0.0211530810000001,0.0988218810000001,-0.0195));
#10058=CARTESIAN_POINT('',(0.0658812,0.0988218810000001,-0.0195));
#10059=CARTESIAN_POINT('',(0.0687780810000001,0.0988218810000001,-0.0195));
#10060=CARTESIAN_POINT('',(0.1531938,0.0797718780000001,-0.0195));
#10061=CARTESIAN_POINT('',(0.156090678,0.0797718780000001,-0.0195));
#10062=CARTESIAN_POINT('',(0.2008188,0.0797718780000001,-0.0195));
#10063=CARTESIAN_POINT('',(0.203715678,0.0797718780000001,-0.0195));
#10064=CARTESIAN_POINT('',(0.2055813,-0.00357188099999993,-0.0195));
#10065=CARTESIAN_POINT('',(0.208478181,-0.00357188099999993,-0.0195));
#10066=CARTESIAN_POINT('',(0.157886447,-0.008334381,-0.0195));
#10067=CARTESIAN_POINT('',(0.160783328,-0.008334381,-0.0195));
#10068=CARTESIAN_POINT('',(0.0515937,-0.008334378,-0.0195));
#10069=CARTESIAN_POINT('',(0.0544905779999999,-0.008334378,-0.0195));
#10070=CARTESIAN_POINT('',(0.114024999865278,0.0956750410093125,-0.0195));
#10071=CARTESIAN_POINT('',(0.114024999865278,0.104675041009312,-0.0195));
#10072=CARTESIAN_POINT('',(0.114024999865278,0.0876750410093125,-0.0195));
#10073=CARTESIAN_POINT('',(0.113524999865278,0.0876750410093125,-0.0195));
#10074=CARTESIAN_POINT('',(0.113524999865278,0.0871750410093125,-0.0195));
#10075=CARTESIAN_POINT('',(0.104774999865278,0.0871750410093125,-0.0195));
#10076=CARTESIAN_POINT('',(0.107274999865278,0.0871750410093125,-0.0195));
#10077=CARTESIAN_POINT('',(0.107274999865278,0.0756750205046563,-0.0195));
#10078=CARTESIAN_POINT('',(0.107274999865278,0.0749250205046563,-0.0195));
#10079=CARTESIAN_POINT('',(0.106774999865278,0.0749250205046563,-0.0195));
#10080=CARTESIAN_POINT('',(0.106774999865278,0.0744250205046563,-0.0195));
#10081=CARTESIAN_POINT('',(0.102525827142851,0.0744250205046563,-0.0195));
#10082=CARTESIAN_POINT('',(0.0977766544204238,0.0744250205046563,-0.0195));
#10083=CARTESIAN_POINT('',(0.0977766544204238,0.0705500102523282,-0.0195));
#10084=CARTESIAN_POINT('',(0.0977766544204238,0.066675,-0.0195));
#10085=CARTESIAN_POINT('',(0.101275827210212,0.066675,-0.0195));
#10086=CARTESIAN_POINT('',(0.104275,0.066675,-0.0195));
#10087=CARTESIAN_POINT('',(0.104275,0.066175,-0.0195));
#10088=CARTESIAN_POINT('',(0.104775,0.066175,-0.0195));
#10089=CARTESIAN_POINT('',(0.104775,0.05715,-0.0195));
#10090=CARTESIAN_POINT('',(0.104775,0.048125,-0.0195));
#10091=CARTESIAN_POINT('',(0.104275,0.048125,-0.0195));
#10092=CARTESIAN_POINT('',(0.104275,0.047625,-0.0195));
#10093=CARTESIAN_POINT('',(0.09525,0.047625,-0.0195));
#10094=CARTESIAN_POINT('',(0.086225,0.047625,-0.0195));
#10095=CARTESIAN_POINT('',(0.086225,0.048125,-0.0195));
#10096=CARTESIAN_POINT('',(0.085725,0.048125,-0.0195));
#10097=CARTESIAN_POINT('',(0.085725,0.05715,-0.0195));
#10098=CARTESIAN_POINT('',(0.085725,0.066175,-0.0195));
#10099=CARTESIAN_POINT('',(0.086225,0.066175,-0.0195));
#10100=CARTESIAN_POINT('',(0.086225,0.066675,-0.0195));
#10101=CARTESIAN_POINT('',(0.0892508272102119,0.066675,-0.0195));
#10102=CARTESIAN_POINT('',(0.0927766544204238,0.066675,-0.0195));
#10103=CARTESIAN_POINT('',(0.0927766544204238,0.0705500102523282,-0.0195));
#10104=CARTESIAN_POINT('',(0.0927766544204238,0.0789250205046563,-0.0195));
#10105=CARTESIAN_POINT('',(0.0932766544204238,0.0789250205046563,-0.0195));
#10106=CARTESIAN_POINT('',(0.0932766544204238,0.0794250205046563,-0.0195));
#10107=CARTESIAN_POINT('',(0.0975258271428507,0.0794250205046563,-0.0195));
#10108=CARTESIAN_POINT('',(0.102274999865278,0.0794250205046563,-0.0195));
#10109=CARTESIAN_POINT('',(0.102274999865278,0.0833000307569844,-0.0195));
#10110=CARTESIAN_POINT('',(0.102274999865278,0.0871750410093125,-0.0195));
#10111=CARTESIAN_POINT('',(0.104774999865278,0.0871750410093125,-0.0195));
#10112=CARTESIAN_POINT('',(0.0960249998652776,0.0871750410093125,-0.0195));
#10113=CARTESIAN_POINT('',(0.0960249998652776,0.0876750410093125,-0.0195));
#10114=CARTESIAN_POINT('',(0.0955249998652776,0.0876750410093125,-0.0195));
#10115=CARTESIAN_POINT('',(0.0955249998652776,0.0956750410093125,-0.0195));
#10116=CARTESIAN_POINT('',(0.0955249998652776,0.104675041009312,-0.0195));
#10117=CARTESIAN_POINT('',(0.104774999865277,0.104675041009312,-0.0195));
#10118=CARTESIAN_POINT('',(-0.00567499999999993,0.104675041009312,-0.0195));
#10119=CARTESIAN_POINT('',(-0.00567499999999993,0.104675041009312,-0.0195));
#10120=CARTESIAN_POINT('',(-0.00585738900664414,0.104675041009312,-0.0195));
#10121=CARTESIAN_POINT('',(-0.00621477859466904,0.104639318250134,-0.0195));
#10122=CARTESIAN_POINT('',(-0.00673945325069037,0.104477797195392,-0.0195));
#10123=CARTESIAN_POINT('',(-0.00721432265058408,0.104220223149033,-0.0195));
#10124=CARTESIAN_POINT('',(-0.00763658103409374,0.103868667823395,-0.0195));
#10125=CARTESIAN_POINT('',(-0.00792001660240826,0.103518368254344,-0.0195));
#10126=CARTESIAN_POINT('',(-0.00810619137364177,0.103203454581465,-0.0195));
#10127=CARTESIAN_POINT('',(-0.00825818088750224,0.102877544449817,-0.0195));
#10128=CARTESIAN_POINT('',(-0.00838964448061118,0.102439775787322,-0.0195));
#10129=CARTESIAN_POINT('',(-0.008425,0.102077250547004,-0.0195));
#10130=CARTESIAN_POINT('',(-0.008425,0.101894409353171,-0.0195));
#10131=CARTESIAN_POINT('',(-0.008425,0.101894409353171,-0.0195));
#10132=CARTESIAN_POINT('',(-0.008425,0.0457869602407863,-0.0195));
#10133=CARTESIAN_POINT('',(-0.008425,-0.0103204888715988,-0.0195));
#10134=CARTESIAN_POINT('',(-0.008425,-0.0103204888715988,-0.0195));
#10135=CARTESIAN_POINT('',(-0.008425,-0.0105033584778165,-0.0195));
#10136=CARTESIAN_POINT('',(-0.00839026100232629,-0.0108618483748172,-0.0195));
#10137=CARTESIAN_POINT('',(-0.00823293215446553,-0.0113888374831336,-0.0195));
#10138=CARTESIAN_POINT('',(-0.00798130669445804,-0.0118675351169976,-0.0195));
#10139=CARTESIAN_POINT('',(-0.0076356209977413,-0.0122956582261718,-0.0195));
#10140=CARTESIAN_POINT('',(-0.00729083357339227,-0.0125834995612119,-0.0195));
#10141=CARTESIAN_POINT('',(-0.00697840739097656,-0.0127740910515398,-0.0195));
#10142=CARTESIAN_POINT('',(-0.00665428966808564,-0.0129298857982492,-0.0195));
#10143=CARTESIAN_POINT('',(-0.00622018506536828,-0.01306446686903,-0.0195));
#10144=CARTESIAN_POINT('',(-0.00585739127787536,-0.0131011205277399,-0.0195));
#10145=CARTESIAN_POINT('',(-0.005675,-0.0131011205277399,-0.0195));
#10146=CARTESIAN_POINT('',(-0.00567499973055366,-0.0131011205277399,-0.0195));
#10147=CARTESIAN_POINT('',(0.104775000134723,-0.0131011205277399,-0.0195));
#10148=CARTESIAN_POINT('',(0.215225,-0.0131011205277399,-0.0195));
#10149=CARTESIAN_POINT('',(0.215225,-0.0131011205277399,-0.0195));
#10150=CARTESIAN_POINT('',(0.215407389006644,-0.0131011205277399,-0.0195));
#10151=CARTESIAN_POINT('',(0.215764778594669,-0.0130653977685619,-0.0195));
#10152=CARTESIAN_POINT('',(0.21628945325069,-0.0129038767138191,-0.0195));
#10153=CARTESIAN_POINT('',(0.216764322650584,-0.01264630266746,-0.0195));
#10154=CARTESIAN_POINT('',(0.217186581034093,-0.0122947473418228,-0.0195));
#10155=CARTESIAN_POINT('',(0.217470016602409,-0.0119444477727709,-0.0195));
#10156=CARTESIAN_POINT('',(0.217656191373642,-0.0116295340998924,-0.0195));
#10157=CARTESIAN_POINT('',(0.217808180887502,-0.0113036239682446,-0.0195));
#10158=CARTESIAN_POINT('',(0.217939644480611,-0.0108658553057485,-0.0195));
#10159=CARTESIAN_POINT('',(0.217975,-0.0105033300654316,-0.0195));
#10160=CARTESIAN_POINT('',(0.217975,-0.0103204888715989,-0.0195));
#10161=CARTESIAN_POINT('',(0.217975,-0.0103204888715995,-0.0195));
#10162=CARTESIAN_POINT('',(0.217975,0.0454856382507607,-0.0195));
#10163=CARTESIAN_POINT('',(0.217975,0.101291765373121,-0.0195));
#10164=CARTESIAN_POINT('',(0.217975,0.101291765373121,-0.0195));
#10165=CARTESIAN_POINT('',(0.217975,0.101492646699804,-0.0195));
#10166=CARTESIAN_POINT('',(0.217975,0.101693528026488,-0.0195));
#10167=CARTESIAN_POINT('',(0.217975,0.101894409353171,-0.0195));
#10168=CARTESIAN_POINT('',(0.217975,0.102077278959389,-0.0195));
#10169=CARTESIAN_POINT('',(0.217940261002326,0.10243576885639,-0.0195));
#10170=CARTESIAN_POINT('',(0.217782932154466,0.102962757964706,-0.0195));
#10171=CARTESIAN_POINT('',(0.217531306694458,0.10344145559857,-0.0195));
#10172=CARTESIAN_POINT('',(0.217185620997741,0.103869578707745,-0.0195));
#10173=CARTESIAN_POINT('',(0.216840833573393,0.104157420042784,-0.0195));
#10174=CARTESIAN_POINT('',(0.216528407390977,0.104348011533112,-0.0195));
#10175=CARTESIAN_POINT('',(0.216204289668086,0.104503806279822,-0.0195));
#10176=CARTESIAN_POINT('',(0.215770185065368,0.104638387350602,-0.0195));
#10177=CARTESIAN_POINT('',(0.215407391277875,0.104675041009313,-0.0195));
#10178=CARTESIAN_POINT('',(0.215225,0.104675041009312,-0.0195));
#10179=CARTESIAN_POINT('',(0.215224999730555,0.104675041009312,-0.0195));
#10180=CARTESIAN_POINT('',(0.104774999865277,0.104675041009312,-0.0195));
#10181=CARTESIAN_POINT('',(0.0407749998652776,0.0671750410093125,-0.0195));
#10182=CARTESIAN_POINT('',(0.0747749998652776,0.0671750410093125,-0.0195));
#10183=CARTESIAN_POINT('',(0.0067749998652776,0.0671750410093125,-0.0195));
#10184=CARTESIAN_POINT('',(0.0747749998652776,0.0666750410093125,-0.0195));
#10185=CARTESIAN_POINT('',(0.0752749998652776,0.0666750410093125,-0.0195));
#10186=CARTESIAN_POINT('',(0.0752749998652776,0.0571750410093125,-0.0195));
#10187=CARTESIAN_POINT('',(0.0752749998652776,0.0476750410093126,-0.0195));
#10188=CARTESIAN_POINT('',(0.0747749998652776,0.0476750410093126,-0.0195));
#10189=CARTESIAN_POINT('',(0.0747749998652776,0.0471750410093125,-0.0195));
#10190=CARTESIAN_POINT('',(0.0407749998652776,0.0471750410093125,-0.0195));
#10191=CARTESIAN_POINT('',(0.0067749998652776,0.0471750410093125,-0.0195));
#10192=CARTESIAN_POINT('',(0.0067749998652776,0.0476750410093125,-0.0195));
#10193=CARTESIAN_POINT('',(0.0062749998652776,0.0476750410093125,-0.0195));
#10194=CARTESIAN_POINT('',(0.0062749998652776,0.0571750410093125,-0.0195));
#10195=CARTESIAN_POINT('',(0.0062749998652776,0.0666750410093125,-0.0195));
#10196=CARTESIAN_POINT('',(0.0067749998652776,0.0666750410093125,-0.0195));
#10197=CARTESIAN_POINT('',(0.220227,0.04524375,-0.0257089214635825));
#10198=CARTESIAN_POINT('',(0.123687216,0.037334312982447,-0.0250169353896743));
#10199=CARTESIAN_POINT('',(0.123746483,0.0372752720093725,-0.0250117699738468));
#10200=CARTESIAN_POINT('',(0.123627949,0.0373933539555214,-0.0250221008055018));
#10201=CARTESIAN_POINT('',(0.1211091155,0.0373933539555214,-0.0250221008055018));
#10202=CARTESIAN_POINT('',(0.118590282,0.0373933539555214,-0.0250221008055018));
#10203=CARTESIAN_POINT('',(0.11797786,0.037255591186917,-0.025010048124993));
#10204=CARTESIAN_POINT('',(0.117365438,0.0371178284183126,-0.0249979954444842));
#10205=CARTESIAN_POINT('',(0.116841916,0.0367635815836712,-0.0249670028623631));
#10206=CARTESIAN_POINT('',(0.116318394,0.0364093347490297,-0.024936010280242));
#10207=CARTESIAN_POINT('',(0.1159627935,0.0358878049082954,-0.0248903823314873));
#10208=CARTESIAN_POINT('',(0.115607193,0.035366275067561,-0.0248447543827326));
#10209=CARTESIAN_POINT('',(0.1154689045,0.0347561835181662,-0.0247913782884475));
#10210=CARTESIAN_POINT('',(0.115330616,0.0341460919687714,-0.0247380021941625));
#10211=CARTESIAN_POINT('',(0.115330616,0.0320993322583555,-0.0245589339225395));
#10212=CARTESIAN_POINT('',(0.115330616,0.0300525725479396,-0.0243798656509166));
#10213=CARTESIAN_POINT('',(0.115380006,0.0297081656264285,-0.0243497339496445));
#10214=CARTESIAN_POINT('',(0.115429396,0.0293637587049175,-0.0243196022483724));
#10215=CARTESIAN_POINT('',(0.115528174,0.0290488730170897,-0.0242920533203809));
#10216=CARTESIAN_POINT('',(0.115626952,0.028733987329262,-0.0242645043923894));
#10217=CARTESIAN_POINT('',(0.115765241,0.0285273431763554,-0.0242464253716262));
#10218=CARTESIAN_POINT('',(0.11590353,0.0283206990234488,-0.0242283463508629));
#10219=CARTESIAN_POINT('',(0.115982552,0.028094374546184,-0.0242085455248239));
#10220=CARTESIAN_POINT('',(0.116061574,0.0278680500689192,-0.0241887446987848));
#10221=CARTESIAN_POINT('',(0.116041819,0.0277696484471285,-0.0241801356724055));
#10222=CARTESIAN_POINT('',(0.116022064,0.0276712468253377,-0.0241715266460262));
#10223=CARTESIAN_POINT('',(0.115982554,0.0275925250298077,-0.024164639381345));
#10224=CARTESIAN_POINT('',(0.115943044,0.0275138032342778,-0.0241577521166636));
#10225=CARTESIAN_POINT('',(0.1157356105,0.0270808351022038,-0.0241198723134392));
#10226=CARTESIAN_POINT('',(0.115528177,0.0266478669701298,-0.0240819925102147));
#10227=CARTESIAN_POINT('',(0.1154293995,0.0261853776043725,-0.0240415299337097));
#10228=CARTESIAN_POINT('',(0.115330622,0.0257228882386152,-0.0240010673572046));
#10229=CARTESIAN_POINT('',(0.115330622,0.0233612428403715,-0.0237944501575901));
#10230=CARTESIAN_POINT('',(0.115330622,0.0209995974421277,-0.0235878329579756));
#10231=CARTESIAN_POINT('',(0.1154689105,0.0203796654815053,-0.0235335959392637));
#10232=CARTESIAN_POINT('',(0.115607199,0.0197597335208827,-0.0234793589205519));
#10233=CARTESIAN_POINT('',(0.1159627995,0.0192382036801484,-0.0234337309717972));
#10234=CARTESIAN_POINT('',(0.1163184,0.018716673839414,-0.0233881030230424));
#10235=CARTESIAN_POINT('',(0.116832044,0.0183624265066752,-0.0233571103973435));
#10236=CARTESIAN_POINT('',(0.117345688,0.0180081791739364,-0.0233261177716446));
#10237=CARTESIAN_POINT('',(0.117967988,0.0178802568165598,-0.0233149260155626));
#10238=CARTESIAN_POINT('',(0.118590288,0.0177523344591832,-0.0233037342594806));
#10239=CARTESIAN_POINT('',(0.121128877,0.0177523344591832,-0.0233037342594806));
#10240=CARTESIAN_POINT('',(0.123667466,0.0177523344591832,-0.0233037342594806));
#10241=CARTESIAN_POINT('',(0.123706976,0.0177916941117047,-0.0233071777828766));
#10242=CARTESIAN_POINT('',(0.123746486,0.0178310537642263,-0.0233106213062725));
#10243=CARTESIAN_POINT('',(0.1237464845,0.0275531628867994,-0.0241611956400597));
#10244=CARTESIAN_POINT('',(0.105146647,0.0373835165328777,-0.0250212401425422));
#10245=CARTESIAN_POINT('',(0.105156522,0.0373933539555214,-0.0250221008055018));
#10246=CARTESIAN_POINT('',(0.105117012,0.0373539943029998,-0.0250186572821059));
#10247=CARTESIAN_POINT('',(0.105117012,0.0373441568803562,-0.0250177966191463));
#10248=CARTESIAN_POINT('',(0.105117012,0.0373343194577125,-0.0250169359561866));
#10249=CARTESIAN_POINT('',(0.105107132,0.0373244770540954,-0.0250160748574483));
#10250=CARTESIAN_POINT('',(0.105097252,0.0373146346504782,-0.02501521375871));
#10251=CARTESIAN_POINT('',(0.105087372,0.0372949548242174,-0.025013491997012));
#10252=CARTESIAN_POINT('',(0.105077492,0.0372752749979566,-0.0250117702353139));
#10253=CARTESIAN_POINT('',(0.105077492,0.0363010962026927,-0.0249265406344811));
#10254=CARTESIAN_POINT('',(0.105077492,0.0353269174074287,-0.0248413110336481));
#10255=CARTESIAN_POINT('',(0.105117002,0.03527771535129,-0.0248370064115138));
#10256=CARTESIAN_POINT('',(0.105156512,0.0352285132951512,-0.0248327017893795));
#10257=CARTESIAN_POINT('',(0.108060579,0.0352285132951512,-0.0248327017893795));
#10258=CARTESIAN_POINT('',(0.110964646,0.0352285132951512,-0.0248327017893795));
#10259=CARTESIAN_POINT('',(0.111093057,0.0351497919977187,-0.0248258145682761));
#10260=CARTESIAN_POINT('',(0.111221468,0.035071070700286,-0.0248189273471727));
#10261=CARTESIAN_POINT('',(0.1112807345,0.0349333079316817,-0.0248068746666639));
#10262=CARTESIAN_POINT('',(0.111340001,0.0347955451630772,-0.024794821986155));
#10263=CARTESIAN_POINT('',(0.111340001,0.0319418901615877,-0.0245451595239106));
#10264=CARTESIAN_POINT('',(0.111340001,0.0290882351600981,-0.0242954970616662));
#10265=CARTESIAN_POINT('',(0.1112807345,0.0289406319802659,-0.0242825834567305));
#10266=CARTESIAN_POINT('',(0.111221468,0.0287930288004338,-0.0242696698517949));
#10267=CARTESIAN_POINT('',(0.111093057,0.0287241474161316,-0.0242636435115405));
#10268=CARTESIAN_POINT('',(0.110964646,0.0286552660318294,-0.024257617171286));
#10269=CARTESIAN_POINT('',(0.1093249345,0.0286552660318294,-0.024257617171286));
#10270=CARTESIAN_POINT('',(0.107685223,0.0286552660318294,-0.024257617171286));
#10271=CARTESIAN_POINT('',(0.107645713,0.0286060639756907,-0.0242533125491517));
#10272=CARTESIAN_POINT('',(0.107606203,0.0285568619195519,-0.0242490079270174));
#10273=CARTESIAN_POINT('',(0.107606203,0.0275728427130602,-0.0241629174017576));
#10274=CARTESIAN_POINT('',(0.107606203,0.0265888235065686,-0.0240768268764978));
#10275=CARTESIAN_POINT('',(0.107645713,0.026549463854047,-0.0240733833531019));
#10276=CARTESIAN_POINT('',(0.107685223,0.0265101042015253,-0.0240699398297059));
#10277=CARTESIAN_POINT('',(0.1092854235,0.0265101042015253,-0.0240699398297059));
#10278=CARTESIAN_POINT('',(0.110885624,0.0265101042015253,-0.0240699398297059));
#10279=CARTESIAN_POINT('',(0.111043668,0.026421542492865,-0.0240621916841756));
#10280=CARTESIAN_POINT('',(0.111201712,0.0263329807842047,-0.0240544435386454));
#10281=CARTESIAN_POINT('',(0.1112708565,0.026175537691242,-0.0240406690528607));
#10282=CARTESIAN_POINT('',(0.111340001,0.0260180945982795,-0.024026894567076));
#10283=CARTESIAN_POINT('',(0.111340001,0.02316443959679,-0.0237772321048316));
#10284=CARTESIAN_POINT('',(0.111340001,0.0203107845953004,-0.0235275696425872));
#10285=CARTESIAN_POINT('',(0.111260979,0.0201631814154683,-0.0235146560376515));
#10286=CARTESIAN_POINT('',(0.111181957,0.0200155782356361,-0.0235017424327159));
#10287=CARTESIAN_POINT('',(0.1110337905,0.0199466968513339,-0.0234957160924614));
#10288=CARTESIAN_POINT('',(0.110885624,0.0198778154670317,-0.023489689752207));
#10289=CARTESIAN_POINT('',(0.108021068,0.0198778154670317,-0.023489689752207));
#10290=CARTESIAN_POINT('',(0.105156512,0.0198778154670317,-0.023489689752207));
#10291=CARTESIAN_POINT('',(0.105117002,0.019828613410893,-0.0234853851300727));
#10292=CARTESIAN_POINT('',(0.105077492,0.0197794113547542,-0.0234810805079384));
#10293=CARTESIAN_POINT('',(0.105077492,0.0188052320613929,-0.0233958508635276));
#10294=CARTESIAN_POINT('',(0.105077492,0.0178310527680317,-0.0233106212191167));
#10295=CARTESIAN_POINT('',(0.105117002,0.0177916931155101,-0.0233071776957208));
#10296=CARTESIAN_POINT('',(0.105156512,0.0177523334629884,-0.0233037341723249));
#10297=CARTESIAN_POINT('',(0.1093249395,0.0177523334629884,-0.0233037341723249));
#10298=CARTESIAN_POINT('',(0.113493367,0.0177523334629884,-0.0233037341723249));
#10299=CARTESIAN_POINT('',(0.113493367,0.0275728437092549,-0.0241629174889133));
#10300=CARTESIAN_POINT('',(0.113493367,0.0373933539555214,-0.0250221008055018));
#10301=CARTESIAN_POINT('',(0.1093249445,0.0373933539555214,-0.0250221008055018));
#10302=CARTESIAN_POINT('',(0.079775,0.0269173256816271,-0.0241055670927591));
#10303=CARTESIAN_POINT('',(0.079775,0.0399674762266289,-0.0252473073227534));
#10304=CARTESIAN_POINT('',(0.079775,0.0150626087743353,-0.0230684137540619));
#10305=CARTESIAN_POINT('',(0.104775,0.0399674762266289,-0.0252473073227534));
#10306=CARTESIAN_POINT('',(0.129775,0.0399674762266289,-0.0252473073227534));
#10307=CARTESIAN_POINT('',(0.129775,0.0393697594077739,-0.0251950138771047));
#10308=CARTESIAN_POINT('',(0.129775,0.0150626087743353,-0.0230684137540619));
#10309=CARTESIAN_POINT('',(0.104775,0.0150626087743353,-0.0230684137540619));
#10310=CARTESIAN_POINT('',(0.095150321,0.0373835165328777,-0.0250212401425422));
#10311=CARTESIAN_POINT('',(0.095160201,0.0373933539555214,-0.0250221008055018));
#10312=CARTESIAN_POINT('',(0.095140441,0.0373736791102341,-0.0250203794795826));
#10313=CARTESIAN_POINT('',(0.095130561,0.0373638367066169,-0.0250195183808443));
#10314=CARTESIAN_POINT('',(0.095120681,0.0373539943029998,-0.0250186572821059));
#10315=CARTESIAN_POINT('',(0.095120681,0.0373441568803562,-0.0250177966191463));
#10316=CARTESIAN_POINT('',(0.095120681,0.0373343194577125,-0.0250169359561866));
#10317=CARTESIAN_POINT('',(0.095110801,0.0373244770540954,-0.0250160748574483));
#10318=CARTESIAN_POINT('',(0.095100921,0.0373146346504782,-0.02501521375871));
#10319=CARTESIAN_POINT('',(0.095091041,0.0372949548242174,-0.025013491997012));
#10320=CARTESIAN_POINT('',(0.095081161,0.0372752749979566,-0.0250117702353139));
#10321=CARTESIAN_POINT('',(0.095081161,0.0363010962026927,-0.0249265406344811));
#10322=CARTESIAN_POINT('',(0.095081161,0.0353269174074287,-0.0248413110336481));
#10323=CARTESIAN_POINT('',(0.095120671,0.03527771535129,-0.0248370064115138));
#10324=CARTESIAN_POINT('',(0.095160181,0.0352285132951512,-0.0248327017893795));
#10325=CARTESIAN_POINT('',(0.0980642475,0.0352285132951512,-0.0248327017893795));
#10326=CARTESIAN_POINT('',(0.100968314,0.0352285132951512,-0.0248327017893795));
#10327=CARTESIAN_POINT('',(0.101096725,0.0351497919977187,-0.0248258145682761));
#10328=CARTESIAN_POINT('',(0.101225136,0.035071070700286,-0.0248189273471727));
#10329=CARTESIAN_POINT('',(0.101284403,0.0349333079316817,-0.0248068746666639));
#10330=CARTESIAN_POINT('',(0.10134367,0.0347955451630772,-0.024794821986155));
#10331=CARTESIAN_POINT('',(0.10134367,0.0319418901615877,-0.0245451595239106));
#10332=CARTESIAN_POINT('',(0.10134367,0.0290882351600981,-0.0242954970616662));
#10333=CARTESIAN_POINT('',(0.101284403,0.0289406319802659,-0.0242825834567305));
#10334=CARTESIAN_POINT('',(0.101225136,0.0287930288004338,-0.0242696698517949));
#10335=CARTESIAN_POINT('',(0.101096725,0.0287241474161316,-0.0242636435115405));
#10336=CARTESIAN_POINT('',(0.100968314,0.0286552660318294,-0.024257617171286));
#10337=CARTESIAN_POINT('',(0.099328603,0.0286552660318294,-0.024257617171286));
#10338=CARTESIAN_POINT('',(0.097688892,0.0286552660318294,-0.024257617171286));
#10339=CARTESIAN_POINT('',(0.097649382,0.0286060639756907,-0.0242533125491517));
#10340=CARTESIAN_POINT('',(0.097609872,0.0285568619195519,-0.0242490079270174));
#10341=CARTESIAN_POINT('',(0.097609872,0.0275728427130602,-0.0241629174017576));
#10342=CARTESIAN_POINT('',(0.097609872,0.0265888235065686,-0.0240768268764978));
#10343=CARTESIAN_POINT('',(0.097649382,0.026549463854047,-0.0240733833531019));
#10344=CARTESIAN_POINT('',(0.097688892,0.0265101042015253,-0.0240699398297059));
#10345=CARTESIAN_POINT('',(0.099289092,0.0265101042015253,-0.0240699398297059));
#10346=CARTESIAN_POINT('',(0.100889292,0.0265101042015253,-0.0240699398297059));
#10347=CARTESIAN_POINT('',(0.1010473365,0.026421542492865,-0.0240621916841756));
#10348=CARTESIAN_POINT('',(0.101205381,0.0263329807842047,-0.0240544435386454));
#10349=CARTESIAN_POINT('',(0.1012745255,0.026175537691242,-0.0240406690528607));
#10350=CARTESIAN_POINT('',(0.10134367,0.0260180945982795,-0.024026894567076));
#10351=CARTESIAN_POINT('',(0.10134367,0.02316443959679,-0.0237772321048316));
#10352=CARTESIAN_POINT('',(0.10134367,0.0203107845953004,-0.0235275696425872));
#10353=CARTESIAN_POINT('',(0.1012646475,0.0201631814154683,-0.0235146560376515));
#10354=CARTESIAN_POINT('',(0.101185625,0.0200155782356361,-0.0235017424327159));
#10355=CARTESIAN_POINT('',(0.1010374585,0.0199466968513339,-0.0234957160924614));
#10356=CARTESIAN_POINT('',(0.100889292,0.0198778154670317,-0.023489689752207));
#10357=CARTESIAN_POINT('',(0.0980247365,0.0198778154670317,-0.023489689752207));
#10358=CARTESIAN_POINT('',(0.095160181,0.0198778154670317,-0.023489689752207));
#10359=CARTESIAN_POINT('',(0.095120671,0.019828613410893,-0.0234853851300727));
#10360=CARTESIAN_POINT('',(0.095081161,0.0197794113547542,-0.0234810805079384));
#10361=CARTESIAN_POINT('',(0.095081161,0.0188052320613929,-0.0233958508635276));
#10362=CARTESIAN_POINT('',(0.095081161,0.0178310527680317,-0.0233106212191167));
#10363=CARTESIAN_POINT('',(0.095120671,0.0177916931155101,-0.0233071776957208));
#10364=CARTESIAN_POINT('',(0.095160181,0.0177523334629884,-0.0233037341723249));
#10365=CARTESIAN_POINT('',(0.099328613,0.0177523334629884,-0.0233037341723249));
#10366=CARTESIAN_POINT('',(0.103497045,0.0177523334629884,-0.0233037341723249));
#10367=CARTESIAN_POINT('',(0.103497045,0.0275728437092549,-0.0241629174889133));
#10368=CARTESIAN_POINT('',(0.103497045,0.0373933539555214,-0.0250221008055018));
#10369=CARTESIAN_POINT('',(0.099328623,0.0373933539555214,-0.0250221008055018));
#10370=CARTESIAN_POINT('',(0.0909226245,0.0373933539555214,-0.0250221008055018));
#10371=CARTESIAN_POINT('',(0.093500725,0.0373933539555214,-0.0250221008055018));
#10372=CARTESIAN_POINT('',(0.088344524,0.0373933539555214,-0.0250221008055018));
#10373=CARTESIAN_POINT('',(0.0878802685,0.037304792246861,-0.0250143526599716));
#10374=CARTESIAN_POINT('',(0.087416013,0.0372162305382007,-0.0250066045144413));
#10375=CARTESIAN_POINT('',(0.086981391,0.0370194267965218,-0.024989386418105));
#10376=CARTESIAN_POINT('',(0.086546769,0.0368226230548429,-0.0249721683217685));
#10377=CARTESIAN_POINT('',(0.086043002,0.0362223714185786,-0.0249196531083326));
#10378=CARTESIAN_POINT('',(0.085539235,0.0356221197823143,-0.0248671378948965));
#10379=CARTESIAN_POINT('',(0.0853688435,0.0352801729636102,-0.0248372214247312));
#10380=CARTESIAN_POINT('',(0.085198452,0.0349382261449061,-0.0248073049545658));
#10381=CARTESIAN_POINT('',(0.085141655,0.0345421590568388,-0.0247726535743641));
#10382=CARTESIAN_POINT('',(0.085084858,0.0341460919687714,-0.0247380021941625));
#10383=CARTESIAN_POINT('',(0.085084858,0.0314794002977331,-0.0245046969038277));
#10384=CARTESIAN_POINT('',(0.085084858,0.0288127086266946,-0.0242713916134929));
#10385=CARTESIAN_POINT('',(0.085141655,0.028414180937723,-0.0242365249586067));
#10386=CARTESIAN_POINT('',(0.085198452,0.0280156532487514,-0.0242016583037204));
#10387=CARTESIAN_POINT('',(0.0853688435,0.0276663266197239,-0.0241710961838128));
#10388=CARTESIAN_POINT('',(0.085539235,0.0273169999906963,-0.0241405340639052));
#10389=CARTESIAN_POINT('',(0.086043002,0.0267265882675624,-0.0240888797313181));
#10390=CARTESIAN_POINT('',(0.086546769,0.0261361765444284,-0.0240372253987311));
#10391=CARTESIAN_POINT('',(0.086981391,0.0259295323915218,-0.0240191463779678));
#10392=CARTESIAN_POINT('',(0.087416013,0.0257228882386152,-0.0240010673572046));
#10393=CARTESIAN_POINT('',(0.0878802685,0.0256343265299548,-0.0239933192116744));
#10394=CARTESIAN_POINT('',(0.088344524,0.0255457648212945,-0.023985571066144));
#10395=CARTESIAN_POINT('',(0.0896582685,0.0255457648212945,-0.023985571066144));
#10396=CARTESIAN_POINT('',(0.090972013,0.0255457648212945,-0.023985571066144));
#10397=CARTESIAN_POINT('',(0.0911004245,0.0254670435238619,-0.0239786838450406));
#10398=CARTESIAN_POINT('',(0.091228836,0.0253883222264293,-0.0239717966239373));
#10399=CARTESIAN_POINT('',(0.09129798,0.0252505594578248,-0.0239597439434284));
#10400=CARTESIAN_POINT('',(0.091367124,0.0251127966892205,-0.0239476912629196));
#10401=CARTESIAN_POINT('',(0.091367124,0.0214719262229181,-0.0236291563717518));
#10402=CARTESIAN_POINT('',(0.091367124,0.0178310557566158,-0.023310621480584));
#10403=CARTESIAN_POINT('',(0.091416514,0.0177916961040941,-0.023307177957188));
#10404=CARTESIAN_POINT('',(0.091465904,0.0177523364515726,-0.0233037344337921));
#10405=CARTESIAN_POINT('',(0.0924833155,0.0177523364515726,-0.0233037344337921));
#10406=CARTESIAN_POINT('',(0.093500727,0.0177523364515726,-0.0233037344337921));
#10407=CARTESIAN_POINT('',(0.093500726,0.027572845203547,-0.024162917619647));
#10408=CARTESIAN_POINT('',(0.220227,0.04524375,-0.0257089214635825));
#10409=CARTESIAN_POINT('',(0.104775,0.0709952955948964,-0.0279618897714068));
#10410=CARTESIAN_POINT('',(0.096775,0.0709952955948964,-0.0279618897714068));
#10411=CARTESIAN_POINT('',(0.163575,0.0549103966980052,-0.0265546434639683));
#10412=CARTESIAN_POINT('',(0.163575,0.0543126798791501,-0.0265023500183197));
#10413=CARTESIAN_POINT('',(0.163575,0.0555081135168602,-0.0266069369096168));
#10414=CARTESIAN_POINT('',(0.104775,0.0555081135168602,-0.0266069369096168));
#10415=CARTESIAN_POINT('',(0.045975,0.0555081135168602,-0.0266069369096168));
#10416=CARTESIAN_POINT('',(0.045975,0.0549103966980052,-0.0265546434639683));
#10417=CARTESIAN_POINT('',(0.045975,0.0543126798791501,-0.0265023500183197));
#10418=CARTESIAN_POINT('',(0.104775,0.0543126798791501,-0.0265023500183197));
#10419=CARTESIAN_POINT('',(0.1285,0.100925041009312,-0.0305804031973852));
#10420=CARTESIAN_POINT('',(0.1285,0.0988000410093124,-0.0303944897873927));
#10421=CARTESIAN_POINT('',(0.0810499997352398,0.100925040898162,-0.0305804031876609));
#10422=CARTESIAN_POINT('',(0.0810499997352398,0.098800040898162,-0.0303944897776683));
#10423=CARTESIAN_POINT('',(0.214225,0.100925041009312,-0.0305804031973852));
#10424=CARTESIAN_POINT('',(0.214225,0.0988000410093124,-0.0303944897873927));
#10425=CARTESIAN_POINT('',(-0.004675,0.100925041009312,-0.0305804031973852));
#10426=CARTESIAN_POINT('',(-0.004675,0.0988000410093124,-0.0303944897873927));
#10427=CARTESIAN_POINT('',(0.220227,0.0906343590896881,-0.029680085189467));
#10428=CARTESIAN_POINT('',(-0.00222500013472244,0.0906343590896881,-0.029680085189467));
#10429=CARTESIAN_POINT('',(0.0337749998652775,0.0906343590896881,-0.029680085189467));
#10430=CARTESIAN_POINT('',(0.0337749998652775,0.0937225626537726,-0.0299502679919847));
#10431=CARTESIAN_POINT('',(0.0337749998652775,0.096810766217857,-0.0302204507945024));
#10432=CARTESIAN_POINT('',(-0.00222500013472244,0.096810766217857,-0.0302204507945024));
#10433=CARTESIAN_POINT('',(-0.00222500013472244,0.0968107662178567,-0.0302204507945024));
#10434=CARTESIAN_POINT('',(-0.00222500013472244,0.0937225626537726,-0.0299502679919847));
#10435=CARTESIAN_POINT('',(0.220227,0.0906343590896882,-0.029680085189467));
#10436=CARTESIAN_POINT('',(0.175774999865278,0.0906343590896882,-0.029680085189467));
#10437=CARTESIAN_POINT('',(0.211774999865278,0.0906343590896882,-0.029680085189467));
#10438=CARTESIAN_POINT('',(0.211774999865278,0.0937225626537726,-0.0299502679919847));
#10439=CARTESIAN_POINT('',(0.211774999865278,0.096810766217857,-0.0302204507945024));
#10440=CARTESIAN_POINT('',(0.175774999865278,0.096810766217857,-0.0302204507945024));
#10441=CARTESIAN_POINT('',(0.175774999865278,0.0968107662178568,-0.0302204507945024));
#10442=CARTESIAN_POINT('',(0.175774999865278,0.0937225626537726,-0.0299502679919847));
#10443=CARTESIAN_POINT('',(-0.005625,0.0359826974342619,-0.0248986843517628));
#10444=CARTESIAN_POINT('',(-0.008425,0.0388283986891884,-0.0251476509513503));
#10445=CARTESIAN_POINT('',(-0.005625,0.0399674762266289,-0.0252473073227534));
#10446=CARTESIAN_POINT('',(-0.008425,0.04524375,-0.0257089214635825));
#10447=CARTESIAN_POINT('',(-0.008425,0.0550561804254285,-0.0265673978874444));
#10448=CARTESIAN_POINT('',(0.013175,0.0550561804254285,-0.0265673978874444));
#10449=CARTESIAN_POINT('',(0.040775,0.0550561804254285,-0.0265673978874444));
#10450=CARTESIAN_POINT('',(0.040775,0.0590409592177955,-0.026916020858435));
#10451=CARTESIAN_POINT('',(0.044775,0.0590409592177955,-0.026916020858435));
#10452=CARTESIAN_POINT('',(0.044775,0.0620295433120707,-0.0271774880866779));
#10453=CARTESIAN_POINT('',(0.044775,0.065018127406346,-0.0274389553149209));
#10454=CARTESIAN_POINT('',(0.034775,0.065018127406346,-0.0274389553149209));
#10455=CARTESIAN_POINT('',(0.034775,0.0749800743872634,-0.0283105127423975));
#10456=CARTESIAN_POINT('',(0.013175,0.0749800743872634,-0.0283105127423975));
#10457=CARTESIAN_POINT('',(-0.008425,0.0749800743872634,-0.0283105127423975));
#10458=CARTESIAN_POINT('',(-0.008425,0.04524375,-0.0257089214635825));
#10459=CARTESIAN_POINT('',(-0.008425,0.100925,-0.0305803996095354));
#10460=CARTESIAN_POINT('',(-0.008425,0.100925,-0.0305803996095354));
#10461=CARTESIAN_POINT('',(-0.008425,0.101651354030195,-0.0306439473528838));
#10462=CARTESIAN_POINT('',(-0.00783255094371455,0.10307670611642,-0.0307686495019615));
#10463=CARTESIAN_POINT('',(-0.00640370381716461,0.10368450963469,-0.0308218254194613));
#10464=CARTESIAN_POINT('',(-0.00567499999999993,0.10368450963469,-0.0308218254194613));
#10465=CARTESIAN_POINT('',(-0.00567499999999993,0.10368450963469,-0.0308218254194613));
#10466=CARTESIAN_POINT('',(0.104774999865277,0.10368450963469,-0.0308218254194613));
#10467=CARTESIAN_POINT('',(0.215224999730555,0.10368450963469,-0.0308218254194613));
#10468=CARTESIAN_POINT('',(0.215225,0.10368450963469,-0.0308218254194612));
#10469=CARTESIAN_POINT('',(0.215640656596623,0.10368450963469,-0.0308218254194613));
#10470=CARTESIAN_POINT('',(0.21646004879771,0.10349476301384,-0.0308052247411947));
#10471=CARTESIAN_POINT('',(0.217443141379194,0.102706645132698,-0.0307362733610726));
#10472=CARTESIAN_POINT('',(0.218005008861608,0.101565493089305,-0.0306364354939163));
#10473=CARTESIAN_POINT('',(0.217975,0.100735380967624,-0.0305638100938137));
#10474=CARTESIAN_POINT('',(0.217975,0.100326933778045,-0.0305280755950765));
#10475=CARTESIAN_POINT('',(0.217975,0.100326933778045,-0.0305280755950765));
#10476=CARTESIAN_POINT('',(0.217975,0.044944716889022,-0.025682759456353));
#10477=CARTESIAN_POINT('',(0.217975,0.0749800743872634,-0.0283105127423975));
#10478=CARTESIAN_POINT('',(0.196375,0.0749800743872634,-0.0283105127423975));
#10479=CARTESIAN_POINT('',(0.174775,0.0749800743872634,-0.0283105127423975));
#10480=CARTESIAN_POINT('',(0.174775,0.0650181274063459,-0.0274389553149209));
#10481=CARTESIAN_POINT('',(0.164775,0.0650181274063459,-0.0274389553149209));
#10482=CARTESIAN_POINT('',(0.164775,0.0620295433120707,-0.0271774880866779));
#10483=CARTESIAN_POINT('',(0.164775,0.0590409592177955,-0.026916020858435));
#10484=CARTESIAN_POINT('',(0.168775,0.0590409592177955,-0.026916020858435));
#10485=CARTESIAN_POINT('',(0.168775,0.0550561804254284,-0.0265673978874444));
#10486=CARTESIAN_POINT('',(0.196375,0.0550561804254285,-0.0265673978874444));
#10487=CARTESIAN_POINT('',(0.217975,0.0550561804254285,-0.0265673978874444));
#10488=CARTESIAN_POINT('',(0.217975,0.044944716889022,-0.025682759456353));
#10489=CARTESIAN_POINT('',(0.217975,0.0388283986891884,-0.0251476509513503));
#10490=CARTESIAN_POINT('',(0.215175,0.0359826974342619,-0.0248986843517628));
#10491=CARTESIAN_POINT('',(0.215175,0.0399674762266289,-0.0252473073227534));
#10492=CARTESIAN_POINT('',(0.173075,0.0399674762266289,-0.0252473073227534));
#10493=CARTESIAN_POINT('',(0.130975,0.0399674762266289,-0.0252473073227534));
#10494=CARTESIAN_POINT('',(0.130975,0.040565193045484,-0.025299600768402));
#10495=CARTESIAN_POINT('',(0.130975,0.041162909864339,-0.0253518942140505));
#10496=CARTESIAN_POINT('',(0.104775,0.041162909864339,-0.0253518942140505));
#10497=CARTESIAN_POINT('',(0.078575,0.041162909864339,-0.0253518942140505));
#10498=CARTESIAN_POINT('',(0.078575,0.040565193045484,-0.025299600768402));
#10499=CARTESIAN_POINT('',(0.078575,0.0399674762266289,-0.0252473073227534));
#10500=CARTESIAN_POINT('',(0.036475,0.0399674762266289,-0.0252473073227534));
#10501=CARTESIAN_POINT('',(0.220227,0.04524375,-0.0257089214635825));
#10502=CARTESIAN_POINT('',(0.174775,0.018848148627084,-0.023399605576503));
#10503=CARTESIAN_POINT('',(0.174775,0.022832927419451,-0.0237482285474937));
#10504=CARTESIAN_POINT('',(0.174775,0.014863369834717,-0.0230509826055124));
#10505=CARTESIAN_POINT('',(0.184775,0.014863369834717,-0.0230509826055124));
#10506=CARTESIAN_POINT('',(0.194775,0.014863369834717,-0.0230509826055124));
#10507=CARTESIAN_POINT('',(0.194775,0.018848148627084,-0.023399605576503));
#10508=CARTESIAN_POINT('',(0.194775,0.022832927419451,-0.0237482285474937));
#10509=CARTESIAN_POINT('',(0.184775,0.022832927419451,-0.0237482285474937));
#10510=CARTESIAN_POINT('',(0.054775,-0.00396470995921698,-0.0214037390675817));
#10511=CARTESIAN_POINT('',(0.054775,-0.00127498427436924,-0.0216390595730003));
#10512=CARTESIAN_POINT('',(0.054775,-0.00665443564406472,-0.0211684185621629));
#10513=CARTESIAN_POINT('',(0.057175,-0.00665443564406472,-0.0211684185621629));
#10514=CARTESIAN_POINT('',(0.057175,-0.0090453029194849,-0.0209592447795686));
#10515=CARTESIAN_POINT('',(0.104775,-0.0090453029194849,-0.0209592447795686));
#10516=CARTESIAN_POINT('',(0.152375,-0.0090453029194849,-0.0209592447795686));
#10517=CARTESIAN_POINT('',(0.152375,-0.00665443564406467,-0.0211684185621629));
#10518=CARTESIAN_POINT('',(0.154775,-0.00665443564406472,-0.0211684185621629));
#10519=CARTESIAN_POINT('',(0.154775,-0.00396470995921698,-0.0214037390675817));
#10520=CARTESIAN_POINT('',(0.154775,-0.00127498427436924,-0.0216390595730003));
#10521=CARTESIAN_POINT('',(0.104775,-0.00127498427436924,-0.0216390595730003));
#10522=CARTESIAN_POINT('',(0.175775000134723,-0.000146859089688057,-0.021737757737698));
#10523=CARTESIAN_POINT('',(0.211775000134723,-0.000146859089688061,-0.021737757737698));
#10524=CARTESIAN_POINT('',(0.175775000134723,-0.000146859089688057,-0.021737757737698));
#10525=CARTESIAN_POINT('',(0.175775000134723,-0.00323506265377246,-0.0214675749351802));
#10526=CARTESIAN_POINT('',(0.175775000134723,-0.00632326621785686,-0.0211973921326626));
#10527=CARTESIAN_POINT('',(0.220227,-0.00632326621785687,-0.0211973921326626));
#10528=CARTESIAN_POINT('',(0.211775000134723,-0.00632326621785689,-0.0211973921326626));
#10529=CARTESIAN_POINT('',(0.211775000134723,-0.00323506265377246,-0.0214675749351802));
#10530=CARTESIAN_POINT('',(0.220227,-0.00632326621785694,-0.0211973921326625));
#10531=CARTESIAN_POINT('',(-0.00222499986527682,-0.00632326621785691,-0.0211973921326626));
#10532=CARTESIAN_POINT('',(0.0337750001347232,-0.00632326621785691,-0.0211973921326626));
#10533=CARTESIAN_POINT('',(0.0337750001347232,-0.00323506265377249,-0.0214675749351802));
#10534=CARTESIAN_POINT('',(0.0337750001347232,-0.000146859089688089,-0.021737757737698));
#10535=CARTESIAN_POINT('',(-0.00222499986527682,-0.000146859089688084,-0.021737757737698));
#10536=CARTESIAN_POINT('',(-0.00222499986527682,-0.00014685908968808,-0.021737757737698));
#10537=CARTESIAN_POINT('',(-0.00222499986527682,-0.00323506265377249,-0.0214675749351802));
#10538=CARTESIAN_POINT('',(-0.004675,-0.00935112052773995,-0.0209324892057396));
#10539=CARTESIAN_POINT('',(-0.004675,-0.01147612052774,-0.0207465757957471));
#10540=CARTESIAN_POINT('',(0.0381875,-0.00935112052773995,-0.0209324892057396));
#10541=CARTESIAN_POINT('',(0.0381875,-0.01147612052774,-0.0207465757957471));
#10542=CARTESIAN_POINT('',(0.1713625,-0.00935112052773995,-0.0209324892057396));
#10543=CARTESIAN_POINT('',(0.1713625,-0.0114761205277399,-0.0207465757957471));
#10544=CARTESIAN_POINT('',(0.214225,-0.00935112052773995,-0.0209324892057396));
#10545=CARTESIAN_POINT('',(0.214225,-0.0114761205277399,-0.0207465757957471));
#10546=CARTESIAN_POINT('',(0.104775,0.00111588300105095,-0.0218482333555947));
#10547=CARTESIAN_POINT('',(0.054775,0.00111588300105095,-0.0218482333555947));
#10548=CARTESIAN_POINT('',(0.154775,0.00111588300105095,-0.0218482333555947));
#10549=CARTESIAN_POINT('',(0.154775,0.00380560868589864,-0.0220835538610133));
#10550=CARTESIAN_POINT('',(0.154775,0.00649533437074634,-0.0223188743664321));
#10551=CARTESIAN_POINT('',(0.152375,0.00649533437074628,-0.0223188743664321));
#10552=CARTESIAN_POINT('',(0.152375,0.00888620164616652,-0.0225280481490264));
#10553=CARTESIAN_POINT('',(0.104775,0.00888620164616652,-0.0225280481490264));
#10554=CARTESIAN_POINT('',(0.057175,0.00888620164616652,-0.0225280481490264));
#10555=CARTESIAN_POINT('',(0.057175,0.00649533437074633,-0.0223188743664321));
#10556=CARTESIAN_POINT('',(0.054775,0.00649533437074633,-0.0223188743664321));
#10557=CARTESIAN_POINT('',(0.054775,0.00380560868589864,-0.0220835538610134));
#10558=CARTESIAN_POINT('',(0.0147750703164084,0.0189538139444484,-0.0234088500939002));
#10559=CARTESIAN_POINT('',(0.0147750703164084,0.0229385927368154,-0.0237574730648909));
#10560=CARTESIAN_POINT('',(0.0147750703164084,0.0149690351520814,-0.0230602271229097));
#10561=CARTESIAN_POINT('',(0.0247750703164084,0.0149690351520814,-0.0230602271229097));
#10562=CARTESIAN_POINT('',(0.0347750703164083,0.0149690351520814,-0.0230602271229097));
#10563=CARTESIAN_POINT('',(0.0347750703164083,0.0189538139444484,-0.0234088500939002));
#10564=CARTESIAN_POINT('',(0.0347750703164083,0.0229385927368154,-0.0237574730648909));
#10565=CARTESIAN_POINT('',(0.0247750703164084,0.0229385927368154,-0.0237574730648909));
#10566=CARTESIAN_POINT('',(-0.008425,0.04524375,-0.0257089214635825));
#10567=CARTESIAN_POINT('',(-0.008425,-0.0104375,-0.0208374433176296));
#10568=CARTESIAN_POINT('',(-0.008425,0.035982697434262,-0.0248986843517628));
#10569=CARTESIAN_POINT('',(-0.005625,0.035982697434262,-0.0248986843517628));
#10570=CARTESIAN_POINT('',(-0.005625,0.0387720425889189,-0.0251427204314562));
#10571=CARTESIAN_POINT('',(0.036475,0.0387720425889189,-0.0251427204314562));
#10572=CARTESIAN_POINT('',(0.078575,0.0387720425889189,-0.0251427204314562));
#10573=CARTESIAN_POINT('',(0.078575,0.0263196088627721,-0.0240532736471105));
#10574=CARTESIAN_POINT('',(0.078575,0.0138671751366252,-0.0229638268627647));
#10575=CARTESIAN_POINT('',(0.104775,0.0138671751366252,-0.0229638268627647));
#10576=CARTESIAN_POINT('',(0.130975,0.0138671751366252,-0.0229638268627647));
#10577=CARTESIAN_POINT('',(0.130975,0.0263196088627721,-0.0240532736471105));
#10578=CARTESIAN_POINT('',(0.130975,0.0387720425889189,-0.0251427204314562));
#10579=CARTESIAN_POINT('',(0.173075,0.0387720425889189,-0.0251427204314561));
#10580=CARTESIAN_POINT('',(0.215175,0.0387720425889189,-0.0251427204314561));
#10581=CARTESIAN_POINT('',(0.215175,0.0359826974342621,-0.0248986843517628));
#10582=CARTESIAN_POINT('',(0.217975,0.0359826974342621,-0.0248986843517628));
#10583=CARTESIAN_POINT('',(0.217975,0.044944716889022,-0.025682759456353));
#10584=CARTESIAN_POINT('',(0.217975,-0.0104375000000006,-0.0208374433176295));
#10585=CARTESIAN_POINT('',(0.217975,-0.0104375,-0.0208374433176296));
#10586=CARTESIAN_POINT('',(0.217975,-0.0111638540301949,-0.0207738955742812));
#10587=CARTESIAN_POINT('',(0.217382550943714,-0.0125892061164203,-0.0206491934252035));
#10588=CARTESIAN_POINT('',(0.215953703817164,-0.0131970096346899,-0.0205960175077037));
#10589=CARTESIAN_POINT('',(0.215225,-0.0131970096346899,-0.0205960175077037));
#10590=CARTESIAN_POINT('',(0.215225,-0.0131970096346899,-0.0205960175077037));
#10591=CARTESIAN_POINT('',(0.104775000134723,-0.01319700963469,-0.0205960175077037));
#10592=CARTESIAN_POINT('',(-0.00567499973055366,-0.01319700963469,-0.0205960175077037));
#10593=CARTESIAN_POINT('',(-0.005675,-0.01319700963469,-0.0205960175077037));
#10594=CARTESIAN_POINT('',(-0.00640420066288198,-0.01319700963469,-0.0205960175077037));
#10595=CARTESIAN_POINT('',(-0.00783091833807546,-0.0125909477702981,-0.0206490410502333));
#10596=CARTESIAN_POINT('',(-0.008425,-0.0111631690655803,-0.0207739555009199));
#10597=CARTESIAN_POINT('',(-0.008425,-0.0104375,-0.0208374433176296));
#10598=CARTESIAN_POINT('',(0.220227,0.04524375,-0.0257089214635825));
#10599=CARTESIAN_POINT('',(0.201975,0.0650181274063459,-0.0274389553149209));
#10600=CARTESIAN_POINT('',(0.201975,0.0737846407495533,-0.0282059258511003));
#10601=CARTESIAN_POINT('',(0.201975,0.0562516140631386,-0.0266719847787415));
#10602=CARTESIAN_POINT('',(0.209975,0.0737846407495533,-0.0282059258511003));
#10603=CARTESIAN_POINT('',(0.217975,0.0737846407495533,-0.0282059258511003));
#10604=CARTESIAN_POINT('',(0.217975,0.044944716889022,-0.025682759456353));
#10605=CARTESIAN_POINT('',(0.217975,0.0562516140631386,-0.0266719847787415));
#10606=CARTESIAN_POINT('',(0.209975,0.0562516140631386,-0.0266719847787415));
#10607=CARTESIAN_POINT('',(0.220227,0.04524375,-0.0257089214635825));
#10608=CARTESIAN_POINT('',(0.007575,0.065018127406346,-0.0274389553149209));
#10609=CARTESIAN_POINT('',(0.007575,0.0737846407495533,-0.0282059258511003));
#10610=CARTESIAN_POINT('',(0.007575,0.0562516140631386,-0.0266719847787415));
#10611=CARTESIAN_POINT('',(-0.000425,0.0562516140631386,-0.0266719847787415));
#10612=CARTESIAN_POINT('',(-0.008425,0.0562516140631386,-0.0266719847787415));
#10613=CARTESIAN_POINT('',(-0.008425,0.04524375,-0.0257089214635825));
#10614=CARTESIAN_POINT('',(-0.008425,0.0737846407495533,-0.0282059258511003));
#10615=CARTESIAN_POINT('',(-0.000425,0.0737846407495533,-0.0282059258511003));
#10616=CARTESIAN_POINT('',(0.217975,0.0444949325646527,-0.0308238178088574));
#10617=CARTESIAN_POINT('',(0.217975,0.0449882947603959,-0.0251846621073072));
#10618=CARTESIAN_POINT('',(0.217975,0.0388719765605622,-0.0246495536023044));
#10619=CARTESIAN_POINT('',(0.217975,0.0360262753056359,-0.0244005870027169));
#10620=CARTESIAN_POINT('',(0.217975,0.0388719765605622,-0.0246495536023044));
#10621=CARTESIAN_POINT('',(0.217975,0.0550997582968023,-0.0260693005383985));
#10622=CARTESIAN_POINT('',(0.217975,0.0550997582968023,-0.0260693005383985));
#10623=CARTESIAN_POINT('',(0.217975,0.0449882947603959,-0.0251846621073072));
#10624=CARTESIAN_POINT('',(0.217975,0.0562951919345124,-0.0261738874296957));
#10625=CARTESIAN_POINT('',(0.217975,0.0562951919345124,-0.0261738874296957));
#10626=CARTESIAN_POINT('',(0.217975,0.0738282186209271,-0.0277078285020545));
#10627=CARTESIAN_POINT('',(0.217975,0.0738282186209271,-0.0277078285020545));
#10628=CARTESIAN_POINT('',(0.217975,0.0449882947603959,-0.0251846621073072));
#10629=CARTESIAN_POINT('',(0.217975,0.0750236522586372,-0.0278124153933516));
#10630=CARTESIAN_POINT('',(0.217975,0.0750236522586372,-0.0278124153933516));
#10631=CARTESIAN_POINT('',(0.217975,0.100301059687013,-0.0308238178088574));
#10632=CARTESIAN_POINT('',(0.217975,-0.0113111945577075,-0.0308238178088574));
#10633=CARTESIAN_POINT('',(0.217975,0.0360262753056359,-0.0244005870027169));
#10634=CARTESIAN_POINT('',(-0.008425,0.0447962545546783,-0.0308238178088574));
#10635=CARTESIAN_POINT('',(-0.008425,0.0452873278713739,-0.0252108241145366));
#10636=CARTESIAN_POINT('',(-0.008425,0.0360262753056359,-0.0244005870027169));
#10637=CARTESIAN_POINT('',(-0.008425,0.0388719765605622,-0.0246495536023044));
#10638=CARTESIAN_POINT('',(-0.008425,0.0360262753056359,-0.0244005870027169));
#10639=CARTESIAN_POINT('',(-0.008425,-0.0113111945577068,-0.0308238178088574));
#10640=CARTESIAN_POINT('',(-0.008425,0.100903703667063,-0.0308238178088574));
#10641=CARTESIAN_POINT('',(-0.008425,0.0750236522586372,-0.0278124153933516));
#10642=CARTESIAN_POINT('',(-0.008425,0.0750236522586372,-0.0278124153933516));
#10643=CARTESIAN_POINT('',(-0.008425,0.0452873278713739,-0.0252108241145366));
#10644=CARTESIAN_POINT('',(-0.008425,0.0738282186209272,-0.0277078285020545));
#10645=CARTESIAN_POINT('',(-0.008425,0.0738282186209272,-0.0277078285020545));
#10646=CARTESIAN_POINT('',(-0.008425,0.0562951919345124,-0.0261738874296957));
#10647=CARTESIAN_POINT('',(-0.008425,0.0562951919345124,-0.0261738874296957));
#10648=CARTESIAN_POINT('',(-0.008425,0.0452873278713739,-0.0252108241145366));
#10649=CARTESIAN_POINT('',(-0.008425,0.0550997582968023,-0.0260693005383985));
#10650=CARTESIAN_POINT('',(-0.008425,0.0550997582968024,-0.0260693005383985));
#10651=CARTESIAN_POINT('',(-0.008425,0.0388719765605622,-0.0246495536023044));
#10652=CARTESIAN_POINT('',(0.104774999865278,0.0871750410093125,-0.0216));
#10653=CARTESIAN_POINT('',(0.113524999865278,0.0871750410093125,-0.0216));
#10654=CARTESIAN_POINT('',(0.113524999865278,0.0871750410093125,-0.0216));
#10655=CARTESIAN_POINT('',(0.104774999865278,0.0871750410093125,-0.0216));
#10656=CARTESIAN_POINT('',(0.107274999865278,0.0871750410093125,-0.0216));
#10657=CARTESIAN_POINT('',(0.107274999865278,0.0871750410093125,-0.021602));
#10658=CARTESIAN_POINT('',(0.104774999865277,0.103684335323204,-0.0308238178088574));
#10659=CARTESIAN_POINT('',(0.114024999865278,0.103684335323204,-0.0308238178088574));
#10660=CARTESIAN_POINT('',(0.114024999865278,0.104491314815908,-0.0216));
#10661=CARTESIAN_POINT('',(0.215224999730555,0.103684335323204,-0.0308238178088574));
#10662=CARTESIAN_POINT('',(-0.00567499999999993,0.103684335323204,-0.0308238178088574));
#10663=CARTESIAN_POINT('',(0.0955249998652776,0.103684335323204,-0.0308238178088574));
#10664=CARTESIAN_POINT('',(0.0955249998652776,0.104491314815908,-0.0216));
#10665=CARTESIAN_POINT('',(0.104774999865277,0.104491314815908,-0.0216));
#10666=CARTESIAN_POINT('',(0.217975,0.100295290810251,-0.0308897563719781));
#10667=CARTESIAN_POINT('',(0.217975,0.101291765373121,-0.0195));
#10668=CARTESIAN_POINT('',(0.217975,0.100711250354357,-0.0308897563719781));
#10669=CARTESIAN_POINT('',(0.217975,0.101707724917227,-0.0195));
#10670=CARTESIAN_POINT('',(0.218003253416411,0.101550318893247,-0.0308897563719781));
#10671=CARTESIAN_POINT('',(0.218003253416411,0.102546793456117,-0.0195));
#10672=CARTESIAN_POINT('',(0.217442062284127,0.102693408960415,-0.0308897563719781));
#10673=CARTESIAN_POINT('',(0.217442062284127,0.103689883523285,-0.0195));
#10674=CARTESIAN_POINT('',(0.21645960715576,0.103487842009606,-0.0308897563719781));
#10675=CARTESIAN_POINT('',(0.21645960715576,0.104484316572477,-0.0195));
#10676=CARTESIAN_POINT('',(0.215639871527112,0.103678566446443,-0.0308897563719781));
#10677=CARTESIAN_POINT('',(0.215639871527112,0.104675041009313,-0.0195));
#10678=CARTESIAN_POINT('',(0.215225,0.103678566446442,-0.0308897563719781));
#10679=CARTESIAN_POINT('',(0.215225,0.104675041009312,-0.0195));
#10680=CARTESIAN_POINT('',(-0.00567499999999993,0.103678566446442,-0.0308897563719781));
#10681=CARTESIAN_POINT('',(-0.00567499999999993,0.104675041009312,-0.0195));
#10682=CARTESIAN_POINT('',(-0.00640455602657677,0.103678566446442,-0.0308897563719781));
#10683=CARTESIAN_POINT('',(-0.00640455602657677,0.104675041009312,-0.0195));
#10684=CARTESIAN_POINT('',(-0.00783100548772169,0.103067518795938,-0.0308897563719781));
#10685=CARTESIAN_POINT('',(-0.00783100548772169,0.104063993358808,-0.0195));
#10686=CARTESIAN_POINT('',(-0.008425,0.101629299565632,-0.0308897563719781));
#10687=CARTESIAN_POINT('',(-0.008425,0.102625774128502,-0.0195));
#10688=CARTESIAN_POINT('',(-0.008425,0.100897934790301,-0.0308897563719781));
#10689=CARTESIAN_POINT('',(-0.008425,0.101894409353171,-0.0195));
#10690=CARTESIAN_POINT('',(-0.008425,-0.0104382020667703,-0.0208454679775354));
#10691=CARTESIAN_POINT('',(-0.008425,-0.0103204888715988,-0.0195));
#10692=CARTESIAN_POINT('',(-0.008425,-0.0111696804916408,-0.0208454679775354));
#10693=CARTESIAN_POINT('',(-0.008425,-0.0110519672964693,-0.0195));
#10694=CARTESIAN_POINT('',(-0.00783377303556452,-0.0126049145663685,-0.0208454679775354));
#10695=CARTESIAN_POINT('',(-0.00783377303556452,-0.012487201371197,-0.0195));
#10696=CARTESIAN_POINT('',(-0.00640456511150143,-0.0132188337229114,-0.0208454679775354));
#10697=CARTESIAN_POINT('',(-0.00640456511150143,-0.0131011205277399,-0.0195));
#10698=CARTESIAN_POINT('',(-0.005675,-0.0132188337229114,-0.0208454679775354));
#10699=CARTESIAN_POINT('',(-0.005675,-0.0131011205277399,-0.0195));
#10700=CARTESIAN_POINT('',(-0.00567499973055366,-0.0140918262138479,-0.0308238178088574));
#10701=CARTESIAN_POINT('',(0.104775000134723,-0.0140918262138479,-0.0308238178088574));
#10702=CARTESIAN_POINT('',(0.215225,-0.0140918262138479,-0.0308238178088574));
#10703=CARTESIAN_POINT('',(0.215225,-0.0132188337229114,-0.0208454679775354));
#10704=CARTESIAN_POINT('',(0.215225,-0.0131011205277399,-0.0195));
#10705=CARTESIAN_POINT('',(0.215954556026576,-0.0132188337229114,-0.0208454679775354));
#10706=CARTESIAN_POINT('',(0.215954556026576,-0.0131011205277399,-0.0195));
#10707=CARTESIAN_POINT('',(0.217381005487722,-0.0126077860724073,-0.0208454679775354));
#10708=CARTESIAN_POINT('',(0.217381005487722,-0.0124900728772358,-0.0195));
#10709=CARTESIAN_POINT('',(0.217975,-0.0111695668421013,-0.0208454679775354));
#10710=CARTESIAN_POINT('',(0.217975,-0.0110518536469298,-0.0195));
#10711=CARTESIAN_POINT('',(0.217975,-0.0104382020667704,-0.0208454679775354));
#10712=CARTESIAN_POINT('',(0.217975,-0.0103204888715989,-0.0195));
#10713=CARTESIAN_POINT('',(0.0515937,-0.008334378,-0.0175));
#10714=CARTESIAN_POINT('',(0.0515937,-0.008334378,-0.0175));
#10715=CARTESIAN_POINT('',(0.0531187,-0.008334378,-0.0175));
#10716=CARTESIAN_POINT('',(0.0515937,-0.008334378,-0.0195));
#10717=CARTESIAN_POINT('',(0.0531187,-0.008334378,-0.0195));
#10718=CARTESIAN_POINT('',(0.0515937,-0.008334378,-0.0175));
#10719=CARTESIAN_POINT('',(0.0515937,-0.008334378,-0.0175));
#10720=CARTESIAN_POINT('',(0.0544905779999999,-0.008334378,-0.0175));
#10721=CARTESIAN_POINT('',(0.104775,0.0457869602407863,-0.0175));
#10722=CARTESIAN_POINT('',(0.104775,0.045786960240787,-0.0195));
#10723=CARTESIAN_POINT('',(0.157886447,-0.008334381,-0.0175));
#10724=CARTESIAN_POINT('',(0.157886447,-0.008334381,-0.0175));
#10725=CARTESIAN_POINT('',(0.159411447,-0.008334381,-0.0175));
#10726=CARTESIAN_POINT('',(0.157886447,-0.008334381,-0.0195));
#10727=CARTESIAN_POINT('',(0.159411447,-0.008334381,-0.0195));
#10728=CARTESIAN_POINT('',(0.157886447,-0.008334381,-0.0175));
#10729=CARTESIAN_POINT('',(0.157886447,-0.008334381,-0.0175));
#10730=CARTESIAN_POINT('',(0.160783328,-0.008334381,-0.0175));
#10731=CARTESIAN_POINT('',(0.104775,0.0457869602407863,-0.0175));
#10732=CARTESIAN_POINT('',(0.104775,0.045786960240787,-0.0195));
#10733=CARTESIAN_POINT('',(0.2055813,-0.00357188099999993,-0.0175));
#10734=CARTESIAN_POINT('',(0.2055813,-0.00357188099999993,-0.0175));
#10735=CARTESIAN_POINT('',(0.2071063,-0.00357188099999993,-0.0175));
#10736=CARTESIAN_POINT('',(0.2055813,-0.00357188099999993,-0.0195));
#10737=CARTESIAN_POINT('',(0.2071063,-0.00357188099999993,-0.0195));
#10738=CARTESIAN_POINT('',(0.2055813,-0.00357188099999993,-0.0175));
#10739=CARTESIAN_POINT('',(0.2055813,-0.00357188099999993,-0.0175));
#10740=CARTESIAN_POINT('',(0.208478181,-0.00357188099999993,-0.0175));
#10741=CARTESIAN_POINT('',(0.104775,0.0457869602407863,-0.0175));
#10742=CARTESIAN_POINT('',(0.104775,0.045786960240787,-0.0195));
#10743=CARTESIAN_POINT('',(0.2008188,0.0797718780000001,-0.0175));
#10744=CARTESIAN_POINT('',(0.2008188,0.0797718780000001,-0.0175));
#10745=CARTESIAN_POINT('',(0.2023438,0.0797718780000001,-0.0175));
#10746=CARTESIAN_POINT('',(0.2008188,0.0797718780000001,-0.0195));
#10747=CARTESIAN_POINT('',(0.2023438,0.0797718780000001,-0.0195));
#10748=CARTESIAN_POINT('',(0.2008188,0.0797718780000001,-0.0175));
#10749=CARTESIAN_POINT('',(0.2008188,0.0797718780000001,-0.0175));
#10750=CARTESIAN_POINT('',(0.203715678,0.0797718780000001,-0.0175));
#10751=CARTESIAN_POINT('',(0.104775,0.0457869602407863,-0.0175));
#10752=CARTESIAN_POINT('',(0.104775,0.045786960240787,-0.0195));
#10753=CARTESIAN_POINT('',(0.1531938,0.0797718780000001,-0.0175));
#10754=CARTESIAN_POINT('',(0.1531938,0.0797718780000001,-0.0175));
#10755=CARTESIAN_POINT('',(0.1547188,0.0797718780000001,-0.0175));
#10756=CARTESIAN_POINT('',(0.1531938,0.0797718780000001,-0.0195));
#10757=CARTESIAN_POINT('',(0.1547188,0.0797718780000001,-0.0195));
#10758=CARTESIAN_POINT('',(0.1531938,0.0797718780000001,-0.0175));
#10759=CARTESIAN_POINT('',(0.1531938,0.0797718780000001,-0.0175));
#10760=CARTESIAN_POINT('',(0.156090678,0.0797718780000001,-0.0175));
#10761=CARTESIAN_POINT('',(0.104775,0.0457869602407863,-0.0175));
#10762=CARTESIAN_POINT('',(0.104775,0.045786960240787,-0.0195));
#10763=CARTESIAN_POINT('',(0.0658812,0.0988218810000001,-0.0175));
#10764=CARTESIAN_POINT('',(0.0658812,0.0988218810000001,-0.0175));
#10765=CARTESIAN_POINT('',(0.0674062,0.0988218810000001,-0.0175));
#10766=CARTESIAN_POINT('',(0.0658812,0.0988218810000001,-0.0195));
#10767=CARTESIAN_POINT('',(0.0674062,0.0988218810000001,-0.0195));
#10768=CARTESIAN_POINT('',(0.0658812,0.0988218810000001,-0.0175));
#10769=CARTESIAN_POINT('',(0.0658812,0.0988218810000001,-0.0175));
#10770=CARTESIAN_POINT('',(0.0687780810000001,0.0988218810000001,-0.0175));
#10771=CARTESIAN_POINT('',(0.104775,0.0457869602407863,-0.0175));
#10772=CARTESIAN_POINT('',(0.104775,0.045786960240787,-0.0195));
#10773=CARTESIAN_POINT('',(0.0182562,0.0988218810000001,-0.0175));
#10774=CARTESIAN_POINT('',(0.0182562,0.0988218810000001,-0.0175));
#10775=CARTESIAN_POINT('',(0.0197812,0.0988218810000001,-0.0175));
#10776=CARTESIAN_POINT('',(0.0182562,0.0988218810000001,-0.0195));
#10777=CARTESIAN_POINT('',(0.0197812,0.0988218810000001,-0.0195));
#10778=CARTESIAN_POINT('',(0.0182562,0.0988218810000001,-0.0175));
#10779=CARTESIAN_POINT('',(0.0182562,0.0988218810000001,-0.0175));
#10780=CARTESIAN_POINT('',(0.0211530810000001,0.0988218810000001,-0.0175));
#10781=CARTESIAN_POINT('',(0.104775,0.0457869602407863,-0.0175));
#10782=CARTESIAN_POINT('',(0.104775,0.045786960240787,-0.0195));
#10783=CARTESIAN_POINT('',(0.00396870000000005,-0.00357187799999993,-0.0175));
#10784=CARTESIAN_POINT('',(0.00396870000000005,-0.00357187799999993,-0.0175));
#10785=CARTESIAN_POINT('',(0.00549370000000005,-0.00357187799999993,-0.0175));
#10786=CARTESIAN_POINT('',(0.00396870000000005,-0.00357187799999993,-0.0195));
#10787=CARTESIAN_POINT('',(0.00549370000000005,-0.00357187799999993,-0.0195));
#10788=CARTESIAN_POINT('',(0.00396870000000005,-0.00357187799999993,-0.0175));
#10789=CARTESIAN_POINT('',(0.00396870000000005,-0.00357187799999993,-0.0175));
#10790=CARTESIAN_POINT('',(0.00686557799999998,-0.00357187799999993,-0.0175));
#10791=CARTESIAN_POINT('',(0.104775,0.0457869602407863,-0.0175));
#10792=CARTESIAN_POINT('',(0.104775,0.045786960240787,-0.0195));
#10793=CARTESIAN_POINT('',(0.114024999865278,0.0956750410093125,-0.0216));
#10794=CARTESIAN_POINT('',(0.114024999865278,0.0956750410093125,-0.0216));
#10795=CARTESIAN_POINT('',(0.114024999865278,0.0876750410093125,-0.0216));
#10796=CARTESIAN_POINT('',(0.114024999865278,0.0876750410093125,-0.0195));
#10797=CARTESIAN_POINT('',(0.0955249998652776,0.0956750410093125,-0.0216));
#10798=CARTESIAN_POINT('',(0.0955249998652776,0.0876750410093125,-0.0216));
#10799=CARTESIAN_POINT('',(0.0955249998652776,0.0876750410093125,-0.0216));
#10800=CARTESIAN_POINT('',(0.0955249998652776,0.0956750410093125,-0.0216));
#10801=CARTESIAN_POINT('',(0.104775,0.0457869602407863,-0.0216));
#10802=CARTESIAN_POINT('',(0.0977749998652775,0.0894250410093125,-0.0216));
#10803=CARTESIAN_POINT('',(0.0992249998652775,0.0894250410093125,-0.0216));
#10804=CARTESIAN_POINT('',(0.111774999865278,0.0894250410093125,-0.0216));
#10805=CARTESIAN_POINT('',(0.113224999865278,0.0894250410093125,-0.0216));
#10806=CARTESIAN_POINT('',(0.111774999865278,0.101925041009312,-0.0216));
#10807=CARTESIAN_POINT('',(0.113224999865278,0.101925041009312,-0.0216));
#10808=CARTESIAN_POINT('',(0.0977749998652775,0.101925041009312,-0.0216));
#10809=CARTESIAN_POINT('',(0.0992249998652775,0.101925041009312,-0.0216));
#10810=CARTESIAN_POINT('',(0.085725,0.05715,-0.0216));
#10811=CARTESIAN_POINT('',(0.085725,0.048125,-0.0216));
#10812=CARTESIAN_POINT('',(0.085725,0.066175,-0.0216));
#10813=CARTESIAN_POINT('',(0.086225,0.048125,-0.0216));
#10814=CARTESIAN_POINT('',(0.086225,0.047625,-0.0216));
#10815=CARTESIAN_POINT('',(0.09525,0.047625,-0.0216));
#10816=CARTESIAN_POINT('',(0.104275,0.047625,-0.0216));
#10817=CARTESIAN_POINT('',(0.104275,0.048125,-0.0216));
#10818=CARTESIAN_POINT('',(0.104775,0.048125,-0.0216));
#10819=CARTESIAN_POINT('',(0.104775,0.05715,-0.0216));
#10820=CARTESIAN_POINT('',(0.104775,0.066175,-0.0216));
#10821=CARTESIAN_POINT('',(0.104275,0.066175,-0.0216));
#10822=CARTESIAN_POINT('',(0.104275,0.066675,-0.0216));
#10823=CARTESIAN_POINT('',(0.101275827210212,0.066675,-0.0216));
#10824=CARTESIAN_POINT('',(0.0977766544204238,0.066675,-0.0216));
#10825=CARTESIAN_POINT('',(0.0977766544204238,0.0705500102523282,-0.0216));
#10826=CARTESIAN_POINT('',(0.0977766544204238,0.0744250205046563,-0.0216));
#10827=CARTESIAN_POINT('',(0.102525827142851,0.0744250205046563,-0.0216));
#10828=CARTESIAN_POINT('',(0.106774999865278,0.0744250205046563,-0.0216));
#10829=CARTESIAN_POINT('',(0.106774999865278,0.0749250205046563,-0.0216));
#10830=CARTESIAN_POINT('',(0.107274999865278,0.0749250205046563,-0.0216));
#10831=CARTESIAN_POINT('',(0.107274999865278,0.0756750205046563,-0.0216));
#10832=CARTESIAN_POINT('',(0.113524999865278,0.0876750410093125,-0.0216));
#10833=CARTESIAN_POINT('',(0.0960249998652776,0.0876750410093125,-0.0216));
#10834=CARTESIAN_POINT('',(0.0960249998652776,0.0871750410093125,-0.0216));
#10835=CARTESIAN_POINT('',(0.104774999865278,0.0871750410093125,-0.0216));
#10836=CARTESIAN_POINT('',(0.102274999865278,0.0871750410093125,-0.0216));
#10837=CARTESIAN_POINT('',(0.102274999865278,0.0833000307569844,-0.0216));
#10838=CARTESIAN_POINT('',(0.102274999865278,0.0794250205046563,-0.0216));
#10839=CARTESIAN_POINT('',(0.0975258271428507,0.0794250205046563,-0.0216));
#10840=CARTESIAN_POINT('',(0.0932766544204238,0.0794250205046563,-0.0216));
#10841=CARTESIAN_POINT('',(0.0932766544204238,0.0789250205046563,-0.0216));
#10842=CARTESIAN_POINT('',(0.0927766544204238,0.0789250205046563,-0.0216));
#10843=CARTESIAN_POINT('',(0.0927766544204238,0.0705500102523282,-0.0216));
#10844=CARTESIAN_POINT('',(0.0927766544204238,0.066675,-0.0216));
#10845=CARTESIAN_POINT('',(0.0892508272102119,0.066675,-0.0216));
#10846=CARTESIAN_POINT('',(0.086225,0.066675,-0.0216));
#10847=CARTESIAN_POINT('',(0.086225,0.066175,-0.0216));
#10848=CARTESIAN_POINT('',(0.104774999865278,0.0871750410093125,-0.0216));
#10849=CARTESIAN_POINT('',(0.0960249998652776,0.0871750410093125,-0.0216));
#10850=CARTESIAN_POINT('',(0.102274999865278,0.0871750410093125,-0.021602));
#10851=CARTESIAN_POINT('',(0.0977749998652775,0.101925041009312,-0.0246));
#10852=CARTESIAN_POINT('',(0.0977749998652775,0.101925041009312,-0.0246));
#10853=CARTESIAN_POINT('',(0.0992249998652775,0.101925041009312,-0.0246));
#10854=CARTESIAN_POINT('',(0.104774999865278,0.0958331779126103,-0.0246));
#10855=CARTESIAN_POINT('',(0.111774999865278,0.101925041009312,-0.0246));
#10856=CARTESIAN_POINT('',(0.111774999865278,0.101925041009312,-0.0246));
#10857=CARTESIAN_POINT('',(0.113224999865278,0.101925041009312,-0.0246));
#10858=CARTESIAN_POINT('',(0.104774999865278,0.0958331779126103,-0.0246));
#10859=CARTESIAN_POINT('',(0.111774999865278,0.0894250410093125,-0.0246));
#10860=CARTESIAN_POINT('',(0.111774999865278,0.0894250410093125,-0.0246));
#10861=CARTESIAN_POINT('',(0.113224999865278,0.0894250410093125,-0.0246));
#10862=CARTESIAN_POINT('',(0.104774999865278,0.0958331779126103,-0.0246));
#10863=CARTESIAN_POINT('',(0.0977749998652775,0.0894250410093125,-0.0246));
#10864=CARTESIAN_POINT('',(0.0977749998652775,0.0894250410093125,-0.0246));
#10865=CARTESIAN_POINT('',(0.0992249998652775,0.0894250410093125,-0.0246));
#10866=CARTESIAN_POINT('',(0.104774999865278,0.0958331779126103,-0.0246));
#10867=CARTESIAN_POINT('',(0.104775,0.05715,-0.021602));
#10868=CARTESIAN_POINT('',(0.104775,0.066175,-0.0216));
#10869=CARTESIAN_POINT('',(0.104775,0.048125,-0.021602));
#10870=CARTESIAN_POINT('',(0.09525,0.047625,-0.021602));
#10871=CARTESIAN_POINT('',(0.086225,0.047625,-0.0195));
#10872=CARTESIAN_POINT('',(0.104275,0.047625,-0.021602));
#10873=CARTESIAN_POINT('',(0.101275827210212,0.066675,-0.021602));
#10874=CARTESIAN_POINT('',(0.104275,0.066675,-0.0195));
#10875=CARTESIAN_POINT('',(0.0977766544204238,0.066675,-0.021602));
#10876=CARTESIAN_POINT('',(0.085725,0.05715,-0.021602));
#10877=CARTESIAN_POINT('',(0.085725,0.048125,-0.0216));
#10878=CARTESIAN_POINT('',(0.085725,0.066175,-0.021602));
#10879=CARTESIAN_POINT('',(0.0892508272102119,0.066675,-0.021602));
#10880=CARTESIAN_POINT('',(0.086225,0.066675,-0.021602));
#10881=CARTESIAN_POINT('',(0.0927766544204238,0.066675,-0.021602));
#10882=CARTESIAN_POINT('',(0.0927766544204238,0.0705500102523282,-0.021602));
#10883=CARTESIAN_POINT('',(0.0927766544204238,0.0789250205046563,-0.021602));
#10884=CARTESIAN_POINT('',(0.0975258271428507,0.0794250205046563,-0.021602));
#10885=CARTESIAN_POINT('',(0.0932766544204238,0.0794250205046563,-0.021602));
#10886=CARTESIAN_POINT('',(0.102274999865278,0.0794250205046563,-0.021602));
#10887=CARTESIAN_POINT('',(0.102274999865278,0.0833000307569844,-0.021602));
#10888=CARTESIAN_POINT('',(0.107274999865278,0.0756750205046563,-0.021602));
#10889=CARTESIAN_POINT('',(0.107274999865278,0.0749250205046563,-0.0195));
#10890=CARTESIAN_POINT('',(0.102525827142851,0.0744250205046563,-0.021602));
#10891=CARTESIAN_POINT('',(0.106774999865278,0.0744250205046563,-0.0216));
#10892=CARTESIAN_POINT('',(0.0977766544204238,0.0744250205046563,-0.021602));
#10893=CARTESIAN_POINT('',(0.0977766544204238,0.0705500102523282,-0.021602));
#10894=CARTESIAN_POINT('',(0.214225,0.100925041009312,-0.282200802852406));
#10895=CARTESIAN_POINT('',(0.214225,0.100925041009312,-0.0205));
#10896=CARTESIAN_POINT('',(0.215425,0.100925041009312,-0.0205));
#10897=CARTESIAN_POINT('',(0.1285,0.100925041009312,-0.282200802852406));
#10898=CARTESIAN_POINT('',(0.1285,0.100925041009312,-0.0205));
#10899=CARTESIAN_POINT('',(0.1297,0.100925041009312,-0.0205));
#10900=CARTESIAN_POINT('',(0.0381875,-0.00935112052773995,-0.282200802852406));
#10901=CARTESIAN_POINT('',(0.0381875,-0.00935112052773995,-0.0205));
#10902=CARTESIAN_POINT('',(0.0393875,-0.00935112052773995,-0.0205));
#10903=CARTESIAN_POINT('',(0.214225,-0.00935112052773995,-0.282200802852406));
#10904=CARTESIAN_POINT('',(0.214225,-0.00935112052773995,-0.0205));
#10905=CARTESIAN_POINT('',(0.215425,-0.00935112052773995,-0.0205));
#10906=CARTESIAN_POINT('',(-0.004675,-0.00935112052773995,-0.282200802852406));
#10907=CARTESIAN_POINT('',(-0.004675,-0.00935112052773995,-0.0205));
#10908=CARTESIAN_POINT('',(-0.003475,-0.00935112052773995,-0.0205));
#10909=CARTESIAN_POINT('',(-0.004675,0.100925041009312,-0.282200802852406));
#10910=CARTESIAN_POINT('',(-0.004675,0.100925041009312,-0.0205));
#10911=CARTESIAN_POINT('',(-0.003475,0.100925041009312,-0.0205));
#10912=CARTESIAN_POINT('',(0.1713625,-0.00935112052773995,-0.282200802852406));
#10913=CARTESIAN_POINT('',(0.1713625,-0.00935112052773995,-0.0205));
#10914=CARTESIAN_POINT('',(0.1725625,-0.00935112052773995,-0.0205));
#10915=CARTESIAN_POINT('',(0.1713625,-0.00935112052773995,-0.283200802852406));
#10916=CARTESIAN_POINT('',(0.1713625,-0.00935112052773995,-0.0205));
#10917=CARTESIAN_POINT('',(0.1734875,-0.00935112052773995,-0.0205));
#10918=CARTESIAN_POINT('',(0.104775,0.0457869602407863,-0.0205));
#10919=CARTESIAN_POINT('',(-0.004675,0.100925041009312,-0.283200802852406));
#10920=CARTESIAN_POINT('',(-0.004675,0.100925041009312,-0.0205));
#10921=CARTESIAN_POINT('',(-0.00255,0.100925041009312,-0.0205));
#10922=CARTESIAN_POINT('',(0.104775,0.0457869602407863,-0.0205));
#10923=CARTESIAN_POINT('',(-0.004675,-0.00935112052773995,-0.283200802852406));
#10924=CARTESIAN_POINT('',(-0.004675,-0.00935112052773995,-0.0205));
#10925=CARTESIAN_POINT('',(-0.00255,-0.00935112052773995,-0.0205));
#10926=CARTESIAN_POINT('',(0.104775,0.0457869602407863,-0.0205));
#10927=CARTESIAN_POINT('',(0.214225,-0.00935112052773995,-0.283200802852406));
#10928=CARTESIAN_POINT('',(0.214225,-0.00935112052773995,-0.0205));
#10929=CARTESIAN_POINT('',(0.21635,-0.00935112052773995,-0.0205));
#10930=CARTESIAN_POINT('',(0.104775,0.0457869602407863,-0.0205));
#10931=CARTESIAN_POINT('',(0.0381875,-0.00935112052773995,-0.283200802852406));
#10932=CARTESIAN_POINT('',(0.0381875,-0.00935112052773995,-0.0205));
#10933=CARTESIAN_POINT('',(0.0403125,-0.00935112052773995,-0.0205));
#10934=CARTESIAN_POINT('',(0.104775,0.0457869602407863,-0.0205));
#10935=CARTESIAN_POINT('',(0.1285,0.100925041009312,-0.283200802852406));
#10936=CARTESIAN_POINT('',(0.1285,0.100925041009312,-0.0205));
#10937=CARTESIAN_POINT('',(0.130625,0.100925041009312,-0.0205));
#10938=CARTESIAN_POINT('',(0.104775,0.0457869602407863,-0.0205));
#10939=CARTESIAN_POINT('',(0.214225,0.100925041009312,-0.283200802852406));
#10940=CARTESIAN_POINT('',(0.214225,0.100925041009312,-0.0205));
#10941=CARTESIAN_POINT('',(0.21635,0.100925041009312,-0.0205));
#10942=CARTESIAN_POINT('',(0.104775,0.0457869602407863,-0.0205));
#10943=CARTESIAN_POINT('',(0.0810499997352398,0.100925040898162,-0.283200802852406));
#10944=CARTESIAN_POINT('',(0.0810499997352398,0.100925040898162,-0.0205));
#10945=CARTESIAN_POINT('',(0.0831749997352398,0.100925040898162,-0.0205));
#10946=CARTESIAN_POINT('',(0.104775,0.0457869602407863,-0.0205));
#10947=CARTESIAN_POINT('',(0.0157750001347232,-0.0061800688766739,-0.0207080103578914));
#10948=CARTESIAN_POINT('',(0.0337750001347232,-0.0061800688766739,-0.0207080103578914));
#10949=CARTESIAN_POINT('',(0.0337750001347232,-0.0061800688766739,-0.0207080103578914));
#10950=CARTESIAN_POINT('',(0.0337750001347232,-0.00621493117377296,-0.0211064882371281));
#10951=CARTESIAN_POINT('',(0.0157750001347232,-0.00621493117377296,-0.0211064882371281));
#10952=CARTESIAN_POINT('',(-0.00222499986527682,-0.00621493117377296,-0.0211064882371281));
#10953=CARTESIAN_POINT('',(-0.00222499986527682,-0.0061800688766739,-0.0207080103578914));
#10954=CARTESIAN_POINT('',(-0.00222499986527682,-0.0061800688766739,-0.0207080103578914));
#10955=CARTESIAN_POINT('',(0.0157750001347232,-0.0061800688766739,-0.0207080103578914));
#10956=CARTESIAN_POINT('',(-0.00222499986527682,-0.00319148478239866,-0.0209694775861344));
#10957=CARTESIAN_POINT('',(-0.00222499986527682,-0.00322634707949772,-0.0213679554653711));
#10958=CARTESIAN_POINT('',(-0.00222499986527682,-0.000237762985222488,-0.0216294226936141));
#10959=CARTESIAN_POINT('',(-0.00222499986527682,-0.000202900688123425,-0.0212309448143773));
#10960=CARTESIAN_POINT('',(-0.00222499986527682,-0.000202900688123425,-0.0212309448143773));
#10961=CARTESIAN_POINT('',(-0.00222499986527682,-0.00319148478239866,-0.0209694775861344));
#10962=CARTESIAN_POINT('',(0.0157750001347232,-0.000202900688123426,-0.0212309448143773));
#10963=CARTESIAN_POINT('',(0.0337750001347232,-0.000237762985222492,-0.0216294226936141));
#10964=CARTESIAN_POINT('',(0.0337750001347232,-0.000237762985222493,-0.0216294226936141));
#10965=CARTESIAN_POINT('',(0.0337750001347232,-0.000202900688123429,-0.0212309448143773));
#10966=CARTESIAN_POINT('',(0.0337750001347232,-0.000202900688123429,-0.0212309448143773));
#10967=CARTESIAN_POINT('',(0.0157750001347232,-0.000202900688123426,-0.0212309448143773));
#10968=CARTESIAN_POINT('',(0.0337750001347232,-0.00319148478239867,-0.0209694775861344));
#10969=CARTESIAN_POINT('',(0.0337750001347232,-0.00322634707949773,-0.0213679554653711));
#10970=CARTESIAN_POINT('',(0.0337750001347232,-0.00319148478239867,-0.0209694775861344));
#10971=CARTESIAN_POINT('',(0.104799592339617,0.0453138686120218,-0.0252131461284649));
#10972=CARTESIAN_POINT('',(0.211775000134723,-0.00319148478239864,-0.0209694775861344));
#10973=CARTESIAN_POINT('',(0.211775000134723,-0.000202900688123398,-0.0212309448143773));
#10974=CARTESIAN_POINT('',(0.211775000134723,-0.000202900688123398,-0.0212309448143773));
#10975=CARTESIAN_POINT('',(0.211775000134723,-0.000237762985222461,-0.0216294226936141));
#10976=CARTESIAN_POINT('',(0.211775000134723,-0.0032263470794977,-0.0213679554653711));
#10977=CARTESIAN_POINT('',(0.211775000134723,-0.00621493117377293,-0.0211064882371282));
#10978=CARTESIAN_POINT('',(0.211775000134723,-0.00618006887667387,-0.0207080103578914));
#10979=CARTESIAN_POINT('',(0.211775000134723,-0.00618006887667387,-0.0207080103578914));
#10980=CARTESIAN_POINT('',(0.211775000134723,-0.00319148478239864,-0.0209694775861344));
#10981=CARTESIAN_POINT('',(0.193775000134723,-0.00618006887667387,-0.0207080103578914));
#10982=CARTESIAN_POINT('',(0.193775000134723,-0.00621493117377293,-0.0211064882371282));
#10983=CARTESIAN_POINT('',(0.175775000134723,-0.00621493117377295,-0.0211064882371282));
#10984=CARTESIAN_POINT('',(0.175775000134723,-0.00618006887667389,-0.0207080103578914));
#10985=CARTESIAN_POINT('',(0.175775000134723,-0.00618006887667389,-0.0207080103578914));
#10986=CARTESIAN_POINT('',(0.193775000134723,-0.00618006887667387,-0.0207080103578914));
#10987=CARTESIAN_POINT('',(0.175775000134723,-0.00319148478239863,-0.0209694775861344));
#10988=CARTESIAN_POINT('',(0.175775000134723,-0.00322634707949769,-0.0213679554653711));
#10989=CARTESIAN_POINT('',(0.175775000134723,-0.000237762985222426,-0.0216294226936141));
#10990=CARTESIAN_POINT('',(0.175775000134723,-0.000202900688123363,-0.0212309448143774));
#10991=CARTESIAN_POINT('',(0.175775000134723,-0.000202900688123363,-0.0212309448143774));
#10992=CARTESIAN_POINT('',(0.175775000134723,-0.00319148478239863,-0.0209694775861344));
#10993=CARTESIAN_POINT('',(0.193775000134723,-0.000202900688123396,-0.0212309448143773));
#10994=CARTESIAN_POINT('',(0.211775000134723,-0.000237762985222461,-0.0216294226936141));
#10995=CARTESIAN_POINT('',(0.193775000134723,-0.000202900688123396,-0.0212309448143773));
#10996=CARTESIAN_POINT('',(0.104799592339617,0.0453138686120218,-0.0252131461284649));
#10997=CARTESIAN_POINT('',(0.193774999865277,0.0907775564308712,-0.0291907034146958));
#10998=CARTESIAN_POINT('',(0.211774999865278,0.0907775564308712,-0.0291907034146958));
#10999=CARTESIAN_POINT('',(0.211774999865278,0.0907775564308712,-0.0291907034146958));
#11000=CARTESIAN_POINT('',(0.211774999865278,0.0907426941337721,-0.0295891812939325));
#11001=CARTESIAN_POINT('',(0.193774999865277,0.0907426941337721,-0.0295891812939325));
#11002=CARTESIAN_POINT('',(0.175774999865278,0.0907426941337721,-0.0295891812939325));
#11003=CARTESIAN_POINT('',(0.175774999865278,0.0907775564308712,-0.0291907034146958));
#11004=CARTESIAN_POINT('',(0.175774999865278,0.0907775564308712,-0.0291907034146958));
#11005=CARTESIAN_POINT('',(0.193774999865277,0.0907775564308712,-0.0291907034146958));
#11006=CARTESIAN_POINT('',(0.175774999865278,0.0937661405251464,-0.0294521706429389));
#11007=CARTESIAN_POINT('',(0.175774999865278,0.0937312782280473,-0.0298506485221755));
#11008=CARTESIAN_POINT('',(0.175774999865278,0.0967198623223226,-0.0301121157504183));
#11009=CARTESIAN_POINT('',(0.175774999865278,0.0967547246194216,-0.0297136378711818));
#11010=CARTESIAN_POINT('',(0.175774999865278,0.0967547246194216,-0.0297136378711818));
#11011=CARTESIAN_POINT('',(0.175774999865278,0.0937661405251464,-0.0294521706429389));
#11012=CARTESIAN_POINT('',(0.193774999865277,0.0967547246194216,-0.0297136378711818));
#11013=CARTESIAN_POINT('',(0.211774999865278,0.0967198623223226,-0.0301121157504185));
#11014=CARTESIAN_POINT('',(0.211774999865278,0.0967198623223226,-0.0301121157504185));
#11015=CARTESIAN_POINT('',(0.211774999865278,0.0967547246194217,-0.0297136378711818));
#11016=CARTESIAN_POINT('',(0.211774999865278,0.0967547246194217,-0.0297136378711818));
#11017=CARTESIAN_POINT('',(0.193774999865277,0.0967547246194216,-0.0297136378711818));
#11018=CARTESIAN_POINT('',(0.211774999865278,0.0937661405251464,-0.0294521706429389));
#11019=CARTESIAN_POINT('',(0.211774999865278,0.0937312782280473,-0.0298506485221755));
#11020=CARTESIAN_POINT('',(0.211774999865278,0.0937661405251464,-0.0294521706429389));
#11021=CARTESIAN_POINT('',(0.104799592339617,0.0453138686120218,-0.0252131461284649));
#11022=CARTESIAN_POINT('',(0.0157749998652775,0.0907775564308711,-0.0291907034146958));
#11023=CARTESIAN_POINT('',(0.0337749998652775,0.0907775564308712,-0.0291907034146958));
#11024=CARTESIAN_POINT('',(0.0337749998652775,0.0907775564308712,-0.0291907034146958));
#11025=CARTESIAN_POINT('',(0.0337749998652775,0.0907426941337721,-0.0295891812939325));
#11026=CARTESIAN_POINT('',(0.0157749998652775,0.0907426941337721,-0.0295891812939325));
#11027=CARTESIAN_POINT('',(-0.00222500013472244,0.0907426941337721,-0.0295891812939325));
#11028=CARTESIAN_POINT('',(-0.00222500013472244,0.0907775564308711,-0.0291907034146958));
#11029=CARTESIAN_POINT('',(-0.00222500013472244,0.0907775564308711,-0.0291907034146958));
#11030=CARTESIAN_POINT('',(0.0157749998652775,0.0907775564308711,-0.0291907034146958));
#11031=CARTESIAN_POINT('',(-0.00222500013472244,0.0937661405251464,-0.0294521706429389));
#11032=CARTESIAN_POINT('',(-0.00222500013472244,0.0937312782280473,-0.0298506485221755));
#11033=CARTESIAN_POINT('',(-0.00222500013472244,0.0967198623223226,-0.0301121157504183));
#11034=CARTESIAN_POINT('',(-0.00222500013472244,0.0967547246194216,-0.0297136378711818));
#11035=CARTESIAN_POINT('',(-0.00222500013472244,0.0967547246194216,-0.0297136378711818));
#11036=CARTESIAN_POINT('',(-0.00222500013472244,0.0937661405251464,-0.0294521706429389));
#11037=CARTESIAN_POINT('',(0.0157749998652775,0.0967547246194216,-0.0297136378711818));
#11038=CARTESIAN_POINT('',(0.0337749998652775,0.0967198623223226,-0.0301121157504185));
#11039=CARTESIAN_POINT('',(0.0337749998652775,0.0967198623223225,-0.0301121157504185));
#11040=CARTESIAN_POINT('',(0.0337749998652775,0.0967547246194216,-0.0297136378711818));
#11041=CARTESIAN_POINT('',(0.0337749998652775,0.0967547246194216,-0.0297136378711818));
#11042=CARTESIAN_POINT('',(0.0157749998652775,0.0967547246194216,-0.0297136378711818));
#11043=CARTESIAN_POINT('',(0.0337749998652775,0.0937661405251464,-0.0294521706429389));
#11044=CARTESIAN_POINT('',(0.0337749998652775,0.0937312782280473,-0.0298506485221755));
#11045=CARTESIAN_POINT('',(0.0337749998652775,0.0937661405251464,-0.0294521706429389));
#11046=CARTESIAN_POINT('',(0.104799592339617,0.0453138686120218,-0.0252131461284649));
#11047=CARTESIAN_POINT('',(-0.00222499986527682,-0.00322634707949772,-0.0213679554653711));
#11048=CARTESIAN_POINT('',(-0.00222499986527682,-0.0063232662178569,-0.0211973921326626));
#11049=CARTESIAN_POINT('',(-0.00222499986527682,-0.000237762985222486,-0.0216294226936141));
#11050=CARTESIAN_POINT('',(0.220227,-0.00014685908968811,-0.021737757737698));
#11051=CARTESIAN_POINT('',(0.0337750001347232,-0.000237762985222492,-0.0216294226936141));
#11052=CARTESIAN_POINT('',(0.0157750001347232,-0.00621493117377296,-0.0211064882371281));
#11053=CARTESIAN_POINT('',(0.0337750001347232,-0.00632326621785691,-0.0211973921326626));
#11054=CARTESIAN_POINT('',(0.0337750001347232,-0.00322634707949773,-0.0213679554653711));
#11055=CARTESIAN_POINT('',(-0.00222500013472244,0.0937312782280473,-0.0298506485221755));
#11056=CARTESIAN_POINT('',(-0.00222500013472244,0.0906343590896884,-0.029680085189467));
#11057=CARTESIAN_POINT('',(-0.00222500013472244,0.0967198623223226,-0.0301121157504183));
#11058=CARTESIAN_POINT('',(0.220227,0.096810766217857,-0.0302204507945024));
#11059=CARTESIAN_POINT('',(0.0337749998652775,0.0967198623223226,-0.0301121157504185));
#11060=CARTESIAN_POINT('',(0.0157749998652775,0.0907426941337721,-0.0295891812939325));
#11061=CARTESIAN_POINT('',(0.0337749998652775,0.0906343590896881,-0.029680085189467));
#11062=CARTESIAN_POINT('',(0.0337749998652775,0.0937312782280473,-0.0298506485221755));
#11063=CARTESIAN_POINT('',(0.211775000134723,-0.0032263470794977,-0.0213679554653711));
#11064=CARTESIAN_POINT('',(0.211775000134723,-0.000146859089688035,-0.021737757737698));
#11065=CARTESIAN_POINT('',(0.211775000134723,-0.00621493117377296,-0.0211064882371281));
#11066=CARTESIAN_POINT('',(0.193775000134723,-0.00621493117377293,-0.0211064882371282));
#11067=CARTESIAN_POINT('',(0.175775000134723,-0.00621493117377293,-0.0211064882371282));
#11068=CARTESIAN_POINT('',(0.220227,-0.000146859089688062,-0.021737757737698));
#11069=CARTESIAN_POINT('',(0.175775000134723,-0.000146859089688057,-0.021737757737698));
#11070=CARTESIAN_POINT('',(0.175775000134723,-0.00322634707949769,-0.0213679554653711));
#11071=CARTESIAN_POINT('',(0.175774999865278,0.0937312782280473,-0.0298506485221755));
#11072=CARTESIAN_POINT('',(0.175774999865278,0.0906343590896883,-0.029680085189467));
#11073=CARTESIAN_POINT('',(0.175774999865278,0.0967198623223226,-0.0301121157504183));
#11074=CARTESIAN_POINT('',(0.220227,0.096810766217857,-0.0302204507945024));
#11075=CARTESIAN_POINT('',(0.211774999865278,0.0967198623223226,-0.0301121157504185));
#11076=CARTESIAN_POINT('',(0.193774999865277,0.0907426941337721,-0.0295891812939325));
#11077=CARTESIAN_POINT('',(0.211774999865278,0.0906343590896882,-0.029680085189467));
#11078=CARTESIAN_POINT('',(0.211774999865278,0.0937312782280473,-0.0298506485221755));
#11079=CARTESIAN_POINT('',(0.034775,0.0650617052777198,-0.026940857965875));
#11080=CARTESIAN_POINT('',(0.044775,0.0650617052777198,-0.026940857965875));
#11081=CARTESIAN_POINT('',(0.044775,0.0650617052777198,-0.026940857965875));
#11082=CARTESIAN_POINT('',(0.034775,0.0650617052777198,-0.026940857965875));
#11083=CARTESIAN_POINT('',(0.034775,0.0750236522586372,-0.0278124153933516));
#11084=CARTESIAN_POINT('',(0.034775,0.0750236522586372,-0.0278124153933516));
#11085=CARTESIAN_POINT('',(0.044775,0.0620731211834446,-0.026679390737632));
#11086=CARTESIAN_POINT('',(0.044775,0.0590845370891693,-0.0264179235093891));
#11087=CARTESIAN_POINT('',(0.044775,0.0590845370891693,-0.0264179235093891));
#11088=CARTESIAN_POINT('',(0.044775,0.0620731211834446,-0.026679390737632));
#11089=CARTESIAN_POINT('',(0.040775,0.0590845370891693,-0.0264179235093891));
#11090=CARTESIAN_POINT('',(0.040775,0.0550997582968023,-0.0260693005383985));
#11091=CARTESIAN_POINT('',(0.040775,0.0550997582968023,-0.0260693005383985));
#11092=CARTESIAN_POINT('',(0.040775,0.0590845370891693,-0.0264179235093891));
#11093=CARTESIAN_POINT('',(0.013175,0.0550997582968024,-0.0260693005383985));
#11094=CARTESIAN_POINT('',(0.013175,0.0550997582968024,-0.0260693005383985));
#11095=CARTESIAN_POINT('',(-0.000425,0.0562951919345124,-0.0261738874296957));
#11096=CARTESIAN_POINT('',(0.007575,0.0562951919345124,-0.0261738874296957));
#11097=CARTESIAN_POINT('',(0.007575,0.0562951919345124,-0.0261738874296957));
#11098=CARTESIAN_POINT('',(-0.000425,0.0562951919345124,-0.0261738874296957));
#11099=CARTESIAN_POINT('',(0.007575,0.0650617052777198,-0.026940857965875));
#11100=CARTESIAN_POINT('',(0.007575,0.0738282186209272,-0.0277078285020545));
#11101=CARTESIAN_POINT('',(0.007575,0.0738282186209272,-0.0277078285020545));
#11102=CARTESIAN_POINT('',(0.007575,0.0650617052777198,-0.026940857965875));
#11103=CARTESIAN_POINT('',(-0.000425,0.0738282186209272,-0.0277078285020545));
#11104=CARTESIAN_POINT('',(-0.000425,0.0738282186209272,-0.0277078285020545));
#11105=CARTESIAN_POINT('',(0.043575,0.0620731211834445,-0.026679390737632));
#11106=CARTESIAN_POINT('',(0.043575,0.0620295433120707,-0.0271774880866779));
#11107=CARTESIAN_POINT('',(0.043575,0.0650181274063459,-0.0274389553149209));
#11108=CARTESIAN_POINT('',(0.043575,0.0590409592177955,-0.026916020858435));
#11109=CARTESIAN_POINT('',(0.043575,0.0650617052777198,-0.026940857965875));
#11110=CARTESIAN_POINT('',(0.043575,0.0650617052777198,-0.026940857965875));
#11111=CARTESIAN_POINT('',(0.043575,0.0620731211834445,-0.026679390737632));
#11112=CARTESIAN_POINT('',(0.043575,0.0590845370891693,-0.0264179235093891));
#11113=CARTESIAN_POINT('',(0.043575,0.0590845370891693,-0.0264179235093891));
#11114=CARTESIAN_POINT('',(0.034775,0.0650617052777198,-0.026940857965875));
#11115=CARTESIAN_POINT('',(0.034775,0.065018127406346,-0.0274389553149209));
#11116=CARTESIAN_POINT('',(0.034775,0.0737846407495533,-0.0282059258511003));
#11117=CARTESIAN_POINT('',(0.034775,0.0738282186209271,-0.0277078285020545));
#11118=CARTESIAN_POINT('',(0.034775,0.0738282186209271,-0.0277078285020545));
#11119=CARTESIAN_POINT('',(0.034775,0.0650617052777198,-0.026940857965875));
#11120=CARTESIAN_POINT('',(0.0324001315825924,0.0738282186209272,-0.0277078285020545));
#11121=CARTESIAN_POINT('',(0.0324001315825924,0.0737846407495533,-0.0282059258511003));
#11122=CARTESIAN_POINT('',(0.008775,0.0737846407495533,-0.0282059258511003));
#11123=CARTESIAN_POINT('',(0.008775,0.0738282186209272,-0.0277078285020545));
#11124=CARTESIAN_POINT('',(0.008775,0.0738282186209272,-0.0277078285020545));
#11125=CARTESIAN_POINT('',(0.0324001315825924,0.0738282186209272,-0.0277078285020545));
#11126=CARTESIAN_POINT('',(0.008775,0.0650617052777198,-0.026940857965875));
#11127=CARTESIAN_POINT('',(0.008775,0.065018127406346,-0.0274389553149209));
#11128=CARTESIAN_POINT('',(0.008775,0.0562516140631386,-0.0266719847787415));
#11129=CARTESIAN_POINT('',(0.008775,0.0562951919345124,-0.0261738874296957));
#11130=CARTESIAN_POINT('',(0.008775,0.0562951919345124,-0.0261738874296957));
#11131=CARTESIAN_POINT('',(0.008775,0.0650617052777198,-0.026940857965875));
#11132=CARTESIAN_POINT('',(0.0194001315825925,0.0562951919345124,-0.0261738874296957));
#11133=CARTESIAN_POINT('',(0.0194001315825925,0.0562516140631386,-0.0266719847787415));
#11134=CARTESIAN_POINT('',(0.040775,0.0562516140631386,-0.0266719847787415));
#11135=CARTESIAN_POINT('',(0.040775,0.0562951919345124,-0.0261738874296957));
#11136=CARTESIAN_POINT('',(0.040775,0.0562951919345124,-0.0261738874296957));
#11137=CARTESIAN_POINT('',(0.0194001315825925,0.0562951919345124,-0.0261738874296957));
#11138=CARTESIAN_POINT('',(0.040775,0.0590845370891693,-0.0264179235093891));
#11139=CARTESIAN_POINT('',(0.040775,0.0590409592177955,-0.026916020858435));
#11140=CARTESIAN_POINT('',(0.040775,0.0590845370891693,-0.0264179235093891));
#11141=CARTESIAN_POINT('',(0.013175,0.0750236522586372,-0.0278124153933516));
#11142=CARTESIAN_POINT('',(0.013175,0.0750236522586372,-0.0278124153933516));
#11143=CARTESIAN_POINT('',(0.104775,0.0453138686120218,-0.0252131461284649));
#11144=CARTESIAN_POINT('',(0.104775,0.0400110540980028,-0.0247492099737075));
#11145=CARTESIAN_POINT('',(0.079775,0.0400110540980028,-0.0247492099737075));
#11146=CARTESIAN_POINT('',(0.079775,0.0400110540980028,-0.0247492099737075));
#11147=CARTESIAN_POINT('',(0.104775,0.0400110540980028,-0.0247492099737075));
#11148=CARTESIAN_POINT('',(0.129775,0.0400110540980028,-0.0247492099737075));
#11149=CARTESIAN_POINT('',(0.129775,0.0400110540980028,-0.0247492099737075));
#11150=CARTESIAN_POINT('',(0.079775,0.026960903553001,-0.0236074697437132));
#11151=CARTESIAN_POINT('',(0.079775,0.0151061866457091,-0.022570316405016));
#11152=CARTESIAN_POINT('',(0.079775,0.0151061866457091,-0.022570316405016));
#11153=CARTESIAN_POINT('',(0.079775,0.026960903553001,-0.0236074697437132));
#11154=CARTESIAN_POINT('',(0.104775,0.0151061866457091,-0.022570316405016));
#11155=CARTESIAN_POINT('',(0.129775,0.0151061866457091,-0.022570316405016));
#11156=CARTESIAN_POINT('',(0.129775,0.0151061866457091,-0.022570316405016));
#11157=CARTESIAN_POINT('',(0.104775,0.0151061866457091,-0.022570316405016));
#11158=CARTESIAN_POINT('',(0.078575,0.0263631867341459,-0.0235551762980646));
#11159=CARTESIAN_POINT('',(0.078575,0.0388156204602927,-0.0246446230824103));
#11160=CARTESIAN_POINT('',(0.078575,0.0388156204602927,-0.0246446230824103));
#11161=CARTESIAN_POINT('',(0.078575,0.0263631867341459,-0.0235551762980646));
#11162=CARTESIAN_POINT('',(0.078575,0.0139107530079991,-0.0224657295137188));
#11163=CARTESIAN_POINT('',(0.078575,0.0139107530079991,-0.0224657295137188));
#11164=CARTESIAN_POINT('',(0.036475,0.0388156204602927,-0.0246446230824103));
#11165=CARTESIAN_POINT('',(-0.005625,0.0388156204602927,-0.0246446230824103));
#11166=CARTESIAN_POINT('',(-0.005625,0.0388156204602927,-0.0246446230824103));
#11167=CARTESIAN_POINT('',(0.036475,0.0388156204602927,-0.0246446230824103));
#11168=CARTESIAN_POINT('',(-0.005625,0.0360262753056359,-0.0244005870027169));
#11169=CARTESIAN_POINT('',(-0.005625,0.0360262753056359,-0.0244005870027169));
#11170=CARTESIAN_POINT('',(-0.005625,0.0360262753056358,-0.0244005870027169));
#11171=CARTESIAN_POINT('',(-0.005625,0.0400110540980028,-0.0247492099737075));
#11172=CARTESIAN_POINT('',(-0.005625,0.0400110540980028,-0.0247492099737075));
#11173=CARTESIAN_POINT('',(-0.005625,0.0360262753056358,-0.0244005870027169));
#11174=CARTESIAN_POINT('',(0.036475,0.0400110540980028,-0.0247492099737075));
#11175=CARTESIAN_POINT('',(0.078575,0.0400110540980028,-0.0247492099737075));
#11176=CARTESIAN_POINT('',(0.078575,0.0400110540980028,-0.0247492099737075));
#11177=CARTESIAN_POINT('',(0.036475,0.0400110540980028,-0.0247492099737075));
#11178=CARTESIAN_POINT('',(0.078575,0.0406087709168578,-0.0248015034193561));
#11179=CARTESIAN_POINT('',(0.078575,0.0412064877357129,-0.0248537968650047));
#11180=CARTESIAN_POINT('',(0.078575,0.0412064877357129,-0.0248537968650047));
#11181=CARTESIAN_POINT('',(0.078575,0.0406087709168578,-0.0248015034193561));
#11182=CARTESIAN_POINT('',(0.104775,0.0412064877357129,-0.0248537968650047));
#11183=CARTESIAN_POINT('',(0.130975,0.0412064877357129,-0.0248537968650047));
#11184=CARTESIAN_POINT('',(0.130975,0.0412064877357129,-0.0248537968650047));
#11185=CARTESIAN_POINT('',(0.104775,0.0412064877357129,-0.0248537968650047));
#11186=CARTESIAN_POINT('',(0.130975,0.0406087709168578,-0.0248015034193561));
#11187=CARTESIAN_POINT('',(0.130975,0.0400110540980028,-0.0247492099737075));
#11188=CARTESIAN_POINT('',(0.130975,0.0400110540980028,-0.0247492099737075));
#11189=CARTESIAN_POINT('',(0.130975,0.0406087709168578,-0.0248015034193561));
#11190=CARTESIAN_POINT('',(0.173075,0.0400110540980028,-0.0247492099737075));
#11191=CARTESIAN_POINT('',(0.215175,0.0400110540980028,-0.0247492099737075));
#11192=CARTESIAN_POINT('',(0.215175,0.0400110540980028,-0.0247492099737075));
#11193=CARTESIAN_POINT('',(0.173075,0.0400110540980028,-0.0247492099737075));
#11194=CARTESIAN_POINT('',(0.215175,0.0360262753056357,-0.0244005870027169));
#11195=CARTESIAN_POINT('',(0.215175,0.0360262753056357,-0.0244005870027169));
#11196=CARTESIAN_POINT('',(0.215175,0.0360262753056359,-0.0244005870027169));
#11197=CARTESIAN_POINT('',(0.215175,0.0388156204602927,-0.0246446230824103));
#11198=CARTESIAN_POINT('',(0.215175,0.0388156204602927,-0.0246446230824103));
#11199=CARTESIAN_POINT('',(0.215175,0.0360262753056359,-0.0244005870027169));
#11200=CARTESIAN_POINT('',(0.173075,0.0388156204602927,-0.0246446230824103));
#11201=CARTESIAN_POINT('',(0.130975,0.0388156204602927,-0.0246446230824103));
#11202=CARTESIAN_POINT('',(0.130975,0.0388156204602927,-0.0246446230824103));
#11203=CARTESIAN_POINT('',(0.173075,0.0388156204602927,-0.0246446230824103));
#11204=CARTESIAN_POINT('',(0.130975,0.0263631867341459,-0.0235551762980646));
#11205=CARTESIAN_POINT('',(0.130975,0.0139107530079991,-0.0224657295137188));
#11206=CARTESIAN_POINT('',(0.130975,0.0139107530079991,-0.0224657295137188));
#11207=CARTESIAN_POINT('',(0.130975,0.0263631867341459,-0.0235551762980646));
#11208=CARTESIAN_POINT('',(0.104775,0.0139107530079991,-0.0224657295137188));
#11209=CARTESIAN_POINT('',(0.104775,0.0139107530079991,-0.0224657295137188));
#11210=CARTESIAN_POINT('',(0.129775,0.0394133372791478,-0.0246969165280589));
#11211=CARTESIAN_POINT('',(0.129775,0.0394133372791478,-0.0246969165280589));
#11212=CARTESIAN_POINT('',(0.104775,0.0453138686120218,-0.0252131461284649));
#11213=CARTESIAN_POINT('',(0.196375,0.0550997582968023,-0.0260693005383985));
#11214=CARTESIAN_POINT('',(0.168775,0.0550997582968023,-0.0260693005383985));
#11215=CARTESIAN_POINT('',(0.168775,0.0550997582968023,-0.0260693005383985));
#11216=CARTESIAN_POINT('',(0.196375,0.0550997582968023,-0.0260693005383985));
#11217=CARTESIAN_POINT('',(0.168775,0.0590845370891693,-0.0264179235093891));
#11218=CARTESIAN_POINT('',(0.164775,0.0590845370891693,-0.0264179235093891));
#11219=CARTESIAN_POINT('',(0.164775,0.0590845370891693,-0.0264179235093891));
#11220=CARTESIAN_POINT('',(0.168775,0.0590845370891693,-0.0264179235093891));
#11221=CARTESIAN_POINT('',(0.164775,0.0620731211834445,-0.026679390737632));
#11222=CARTESIAN_POINT('',(0.164775,0.0650617052777198,-0.026940857965875));
#11223=CARTESIAN_POINT('',(0.164775,0.0650617052777198,-0.026940857965875));
#11224=CARTESIAN_POINT('',(0.164775,0.0620731211834445,-0.026679390737632));
#11225=CARTESIAN_POINT('',(0.174775,0.0650617052777198,-0.026940857965875));
#11226=CARTESIAN_POINT('',(0.174775,0.0750236522586372,-0.0278124153933516));
#11227=CARTESIAN_POINT('',(0.174775,0.0750236522586372,-0.0278124153933516));
#11228=CARTESIAN_POINT('',(0.174775,0.0650617052777198,-0.026940857965875));
#11229=CARTESIAN_POINT('',(0.196375,0.0750236522586372,-0.0278124153933516));
#11230=CARTESIAN_POINT('',(0.196375,0.0750236522586372,-0.0278124153933516));
#11231=CARTESIAN_POINT('',(0.209975,0.0738282186209271,-0.0277078285020545));
#11232=CARTESIAN_POINT('',(0.201975,0.0738282186209271,-0.0277078285020545));
#11233=CARTESIAN_POINT('',(0.201975,0.0738282186209271,-0.0277078285020545));
#11234=CARTESIAN_POINT('',(0.209975,0.0738282186209271,-0.0277078285020545));
#11235=CARTESIAN_POINT('',(0.201975,0.0650617052777198,-0.026940857965875));
#11236=CARTESIAN_POINT('',(0.201975,0.0562951919345124,-0.0261738874296957));
#11237=CARTESIAN_POINT('',(0.201975,0.0562951919345124,-0.0261738874296957));
#11238=CARTESIAN_POINT('',(0.201975,0.0650617052777198,-0.026940857965875));
#11239=CARTESIAN_POINT('',(0.209975,0.0562951919345124,-0.0261738874296957));
#11240=CARTESIAN_POINT('',(0.209975,0.0562951919345124,-0.0261738874296957));
#11241=CARTESIAN_POINT('',(0.168775,0.0590845370891693,-0.0264179235093891));
#11242=CARTESIAN_POINT('',(0.168775,0.0590409592177955,-0.026916020858435));
#11243=CARTESIAN_POINT('',(0.168775,0.0562516140631386,-0.0266719847787415));
#11244=CARTESIAN_POINT('',(0.165975,0.0590409592177955,-0.026916020858435));
#11245=CARTESIAN_POINT('',(0.168775,0.0562951919345124,-0.0261738874296957));
#11246=CARTESIAN_POINT('',(0.168775,0.0562951919345124,-0.0261738874296957));
#11247=CARTESIAN_POINT('',(0.168775,0.0590845370891693,-0.0264179235093891));
#11248=CARTESIAN_POINT('',(0.165975,0.0590845370891693,-0.0264179235093891));
#11249=CARTESIAN_POINT('',(0.165975,0.0590845370891693,-0.0264179235093891));
#11250=CARTESIAN_POINT('',(0.177149868417407,0.0562951919345124,-0.0261738874296957));
#11251=CARTESIAN_POINT('',(0.177149868417407,0.0562516140631386,-0.0266719847787415));
#11252=CARTESIAN_POINT('',(0.200775,0.0562516140631386,-0.0266719847787415));
#11253=CARTESIAN_POINT('',(0.200775,0.0562951919345124,-0.0261738874296957));
#11254=CARTESIAN_POINT('',(0.200775,0.0562951919345124,-0.0261738874296957));
#11255=CARTESIAN_POINT('',(0.177149868417407,0.0562951919345124,-0.0261738874296957));
#11256=CARTESIAN_POINT('',(0.200775,0.0650617052777198,-0.026940857965875));
#11257=CARTESIAN_POINT('',(0.200775,0.0650181274063459,-0.0274389553149209));
#11258=CARTESIAN_POINT('',(0.200775,0.0737846407495533,-0.0282059258511003));
#11259=CARTESIAN_POINT('',(0.200775,0.0738282186209271,-0.0277078285020545));
#11260=CARTESIAN_POINT('',(0.200775,0.0738282186209271,-0.0277078285020545));
#11261=CARTESIAN_POINT('',(0.200775,0.0650617052777198,-0.026940857965875));
#11262=CARTESIAN_POINT('',(0.190149868417407,0.0738282186209271,-0.0277078285020545));
#11263=CARTESIAN_POINT('',(0.190149868417407,0.0737846407495533,-0.0282059258511003));
#11264=CARTESIAN_POINT('',(0.174775,0.0737846407495533,-0.0282059258511003));
#11265=CARTESIAN_POINT('',(0.174775,0.0738282186209271,-0.0277078285020545));
#11266=CARTESIAN_POINT('',(0.174775,0.0738282186209271,-0.0277078285020545));
#11267=CARTESIAN_POINT('',(0.190149868417407,0.0738282186209271,-0.0277078285020545));
#11268=CARTESIAN_POINT('',(0.174775,0.0650617052777198,-0.026940857965875));
#11269=CARTESIAN_POINT('',(0.174775,0.0650181274063459,-0.0274389553149209));
#11270=CARTESIAN_POINT('',(0.165975,0.0650181274063459,-0.0274389553149209));
#11271=CARTESIAN_POINT('',(0.165975,0.0650617052777198,-0.026940857965875));
#11272=CARTESIAN_POINT('',(0.165975,0.0650617052777198,-0.026940857965875));
#11273=CARTESIAN_POINT('',(0.174775,0.0650617052777198,-0.026940857965875));
#11274=CARTESIAN_POINT('',(0.165975,0.0620731211834445,-0.026679390737632));
#11275=CARTESIAN_POINT('',(0.165975,0.0620295433120707,-0.0271774880866779));
#11276=CARTESIAN_POINT('',(0.165975,0.0620731211834445,-0.026679390737632));
#11277=CARTESIAN_POINT('',(0.104775,0.0453138686120218,-0.0252131461284649));
#11278=CARTESIAN_POINT('',(0.220227,0.04524375,-0.0257089214635825));
#11279=CARTESIAN_POINT('',(0.054775,-0.00392113208784315,-0.0209056417185357));
#11280=CARTESIAN_POINT('',(0.054775,-0.00123140640299541,-0.0211409622239545));
#11281=CARTESIAN_POINT('',(0.054775,-0.00123140640299541,-0.0211409622239545));
#11282=CARTESIAN_POINT('',(0.054775,-0.00392113208784315,-0.0209056417185357));
#11283=CARTESIAN_POINT('',(0.054775,-0.00661085777269089,-0.0206703212131171));
#11284=CARTESIAN_POINT('',(0.054775,-0.00661085777269089,-0.0206703212131171));
#11285=CARTESIAN_POINT('',(0.104775,-0.00123140640299541,-0.0211409622239545));
#11286=CARTESIAN_POINT('',(0.154775,-0.00123140640299541,-0.0211409622239545));
#11287=CARTESIAN_POINT('',(0.154775,-0.00123140640299541,-0.0211409622239545));
#11288=CARTESIAN_POINT('',(0.104775,-0.00123140640299541,-0.0211409622239545));
#11289=CARTESIAN_POINT('',(0.154775,-0.00392113208784315,-0.0209056417185357));
#11290=CARTESIAN_POINT('',(0.154775,-0.00661085777269089,-0.0206703212131171));
#11291=CARTESIAN_POINT('',(0.154775,-0.00661085777269089,-0.0206703212131171));
#11292=CARTESIAN_POINT('',(0.154775,-0.00392113208784315,-0.0209056417185357));
#11293=CARTESIAN_POINT('',(0.152375,-0.00661085777269084,-0.0206703212131171));
#11294=CARTESIAN_POINT('',(0.152375,-0.00900172504811108,-0.0204611474305227));
#11295=CARTESIAN_POINT('',(0.152375,-0.00900172504811108,-0.0204611474305227));
#11296=CARTESIAN_POINT('',(0.152375,-0.00661085777269084,-0.0206703212131171));
#11297=CARTESIAN_POINT('',(0.104775,-0.00900172504811108,-0.0204611474305227));
#11298=CARTESIAN_POINT('',(0.057175,-0.00900172504811108,-0.0204611474305227));
#11299=CARTESIAN_POINT('',(0.057175,-0.00900172504811108,-0.0204611474305227));
#11300=CARTESIAN_POINT('',(0.104775,-0.00900172504811108,-0.0204611474305227));
#11301=CARTESIAN_POINT('',(0.057175,-0.00661085777269089,-0.0206703212131171));
#11302=CARTESIAN_POINT('',(0.057175,-0.00661085777269089,-0.0206703212131171));
#11303=CARTESIAN_POINT('',(0.104775,0.0453138686120218,-0.0252131461284649));
#11304=CARTESIAN_POINT('',(0.104775,0.00115946087242477,-0.0213501360065488));
#11305=CARTESIAN_POINT('',(0.054775,0.00115946087242477,-0.0213501360065488));
#11306=CARTESIAN_POINT('',(0.054775,0.00115946087242477,-0.0213501360065488));
#11307=CARTESIAN_POINT('',(0.104775,0.00115946087242477,-0.0213501360065488));
#11308=CARTESIAN_POINT('',(0.154775,0.00115946087242477,-0.0213501360065488));
#11309=CARTESIAN_POINT('',(0.154775,0.00115946087242477,-0.0213501360065488));
#11310=CARTESIAN_POINT('',(0.054775,0.00384918655727247,-0.0215854565119675));
#11311=CARTESIAN_POINT('',(0.054775,0.00653891224212016,-0.0218207770173862));
#11312=CARTESIAN_POINT('',(0.054775,0.00653891224212016,-0.0218207770173862));
#11313=CARTESIAN_POINT('',(0.054775,0.00384918655727247,-0.0215854565119675));
#11314=CARTESIAN_POINT('',(0.057175,0.00653891224212016,-0.0218207770173862));
#11315=CARTESIAN_POINT('',(0.057175,0.00892977951754035,-0.0220299507999806));
#11316=CARTESIAN_POINT('',(0.057175,0.00892977951754035,-0.0220299507999806));
#11317=CARTESIAN_POINT('',(0.057175,0.00653891224212016,-0.0218207770173862));
#11318=CARTESIAN_POINT('',(0.104775,0.00892977951754034,-0.0220299507999806));
#11319=CARTESIAN_POINT('',(0.152375,0.00892977951754034,-0.0220299507999806));
#11320=CARTESIAN_POINT('',(0.152375,0.00892977951754034,-0.0220299507999806));
#11321=CARTESIAN_POINT('',(0.104775,0.00892977951754034,-0.0220299507999806));
#11322=CARTESIAN_POINT('',(0.152375,0.00653891224212011,-0.0218207770173862));
#11323=CARTESIAN_POINT('',(0.154775,0.00653891224212016,-0.0218207770173862));
#11324=CARTESIAN_POINT('',(0.154775,0.00653891224212016,-0.0218207770173862));
#11325=CARTESIAN_POINT('',(0.152375,0.00653891224212011,-0.0218207770173862));
#11326=CARTESIAN_POINT('',(0.154775,0.00384918655727247,-0.0215854565119675));
#11327=CARTESIAN_POINT('',(0.154775,0.00384918655727247,-0.0215854565119675));
#11328=CARTESIAN_POINT('',(0.104775,0.0453138686120218,-0.0252131461284649));
#11329=CARTESIAN_POINT('',(0.220227,0.04524375,-0.0257089214635825));
#11330=CARTESIAN_POINT('',(0.184775,0.0216810716531147,-0.0231455443071506));
#11331=CARTESIAN_POINT('',(0.184775,0.0216374937817408,-0.0236436416561965));
#11332=CARTESIAN_POINT('',(0.182275,0.0216374937817408,-0.0236436416561965));
#11333=CARTESIAN_POINT('',(0.187275,0.0216374937817408,-0.0236436416561965));
#11334=CARTESIAN_POINT('',(0.182275,0.0216810716531147,-0.0231455443071506));
#11335=CARTESIAN_POINT('',(0.182275,0.0216810716531147,-0.0231455443071506));
#11336=CARTESIAN_POINT('',(0.184775,0.0216810716531147,-0.0231455443071506));
#11337=CARTESIAN_POINT('',(0.187275,0.0216810716531147,-0.0231455443071506));
#11338=CARTESIAN_POINT('',(0.187275,0.0216810716531147,-0.0231455443071506));
#11339=CARTESIAN_POINT('',(0.182275,0.0188917264984578,-0.0229015082274572));
#11340=CARTESIAN_POINT('',(0.182275,0.018848148627084,-0.023399605576503));
#11341=CARTESIAN_POINT('',(0.182275,0.0160588034724271,-0.0231555694968095));
#11342=CARTESIAN_POINT('',(0.182275,0.0161023813438009,-0.0226574721477637));
#11343=CARTESIAN_POINT('',(0.182275,0.0161023813438009,-0.0226574721477637));
#11344=CARTESIAN_POINT('',(0.182275,0.0188917264984578,-0.0229015082274572));
#11345=CARTESIAN_POINT('',(0.184775,0.0161023813438009,-0.0226574721477637));
#11346=CARTESIAN_POINT('',(0.184775,0.0160588034724271,-0.0231555694968095));
#11347=CARTESIAN_POINT('',(0.187275,0.0160588034724271,-0.0231555694968095));
#11348=CARTESIAN_POINT('',(0.187275,0.0161023813438009,-0.0226574721477637));
#11349=CARTESIAN_POINT('',(0.187275,0.0161023813438009,-0.0226574721477637));
#11350=CARTESIAN_POINT('',(0.184775,0.0161023813438009,-0.0226574721477637));
#11351=CARTESIAN_POINT('',(0.174775,0.0188917264984578,-0.0229015082274572));
#11352=CARTESIAN_POINT('',(0.174775,0.0228765052908248,-0.0232501311984478));
#11353=CARTESIAN_POINT('',(0.174775,0.0228765052908248,-0.0232501311984478));
#11354=CARTESIAN_POINT('',(0.174775,0.0188917264984578,-0.0229015082274572));
#11355=CARTESIAN_POINT('',(0.174775,0.0149069477060908,-0.0225528852564665));
#11356=CARTESIAN_POINT('',(0.174775,0.0149069477060908,-0.0225528852564665));
#11357=CARTESIAN_POINT('',(0.184775,0.0228765052908248,-0.0232501311984478));
#11358=CARTESIAN_POINT('',(0.194775,0.0228765052908248,-0.0232501311984478));
#11359=CARTESIAN_POINT('',(0.194775,0.0228765052908248,-0.0232501311984478));
#11360=CARTESIAN_POINT('',(0.184775,0.0228765052908248,-0.0232501311984478));
#11361=CARTESIAN_POINT('',(0.194775,0.0188917264984578,-0.0229015082274572));
#11362=CARTESIAN_POINT('',(0.194775,0.0149069477060908,-0.0225528852564665));
#11363=CARTESIAN_POINT('',(0.194775,0.0149069477060908,-0.0225528852564665));
#11364=CARTESIAN_POINT('',(0.194775,0.0188917264984578,-0.0229015082274572));
#11365=CARTESIAN_POINT('',(0.184775,0.0149069477060908,-0.0225528852564665));
#11366=CARTESIAN_POINT('',(0.184775,0.0149069477060908,-0.0225528852564665));
#11367=CARTESIAN_POINT('',(0.187275,0.0188917264984578,-0.0229015082274572));
#11368=CARTESIAN_POINT('',(0.187275,0.018848148627084,-0.023399605576503));
#11369=CARTESIAN_POINT('',(0.187275,0.0188917264984578,-0.0229015082274572));
#11370=CARTESIAN_POINT('',(0.104775,0.0453138686120218,-0.0252131461284649));
#11371=CARTESIAN_POINT('',(0.0247750703164084,0.0217867369704791,-0.0231547888245478));
#11372=CARTESIAN_POINT('',(0.0247750703164084,0.0217431590991053,-0.0236528861735937));
#11373=CARTESIAN_POINT('',(0.0222750703164084,0.0217431590991053,-0.0236528861735937));
#11374=CARTESIAN_POINT('',(0.0272750703164083,0.0217431590991053,-0.0236528861735937));
#11375=CARTESIAN_POINT('',(0.0222750703164084,0.0217867369704791,-0.0231547888245478));
#11376=CARTESIAN_POINT('',(0.0222750703164084,0.0217867369704791,-0.0231547888245478));
#11377=CARTESIAN_POINT('',(0.0247750703164084,0.0217867369704791,-0.0231547888245478));
#11378=CARTESIAN_POINT('',(0.0272750703164083,0.0217867369704791,-0.0231547888245478));
#11379=CARTESIAN_POINT('',(0.0272750703164083,0.0217867369704791,-0.0231547888245478));
#11380=CARTESIAN_POINT('',(0.0222750703164084,0.0189973918158222,-0.0229107527448544));
#11381=CARTESIAN_POINT('',(0.0222750703164084,0.0189538139444484,-0.0234088500939002));
#11382=CARTESIAN_POINT('',(0.0222750703164084,0.0161644687897915,-0.0231648140142068));
#11383=CARTESIAN_POINT('',(0.0222750703164084,0.0162080466611653,-0.022666716665161));
#11384=CARTESIAN_POINT('',(0.0222750703164084,0.0162080466611653,-0.022666716665161));
#11385=CARTESIAN_POINT('',(0.0222750703164084,0.0189973918158222,-0.0229107527448544));
#11386=CARTESIAN_POINT('',(0.0247750703164084,0.0162080466611653,-0.022666716665161));
#11387=CARTESIAN_POINT('',(0.0247750703164084,0.0161644687897915,-0.0231648140142068));
#11388=CARTESIAN_POINT('',(0.0272750703164083,0.0161644687897915,-0.0231648140142068));
#11389=CARTESIAN_POINT('',(0.0272750703164083,0.0162080466611653,-0.022666716665161));
#11390=CARTESIAN_POINT('',(0.0272750703164083,0.0162080466611653,-0.022666716665161));
#11391=CARTESIAN_POINT('',(0.0247750703164084,0.0162080466611653,-0.022666716665161));
#11392=CARTESIAN_POINT('',(0.0147750703164084,0.0189973918158222,-0.0229107527448544));
#11393=CARTESIAN_POINT('',(0.0147750703164084,0.0229821706081892,-0.0232593757158451));
#11394=CARTESIAN_POINT('',(0.0147750703164084,0.0229821706081892,-0.0232593757158451));
#11395=CARTESIAN_POINT('',(0.0147750703164084,0.0189973918158222,-0.0229107527448544));
#11396=CARTESIAN_POINT('',(0.0147750703164084,0.0150126130234552,-0.0225621297738637));
#11397=CARTESIAN_POINT('',(0.0147750703164084,0.0150126130234552,-0.0225621297738637));
#11398=CARTESIAN_POINT('',(0.0247750703164084,0.0229821706081892,-0.0232593757158451));
#11399=CARTESIAN_POINT('',(0.0347750703164083,0.0229821706081892,-0.0232593757158451));
#11400=CARTESIAN_POINT('',(0.0347750703164083,0.0229821706081892,-0.0232593757158451));
#11401=CARTESIAN_POINT('',(0.0247750703164084,0.0229821706081892,-0.0232593757158451));
#11402=CARTESIAN_POINT('',(0.0347750703164083,0.0189973918158222,-0.0229107527448544));
#11403=CARTESIAN_POINT('',(0.0347750703164083,0.0150126130234552,-0.0225621297738637));
#11404=CARTESIAN_POINT('',(0.0347750703164083,0.0150126130234552,-0.0225621297738637));
#11405=CARTESIAN_POINT('',(0.0347750703164083,0.0189973918158222,-0.0229107527448544));
#11406=CARTESIAN_POINT('',(0.0247750703164084,0.0150126130234552,-0.0225621297738637));
#11407=CARTESIAN_POINT('',(0.0247750703164084,0.0150126130234552,-0.0225621297738637));
#11408=CARTESIAN_POINT('',(0.0272750703164083,0.0189973918158222,-0.0229107527448544));
#11409=CARTESIAN_POINT('',(0.0272750703164083,0.0189538139444484,-0.0234088500939002));
#11410=CARTESIAN_POINT('',(0.0272750703164083,0.0189973918158222,-0.0229107527448544));
#11411=CARTESIAN_POINT('',(0.104775,0.0453138686120218,-0.0252131461284649));
#11412=CARTESIAN_POINT('',(0.163575,0.054953974569379,-0.0260565461149224));
#11413=CARTESIAN_POINT('',(0.163575,0.054356257750524,-0.0260042526692737));
#11414=CARTESIAN_POINT('',(0.163575,0.054356257750524,-0.0260042526692737));
#11415=CARTESIAN_POINT('',(0.163575,0.054953974569379,-0.0260565461149224));
#11416=CARTESIAN_POINT('',(0.163575,0.0555516913882341,-0.026108839560571));
#11417=CARTESIAN_POINT('',(0.163575,0.0555516913882341,-0.026108839560571));
#11418=CARTESIAN_POINT('',(0.104775,0.054356257750524,-0.0260042526692737));
#11419=CARTESIAN_POINT('',(0.045975,0.054356257750524,-0.0260042526692737));
#11420=CARTESIAN_POINT('',(0.045975,0.054356257750524,-0.0260042526692737));
#11421=CARTESIAN_POINT('',(0.104775,0.054356257750524,-0.0260042526692737));
#11422=CARTESIAN_POINT('',(0.045975,0.054953974569379,-0.0260565461149224));
#11423=CARTESIAN_POINT('',(0.045975,0.0555516913882341,-0.026108839560571));
#11424=CARTESIAN_POINT('',(0.045975,0.0555516913882341,-0.026108839560571));
#11425=CARTESIAN_POINT('',(0.045975,0.054953974569379,-0.0260565461149224));
#11426=CARTESIAN_POINT('',(0.104775,0.0555516913882341,-0.026108839560571));
#11427=CARTESIAN_POINT('',(0.104775,0.0555516913882341,-0.026108839560571));
#11428=CARTESIAN_POINT('',(0.104775,0.0453138686120218,-0.0252131461284649));
#11429=CARTESIAN_POINT('',(0.0985061070008703,0.0679163544819514,-0.0271906074095886));
#11430=CARTESIAN_POINT('',(0.0985061070008703,0.0678727766105776,-0.0276887047586345));
#11431=CARTESIAN_POINT('',(0.0959094464995649,0.0710388734662702,-0.027463792422361));
#11432=CARTESIAN_POINT('',(0.0959094464995649,0.0709952955948964,-0.0279618897714068));
#11433=CARTESIAN_POINT('',(0.0985061070008702,0.074161392450589,-0.0277369774351334));
#11434=CARTESIAN_POINT('',(0.0985061070008702,0.0741178145792151,-0.0282350747841792));
#11435=CARTESIAN_POINT('',(0.104775,0.0754547821626613,-0.0278501343724608));
#11436=CARTESIAN_POINT('',(0.104775,0.0754112042912875,-0.0283482317215066));
#11437=CARTESIAN_POINT('',(0.11104389299913,0.074161392450589,-0.0277369774351334));
#11438=CARTESIAN_POINT('',(0.11104389299913,0.0741178145792151,-0.0282350747841792));
#11439=CARTESIAN_POINT('',(0.113640553500435,0.0710388734662702,-0.027463792422361));
#11440=CARTESIAN_POINT('',(0.113640553500435,0.0709952955948964,-0.0279618897714069));
#11441=CARTESIAN_POINT('',(0.11104389299913,0.0679163544819514,-0.0271906074095886));
#11442=CARTESIAN_POINT('',(0.11104389299913,0.0678727766105776,-0.0276887047586345));
#11443=CARTESIAN_POINT('',(0.104775,0.0666229647698791,-0.0270774504722612));
#11444=CARTESIAN_POINT('',(0.104775,0.0665793868985053,-0.0275755478213071));
#11445=CARTESIAN_POINT('',(0.0985061070008703,0.0679163544819514,-0.0271906074095886));
#11446=CARTESIAN_POINT('',(0.0985061070008703,0.0678727766105776,-0.0276887047586345));
#11447=CARTESIAN_POINT('',(0.0959094464995649,0.0710388734662702,-0.027463792422361));
#11448=CARTESIAN_POINT('',(0.0959094464995649,0.0709952955948964,-0.0279618897714068));
#11449=CARTESIAN_POINT('',(0.0985061070008702,0.074161392450589,-0.0277369774351334));
#11450=CARTESIAN_POINT('',(0.0985061070008702,0.0741178145792151,-0.0282350747841792));
#11451=CARTESIAN_POINT('',(0.104775,0.0710388734662702,-0.027463792422361));
#11452=CARTESIAN_POINT('',(0.096775,0.0710388734662702,-0.027463792422361));
#11453=CARTESIAN_POINT('',(0.104775,0.0453138686120218,-0.0252131461284649));
#11454=CARTESIAN_POINT('',(0.220227,0.04524375,-0.0257089214635825));
#11455=CARTESIAN_POINT('',(0.220227,0.04524375,-0.0257089214635825));
#11456=CARTESIAN_POINT('',(0.105146647,0.0374270944042516,-0.0245231427934963));
#11457=CARTESIAN_POINT('',(0.105156522,0.0374369318268953,-0.024524003456456));
#11458=CARTESIAN_POINT('',(0.105156522,0.0374369318268953,-0.024524003456456));
#11459=CARTESIAN_POINT('',(0.105146647,0.0374270944042516,-0.0245231427934963));
#11460=CARTESIAN_POINT('',(0.105117012,0.0373975721743737,-0.02452055993306));
#11461=CARTESIAN_POINT('',(0.105117012,0.0373975721743737,-0.02452055993306));
#11462=CARTESIAN_POINT('',(0.1093249445,0.0374369318268953,-0.024524003456456));
#11463=CARTESIAN_POINT('',(0.113493367,0.0374369318268953,-0.024524003456456));
#11464=CARTESIAN_POINT('',(0.113493367,0.0374369318268953,-0.024524003456456));
#11465=CARTESIAN_POINT('',(0.1093249445,0.0374369318268953,-0.024524003456456));
#11466=CARTESIAN_POINT('',(0.113493367,0.0276164215806287,-0.0236648201398675));
#11467=CARTESIAN_POINT('',(0.113493367,0.0177959113343623,-0.022805636823279));
#11468=CARTESIAN_POINT('',(0.113493367,0.0177959113343623,-0.022805636823279));
#11469=CARTESIAN_POINT('',(0.113493367,0.0276164215806287,-0.0236648201398675));
#11470=CARTESIAN_POINT('',(0.1093249395,0.0177959113343623,-0.022805636823279));
#11471=CARTESIAN_POINT('',(0.105156512,0.0177959113343623,-0.022805636823279));
#11472=CARTESIAN_POINT('',(0.105156512,0.0177959113343623,-0.022805636823279));
#11473=CARTESIAN_POINT('',(0.1093249395,0.0177959113343623,-0.022805636823279));
#11474=CARTESIAN_POINT('',(0.105117002,0.0178352709868839,-0.0228090803466749));
#11475=CARTESIAN_POINT('',(0.105077492,0.0178746306394054,-0.0228125238700709));
#11476=CARTESIAN_POINT('',(0.105077492,0.0178746306394054,-0.0228125238700709));
#11477=CARTESIAN_POINT('',(0.105117002,0.0178352709868839,-0.0228090803466749));
#11478=CARTESIAN_POINT('',(0.105077492,0.0188488099327668,-0.0228977535144817));
#11479=CARTESIAN_POINT('',(0.105077492,0.019822989226128,-0.0229829831588925));
#11480=CARTESIAN_POINT('',(0.105077492,0.019822989226128,-0.0229829831588925));
#11481=CARTESIAN_POINT('',(0.105077492,0.0188488099327668,-0.0228977535144817));
#11482=CARTESIAN_POINT('',(0.105117002,0.0198721912822667,-0.0229872877810268));
#11483=CARTESIAN_POINT('',(0.105156512,0.0199213933384055,-0.0229915924031611));
#11484=CARTESIAN_POINT('',(0.105156512,0.0199213933384055,-0.0229915924031611));
#11485=CARTESIAN_POINT('',(0.105117002,0.0198721912822667,-0.0229872877810268));
#11486=CARTESIAN_POINT('',(0.108021068,0.0199213933384055,-0.0229915924031611));
#11487=CARTESIAN_POINT('',(0.110885624,0.0199213933384055,-0.0229915924031611));
#11488=CARTESIAN_POINT('',(0.110885624,0.0199213933384055,-0.0229915924031611));
#11489=CARTESIAN_POINT('',(0.108021068,0.0199213933384055,-0.0229915924031611));
#11490=CARTESIAN_POINT('',(0.1110337905,0.0199902747227077,-0.0229976187434155));
#11491=CARTESIAN_POINT('',(0.111181957,0.0200591561070099,-0.0230036450836699));
#11492=CARTESIAN_POINT('',(0.111181957,0.0200591561070099,-0.0230036450836699));
#11493=CARTESIAN_POINT('',(0.1110337905,0.0199902747227077,-0.0229976187434155));
#11494=CARTESIAN_POINT('',(0.111260979,0.0202067592868421,-0.0230165586886057));
#11495=CARTESIAN_POINT('',(0.111340001,0.0203543624666743,-0.0230294722935413));
#11496=CARTESIAN_POINT('',(0.111340001,0.0203543624666743,-0.0230294722935413));
#11497=CARTESIAN_POINT('',(0.111260979,0.0202067592868421,-0.0230165586886057));
#11498=CARTESIAN_POINT('',(0.111340001,0.0232080174681638,-0.0232791347557857));
#11499=CARTESIAN_POINT('',(0.111340001,0.0260616724696533,-0.0235287972180301));
#11500=CARTESIAN_POINT('',(0.111340001,0.0260616724696533,-0.0235287972180301));
#11501=CARTESIAN_POINT('',(0.111340001,0.0232080174681638,-0.0232791347557857));
#11502=CARTESIAN_POINT('',(0.1112708565,0.0262191155626159,-0.0235425717038148));
#11503=CARTESIAN_POINT('',(0.111201712,0.0263765586555785,-0.0235563461895995));
#11504=CARTESIAN_POINT('',(0.111201712,0.0263765586555785,-0.0235563461895995));
#11505=CARTESIAN_POINT('',(0.1112708565,0.0262191155626159,-0.0235425717038148));
#11506=CARTESIAN_POINT('',(0.111043668,0.0264651203642388,-0.0235640943351298));
#11507=CARTESIAN_POINT('',(0.110885624,0.0265536820728991,-0.02357184248066));
#11508=CARTESIAN_POINT('',(0.110885624,0.0265536820728991,-0.02357184248066));
#11509=CARTESIAN_POINT('',(0.111043668,0.0264651203642388,-0.0235640943351298));
#11510=CARTESIAN_POINT('',(0.1092854235,0.0265536820728991,-0.02357184248066));
#11511=CARTESIAN_POINT('',(0.107685223,0.0265536820728991,-0.02357184248066));
#11512=CARTESIAN_POINT('',(0.107685223,0.0265536820728991,-0.02357184248066));
#11513=CARTESIAN_POINT('',(0.1092854235,0.0265536820728991,-0.02357184248066));
#11514=CARTESIAN_POINT('',(0.107645713,0.0265930417254208,-0.023575286004056));
#11515=CARTESIAN_POINT('',(0.107606203,0.0266324013779424,-0.0235787295274519));
#11516=CARTESIAN_POINT('',(0.107606203,0.0266324013779424,-0.0235787295274519));
#11517=CARTESIAN_POINT('',(0.107645713,0.0265930417254208,-0.023575286004056));
#11518=CARTESIAN_POINT('',(0.107606203,0.027616420584434,-0.0236648200527118));
#11519=CARTESIAN_POINT('',(0.107606203,0.0286004397909257,-0.0237509105779715));
#11520=CARTESIAN_POINT('',(0.107606203,0.0286004397909257,-0.0237509105779715));
#11521=CARTESIAN_POINT('',(0.107606203,0.027616420584434,-0.0236648200527118));
#11522=CARTESIAN_POINT('',(0.107645713,0.0286496418470644,-0.0237552152001058));
#11523=CARTESIAN_POINT('',(0.107685223,0.0286988439032032,-0.0237595198222402));
#11524=CARTESIAN_POINT('',(0.107685223,0.0286988439032032,-0.0237595198222402));
#11525=CARTESIAN_POINT('',(0.107645713,0.0286496418470644,-0.0237552152001058));
#11526=CARTESIAN_POINT('',(0.1093249345,0.0286988439032032,-0.0237595198222402));
#11527=CARTESIAN_POINT('',(0.110964646,0.0286988439032032,-0.0237595198222402));
#11528=CARTESIAN_POINT('',(0.110964646,0.0286988439032032,-0.0237595198222402));
#11529=CARTESIAN_POINT('',(0.1093249345,0.0286988439032032,-0.0237595198222402));
#11530=CARTESIAN_POINT('',(0.111093057,0.0287677252875055,-0.0237655461624946));
#11531=CARTESIAN_POINT('',(0.111221468,0.0288366066718076,-0.023771572502749));
#11532=CARTESIAN_POINT('',(0.111221468,0.0288366066718076,-0.023771572502749));
#11533=CARTESIAN_POINT('',(0.111093057,0.0287677252875055,-0.0237655461624946));
#11534=CARTESIAN_POINT('',(0.1112807345,0.0289842098516398,-0.0237844861076846));
#11535=CARTESIAN_POINT('',(0.111340001,0.0291318130314719,-0.0237973997126203));
#11536=CARTESIAN_POINT('',(0.111340001,0.0291318130314719,-0.0237973997126203));
#11537=CARTESIAN_POINT('',(0.1112807345,0.0289842098516398,-0.0237844861076846));
#11538=CARTESIAN_POINT('',(0.111340001,0.0319854680329615,-0.0240470621748647));
#11539=CARTESIAN_POINT('',(0.111340001,0.0348391230344511,-0.0242967246371091));
#11540=CARTESIAN_POINT('',(0.111340001,0.0348391230344511,-0.0242967246371091));
#11541=CARTESIAN_POINT('',(0.111340001,0.0319854680329615,-0.0240470621748647));
#11542=CARTESIAN_POINT('',(0.1112807345,0.0349768858030555,-0.0243087773176179));
#11543=CARTESIAN_POINT('',(0.111221468,0.0351146485716598,-0.0243208299981268));
#11544=CARTESIAN_POINT('',(0.111221468,0.0351146485716598,-0.0243208299981268));
#11545=CARTESIAN_POINT('',(0.1112807345,0.0349768858030555,-0.0243087773176179));
#11546=CARTESIAN_POINT('',(0.111093057,0.0351933698690924,-0.0243277172192302));
#11547=CARTESIAN_POINT('',(0.110964646,0.035272091166525,-0.0243346044403336));
#11548=CARTESIAN_POINT('',(0.110964646,0.035272091166525,-0.0243346044403336));
#11549=CARTESIAN_POINT('',(0.111093057,0.0351933698690924,-0.0243277172192302));
#11550=CARTESIAN_POINT('',(0.108060579,0.035272091166525,-0.0243346044403336));
#11551=CARTESIAN_POINT('',(0.105156512,0.035272091166525,-0.0243346044403336));
#11552=CARTESIAN_POINT('',(0.105156512,0.035272091166525,-0.0243346044403336));
#11553=CARTESIAN_POINT('',(0.108060579,0.035272091166525,-0.0243346044403336));
#11554=CARTESIAN_POINT('',(0.105117002,0.0353212932226638,-0.0243389090624679));
#11555=CARTESIAN_POINT('',(0.105077492,0.0353704952788026,-0.0243432136846022));
#11556=CARTESIAN_POINT('',(0.105077492,0.0353704952788026,-0.0243432136846022));
#11557=CARTESIAN_POINT('',(0.105117002,0.0353212932226638,-0.0243389090624679));
#11558=CARTESIAN_POINT('',(0.105077492,0.0363446740740665,-0.0244284432854351));
#11559=CARTESIAN_POINT('',(0.105077492,0.0373188528693304,-0.0245136728862681));
#11560=CARTESIAN_POINT('',(0.105077492,0.0373188528693304,-0.0245136728862681));
#11561=CARTESIAN_POINT('',(0.105077492,0.0363446740740665,-0.0244284432854351));
#11562=CARTESIAN_POINT('',(0.105087372,0.0373385326955913,-0.0245153946479661));
#11563=CARTESIAN_POINT('',(0.105097252,0.037358212521852,-0.0245171164096641));
#11564=CARTESIAN_POINT('',(0.105097252,0.037358212521852,-0.0245171164096641));
#11565=CARTESIAN_POINT('',(0.105087372,0.0373385326955913,-0.0245153946479661));
#11566=CARTESIAN_POINT('',(0.105107132,0.0373680549254692,-0.0245179775084024));
#11567=CARTESIAN_POINT('',(0.105117012,0.0373778973290863,-0.0245188386071407));
#11568=CARTESIAN_POINT('',(0.105117012,0.0373778973290863,-0.0245188386071407));
#11569=CARTESIAN_POINT('',(0.105107132,0.0373680549254692,-0.0245179775084024));
#11570=CARTESIAN_POINT('',(0.105117012,0.0373877347517299,-0.0245196992701004));
#11571=CARTESIAN_POINT('',(0.105117012,0.0373877347517299,-0.0245196992701004));
#11572=CARTESIAN_POINT('',(0.104775,0.027558620371856,-0.0236597631893618));
#11573=CARTESIAN_POINT('',(0.095150321,0.0374270944042516,-0.0245231427934963));
#11574=CARTESIAN_POINT('',(0.095160201,0.0374369318268953,-0.024524003456456));
#11575=CARTESIAN_POINT('',(0.095160201,0.0374369318268953,-0.024524003456456));
#11576=CARTESIAN_POINT('',(0.095150321,0.0374270944042516,-0.0245231427934963));
#11577=CARTESIAN_POINT('',(0.095140441,0.037417256981608,-0.0245222821305367));
#11578=CARTESIAN_POINT('',(0.095140441,0.037417256981608,-0.0245222821305367));
#11579=CARTESIAN_POINT('',(0.099328623,0.0374369318268953,-0.024524003456456));
#11580=CARTESIAN_POINT('',(0.103497045,0.0374369318268953,-0.024524003456456));
#11581=CARTESIAN_POINT('',(0.103497045,0.0374369318268953,-0.024524003456456));
#11582=CARTESIAN_POINT('',(0.099328623,0.0374369318268953,-0.024524003456456));
#11583=CARTESIAN_POINT('',(0.103497045,0.0276164215806287,-0.0236648201398675));
#11584=CARTESIAN_POINT('',(0.103497045,0.0177959113343623,-0.022805636823279));
#11585=CARTESIAN_POINT('',(0.103497045,0.0177959113343623,-0.022805636823279));
#11586=CARTESIAN_POINT('',(0.103497045,0.0276164215806287,-0.0236648201398675));
#11587=CARTESIAN_POINT('',(0.099328613,0.0177959113343623,-0.022805636823279));
#11588=CARTESIAN_POINT('',(0.095160181,0.0177959113343623,-0.022805636823279));
#11589=CARTESIAN_POINT('',(0.095160181,0.0177959113343623,-0.022805636823279));
#11590=CARTESIAN_POINT('',(0.099328613,0.0177959113343623,-0.022805636823279));
#11591=CARTESIAN_POINT('',(0.095120671,0.0178352709868839,-0.0228090803466749));
#11592=CARTESIAN_POINT('',(0.095081161,0.0178746306394055,-0.0228125238700709));
#11593=CARTESIAN_POINT('',(0.095081161,0.0178746306394055,-0.0228125238700709));
#11594=CARTESIAN_POINT('',(0.095120671,0.0178352709868839,-0.0228090803466749));
#11595=CARTESIAN_POINT('',(0.095081161,0.0188488099327668,-0.0228977535144817));
#11596=CARTESIAN_POINT('',(0.095081161,0.019822989226128,-0.0229829831588925));
#11597=CARTESIAN_POINT('',(0.095081161,0.019822989226128,-0.0229829831588925));
#11598=CARTESIAN_POINT('',(0.095081161,0.0188488099327668,-0.0228977535144817));
#11599=CARTESIAN_POINT('',(0.095120671,0.0198721912822667,-0.0229872877810268));
#11600=CARTESIAN_POINT('',(0.095160181,0.0199213933384055,-0.0229915924031611));
#11601=CARTESIAN_POINT('',(0.095160181,0.0199213933384055,-0.0229915924031611));
#11602=CARTESIAN_POINT('',(0.095120671,0.0198721912822667,-0.0229872877810268));
#11603=CARTESIAN_POINT('',(0.0980247365,0.0199213933384055,-0.0229915924031611));
#11604=CARTESIAN_POINT('',(0.100889292,0.0199213933384055,-0.0229915924031611));
#11605=CARTESIAN_POINT('',(0.100889292,0.0199213933384055,-0.0229915924031611));
#11606=CARTESIAN_POINT('',(0.0980247365,0.0199213933384055,-0.0229915924031611));
#11607=CARTESIAN_POINT('',(0.1010374585,0.0199902747227077,-0.0229976187434155));
#11608=CARTESIAN_POINT('',(0.101185625,0.0200591561070099,-0.0230036450836699));
#11609=CARTESIAN_POINT('',(0.101185625,0.0200591561070099,-0.0230036450836699));
#11610=CARTESIAN_POINT('',(0.1010374585,0.0199902747227077,-0.0229976187434155));
#11611=CARTESIAN_POINT('',(0.1012646475,0.0202067592868421,-0.0230165586886057));
#11612=CARTESIAN_POINT('',(0.10134367,0.0203543624666743,-0.0230294722935413));
#11613=CARTESIAN_POINT('',(0.10134367,0.0203543624666743,-0.0230294722935413));
#11614=CARTESIAN_POINT('',(0.1012646475,0.0202067592868421,-0.0230165586886057));
#11615=CARTESIAN_POINT('',(0.10134367,0.0232080174681638,-0.0232791347557857));
#11616=CARTESIAN_POINT('',(0.10134367,0.0260616724696533,-0.0235287972180301));
#11617=CARTESIAN_POINT('',(0.10134367,0.0260616724696533,-0.0235287972180301));
#11618=CARTESIAN_POINT('',(0.10134367,0.0232080174681638,-0.0232791347557857));
#11619=CARTESIAN_POINT('',(0.1012745255,0.0262191155626159,-0.0235425717038148));
#11620=CARTESIAN_POINT('',(0.101205381,0.0263765586555785,-0.0235563461895995));
#11621=CARTESIAN_POINT('',(0.101205381,0.0263765586555785,-0.0235563461895995));
#11622=CARTESIAN_POINT('',(0.1012745255,0.0262191155626159,-0.0235425717038148));
#11623=CARTESIAN_POINT('',(0.1010473365,0.0264651203642388,-0.0235640943351298));
#11624=CARTESIAN_POINT('',(0.100889292,0.0265536820728991,-0.02357184248066));
#11625=CARTESIAN_POINT('',(0.100889292,0.0265536820728991,-0.02357184248066));
#11626=CARTESIAN_POINT('',(0.1010473365,0.0264651203642388,-0.0235640943351298));
#11627=CARTESIAN_POINT('',(0.099289092,0.0265536820728991,-0.02357184248066));
#11628=CARTESIAN_POINT('',(0.097688892,0.0265536820728991,-0.02357184248066));
#11629=CARTESIAN_POINT('',(0.097688892,0.0265536820728991,-0.02357184248066));
#11630=CARTESIAN_POINT('',(0.099289092,0.0265536820728991,-0.02357184248066));
#11631=CARTESIAN_POINT('',(0.097649382,0.0265930417254208,-0.023575286004056));
#11632=CARTESIAN_POINT('',(0.097609872,0.0266324013779424,-0.0235787295274519));
#11633=CARTESIAN_POINT('',(0.097609872,0.0266324013779424,-0.0235787295274519));
#11634=CARTESIAN_POINT('',(0.097649382,0.0265930417254208,-0.023575286004056));
#11635=CARTESIAN_POINT('',(0.097609872,0.027616420584434,-0.0236648200527118));
#11636=CARTESIAN_POINT('',(0.097609872,0.0286004397909257,-0.0237509105779715));
#11637=CARTESIAN_POINT('',(0.097609872,0.0286004397909257,-0.0237509105779715));
#11638=CARTESIAN_POINT('',(0.097609872,0.027616420584434,-0.0236648200527118));
#11639=CARTESIAN_POINT('',(0.097649382,0.0286496418470644,-0.0237552152001058));
#11640=CARTESIAN_POINT('',(0.097688892,0.0286988439032032,-0.0237595198222402));
#11641=CARTESIAN_POINT('',(0.097688892,0.0286988439032032,-0.0237595198222402));
#11642=CARTESIAN_POINT('',(0.097649382,0.0286496418470644,-0.0237552152001058));
#11643=CARTESIAN_POINT('',(0.099328603,0.0286988439032032,-0.0237595198222402));
#11644=CARTESIAN_POINT('',(0.100968314,0.0286988439032032,-0.0237595198222402));
#11645=CARTESIAN_POINT('',(0.100968314,0.0286988439032032,-0.0237595198222402));
#11646=CARTESIAN_POINT('',(0.099328603,0.0286988439032032,-0.0237595198222402));
#11647=CARTESIAN_POINT('',(0.101096725,0.0287677252875055,-0.0237655461624946));
#11648=CARTESIAN_POINT('',(0.101225136,0.0288366066718076,-0.023771572502749));
#11649=CARTESIAN_POINT('',(0.101225136,0.0288366066718076,-0.023771572502749));
#11650=CARTESIAN_POINT('',(0.101096725,0.0287677252875055,-0.0237655461624946));
#11651=CARTESIAN_POINT('',(0.101284403,0.0289842098516398,-0.0237844861076846));
#11652=CARTESIAN_POINT('',(0.10134367,0.0291318130314719,-0.0237973997126203));
#11653=CARTESIAN_POINT('',(0.10134367,0.0291318130314719,-0.0237973997126203));
#11654=CARTESIAN_POINT('',(0.101284403,0.0289842098516398,-0.0237844861076846));
#11655=CARTESIAN_POINT('',(0.10134367,0.0319854680329615,-0.0240470621748647));
#11656=CARTESIAN_POINT('',(0.10134367,0.0348391230344511,-0.0242967246371091));
#11657=CARTESIAN_POINT('',(0.10134367,0.0348391230344511,-0.0242967246371091));
#11658=CARTESIAN_POINT('',(0.10134367,0.0319854680329615,-0.0240470621748647));
#11659=CARTESIAN_POINT('',(0.101284403,0.0349768858030555,-0.0243087773176179));
#11660=CARTESIAN_POINT('',(0.101225136,0.0351146485716598,-0.0243208299981268));
#11661=CARTESIAN_POINT('',(0.101225136,0.0351146485716598,-0.0243208299981268));
#11662=CARTESIAN_POINT('',(0.101284403,0.0349768858030555,-0.0243087773176179));
#11663=CARTESIAN_POINT('',(0.101096725,0.0351933698690924,-0.0243277172192302));
#11664=CARTESIAN_POINT('',(0.100968314,0.035272091166525,-0.0243346044403336));
#11665=CARTESIAN_POINT('',(0.100968314,0.035272091166525,-0.0243346044403336));
#11666=CARTESIAN_POINT('',(0.101096725,0.0351933698690924,-0.0243277172192302));
#11667=CARTESIAN_POINT('',(0.0980642475,0.0352720911665251,-0.0243346044403336));
#11668=CARTESIAN_POINT('',(0.095160181,0.0352720911665251,-0.0243346044403336));
#11669=CARTESIAN_POINT('',(0.095160181,0.0352720911665251,-0.0243346044403336));
#11670=CARTESIAN_POINT('',(0.0980642475,0.0352720911665251,-0.0243346044403336));
#11671=CARTESIAN_POINT('',(0.095120671,0.0353212932226638,-0.0243389090624679));
#11672=CARTESIAN_POINT('',(0.095081161,0.0353704952788026,-0.0243432136846022));
#11673=CARTESIAN_POINT('',(0.095081161,0.0353704952788026,-0.0243432136846022));
#11674=CARTESIAN_POINT('',(0.095120671,0.0353212932226638,-0.0243389090624679));
#11675=CARTESIAN_POINT('',(0.095081161,0.0363446740740665,-0.0244284432854351));
#11676=CARTESIAN_POINT('',(0.095081161,0.0373188528693304,-0.0245136728862681));
#11677=CARTESIAN_POINT('',(0.095081161,0.0373188528693304,-0.0245136728862681));
#11678=CARTESIAN_POINT('',(0.095081161,0.0363446740740665,-0.0244284432854351));
#11679=CARTESIAN_POINT('',(0.095091041,0.0373385326955913,-0.0245153946479661));
#11680=CARTESIAN_POINT('',(0.095100921,0.037358212521852,-0.0245171164096641));
#11681=CARTESIAN_POINT('',(0.095100921,0.037358212521852,-0.0245171164096641));
#11682=CARTESIAN_POINT('',(0.095091041,0.0373385326955913,-0.0245153946479661));
#11683=CARTESIAN_POINT('',(0.095110801,0.0373680549254692,-0.0245179775084024));
#11684=CARTESIAN_POINT('',(0.095120681,0.0373778973290863,-0.0245188386071407));
#11685=CARTESIAN_POINT('',(0.095120681,0.0373778973290863,-0.0245188386071407));
#11686=CARTESIAN_POINT('',(0.095110801,0.0373680549254692,-0.0245179775084024));
#11687=CARTESIAN_POINT('',(0.095120681,0.0373877347517299,-0.0245196992701004));
#11688=CARTESIAN_POINT('',(0.095120681,0.0373975721743737,-0.02452055993306));
#11689=CARTESIAN_POINT('',(0.095120681,0.0373975721743737,-0.02452055993306));
#11690=CARTESIAN_POINT('',(0.095120681,0.0373877347517299,-0.0245196992701004));
#11691=CARTESIAN_POINT('',(0.095130561,0.0374074145779908,-0.0245214210317984));
#11692=CARTESIAN_POINT('',(0.095130561,0.0374074145779908,-0.0245214210317984));
#11693=CARTESIAN_POINT('',(0.104775,0.027558620371856,-0.0236597631893618));
#11694=CARTESIAN_POINT('',(0.121217773,0.0290432523190063,-0.0237896516542459));
#11695=CARTESIAN_POINT('',(0.121217773,0.0289996744476325,-0.0242877490032917));
#11696=CARTESIAN_POINT('',(0.121257283,0.0290095118702761,-0.0242886096662514));
#11697=CARTESIAN_POINT('',(0.121178263,0.0289898370249888,-0.0242868883403321));
#11698=CARTESIAN_POINT('',(0.121257283,0.02905308974165,-0.0237905123172054));
#11699=CARTESIAN_POINT('',(0.121257283,0.02905308974165,-0.0237905123172054));
#11700=CARTESIAN_POINT('',(0.121217773,0.0290432523190063,-0.0237896516542459));
#11701=CARTESIAN_POINT('',(0.121178263,0.0290334148963627,-0.0237887909912862));
#11702=CARTESIAN_POINT('',(0.121178263,0.0290334148963627,-0.0237887909912862));
#11703=CARTESIAN_POINT('',(0.1213560605,0.0291121312128217,-0.0237956777766109));
#11704=CARTESIAN_POINT('',(0.1213560605,0.0290685533414479,-0.0242937751256568));
#11705=CARTESIAN_POINT('',(0.121454838,0.0291275948126197,-0.0242989405850622));
#11706=CARTESIAN_POINT('',(0.121454838,0.0291711726839936,-0.0238008432360163));
#11707=CARTESIAN_POINT('',(0.121454838,0.0291711726839936,-0.0238008432360163));
#11708=CARTESIAN_POINT('',(0.1213560605,0.0291121312128217,-0.0237956777766109));
#11709=CARTESIAN_POINT('',(0.121504228,0.0292794147170121,-0.0238103131868224));
#11710=CARTESIAN_POINT('',(0.121504228,0.0292358368456383,-0.0243084105358683));
#11711=CARTESIAN_POINT('',(0.121553618,0.0293440788786568,-0.0243178804866744));
#11712=CARTESIAN_POINT('',(0.121553618,0.0293876567500305,-0.0238197831376285));
#11713=CARTESIAN_POINT('',(0.121553618,0.0293876567500305,-0.0238197831376285));
#11714=CARTESIAN_POINT('',(0.121504228,0.0292794147170121,-0.0238103131868224));
#11715=CARTESIAN_POINT('',(0.121553618,0.0321330697185016,-0.0240599756490668));
#11716=CARTESIAN_POINT('',(0.121553618,0.0320894918471278,-0.0245580729981127));
#11717=CARTESIAN_POINT('',(0.121553618,0.0348349048155988,-0.0247982655095509));
#11718=CARTESIAN_POINT('',(0.121553618,0.0348784826869727,-0.0243001681605051));
#11719=CARTESIAN_POINT('',(0.121553618,0.0348784826869727,-0.0243001681605051));
#11720=CARTESIAN_POINT('',(0.121553618,0.0321330697185016,-0.0240599756490668));
#11721=CARTESIAN_POINT('',(0.121504228,0.0350064050443493,-0.0243113599165871));
#11722=CARTESIAN_POINT('',(0.121504228,0.0349628271729755,-0.0248094572656329));
#11723=CARTESIAN_POINT('',(0.121454838,0.0350907495303521,-0.0248206490217149));
#11724=CARTESIAN_POINT('',(0.121454838,0.035134327401726,-0.0243225516726691));
#11725=CARTESIAN_POINT('',(0.121454838,0.035134327401726,-0.0243225516726691));
#11726=CARTESIAN_POINT('',(0.121504228,0.0350064050443493,-0.0243113599165871));
#11727=CARTESIAN_POINT('',(0.121316549,0.0351933688728977,-0.0243277171320745));
#11728=CARTESIAN_POINT('',(0.121316549,0.0351497910015239,-0.0248258144811204));
#11729=CARTESIAN_POINT('',(0.12117826,0.0352088324726958,-0.0248309799405258));
#11730=CARTESIAN_POINT('',(0.12117826,0.0352524103440696,-0.0243328825914799));
#11731=CARTESIAN_POINT('',(0.12117826,0.0352524103440696,-0.0243328825914799));
#11732=CARTESIAN_POINT('',(0.121316549,0.0351933688728977,-0.0243277171320745));
#11733=CARTESIAN_POINT('',(0.119884271,0.0352524103440696,-0.0243328825914799));
#11734=CARTESIAN_POINT('',(0.119884271,0.0352088324726958,-0.0248309799405258));
#11735=CARTESIAN_POINT('',(0.118590282,0.0352088324726958,-0.0248309799405258));
#11736=CARTESIAN_POINT('',(0.118590282,0.0352524103440696,-0.0243328825914799));
#11737=CARTESIAN_POINT('',(0.118590282,0.0352524103440696,-0.0243328825914799));
#11738=CARTESIAN_POINT('',(0.119884271,0.0352524103440696,-0.0243328825914799));
#11739=CARTESIAN_POINT('',(0.1183853185,0.0352032092841255,-0.0243285780565013));
#11740=CARTESIAN_POINT('',(0.1183853185,0.0351596314127517,-0.0248266754055472));
#11741=CARTESIAN_POINT('',(0.118180355,0.0351104303528076,-0.0248223708705687));
#11742=CARTESIAN_POINT('',(0.118180355,0.0351540082241815,-0.0243242735215227));
#11743=CARTESIAN_POINT('',(0.118180355,0.0351540082241815,-0.0243242735215227));
#11744=CARTESIAN_POINT('',(0.1183853185,0.0352032092841255,-0.0243285780565013));
#11745=CARTESIAN_POINT('',(0.1180000855,0.0350064050443493,-0.0243113599165871));
#11746=CARTESIAN_POINT('',(0.1180000855,0.0349628271729755,-0.0248094572656329));
#11747=CARTESIAN_POINT('',(0.117819816,0.0348152239931433,-0.0247965436606972));
#11748=CARTESIAN_POINT('',(0.117819816,0.0348588018645171,-0.0242984463116514));
#11749=CARTESIAN_POINT('',(0.117819816,0.0348588018645171,-0.0242984463116514));
#11750=CARTESIAN_POINT('',(0.1180000855,0.0350064050443493,-0.0243113599165871));
#11751=CARTESIAN_POINT('',(0.117693874,0.0346669183284522,-0.0242816586775284));
#11752=CARTESIAN_POINT('',(0.117693874,0.0346233404570783,-0.0247797560265743));
#11753=CARTESIAN_POINT('',(0.117567932,0.0344314569210133,-0.0247629683924513));
#11754=CARTESIAN_POINT('',(0.117567932,0.0344750347923871,-0.0242648710434054));
#11755=CARTESIAN_POINT('',(0.117567932,0.0344750347923871,-0.0242648710434054));
#11756=CARTESIAN_POINT('',(0.117693874,0.0346669183284522,-0.0242816586775284));
#11757=CARTESIAN_POINT('',(0.1175259515,0.0342733108450944,-0.0242472224848557));
#11758=CARTESIAN_POINT('',(0.1175259515,0.0342297329737206,-0.0247453198339015));
#11759=CARTESIAN_POINT('',(0.117483971,0.0340280090264279,-0.0247276712753517));
#11760=CARTESIAN_POINT('',(0.117483971,0.0340715868978017,-0.0242295739263058));
#11761=CARTESIAN_POINT('',(0.117483971,0.0340715868978017,-0.0242295739263058));
#11762=CARTESIAN_POINT('',(0.1175259515,0.0342733108450944,-0.0242472224848557));
#11763=CARTESIAN_POINT('',(0.117483971,0.0321527500428598,-0.0240616974543427));
#11764=CARTESIAN_POINT('',(0.117483971,0.0321091721714859,-0.0245597948033885));
#11765=CARTESIAN_POINT('',(0.117483971,0.030190335316544,-0.0243919183314254));
#11766=CARTESIAN_POINT('',(0.117483971,0.0302339131879178,-0.0238938209823795));
#11767=CARTESIAN_POINT('',(0.117483971,0.0302339131879178,-0.0238938209823795));
#11768=CARTESIAN_POINT('',(0.117483971,0.0321527500428598,-0.0240616974543427));
#11769=CARTESIAN_POINT('',(0.117530891,0.03001004881346,-0.0238742353874472));
#11770=CARTESIAN_POINT('',(0.117530891,0.0299664709420862,-0.024372332736493));
#11771=CARTESIAN_POINT('',(0.117577811,0.0297426065676284,-0.0243527471415606));
#11772=CARTESIAN_POINT('',(0.117577811,0.0297861844390021,-0.0238546497925148));
#11773=CARTESIAN_POINT('',(0.117577811,0.0297861844390021,-0.0238546497925148));
#11774=CARTESIAN_POINT('',(0.117530891,0.03001004881346,-0.0238742353874472));
#11775=CARTESIAN_POINT('',(0.117718571,0.0295869210926137,-0.0238372165086496));
#11776=CARTESIAN_POINT('',(0.117718571,0.0295433432212399,-0.0243353138576954));
#11777=CARTESIAN_POINT('',(0.117859331,0.0293440798748515,-0.0243178805738302));
#11778=CARTESIAN_POINT('',(0.117859331,0.0293876577462252,-0.0238197832247843));
#11779=CARTESIAN_POINT('',(0.117859331,0.0293876577462252,-0.0238197832247843));
#11780=CARTESIAN_POINT('',(0.117718571,0.0295869210926137,-0.0238372165086496));
#11781=CARTESIAN_POINT('',(0.118059356,0.0292474348748139,-0.0238075153131687));
#11782=CARTESIAN_POINT('',(0.118059356,0.0292038570034401,-0.0243056126622146));
#11783=CARTESIAN_POINT('',(0.118259381,0.0290636341320288,-0.0242933447505991));
#11784=CARTESIAN_POINT('',(0.118259381,0.0291072120034026,-0.0237952474015532));
#11785=CARTESIAN_POINT('',(0.118259381,0.0291072120034026,-0.0237952474015532));
#11786=CARTESIAN_POINT('',(0.118059356,0.0292474348748139,-0.0238075153131687));
#11787=CARTESIAN_POINT('',(0.1184841005,0.0290604710462655,-0.0237911580976813));
#11788=CARTESIAN_POINT('',(0.1184841005,0.0290168931748916,-0.0242892554467273));
#11789=CARTESIAN_POINT('',(0.11870882,0.0289701522177545,-0.0242851661428554));
#11790=CARTESIAN_POINT('',(0.11870882,0.0290137300891284,-0.0237870687938095));
#11791=CARTESIAN_POINT('',(0.11870882,0.0290137300891284,-0.0237870687938095));
#11792=CARTESIAN_POINT('',(0.1184841005,0.0290604710462655,-0.0237911580976813));
#11793=CARTESIAN_POINT('',(0.1199237865,0.0290137300891284,-0.0237870687938095));
#11794=CARTESIAN_POINT('',(0.1199237865,0.0289701522177545,-0.0242851661428554));
#11795=CARTESIAN_POINT('',(0.121138753,0.0289701522177545,-0.0242851661428554));
#11796=CARTESIAN_POINT('',(0.121138753,0.0290137300891284,-0.0237870687938095));
#11797=CARTESIAN_POINT('',(0.121138753,0.0290137300891284,-0.0237870687938095));
#11798=CARTESIAN_POINT('',(0.1199237865,0.0290137300891284,-0.0237870687938095));
#11799=CARTESIAN_POINT('',(0.121217773,0.0199705924059601,-0.0229958967638282));
#11800=CARTESIAN_POINT('',(0.121217773,0.0199270145345863,-0.023493994112874));
#11801=CARTESIAN_POINT('',(0.121257284,0.0199368599267876,-0.0234948554730797));
#11802=CARTESIAN_POINT('',(0.121178263,0.0199171721309692,-0.0234931330141358));
#11803=CARTESIAN_POINT('',(0.121257284,0.0199804377981614,-0.0229967581240338));
#11804=CARTESIAN_POINT('',(0.121257284,0.0199804377981614,-0.0229967581240338));
#11805=CARTESIAN_POINT('',(0.121217773,0.0199705924059601,-0.0229958967638282));
#11806=CARTESIAN_POINT('',(0.121178263,0.019960750002343,-0.0229950356650899));
#11807=CARTESIAN_POINT('',(0.121178263,0.019960750002343,-0.0229950356650899));
#11808=CARTESIAN_POINT('',(0.1213560615,0.0200394787712359,-0.0230019235398614));
#11809=CARTESIAN_POINT('',(0.1213560615,0.019995900899862,-0.0235000208889072));
#11810=CARTESIAN_POINT('',(0.121454839,0.0200549418729365,-0.0235051863047348));
#11811=CARTESIAN_POINT('',(0.121454839,0.0200985197443103,-0.0230070889556889));
#11812=CARTESIAN_POINT('',(0.121454839,0.0200985197443103,-0.0230070889556889));
#11813=CARTESIAN_POINT('',(0.1213560615,0.0200394787712359,-0.0230019235398614));
#11814=CARTESIAN_POINT('',(0.121504229,0.0202067617773288,-0.023016558906495));
#11815=CARTESIAN_POINT('',(0.121504229,0.020163183905955,-0.0235146562555409));
#11816=CARTESIAN_POINT('',(0.121553619,0.0202714259389735,-0.023524126206347));
#11817=CARTESIAN_POINT('',(0.121553619,0.0203150038103473,-0.0230260288573011));
#11818=CARTESIAN_POINT('',(0.121553619,0.0203150038103473,-0.0230260288573011));
#11819=CARTESIAN_POINT('',(0.121504229,0.0202067617773288,-0.023016558906495));
#11820=CARTESIAN_POINT('',(0.121553619,0.0233851433759713,-0.0232946312647356));
#11821=CARTESIAN_POINT('',(0.121553619,0.0233415655045974,-0.0237927286137815));
#11822=CARTESIAN_POINT('',(0.121553619,0.0264117050702214,-0.024061331021216));
#11823=CARTESIAN_POINT('',(0.121553619,0.0264552829415952,-0.0235632336721701));
#11824=CARTESIAN_POINT('',(0.121553619,0.0264552829415952,-0.0235632336721701));
#11825=CARTESIAN_POINT('',(0.121553619,0.0233851433759713,-0.0232946312647356));
#11826=CARTESIAN_POINT('',(0.1214844745,0.0265832052989718,-0.0235744254282521));
#11827=CARTESIAN_POINT('',(0.1214844745,0.026539627427598,-0.024072522777298));
#11828=CARTESIAN_POINT('',(0.12141533,0.0266675497849746,-0.02408371453338));
#11829=CARTESIAN_POINT('',(0.12141533,0.0267111276563485,-0.0235856171843341));
#11830=CARTESIAN_POINT('',(0.12141533,0.0267111276563485,-0.0235856171843341));
#11831=CARTESIAN_POINT('',(0.1214844745,0.0265832052989718,-0.0235744254282521));
#11832=CARTESIAN_POINT('',(0.121277041,0.0267701691275203,-0.0235907826437395));
#11833=CARTESIAN_POINT('',(0.121277041,0.0267265912561464,-0.0240888799927853));
#11834=CARTESIAN_POINT('',(0.121138752,0.0267856327273182,-0.0240940454521908));
#11835=CARTESIAN_POINT('',(0.121138752,0.0268292105986921,-0.0235959481031449));
#11836=CARTESIAN_POINT('',(0.121138752,0.0268292105986921,-0.0235959481031449));
#11837=CARTESIAN_POINT('',(0.121277041,0.0267701691275203,-0.0235907826437395));
#11838=CARTESIAN_POINT('',(0.1199237855,0.0268292105986921,-0.0235959481031449));
#11839=CARTESIAN_POINT('',(0.1199237855,0.0267856327273182,-0.0240940454521908));
#11840=CARTESIAN_POINT('',(0.118708819,0.0267856327273182,-0.0240940454521908));
#11841=CARTESIAN_POINT('',(0.118708819,0.0268292105986921,-0.0235959481031449));
#11842=CARTESIAN_POINT('',(0.118708819,0.0268292105986921,-0.0235959481031449));
#11843=CARTESIAN_POINT('',(0.1199237855,0.0268292105986921,-0.0235959481031449));
#11844=CARTESIAN_POINT('',(0.118560652,0.0267996883688141,-0.0235933652427086));
#11845=CARTESIAN_POINT('',(0.118560652,0.0267561104974403,-0.0240914625917545));
#11846=CARTESIAN_POINT('',(0.118412485,0.0267265882675624,-0.0240888797313181));
#11847=CARTESIAN_POINT('',(0.118412485,0.0267701661389362,-0.0235907823822723));
#11848=CARTESIAN_POINT('',(0.118412485,0.0267701661389362,-0.0235907823822723));
#11849=CARTESIAN_POINT('',(0.118560652,0.0267996883688141,-0.0235933652427086));
#11850=CARTESIAN_POINT('',(0.118254441,0.026701284754634,-0.0235847560420178));
#11851=CARTESIAN_POINT('',(0.118254441,0.0266577068832601,-0.0240828533910637));
#11852=CARTESIAN_POINT('',(0.118096397,0.0265888254989579,-0.0240768270508093));
#11853=CARTESIAN_POINT('',(0.118096397,0.0266324033703318,-0.0235787297017634));
#11854=CARTESIAN_POINT('',(0.118096397,0.0266324033703318,-0.0235787297017634));
#11855=CARTESIAN_POINT('',(0.118254441,0.026701284754634,-0.0235847560420178));
#11856=CARTESIAN_POINT('',(0.1178889635,0.0264257592174252,-0.0235606506810002));
#11857=CARTESIAN_POINT('',(0.1178889635,0.0263821813460514,-0.0240587480300461));
#11858=CARTESIAN_POINT('',(0.11768153,0.0261755371931447,-0.0240406690092828));
#11859=CARTESIAN_POINT('',(0.11768153,0.0262191150645186,-0.023542571660237));
#11860=CARTESIAN_POINT('',(0.11768153,0.0262191150645186,-0.023542571660237));
#11861=CARTESIAN_POINT('',(0.1178889635,0.0264257592174252,-0.0235606506810002));
#11862=CARTESIAN_POINT('',(0.1176123855,0.026061671971556,-0.0235287971744522));
#11863=CARTESIAN_POINT('',(0.1176123855,0.0260180941001821,-0.0240268945234981));
#11864=CARTESIAN_POINT('',(0.117543241,0.0258606510072196,-0.0240131200377134));
#11865=CARTESIAN_POINT('',(0.117543241,0.0259042288785935,-0.0235150226886676));
#11866=CARTESIAN_POINT('',(0.117543241,0.0259042288785935,-0.0235150226886676));
#11867=CARTESIAN_POINT('',(0.1176123855,0.026061671971556,-0.0235287971744522));
#11868=CARTESIAN_POINT('',(0.117513606,0.0257566261968586,-0.0235021091273098));
#11869=CARTESIAN_POINT('',(0.117513606,0.0257130483254848,-0.0240002064763556));
#11870=CARTESIAN_POINT('',(0.117483971,0.02556544564375,-0.0239872929149978));
#11871=CARTESIAN_POINT('',(0.117483971,0.0256090235151238,-0.0234891955659519));
#11872=CARTESIAN_POINT('',(0.117483971,0.0256090235151238,-0.0234891955659519));
#11873=CARTESIAN_POINT('',(0.117513606,0.0257566261968586,-0.0235021091273098));
#11874=CARTESIAN_POINT('',(0.117483971,0.0233851403873871,-0.0232946310032684));
#11875=CARTESIAN_POINT('',(0.117483971,0.0233415625160133,-0.0237927283523142));
#11876=CARTESIAN_POINT('',(0.117483971,0.0211176793882767,-0.0235981637896308));
#11877=CARTESIAN_POINT('',(0.117483971,0.0211612572596505,-0.0231000664405849));
#11878=CARTESIAN_POINT('',(0.117483971,0.0211612572596505,-0.0231000664405849));
#11879=CARTESIAN_POINT('',(0.117483971,0.0233851403873871,-0.0232946310032684));
#11880=CARTESIAN_POINT('',(0.117530891,0.0209373928851926,-0.0230804808456525));
#11881=CARTESIAN_POINT('',(0.117530891,0.0208938150138189,-0.0235785781946984));
#11882=CARTESIAN_POINT('',(0.117577811,0.020669950639361,-0.0235589925997659));
#11883=CARTESIAN_POINT('',(0.117577811,0.0207135285107348,-0.0230608952507201));
#11884=CARTESIAN_POINT('',(0.117577811,0.0207135285107348,-0.0230608952507201));
#11885=CARTESIAN_POINT('',(0.117530891,0.0209373928851926,-0.0230804808456525));
#11886=CARTESIAN_POINT('',(0.117718571,0.0205142651643464,-0.0230434619668549));
#11887=CARTESIAN_POINT('',(0.117718571,0.0204706872929726,-0.0235415593159008));
#11888=CARTESIAN_POINT('',(0.117859331,0.0202714239465841,-0.0235241260320355));
#11889=CARTESIAN_POINT('',(0.117859331,0.020315001817958,-0.0230260286829897));
#11890=CARTESIAN_POINT('',(0.117859331,0.020315001817958,-0.0230260286829897));
#11891=CARTESIAN_POINT('',(0.117718571,0.0205142651643464,-0.0230434619668549));
#11892=CARTESIAN_POINT('',(0.118059356,0.0201747794446439,-0.023013760814952));
#11893=CARTESIAN_POINT('',(0.118059356,0.0201312015732701,-0.0235118581639979));
#11894=CARTESIAN_POINT('',(0.118259381,0.0199909791999561,-0.0234995902959601));
#11895=CARTESIAN_POINT('',(0.118259381,0.02003455707133,-0.0230014929469143));
#11896=CARTESIAN_POINT('',(0.118259381,0.02003455707133,-0.0230014929469143));
#11897=CARTESIAN_POINT('',(0.118059356,0.0201747794446439,-0.023013760814952));
#11898=CARTESIAN_POINT('',(0.1184841005,0.0199878161141929,-0.0229974036430425));
#11899=CARTESIAN_POINT('',(0.1184841005,0.019944238242819,-0.0234955009920883));
#11900=CARTESIAN_POINT('',(0.11870882,0.0198974972856819,-0.0234914116882165));
#11901=CARTESIAN_POINT('',(0.11870882,0.0199410751570557,-0.0229933143391706));
#11902=CARTESIAN_POINT('',(0.11870882,0.0199410751570557,-0.0229933143391706));
#11903=CARTESIAN_POINT('',(0.1184841005,0.0199878161141929,-0.0229974036430425));
#11904=CARTESIAN_POINT('',(0.1199237865,0.0199410751570557,-0.0229933143391706));
#11905=CARTESIAN_POINT('',(0.1199237865,0.0198974972856819,-0.0234914116882165));
#11906=CARTESIAN_POINT('',(0.121138753,0.0198974972856818,-0.0234914116882165));
#11907=CARTESIAN_POINT('',(0.121138753,0.0199410751570557,-0.0229933143391706));
#11908=CARTESIAN_POINT('',(0.121138753,0.0199410751570557,-0.0229933143391706));
#11909=CARTESIAN_POINT('',(0.1199237865,0.0199410751570557,-0.0229933143391706));
#11910=CARTESIAN_POINT('',(0.123687216,0.0373778908538208,-0.0245188380406284));
#11911=CARTESIAN_POINT('',(0.123746483,0.0373188498807463,-0.0245136726248009));
#11912=CARTESIAN_POINT('',(0.123746483,0.0373188498807463,-0.0245136726248009));
#11913=CARTESIAN_POINT('',(0.123687216,0.0373778908538208,-0.0245188380406284));
#11914=CARTESIAN_POINT('',(0.123627949,0.0374369318268953,-0.024524003456456));
#11915=CARTESIAN_POINT('',(0.123627949,0.0374369318268953,-0.024524003456456));
#11916=CARTESIAN_POINT('',(0.1237464845,0.0275967407581733,-0.0236630982910137));
#11917=CARTESIAN_POINT('',(0.123746486,0.0178746316356001,-0.0228125239572266));
#11918=CARTESIAN_POINT('',(0.123746486,0.0178746316356001,-0.0228125239572266));
#11919=CARTESIAN_POINT('',(0.1237464845,0.0275967407581733,-0.0236630982910137));
#11920=CARTESIAN_POINT('',(0.123706976,0.0178352719830786,-0.0228090804338307));
#11921=CARTESIAN_POINT('',(0.123667466,0.017795912330557,-0.0228056369104347));
#11922=CARTESIAN_POINT('',(0.123667466,0.017795912330557,-0.0228056369104347));
#11923=CARTESIAN_POINT('',(0.123706976,0.0178352719830786,-0.0228090804338307));
#11924=CARTESIAN_POINT('',(0.121128877,0.017795912330557,-0.0228056369104347));
#11925=CARTESIAN_POINT('',(0.118590288,0.017795912330557,-0.0228056369104347));
#11926=CARTESIAN_POINT('',(0.118590288,0.017795912330557,-0.0228056369104347));
#11927=CARTESIAN_POINT('',(0.121128877,0.017795912330557,-0.0228056369104347));
#11928=CARTESIAN_POINT('',(0.117967988,0.0179238346879336,-0.0228168286665167));
#11929=CARTESIAN_POINT('',(0.117345688,0.0180517570453103,-0.0228280204225986));
#11930=CARTESIAN_POINT('',(0.117345688,0.0180517570453103,-0.0228280204225986));
#11931=CARTESIAN_POINT('',(0.117967988,0.0179238346879336,-0.0228168286665167));
#11932=CARTESIAN_POINT('',(0.116832044,0.0184060043780491,-0.0228590130482976));
#11933=CARTESIAN_POINT('',(0.1163184,0.0187602517107878,-0.0228900056739965));
#11934=CARTESIAN_POINT('',(0.1163184,0.0187602517107878,-0.0228900056739965));
#11935=CARTESIAN_POINT('',(0.116832044,0.0184060043780491,-0.0228590130482976));
#11936=CARTESIAN_POINT('',(0.1159627995,0.0192817815515222,-0.0229356336227513));
#11937=CARTESIAN_POINT('',(0.115607199,0.0198033113922566,-0.022981261571506));
#11938=CARTESIAN_POINT('',(0.115607199,0.0198033113922566,-0.022981261571506));
#11939=CARTESIAN_POINT('',(0.1159627995,0.0192817815515222,-0.0229356336227513));
#11940=CARTESIAN_POINT('',(0.1154689105,0.0204232433528791,-0.0230354985902179));
#11941=CARTESIAN_POINT('',(0.115330622,0.0210431753135016,-0.0230897356089298));
#11942=CARTESIAN_POINT('',(0.115330622,0.0210431753135016,-0.0230897356089298));
#11943=CARTESIAN_POINT('',(0.1154689105,0.0204232433528791,-0.0230354985902179));
#11944=CARTESIAN_POINT('',(0.115330622,0.0234048207117453,-0.0232963528085442));
#11945=CARTESIAN_POINT('',(0.115330622,0.025766466109989,-0.0235029700081588));
#11946=CARTESIAN_POINT('',(0.115330622,0.025766466109989,-0.0235029700081588));
#11947=CARTESIAN_POINT('',(0.115330622,0.0234048207117453,-0.0232963528085442));
#11948=CARTESIAN_POINT('',(0.1154293995,0.0262289554757463,-0.0235434325846638));
#11949=CARTESIAN_POINT('',(0.115528177,0.0266914448415036,-0.0235838951611688));
#11950=CARTESIAN_POINT('',(0.115528177,0.0266914448415036,-0.0235838951611688));
#11951=CARTESIAN_POINT('',(0.1154293995,0.0262289554757463,-0.0235434325846638));
#11952=CARTESIAN_POINT('',(0.1157356105,0.0271244129735776,-0.0236217749643933));
#11953=CARTESIAN_POINT('',(0.115943044,0.0275573811056516,-0.0236596547676178));
#11954=CARTESIAN_POINT('',(0.115943044,0.0275573811056516,-0.0236596547676178));
#11955=CARTESIAN_POINT('',(0.1157356105,0.0271244129735776,-0.0236217749643933));
#11956=CARTESIAN_POINT('',(0.115982554,0.0276361029011816,-0.023666542032299));
#11957=CARTESIAN_POINT('',(0.116022064,0.0277148246967115,-0.0236734292969803));
#11958=CARTESIAN_POINT('',(0.116022064,0.0277148246967115,-0.0236734292969803));
#11959=CARTESIAN_POINT('',(0.115982554,0.0276361029011816,-0.023666542032299));
#11960=CARTESIAN_POINT('',(0.116041819,0.0278132263185023,-0.0236820383233596));
#11961=CARTESIAN_POINT('',(0.116061574,0.027911627940293,-0.0236906473497388));
#11962=CARTESIAN_POINT('',(0.116061574,0.027911627940293,-0.0236906473497388));
#11963=CARTESIAN_POINT('',(0.116041819,0.0278132263185023,-0.0236820383233596));
#11964=CARTESIAN_POINT('',(0.115982552,0.0281379524175579,-0.0237104481757779));
#11965=CARTESIAN_POINT('',(0.11590353,0.0283642768948226,-0.023730249001817));
#11966=CARTESIAN_POINT('',(0.11590353,0.0283642768948226,-0.023730249001817));
#11967=CARTESIAN_POINT('',(0.115982552,0.0281379524175579,-0.0237104481757779));
#11968=CARTESIAN_POINT('',(0.115765241,0.0285709210477292,-0.0237483280225803));
#11969=CARTESIAN_POINT('',(0.115626952,0.0287775652006358,-0.0237664070433436));
#11970=CARTESIAN_POINT('',(0.115626952,0.0287775652006358,-0.0237664070433436));
#11971=CARTESIAN_POINT('',(0.115765241,0.0285709210477292,-0.0237483280225803));
#11972=CARTESIAN_POINT('',(0.115528174,0.0290924508884636,-0.023793955971335));
#11973=CARTESIAN_POINT('',(0.115429396,0.0294073365762914,-0.0238215048993266));
#11974=CARTESIAN_POINT('',(0.115429396,0.0294073365762914,-0.0238215048993266));
#11975=CARTESIAN_POINT('',(0.115528174,0.0290924508884636,-0.023793955971335));
#11976=CARTESIAN_POINT('',(0.115380006,0.0297517434978024,-0.0238516366005986));
#11977=CARTESIAN_POINT('',(0.115330616,0.0300961504193134,-0.0238817683018707));
#11978=CARTESIAN_POINT('',(0.115330616,0.0300961504193134,-0.0238817683018707));
#11979=CARTESIAN_POINT('',(0.115380006,0.0297517434978024,-0.0238516366005986));
#11980=CARTESIAN_POINT('',(0.115330616,0.0321429101297293,-0.0240608365734937));
#11981=CARTESIAN_POINT('',(0.115330616,0.0341896698401453,-0.0242399048451167));
#11982=CARTESIAN_POINT('',(0.115330616,0.0341896698401453,-0.0242399048451167));
#11983=CARTESIAN_POINT('',(0.115330616,0.0321429101297293,-0.0240608365734937));
#11984=CARTESIAN_POINT('',(0.1154689045,0.0347997613895401,-0.0242932809394017));
#11985=CARTESIAN_POINT('',(0.115607193,0.0354098529389348,-0.0243466570336867));
#11986=CARTESIAN_POINT('',(0.115607193,0.0354098529389348,-0.0243466570336867));
#11987=CARTESIAN_POINT('',(0.1154689045,0.0347997613895401,-0.0242932809394017));
#11988=CARTESIAN_POINT('',(0.1159627935,0.0359313827796692,-0.0243922849824414));
#11989=CARTESIAN_POINT('',(0.116318394,0.0364529126204035,-0.0244379129311962));
#11990=CARTESIAN_POINT('',(0.116318394,0.0364529126204035,-0.0244379129311962));
#11991=CARTESIAN_POINT('',(0.1159627935,0.0359313827796692,-0.0243922849824414));
#11992=CARTESIAN_POINT('',(0.116841916,0.036807159455045,-0.0244689055133172));
#11993=CARTESIAN_POINT('',(0.117365438,0.0371614062896864,-0.0244998980954383));
#11994=CARTESIAN_POINT('',(0.117365438,0.0371614062896864,-0.0244998980954383));
#11995=CARTESIAN_POINT('',(0.116841916,0.036807159455045,-0.0244689055133172));
#11996=CARTESIAN_POINT('',(0.11797786,0.0372991690582909,-0.0245119507759472));
#11997=CARTESIAN_POINT('',(0.118590282,0.0374369318268953,-0.024524003456456));
#11998=CARTESIAN_POINT('',(0.118590282,0.0374369318268953,-0.024524003456456));
#11999=CARTESIAN_POINT('',(0.11797786,0.0372991690582909,-0.0245119507759472));
#12000=CARTESIAN_POINT('',(0.121158508,0.0199509125796993,-0.0229941750021302));
#12001=CARTESIAN_POINT('',(0.121158508,0.0199073347083255,-0.0234922723511761));
#12002=CARTESIAN_POINT('',(0.121158508,0.0199509125796993,-0.0229941750021302));
#12003=CARTESIAN_POINT('',(0.1211091155,0.0374369318268953,-0.024524003456456));
#12004=CARTESIAN_POINT('',(0.1211091155,0.0374369318268953,-0.024524003456456));
#12005=CARTESIAN_POINT('',(0.121158508,0.0290235724927455,-0.0237879298925479));
#12006=CARTESIAN_POINT('',(0.121158508,0.0289799946213717,-0.0242860272415938));
#12007=CARTESIAN_POINT('',(0.121158508,0.0290235724927455,-0.0237879298925479));
#12008=CARTESIAN_POINT('',(0.104775,0.027558620371856,-0.0236597631893618));
#12009=CARTESIAN_POINT('',(0.220227,0.04524375,-0.0257089214635825));
#12010=CARTESIAN_POINT('',(0.091001645,0.027783703590527,-0.0236794554193454));
#12011=CARTESIAN_POINT('',(0.091001645,0.0277401257191532,-0.0241775527683913));
#12012=CARTESIAN_POINT('',(0.091031276,0.0277499740999386,-0.0241784143900641));
#12013=CARTESIAN_POINT('',(0.09097201,0.0277302833155361,-0.024176691669653));
#12014=CARTESIAN_POINT('',(0.091031276,0.0277935519713123,-0.0236803170410182));
#12015=CARTESIAN_POINT('',(0.091031276,0.0277935519713123,-0.0236803170410182));
#12016=CARTESIAN_POINT('',(0.091001645,0.027783703590527,-0.0236794554193454));
#12017=CARTESIAN_POINT('',(0.09097201,0.0277738611869099,-0.0236785943206071));
#12018=CARTESIAN_POINT('',(0.09097201,0.0277738611869099,-0.0236785943206071));
#12019=CARTESIAN_POINT('',(0.0911399315,0.0278722732687449,-0.0236872042621216));
#12020=CARTESIAN_POINT('',(0.0911399315,0.0278286953973712,-0.0241853016111675));
#12021=CARTESIAN_POINT('',(0.091248587,0.0279074166948038,-0.0241921888322709));
#12022=CARTESIAN_POINT('',(0.091248587,0.0279509945661775,-0.023694091483225));
#12023=CARTESIAN_POINT('',(0.091248587,0.0279509945661775,-0.023694091483225));
#12024=CARTESIAN_POINT('',(0.0911399315,0.0278722732687449,-0.0236872042621216));
#12025=CARTESIAN_POINT('',(0.091297977,0.0280789169235542,-0.023705283239307));
#12026=CARTESIAN_POINT('',(0.091297977,0.0280353390521804,-0.0242033805883528));
#12027=CARTESIAN_POINT('',(0.091347367,0.028163261409557,-0.0242145723444349));
#12028=CARTESIAN_POINT('',(0.091347367,0.0282068392809309,-0.0237164749953889));
#12029=CARTESIAN_POINT('',(0.091347367,0.0282068392809309,-0.0237164749953889));
#12030=CARTESIAN_POINT('',(0.091297977,0.0280789169235542,-0.023705283239307));
#12031=CARTESIAN_POINT('',(0.091347367,0.0315229836481777,-0.0240066000341384));
#12032=CARTESIAN_POINT('',(0.091347367,0.0314794057768039,-0.0245046973831843));
#12033=CARTESIAN_POINT('',(0.091347367,0.0347955501440507,-0.0247948224219337));
#12034=CARTESIAN_POINT('',(0.091347367,0.0348391280154245,-0.0242967250728879));
#12035=CARTESIAN_POINT('',(0.091347367,0.0348391280154245,-0.0242967250728879));
#12036=CARTESIAN_POINT('',(0.091347367,0.0315229836481777,-0.0240066000341384));
#12037=CARTESIAN_POINT('',(0.0912881005,0.0349867306971594,-0.0243096386342457));
#12038=CARTESIAN_POINT('',(0.0912881005,0.0349431528257855,-0.0248077359832915));
#12039=CARTESIAN_POINT('',(0.091228834,0.0350907555075204,-0.0248206495446494));
#12040=CARTESIAN_POINT('',(0.091228834,0.0351343333788941,-0.0243225521956035));
#12041=CARTESIAN_POINT('',(0.091228834,0.0351343333788941,-0.0243225521956035));
#12042=CARTESIAN_POINT('',(0.0912881005,0.0349867306971594,-0.0243096386342457));
#12043=CARTESIAN_POINT('',(0.091080667,0.0352130551744241,-0.0243294394602847));
#12044=CARTESIAN_POINT('',(0.091080667,0.0351694773030503,-0.0248275368093307));
#12045=CARTESIAN_POINT('',(0.0909325,0.0352481990985802,-0.0248344240740119));
#12046=CARTESIAN_POINT('',(0.0909325,0.0352917769699541,-0.0243363267249661));
#12047=CARTESIAN_POINT('',(0.0909325,0.0352917769699541,-0.0243363267249661));
#12048=CARTESIAN_POINT('',(0.091080667,0.0352130551744241,-0.0243294394602847));
#12049=CARTESIAN_POINT('',(0.089697778,0.0352917769699541,-0.0243363267249661));
#12050=CARTESIAN_POINT('',(0.089697778,0.0352481990985802,-0.0248344240740119));
#12051=CARTESIAN_POINT('',(0.088463056,0.0352481990985802,-0.0248344240740119));
#12052=CARTESIAN_POINT('',(0.088463056,0.0352917769699541,-0.0243363267249661));
#12053=CARTESIAN_POINT('',(0.088463056,0.0352917769699541,-0.0243363267249661));
#12054=CARTESIAN_POINT('',(0.089697778,0.0352917769699541,-0.0243363267249661));
#12055=CARTESIAN_POINT('',(0.0882655005,0.0352425749138153,-0.0243320221028317));
#12056=CARTESIAN_POINT('',(0.0882655005,0.0351989970424415,-0.0248301194518776));
#12057=CARTESIAN_POINT('',(0.088067945,0.0351497949863028,-0.0248258148297433));
#12058=CARTESIAN_POINT('',(0.088067945,0.0351933728576765,-0.0243277174806974));
#12059=CARTESIAN_POINT('',(0.088067945,0.0351933728576765,-0.0243277174806974));
#12060=CARTESIAN_POINT('',(0.0882655005,0.0352425749138153,-0.0243320221028317));
#12061=CARTESIAN_POINT('',(0.087870389,0.0350654505002999,-0.0243165257246154));
#12062=CARTESIAN_POINT('',(0.087870389,0.0350218726289261,-0.0248146230736614));
#12063=CARTESIAN_POINT('',(0.087672833,0.0348939502715494,-0.0248034313175794));
#12064=CARTESIAN_POINT('',(0.087672833,0.0349375281429232,-0.0243053339685335));
#12065=CARTESIAN_POINT('',(0.087672833,0.0349375281429232,-0.0243053339685335));
#12066=CARTESIAN_POINT('',(0.087870389,0.0350654505002999,-0.0243165257246154));
#12067=CARTESIAN_POINT('',(0.0875345445,0.0347604047256025,-0.024289837677473));
#12068=CARTESIAN_POINT('',(0.0875345445,0.0347168268542287,-0.0247879350265189));
#12069=CARTESIAN_POINT('',(0.087396256,0.034539703436908,-0.0247724387354583));
#12070=CARTESIAN_POINT('',(0.087396256,0.0345832813082818,-0.0242743413864124));
#12071=CARTESIAN_POINT('',(0.087396256,0.0345832813082818,-0.0242743413864124));
#12072=CARTESIAN_POINT('',(0.0875345445,0.0347604047256025,-0.024289837677473));
#12073=CARTESIAN_POINT('',(0.087336989,0.034386477566603,-0.0242571232900761));
#12074=CARTESIAN_POINT('',(0.087336989,0.0343428996952291,-0.0247552206391219));
#12075=CARTESIAN_POINT('',(0.087277722,0.0341460959535502,-0.0247380025427856));
#12076=CARTESIAN_POINT('',(0.087277722,0.0341896738249241,-0.0242399051937397));
#12077=CARTESIAN_POINT('',(0.087277722,0.0341896738249241,-0.0242399051937397));
#12078=CARTESIAN_POINT('',(0.087336989,0.034386477566603,-0.0242571232900761));
#12079=CARTESIAN_POINT('',(0.087277722,0.0315229821538857,-0.0240065999034048));
#12080=CARTESIAN_POINT('',(0.087277722,0.0314794042825118,-0.0245046972524507));
#12081=CARTESIAN_POINT('',(0.087277722,0.0288127126114734,-0.0242713919621158));
#12082=CARTESIAN_POINT('',(0.087277722,0.0288562904828473,-0.02377329461307));
#12083=CARTESIAN_POINT('',(0.087277722,0.0288562904828473,-0.02377329461307));
#12084=CARTESIAN_POINT('',(0.087277722,0.0315229821538857,-0.0240065999034048));
#12085=CARTESIAN_POINT('',(0.087336989,0.0286594867411684,-0.0237560765167335));
#12086=CARTESIAN_POINT('',(0.087336989,0.0286159088697945,-0.0242541738657794));
#12087=CARTESIAN_POINT('',(0.087396256,0.0284191051281157,-0.024236955769443));
#12088=CARTESIAN_POINT('',(0.087396256,0.0284626829994895,-0.0237388584203971));
#12089=CARTESIAN_POINT('',(0.087396256,0.0284626829994895,-0.0237388584203971));
#12090=CARTESIAN_POINT('',(0.087336989,0.0286594867411684,-0.0237560765167335));
#12091=CARTESIAN_POINT('',(0.0875345445,0.0282855595821688,-0.0237233621293366));
#12092=CARTESIAN_POINT('',(0.0875345445,0.0282419817107949,-0.0242214594783825));
#12093=CARTESIAN_POINT('',(0.087672833,0.0280648582934742,-0.0242059631873219));
#12094=CARTESIAN_POINT('',(0.087672833,0.0281084361648481,-0.0237078658382761));
#12095=CARTESIAN_POINT('',(0.087672833,0.0281084361648481,-0.0237078658382761));
#12096=CARTESIAN_POINT('',(0.0875345445,0.0282855595821688,-0.0237233621293366));
#12097=CARTESIAN_POINT('',(0.087870389,0.027980513309374,-0.0236966740386162));
#12098=CARTESIAN_POINT('',(0.087870389,0.0279369354380003,-0.0241947713876621));
#12099=CARTESIAN_POINT('',(0.088067945,0.0278090125825263,-0.0241835795880023));
#12100=CARTESIAN_POINT('',(0.088067945,0.0278525904539,-0.0236854822389564));
#12101=CARTESIAN_POINT('',(0.088067945,0.0278525904539,-0.0236854822389564));
#12102=CARTESIAN_POINT('',(0.087870389,0.027980513309374,-0.0236966740386162));
#12103=CARTESIAN_POINT('',(0.0882655005,0.0278033883977613,-0.0236811776168221));
#12104=CARTESIAN_POINT('',(0.0882655005,0.0277598105263875,-0.0241792749658679));
#12105=CARTESIAN_POINT('',(0.088463056,0.0277106084702488,-0.0241749703437336));
#12106=CARTESIAN_POINT('',(0.088463056,0.0277541863416225,-0.0236768729946878));
#12107=CARTESIAN_POINT('',(0.088463056,0.0277541863416225,-0.0236768729946878));
#12108=CARTESIAN_POINT('',(0.0882655005,0.0278033883977613,-0.0236811776168221));
#12109=CARTESIAN_POINT('',(0.089697778,0.0277541863416225,-0.0236768729946878));
#12110=CARTESIAN_POINT('',(0.089697778,0.0277106084702488,-0.0241749703437336));
#12111=CARTESIAN_POINT('',(0.0909325,0.0277106084702488,-0.0241749703437336));
#12112=CARTESIAN_POINT('',(0.0909325,0.0277541863416225,-0.0236768729946878));
#12113=CARTESIAN_POINT('',(0.0909325,0.0277541863416225,-0.0236768729946878));
#12114=CARTESIAN_POINT('',(0.089697778,0.0277541863416225,-0.0236768729946878));
#12115=CARTESIAN_POINT('',(0.0909226245,0.0374369318268953,-0.024524003456456));
#12116=CARTESIAN_POINT('',(0.093500725,0.0374369318268953,-0.024524003456456));
#12117=CARTESIAN_POINT('',(0.093500725,0.0374369318268953,-0.024524003456456));
#12118=CARTESIAN_POINT('',(0.0909226245,0.0374369318268953,-0.024524003456456));
#12119=CARTESIAN_POINT('',(0.088344524,0.0374369318268953,-0.024524003456456));
#12120=CARTESIAN_POINT('',(0.088344524,0.0374369318268953,-0.024524003456456));
#12121=CARTESIAN_POINT('',(0.093500726,0.0276164230749208,-0.0236648202706011));
#12122=CARTESIAN_POINT('',(0.093500727,0.0177959143229464,-0.0228056370847462));
#12123=CARTESIAN_POINT('',(0.093500727,0.0177959143229464,-0.0228056370847462));
#12124=CARTESIAN_POINT('',(0.093500726,0.0276164230749208,-0.0236648202706011));
#12125=CARTESIAN_POINT('',(0.0924833155,0.0177959143229464,-0.0228056370847462));
#12126=CARTESIAN_POINT('',(0.091465904,0.0177959143229464,-0.0228056370847462));
#12127=CARTESIAN_POINT('',(0.091465904,0.0177959143229464,-0.0228056370847462));
#12128=CARTESIAN_POINT('',(0.0924833155,0.0177959143229464,-0.0228056370847462));
#12129=CARTESIAN_POINT('',(0.091416514,0.0178352739754679,-0.0228090806081422));
#12130=CARTESIAN_POINT('',(0.091367124,0.0178746336279896,-0.0228125241315381));
#12131=CARTESIAN_POINT('',(0.091367124,0.0178746336279896,-0.0228125241315381));
#12132=CARTESIAN_POINT('',(0.091416514,0.0178352739754679,-0.0228090806081422));
#12133=CARTESIAN_POINT('',(0.091367124,0.0215155040942919,-0.023131059022706));
#12134=CARTESIAN_POINT('',(0.091367124,0.0251563745605943,-0.0234495939138737));
#12135=CARTESIAN_POINT('',(0.091367124,0.0251563745605943,-0.0234495939138737));
#12136=CARTESIAN_POINT('',(0.091367124,0.0215155040942919,-0.023131059022706));
#12137=CARTESIAN_POINT('',(0.09129798,0.0252941373291987,-0.0234616465943825));
#12138=CARTESIAN_POINT('',(0.091228836,0.0254319000978031,-0.0234736992748914));
#12139=CARTESIAN_POINT('',(0.091228836,0.0254319000978031,-0.0234736992748914));
#12140=CARTESIAN_POINT('',(0.09129798,0.0252941373291987,-0.0234616465943825));
#12141=CARTESIAN_POINT('',(0.0911004245,0.0255106213952357,-0.0234805864959948));
#12142=CARTESIAN_POINT('',(0.090972013,0.0255893426926683,-0.0234874737170982));
#12143=CARTESIAN_POINT('',(0.090972013,0.0255893426926683,-0.0234874737170982));
#12144=CARTESIAN_POINT('',(0.0911004245,0.0255106213952357,-0.0234805864959948));
#12145=CARTESIAN_POINT('',(0.0896582685,0.0255893426926683,-0.0234874737170982));
#12146=CARTESIAN_POINT('',(0.088344524,0.0255893426926683,-0.0234874737170982));
#12147=CARTESIAN_POINT('',(0.088344524,0.0255893426926683,-0.0234874737170982));
#12148=CARTESIAN_POINT('',(0.0896582685,0.0255893426926683,-0.0234874737170982));
#12149=CARTESIAN_POINT('',(0.0878802685,0.0256779044013286,-0.0234952218626285));
#12150=CARTESIAN_POINT('',(0.087416013,0.025766466109989,-0.0235029700081588));
#12151=CARTESIAN_POINT('',(0.087416013,0.025766466109989,-0.0235029700081588));
#12152=CARTESIAN_POINT('',(0.0878802685,0.0256779044013286,-0.0234952218626285));
#12153=CARTESIAN_POINT('',(0.086981391,0.0259731102628957,-0.023521049028922));
#12154=CARTESIAN_POINT('',(0.086546769,0.0261797544158022,-0.0235391280496852));
#12155=CARTESIAN_POINT('',(0.086546769,0.0261797544158022,-0.0235391280496852));
#12156=CARTESIAN_POINT('',(0.086981391,0.0259731102628957,-0.023521049028922));
#12157=CARTESIAN_POINT('',(0.086043002,0.0267701661389362,-0.0235907823822723));
#12158=CARTESIAN_POINT('',(0.085539235,0.0273605778620702,-0.0236424367148593));
#12159=CARTESIAN_POINT('',(0.085539235,0.0273605778620702,-0.0236424367148593));
#12160=CARTESIAN_POINT('',(0.086043002,0.0267701661389362,-0.0235907823822723));
#12161=CARTESIAN_POINT('',(0.0853688435,0.0277099044910977,-0.0236729988347669));
#12162=CARTESIAN_POINT('',(0.085198452,0.0280592311201252,-0.0237035609546745));
#12163=CARTESIAN_POINT('',(0.085198452,0.0280592311201252,-0.0237035609546745));
#12164=CARTESIAN_POINT('',(0.0853688435,0.0277099044910977,-0.0236729988347669));
#12165=CARTESIAN_POINT('',(0.085141655,0.0284577588090968,-0.0237384276095608));
#12166=CARTESIAN_POINT('',(0.085084858,0.0288562864980684,-0.023773294264447));
#12167=CARTESIAN_POINT('',(0.085084858,0.0288562864980684,-0.023773294264447));
#12168=CARTESIAN_POINT('',(0.085141655,0.0284577588090968,-0.0237384276095608));
#12169=CARTESIAN_POINT('',(0.085084858,0.0315229781691069,-0.0240065995547818));
#12170=CARTESIAN_POINT('',(0.085084858,0.0341896698401453,-0.0242399048451167));
#12171=CARTESIAN_POINT('',(0.085084858,0.0341896698401453,-0.0242399048451167));
#12172=CARTESIAN_POINT('',(0.085084858,0.0315229781691069,-0.0240065995547818));
#12173=CARTESIAN_POINT('',(0.085141655,0.0345857369282126,-0.0242745562253183));
#12174=CARTESIAN_POINT('',(0.085198452,0.0349818040162799,-0.0243092076055199));
#12175=CARTESIAN_POINT('',(0.085198452,0.0349818040162799,-0.0243092076055199));
#12176=CARTESIAN_POINT('',(0.085141655,0.0345857369282126,-0.0242745562253183));
#12177=CARTESIAN_POINT('',(0.0853688435,0.035323750834984,-0.0243391240756853));
#12178=CARTESIAN_POINT('',(0.085539235,0.0356656976536881,-0.0243690405458507));
#12179=CARTESIAN_POINT('',(0.085539235,0.0356656976536881,-0.0243690405458507));
#12180=CARTESIAN_POINT('',(0.0853688435,0.035323750834984,-0.0243391240756853));
#12181=CARTESIAN_POINT('',(0.086043002,0.0362659492899524,-0.0244215557592866));
#12182=CARTESIAN_POINT('',(0.086546769,0.0368662009262168,-0.0244740709727226));
#12183=CARTESIAN_POINT('',(0.086546769,0.0368662009262168,-0.0244740709727226));
#12184=CARTESIAN_POINT('',(0.086043002,0.0362659492899524,-0.0244215557592866));
#12185=CARTESIAN_POINT('',(0.086981391,0.0370630046678956,-0.024491289069059));
#12186=CARTESIAN_POINT('',(0.087416013,0.0372598084095745,-0.0245085071653954));
#12187=CARTESIAN_POINT('',(0.087416013,0.0372598084095745,-0.0245085071653954));
#12188=CARTESIAN_POINT('',(0.086981391,0.0370630046678956,-0.024491289069059));
#12189=CARTESIAN_POINT('',(0.0878802685,0.0373483701182349,-0.0245162553109257));
#12190=CARTESIAN_POINT('',(0.0878802685,0.0373483701182349,-0.0245162553109257));
#12191=CARTESIAN_POINT('',(0.090952255,0.0277640237642662,-0.0236777336576474));
#12192=CARTESIAN_POINT('',(0.090952255,0.0277204458928924,-0.0241758310066933));
#12193=CARTESIAN_POINT('',(0.090952255,0.0277640237642662,-0.0236777336576474));
#12194=CARTESIAN_POINT('',(0.104775,0.027558620371856,-0.0236597631893618));
#12195=CARTESIAN_POINT('',(0.220227,0.04524375,-0.0257089214635825));
#12196=CARTESIAN_POINT('',(0.220227,0.04524375,-0.0257089214635825));
#12197=CARTESIAN_POINT('',(0.086225,0.048125,-0.021602));
#12198=CARTESIAN_POINT('',(0.104275,0.066175,-0.021602));
#12199=CARTESIAN_POINT('',(0.104275,0.048125,-0.021602));
#12200=CARTESIAN_POINT('',(0.106774999865278,0.0749250205046563,-0.021602));
#12201=CARTESIAN_POINT('',(0.086225,0.066175,-0.021602));
#12202=CARTESIAN_POINT('',(0.0932766544204238,0.0789250205046563,-0.021602));
#12203=CARTESIAN_POINT('',(0.0960249998652776,0.0876750410093125,-0.0216));
#12204=CARTESIAN_POINT('',(0.113524999865278,0.0876750410093125,-0.0216));
#12205=CARTESIAN_POINT('',(0.203274999865278,0.0571750410093126,-0.023));
#12206=CARTESIAN_POINT('',(0.203274999865278,0.0666750410093126,-0.023));
#12207=CARTESIAN_POINT('',(0.203274999865278,0.0666750410093126,-0.023));
#12208=CARTESIAN_POINT('',(0.203274999865278,0.0571750410093126,-0.023));
#12209=CARTESIAN_POINT('',(0.203274999865278,0.0476750410093126,-0.023));
#12210=CARTESIAN_POINT('',(0.203274999865278,0.0476750410093126,-0.0195));
#12211=CARTESIAN_POINT('',(0.168774999865277,0.0671750410093126,-0.023));
#12212=CARTESIAN_POINT('',(0.134774999865277,0.0671750410093126,-0.023));
#12213=CARTESIAN_POINT('',(0.134774999865277,0.0671750410093126,-0.023));
#12214=CARTESIAN_POINT('',(0.168774999865277,0.0671750410093126,-0.023));
#12215=CARTESIAN_POINT('',(0.202774999865277,0.0671750410093126,-0.023));
#12216=CARTESIAN_POINT('',(0.202774999865277,0.0671750410093126,-0.023));
#12217=CARTESIAN_POINT('',(0.134274999865277,0.0571750410093126,-0.023));
#12218=CARTESIAN_POINT('',(0.134274999865277,0.0476750410093126,-0.023));
#12219=CARTESIAN_POINT('',(0.134274999865277,0.0476750410093126,-0.023));
#12220=CARTESIAN_POINT('',(0.134274999865277,0.0571750410093126,-0.023));
#12221=CARTESIAN_POINT('',(0.134274999865277,0.0666750410093126,-0.023));
#12222=CARTESIAN_POINT('',(0.134274999865277,0.0666750410093126,-0.0195));
#12223=CARTESIAN_POINT('',(0.168774999865277,0.0471750410093126,-0.023));
#12224=CARTESIAN_POINT('',(0.168774999865277,0.0471750410093126,-0.023));
#12225=CARTESIAN_POINT('',(0.202774999865277,0.0471750410093126,-0.023));
#12226=CARTESIAN_POINT('',(0.134774999865277,0.0471750410093126,-0.023));
#12227=CARTESIAN_POINT('',(0.134774999865277,0.0471750410093126,-0.023));
#12228=CARTESIAN_POINT('',(0.202774999865277,0.0471750410093126,-0.023));
#12229=CARTESIAN_POINT('',(0.104775,0.0457869602407863,-0.023));
#12230=CARTESIAN_POINT('',(0.134774999865277,0.0476750410093126,-0.023));
#12231=CARTESIAN_POINT('',(0.202774999865277,0.0476750410093126,-0.023));
#12232=CARTESIAN_POINT('',(0.202774999865277,0.0666750410093126,-0.023));
#12233=CARTESIAN_POINT('',(0.134774999865277,0.0666750410093126,-0.023));
#12234=CARTESIAN_POINT('',(0.0752749998652776,0.0571750410093125,-0.023));
#12235=CARTESIAN_POINT('',(0.0752749998652776,0.0571750410093125,-0.023));
#12236=CARTESIAN_POINT('',(0.0752749998652776,0.0666750410093125,-0.023));
#12237=CARTESIAN_POINT('',(0.0752749998652776,0.0476750410093126,-0.023));
#12238=CARTESIAN_POINT('',(0.0752749998652776,0.0476750410093126,-0.0195));
#12239=CARTESIAN_POINT('',(0.0752749998652776,0.0666750410093125,-0.023));
#12240=CARTESIAN_POINT('',(0.0407749998652776,0.0671750410093125,-0.023));
#12241=CARTESIAN_POINT('',(0.0407749998652776,0.0671750410093125,-0.023));
#12242=CARTESIAN_POINT('',(0.0747749998652776,0.0671750410093125,-0.023));
#12243=CARTESIAN_POINT('',(0.0067749998652776,0.0671750410093125,-0.023));
#12244=CARTESIAN_POINT('',(0.0747749998652776,0.0671750410093125,-0.023));
#12245=CARTESIAN_POINT('',(0.0067749998652776,0.0671750410093125,-0.023));
#12246=CARTESIAN_POINT('',(0.0062749998652776,0.0571750410093125,-0.023));
#12247=CARTESIAN_POINT('',(0.0062749998652776,0.0476750410093125,-0.023));
#12248=CARTESIAN_POINT('',(0.0062749998652776,0.0476750410093125,-0.023));
#12249=CARTESIAN_POINT('',(0.0062749998652776,0.0571750410093125,-0.023));
#12250=CARTESIAN_POINT('',(0.0062749998652776,0.0666750410093125,-0.023));
#12251=CARTESIAN_POINT('',(0.0062749998652776,0.0666750410093125,-0.0195));
#12252=CARTESIAN_POINT('',(0.0407749998652776,0.0471750410093125,-0.023));
#12253=CARTESIAN_POINT('',(0.0747749998652776,0.0471750410093125,-0.023));
#12254=CARTESIAN_POINT('',(0.0747749998652776,0.0471750410093125,-0.023));
#12255=CARTESIAN_POINT('',(0.0407749998652776,0.0471750410093125,-0.023));
#12256=CARTESIAN_POINT('',(0.0067749998652776,0.0471750410093125,-0.023));
#12257=CARTESIAN_POINT('',(0.0067749998652776,0.0471750410093125,-0.023));
#12258=CARTESIAN_POINT('',(0.104775,0.0457869602407863,-0.023));
#12259=CARTESIAN_POINT('',(0.0747749998652776,0.0476750410093126,-0.023));
#12260=CARTESIAN_POINT('',(0.0747749998652776,0.0666750410093125,-0.023));
#12261=CARTESIAN_POINT('',(0.0067749998652776,0.0666750410093125,-0.023));
#12262=CARTESIAN_POINT('',(0.0067749998652776,0.0476750410093125,-0.023));
#12263=CARTESIAN_POINT('',(0.134774999865277,0.0476750410093126,-0.023));
#12264=CARTESIAN_POINT('',(0.134774999865277,0.0666750410093126,-0.023));
#12265=CARTESIAN_POINT('',(0.202774999865277,0.0666750410093126,-0.023));
#12266=CARTESIAN_POINT('',(0.202774999865277,0.0476750410093126,-0.023));
#12267=CARTESIAN_POINT('',(0.0747749998652776,0.0476750410093126,-0.023));
#12268=CARTESIAN_POINT('',(0.0747749998652776,0.0666750410093125,-0.023));
#12269=CARTESIAN_POINT('',(0.0067749998652776,0.0476750410093125,-0.023));
#12270=CARTESIAN_POINT('',(0.0067749998652776,0.0666750410093125,-0.023));
#12271=MECHANICAL_DESIGN_GEOMETRIC_PRESENTATION_REPRESENTATION('',(#7465),
#12272);
#12272=(
GEOMETRIC_REPRESENTATION_CONTEXT(3)
GLOBAL_UNCERTAINTY_ASSIGNED_CONTEXT((#12273))
GLOBAL_UNIT_ASSIGNED_CONTEXT((#12276,#12275,#12274))
REPRESENTATION_CONTEXT('Beep_Bottom','TOP_LEVEL_ASSEMBLY_PART')
);
#12273=UNCERTAINTY_MEASURE_WITH_UNIT(LENGTH_MEASURE(2.E-5),#12276,
'DISTANCE_ACCURACY_VALUE','Maximum Tolerance applied to model');
#12274=(
NAMED_UNIT(*)
SI_UNIT($,.STERADIAN.)
SOLID_ANGLE_UNIT()
);
#12275=(
NAMED_UNIT(*)
PLANE_ANGLE_UNIT()
SI_UNIT($,.RADIAN.)
);
#12276=(
LENGTH_UNIT()
NAMED_UNIT(*)
SI_UNIT($,.METRE.)
);
#12277=PRODUCT_DEFINITION_SHAPE('','',#12278);
#12278=PRODUCT_DEFINITION('','',#12280,#12279);
#12279=PRODUCT_DEFINITION_CONTEXT('',#12286,'design');
#12280=PRODUCT_DEFINITION_FORMATION_WITH_SPECIFIED_SOURCE('','',#12282,
 .NOT_KNOWN.);
#12281=PRODUCT_RELATED_PRODUCT_CATEGORY('','',(#12282));
#12282=PRODUCT('Beep_Bottom','Beep_Bottom','Beep_Bottom',(#12284));
#12283=PRODUCT_CATEGORY('','');
#12284=PRODUCT_CONTEXT('',#12286,'mechanical');
#12285=APPLICATION_PROTOCOL_DEFINITION('international standard',
'ap242_managed_model_based_3d_engineering',2020,#12286);
#12286=APPLICATION_CONTEXT('managed model based 3d engineering');
ENDSEC;
END-ISO-10303-21;
