ISO-10303-21;
HEADER;
/* Generated by software containing ST-Developer
 * from STEP Tools, Inc. (www.steptools.com) 
 */
/* OPTION: using custom renumber hook */

FILE_DESCRIPTION(
/* description */ ('STEP AP242 Edition 2',
'CAx-IF Rec.Pracs.---Representation and Presentation of Product Manufa
cturing Information (PMI)---4.0---2014-10-13',
'CAx-IF Rec.Pracs.---3D Tessellated Geometry---0.4---2014-09-14','2;1',
'CAx-IF Rec.Pracs.---User Defined Attributes---1.5---2016-08-15'),
/* implementation_level */ '2;1');

FILE_NAME(
/* name */ 'Part Studio 1',
/* time_stamp */ '2026-09-01T20:50:43Z',
/* author */ (''),
/* organization */ (''),
/* preprocessor_version */ 'ST-DEVELOPER v20',
/* originating_system */ 'ONSHAPE BY PTC INC, 1.220',
/* authorisation */ '  ');

FILE_SCHEMA (('AP242_MANAGED_MODEL_BASED_3D_ENGINEERING_MIM_LF { 1 0 10303 442 3 1 4 }'));
ENDSEC;

DATA;
#10=DRAUGHTING_PRE_DEFINED_COLOUR('red');
#11=SHAPE_REPRESENTATION_RELATIONSHIP('','',#9717,#38);
#12=SHAPE_REPRESENTATION_RELATIONSHIP('','',#9718,#39);
#13=SHAPE_REPRESENTATION_RELATIONSHIP('','',#9719,#40);
#14=SHAPE_REPRESENTATION_RELATIONSHIP('','',#9720,#41);
#15=SHAPE_REPRESENTATION_RELATIONSHIP('','',#9721,#42);
#16=SHAPE_REPRESENTATION_RELATIONSHIP('','',#9722,#43);
#17=SHAPE_REPRESENTATION_RELATIONSHIP('','',#9723,#44);
#18=SHAPE_REPRESENTATION_RELATIONSHIP('','',#9724,#45);
#19=SHAPE_REPRESENTATION_RELATIONSHIP('','',#9725,#46);
#20=SHAPE_REPRESENTATION_RELATIONSHIP('','',#9726,#47);
#21=SHAPE_REPRESENTATION_RELATIONSHIP('','',#9727,#48);
#22=SHAPE_REPRESENTATION_RELATIONSHIP('','',#9728,#49);
#23=SHAPE_REPRESENTATION_RELATIONSHIP('','',#9729,#50);
#24=SHAPE_REPRESENTATION_RELATIONSHIP('','',#9730,#51);
#25=SHAPE_REPRESENTATION_RELATIONSHIP('','',#9731,#52);
#26=SHAPE_REPRESENTATION_RELATIONSHIP('','',#9732,#53);
#27=SHAPE_REPRESENTATION_RELATIONSHIP('','',#9733,#54);
#28=SHAPE_REPRESENTATION_RELATIONSHIP('','',#9734,#55);
#29=SHAPE_REPRESENTATION_RELATIONSHIP('','',#9735,#56);
#30=SHAPE_REPRESENTATION_RELATIONSHIP('','',#9736,#57);
#31=SHAPE_REPRESENTATION_RELATIONSHIP('','',#9737,#58);
#32=SHAPE_REPRESENTATION_RELATIONSHIP('','',#9738,#59);
#33=SHAPE_REPRESENTATION_RELATIONSHIP('','',#9739,#60);
#34=SHAPE_REPRESENTATION_RELATIONSHIP('','',#9740,#61);
#35=SHAPE_REPRESENTATION_RELATIONSHIP('','',#9741,#62);
#36=SHAPE_REPRESENTATION_RELATIONSHIP('','',#9742,#63);
#37=SHAPE_REPRESENTATION_RELATIONSHIP('','',#9743,#64);
#38=ADVANCED_BREP_SHAPE_REPRESENTATION('',(#9663),#16031);
#39=ADVANCED_BREP_SHAPE_REPRESENTATION('',(#9664),#16032);
#40=ADVANCED_BREP_SHAPE_REPRESENTATION('',(#9665),#16033);
#41=ADVANCED_BREP_SHAPE_REPRESENTATION('',(#9666),#16034);
#42=ADVANCED_BREP_SHAPE_REPRESENTATION('',(#9667),#16035);
#43=ADVANCED_BREP_SHAPE_REPRESENTATION('',(#9668),#16036);
#44=ADVANCED_BREP_SHAPE_REPRESENTATION('',(#9669),#16037);
#45=ADVANCED_BREP_SHAPE_REPRESENTATION('',(#9670),#16038);
#46=ADVANCED_BREP_SHAPE_REPRESENTATION('',(#9671),#16039);
#47=ADVANCED_BREP_SHAPE_REPRESENTATION('',(#9672),#16040);
#48=ADVANCED_BREP_SHAPE_REPRESENTATION('',(#9673),#16041);
#49=ADVANCED_BREP_SHAPE_REPRESENTATION('',(#9674),#16042);
#50=ADVANCED_BREP_SHAPE_REPRESENTATION('',(#9675),#16043);
#51=ADVANCED_BREP_SHAPE_REPRESENTATION('',(#9676),#16044);
#52=ADVANCED_BREP_SHAPE_REPRESENTATION('',(#9677),#16045);
#53=ADVANCED_BREP_SHAPE_REPRESENTATION('',(#9678),#16046);
#54=ADVANCED_BREP_SHAPE_REPRESENTATION('',(#9679),#16047);
#55=ADVANCED_BREP_SHAPE_REPRESENTATION('',(#9680),#16048);
#56=ADVANCED_BREP_SHAPE_REPRESENTATION('',(#9681),#16049);
#57=ADVANCED_BREP_SHAPE_REPRESENTATION('',(#9682),#16050);
#58=ADVANCED_BREP_SHAPE_REPRESENTATION('',(#9683),#16051);
#59=ADVANCED_BREP_SHAPE_REPRESENTATION('',(#9684),#16052);
#60=ADVANCED_BREP_SHAPE_REPRESENTATION('',(#9685),#16053);
#61=ADVANCED_BREP_SHAPE_REPRESENTATION('',(#9686),#16054);
#62=ADVANCED_BREP_SHAPE_REPRESENTATION('',(#9687),#16055);
#63=ADVANCED_BREP_SHAPE_REPRESENTATION('',(#9688),#16056);
#64=ADVANCED_BREP_SHAPE_REPRESENTATION('',(#9689),#16057);
#65=(
BOUNDED_SURFACE()
B_SPLINE_SURFACE(3,2,((#14248,#14249,#14250),(#14251,#14252,#14253),(#14254,
#14255,#14256),(#14257,#14258,#14259),(#14260,#14261,#14262)),
 .UNSPECIFIED.,.F.,.F.,.F.)
B_SPLINE_SURFACE_WITH_KNOTS((4,1,4),(3,3),(1.5707963267949,2.35619449019234,
3.14159265358979),(0.,1.),.UNSPECIFIED.)
GEOMETRIC_REPRESENTATION_ITEM()
RATIONAL_B_SPLINE_SURFACE(((1.,0.707106781186548,1.),(1.,0.699039639891239,
1.),(1.,0.682627836571871,1.),(1.,0.675590207615514,1.),(1.,0.67559020761566,
1.)))
REPRESENTATION_ITEM('')
SURFACE()
);
#66=(
BOUNDED_SURFACE()
B_SPLINE_SURFACE(3,2,((#14266,#14267,#14268),(#14269,#14270,#14271),(#14272,
#14273,#14274),(#14275,#14276,#14277),(#14278,#14279,#14280)),
 .UNSPECIFIED.,.F.,.F.,.F.)
B_SPLINE_SURFACE_WITH_KNOTS((4,1,4),(3,3),(3.14159265358979,3.92699081698724,
4.71238898038469),(0.,1.),.UNSPECIFIED.)
GEOMETRIC_REPRESENTATION_ITEM()
RATIONAL_B_SPLINE_SURFACE(((1.,0.67559020761566,1.),(1.,0.67559020761348,
1.),(1.,0.682627836584246,1.),(1.,0.699039639868555,1.),(1.,0.707106781186557,
1.)))
REPRESENTATION_ITEM('')
SURFACE()
);
#67=B_SPLINE_SURFACE_WITH_KNOTS('',3,1,((#13837,#13838),(#13839,#13840),
(#13841,#13842),(#13843,#13844),(#13845,#13846)),
 .SURF_OF_LINEAR_EXTRUSION.,.F.,.F.,.F.,(4,1,4),(2,2),(0.25,0.375,0.5),
(0.,1.),.UNSPECIFIED.);
#68=B_SPLINE_SURFACE_WITH_KNOTS('',3,1,((#13854,#13855),(#13856,#13857),
(#13858,#13859),(#13860,#13861),(#13862,#13863)),
 .SURF_OF_LINEAR_EXTRUSION.,.F.,.F.,.F.,(4,1,4),(2,2),(0.,0.125,0.25),(0.,
1.),.UNSPECIFIED.);
#69=B_SPLINE_SURFACE_WITH_KNOTS('',3,1,((#13875,#13876),(#13877,#13878),
(#13879,#13880),(#13881,#13882),(#13883,#13884)),
 .SURF_OF_LINEAR_EXTRUSION.,.F.,.F.,.F.,(4,1,4),(2,2),(0.5,0.625,0.75),
(0.,1.),.UNSPECIFIED.);
#70=B_SPLINE_SURFACE_WITH_KNOTS('',3,1,((#13890,#13891),(#13892,#13893),
(#13894,#13895),(#13896,#13897),(#13898,#13899)),
 .SURF_OF_LINEAR_EXTRUSION.,.F.,.F.,.F.,(4,1,4),(2,2),(0.75,0.875,1.),(0.,
1.),.UNSPECIFIED.);
#71=B_SPLINE_SURFACE_WITH_KNOTS('',1,3,((#14381,#14382,#14383,#14384),(#14385,
#14386,#14387,#14388),(#14389,#14390,#14391,#14392),(#14393,#14394,#14395,
#14396)),.RULED_SURF.,.F.,.F.,.F.,(2,1,1,2),(4,4),(-0.0122415805674171,
0.,1.,1.01012241580567),(-1.5707963267949,0.0785398163397448),
 .PIECEWISE_BEZIER_KNOTS.);
#72=B_SPLINE_SURFACE_WITH_KNOTS('',1,3,((#14450,#14451,#14452,#14453),(#14454,
#14455,#14456,#14457)),.RULED_SURF.,.F.,.F.,.F.,(2,2),(4,4),(0.,1.),(3.06305283725005,
4.71238898038469),.PIECEWISE_BEZIER_KNOTS.);
#73=B_SPLINE_SURFACE_WITH_KNOTS('',1,3,((#14535,#14536,#14537,#14538,#14539,
#14540),(#14541,#14542,#14543,#14544,#14545,#14546)),.RULED_SURF.,.F.,.F.,
 .F.,(2,2),(4,2,4),(0.,1.),(0.,0.00254599852773846,0.00509199705547692),
 .UNSPECIFIED.);
#74=B_SPLINE_SURFACE_WITH_KNOTS('',1,3,((#14565,#14566,#14567,#14568,#14569,
#14570),(#14571,#14572,#14573,#14574,#14575,#14576)),.RULED_SURF.,.F.,.F.,
 .F.,(2,2),(4,2,4),(0.,1.),(0.,0.00254595900386065,0.00509191800772131),
 .UNSPECIFIED.);
#75=B_SPLINE_SURFACE_WITH_KNOTS('',1,3,((#14581,#14582,#14583,#14584,#14585,
#14586),(#14587,#14588,#14589,#14590,#14591,#14592)),.RULED_SURF.,.F.,.F.,
 .F.,(2,2),(4,2,4),(0.,1.),(0.,0.00254595900386067,0.00509191800772134),
 .UNSPECIFIED.);
#76=B_SPLINE_SURFACE_WITH_KNOTS('',1,3,((#14607,#14608,#14609,#14610,#14611,
#14612),(#14613,#14614,#14615,#14616,#14617,#14618)),.RULED_SURF.,.F.,.F.,
 .F.,(2,2),(4,2,4),(0.,1.),(0.,0.00254599852773852,0.00509199705547704),
 .UNSPECIFIED.);
#77=CONICAL_SURFACE('',#9868,0.005,0.785398163397448);
#78=CONICAL_SURFACE('',#9869,0.005,0.785398163397448);
#79=CONICAL_SURFACE('',#9872,0.005,0.785398163397448);
#80=CONICAL_SURFACE('',#9873,0.005,0.785398163397448);
#81=CONICAL_SURFACE('',#10102,0.00075,0.785398163397449);
#82=CONICAL_SURFACE('',#10103,0.00075,0.785398163397449);
#83=CONICAL_SURFACE('',#10106,0.00075,0.785398163397449);
#84=CONICAL_SURFACE('',#10107,0.00075,0.785398163397449);
#85=CONICAL_SURFACE('',#10109,0.00075,0.785398163397449);
#86=CONICAL_SURFACE('',#10111,0.00075,0.785398163397449);
#87=CONICAL_SURFACE('',#10113,0.00075,0.785398163397449);
#88=CONICAL_SURFACE('',#10115,0.00075,0.785398163397449);
#89=CONICAL_SURFACE('',#10118,0.00075,0.785398163397449);
#90=CONICAL_SURFACE('',#10121,0.00075,0.785398163397448);
#91=CONICAL_SURFACE('',#10123,0.00075,0.785398163397449);
#92=CONICAL_SURFACE('',#10126,0.00075,0.785398163397449);
#93=CONICAL_SURFACE('',#10128,0.00075,0.785398163397449);
#94=CONICAL_SURFACE('',#10131,0.00075,0.785398163397449);
#95=CONICAL_SURFACE('',#10133,0.00075,0.785398163397449);
#96=CONICAL_SURFACE('',#10136,0.00075,0.785398163397449);
#97=CONICAL_SURFACE('',#10139,0.00075,0.785398163397449);
#98=CONICAL_SURFACE('',#10143,0.00075,0.785398163397449);
#99=CONICAL_SURFACE('',#10144,0.00075,0.785398163397449);
#100=CONICAL_SURFACE('',#10148,0.00075,0.785398163397449);
#101=CONICAL_SURFACE('',#10149,0.00075,0.785398163397449);
#102=CONICAL_SURFACE('',#10153,0.00075,0.785398163397448);
#103=CONICAL_SURFACE('',#10154,0.00075,0.785398163397449);
#104=CONICAL_SURFACE('',#10157,0.00075,0.785398163397448);
#105=CONICAL_SURFACE('',#10158,0.00075,0.785398163397448);
#106=CONICAL_SURFACE('',#10162,0.00075,0.785398163397449);
#107=CONICAL_SURFACE('',#10166,0.00075,0.785398163397449);
#108=CONICAL_SURFACE('',#10172,0.00075,0.785398163397449);
#109=CONICAL_SURFACE('',#10175,0.00075,0.785398163397449);
#110=CONICAL_SURFACE('',#10179,0.00075,0.785398163397449);
#111=CONICAL_SURFACE('',#10204,0.0015,0.785398163397442);
#112=CONICAL_SURFACE('',#10207,0.0015,0.785398163397442);
#113=CONICAL_SURFACE('',#10208,0.0015,0.785398163397448);
#114=CONICAL_SURFACE('',#10211,0.0015,0.785398163397448);
#115=CYLINDRICAL_SURFACE('',#9859,0.005);
#116=CYLINDRICAL_SURFACE('',#9861,0.005);
#117=CYLINDRICAL_SURFACE('',#9863,0.005);
#118=CYLINDRICAL_SURFACE('',#9865,0.005);
#119=CYLINDRICAL_SURFACE('',#9875,0.001525);
#120=CYLINDRICAL_SURFACE('',#9878,0.001525);
#121=CYLINDRICAL_SURFACE('',#9881,0.001525);
#122=CYLINDRICAL_SURFACE('',#9884,0.001525);
#123=CYLINDRICAL_SURFACE('',#9887,0.001525);
#124=CYLINDRICAL_SURFACE('',#9890,0.001525);
#125=CYLINDRICAL_SURFACE('',#9893,0.001525);
#126=CYLINDRICAL_SURFACE('',#9896,0.001525);
#127=CYLINDRICAL_SURFACE('',#9902,0.00289688099999993);
#128=CYLINDRICAL_SURFACE('',#9909,0.00289687799999995);
#129=CYLINDRICAL_SURFACE('',#9917,0.00289688099999993);
#130=CYLINDRICAL_SURFACE('',#9929,0.00289687799999993);
#131=CYLINDRICAL_SURFACE('',#9937,0.00289688100000006);
#132=CYLINDRICAL_SURFACE('',#9949,0.00289688100000006);
#133=CYLINDRICAL_SURFACE('',#9956,0.00289687800000004);
#134=CYLINDRICAL_SURFACE('',#9965,0.00289687800000004);
#135=CYLINDRICAL_SURFACE('',#9972,0.003);
#136=CYLINDRICAL_SURFACE('',#9975,0.003);
#137=CYLINDRICAL_SURFACE('',#9979,0.0017);
#138=CYLINDRICAL_SURFACE('',#9982,0.0017);
#139=CYLINDRICAL_SURFACE('',#9984,0.0037);
#140=CYLINDRICAL_SURFACE('',#9986,0.00369999999999995);
#141=CYLINDRICAL_SURFACE('',#9990,0.00145);
#142=CYLINDRICAL_SURFACE('',#9993,0.00145);
#143=CYLINDRICAL_SURFACE('',#9996,0.00145);
#144=CYLINDRICAL_SURFACE('',#9999,0.00145);
#145=CYLINDRICAL_SURFACE('',#10002,0.00145);
#146=CYLINDRICAL_SURFACE('',#10005,0.00145);
#147=CYLINDRICAL_SURFACE('',#10008,0.00145);
#148=CYLINDRICAL_SURFACE('',#10030,0.0005);
#149=CYLINDRICAL_SURFACE('',#10033,0.0005);
#150=CYLINDRICAL_SURFACE('',#10036,0.0005);
#151=CYLINDRICAL_SURFACE('',#10037,0.0005);
#152=CYLINDRICAL_SURFACE('',#10038,0.0005);
#153=CYLINDRICAL_SURFACE('',#10040,0.0005);
#154=CYLINDRICAL_SURFACE('',#10042,0.0005);
#155=CYLINDRICAL_SURFACE('',#10043,0.0005);
#156=CYLINDRICAL_SURFACE('',#10044,0.0005);
#157=CYLINDRICAL_SURFACE('',#10046,0.0005);
#158=CYLINDRICAL_SURFACE('',#10047,0.0005);
#159=CYLINDRICAL_SURFACE('',#10048,0.0005);
#160=CYLINDRICAL_SURFACE('',#10049,0.0005);
#161=CYLINDRICAL_SURFACE('',#10051,0.0005);
#162=CYLINDRICAL_SURFACE('',#10053,0.0005);
#163=CYLINDRICAL_SURFACE('',#10054,0.0005);
#164=CYLINDRICAL_SURFACE('',#10056,0.0005);
#165=CYLINDRICAL_SURFACE('',#10058,0.0005);
#166=CYLINDRICAL_SURFACE('',#10059,0.0005);
#167=CYLINDRICAL_SURFACE('',#10061,0.0005);
#168=CYLINDRICAL_SURFACE('',#10062,0.0005);
#169=CYLINDRICAL_SURFACE('',#10063,0.0005);
#170=CYLINDRICAL_SURFACE('',#10064,0.0005);
#171=CYLINDRICAL_SURFACE('',#10066,0.0005);
#172=CYLINDRICAL_SURFACE('',#10067,0.0005);
#173=CYLINDRICAL_SURFACE('',#10069,0.0005);
#174=CYLINDRICAL_SURFACE('',#10072,0.0005);
#175=CYLINDRICAL_SURFACE('',#10075,0.0005);
#176=CYLINDRICAL_SURFACE('',#10078,0.0005);
#177=CYLINDRICAL_SURFACE('',#10080,0.0005);
#178=CYLINDRICAL_SURFACE('',#10083,0.0005);
#179=CYLINDRICAL_SURFACE('',#10086,0.0005);
#180=CYLINDRICAL_SURFACE('',#10088,0.0005);
#181=CYLINDRICAL_SURFACE('',#10090,0.0005);
#182=CYLINDRICAL_SURFACE('',#10093,0.0005);
#183=CYLINDRICAL_SURFACE('',#10096,0.0005);
#184=CYLINDRICAL_SURFACE('',#10099,0.0005);
#185=CYLINDRICAL_SURFACE('',#10186,0.0015);
#186=CYLINDRICAL_SURFACE('',#10190,0.0015);
#187=CYLINDRICAL_SURFACE('',#10195,0.0015);
#188=CYLINDRICAL_SURFACE('',#10199,0.0015);
#189=ELLIPSE('',#9763,0.00371413339891038,0.0037);
#190=ELLIPSE('',#9764,0.00371413339891033,0.00369999999999995);
#191=ELLIPSE('',#9766,0.00250954959385836,0.0025);
#192=ELLIPSE('',#9767,0.00250954959385835,0.0025);
#193=ELLIPSE('',#9834,0.00501909918771674,0.005);
#194=ELLIPSE('',#9835,0.00501909918771674,0.005);
#195=ELLIPSE('',#9836,0.00501909918771674,0.005);
#196=ELLIPSE('',#9837,0.00501909918771674,0.005);
#197=ELLIPSE('',#9904,0.00409680839878084,0.00289688099999993);
#198=ELLIPSE('',#9905,0.00409680839878084,0.00289688099999993);
#199=ELLIPSE('',#9911,0.00409680415614018,0.00289687799999995);
#200=ELLIPSE('',#9912,0.00409680415614018,0.00289687799999995);
#201=ELLIPSE('',#9919,0.00409680839878084,0.00289688099999993);
#202=ELLIPSE('',#9930,0.00409680415614015,0.00289687799999993);
#203=ELLIPSE('',#9939,0.00409680839878102,0.00289688100000006);
#204=ELLIPSE('',#9940,0.00409680839878102,0.00289688100000006);
#205=ELLIPSE('',#9951,0.00409680839878102,0.00289688100000006);
#206=ELLIPSE('',#9958,0.00409680415614031,0.00289687800000004);
#207=ELLIPSE('',#9959,0.00409680415614031,0.00289687800000004);
#208=ELLIPSE('',#9966,0.00409680415614031,0.00289687800000004);
#209=ELLIPSE('',#9973,0.00300796262676825,0.003);
#210=ELLIPSE('',#9976,0.00300796262676827,0.003);
#211=B_SPLINE_CURVE_WITH_KNOTS('',3,(#13144,#13145,#13146,#13147),
 .UNSPECIFIED.,.F.,.F.,(4,4),(0.,0.000623687420545233),.UNSPECIFIED.);
#212=B_SPLINE_CURVE_WITH_KNOTS('',3,(#13163,#13164,#13165,#13166),
 .UNSPECIFIED.,.F.,.F.,(4,4),(0.,0.000618615421982372),.UNSPECIFIED.);
#213=B_SPLINE_CURVE_WITH_KNOTS('',3,(#13229,#13230,#13231,#13232),
 .UNSPECIFIED.,.F.,.F.,(4,4),(2.70427607613163E-8,0.000649870873345391),
 .UNSPECIFIED.);
#214=B_SPLINE_CURVE_WITH_KNOTS('',3,(#13244,#13245,#13246,#13247),
 .UNSPECIFIED.,.F.,.F.,(4,4),(6.70068797906343E-9,0.000642120390650593),
 .UNSPECIFIED.);
#215=B_SPLINE_CURVE_WITH_KNOTS('',3,(#13311,#13312,#13313,#13314),
 .UNSPECIFIED.,.F.,.F.,(4,4),(0.,1.),.UNSPECIFIED.);
#216=B_SPLINE_CURVE_WITH_KNOTS('',3,(#13315,#13316,#13317,#13318,#13319),
 .UNSPECIFIED.,.F.,.F.,(4,1,4),(0.,0.00235523161145966,0.00471046322291932),
 .UNSPECIFIED.);
#217=B_SPLINE_CURVE_WITH_KNOTS('',3,(#13323,#13324,#13325,#13326,#13327),
 .UNSPECIFIED.,.F.,.F.,(4,1,4),(0.,0.00235522003849896,0.00471044007699792),
 .UNSPECIFIED.);
#218=B_SPLINE_CURVE_WITH_KNOTS('',3,(#13331,#13332,#13333,#13334,#13335),
 .UNSPECIFIED.,.F.,.F.,(4,1,4),(0.,0.00235523161145955,0.0047104632229191),
 .UNSPECIFIED.);
#219=B_SPLINE_CURVE_WITH_KNOTS('',3,(#13339,#13340,#13341,#13342,#13343),
 .UNSPECIFIED.,.F.,.F.,(4,1,4),(0.,0.00235522003849886,0.00471044007699773),
 .UNSPECIFIED.);
#220=B_SPLINE_CURVE_WITH_KNOTS('',3,(#13344,#13345,#13346,#13347),
 .UNSPECIFIED.,.F.,.F.,(4,4),(0.,1.),.UNSPECIFIED.);
#221=B_SPLINE_CURVE_WITH_KNOTS('',3,(#13450,#13451,#13452,#13453),
 .UNSPECIFIED.,.F.,.F.,(4,4),(0.,0.000623687420545223),.UNSPECIFIED.);
#222=B_SPLINE_CURVE_WITH_KNOTS('',3,(#13518,#13519,#13520,#13521),
 .UNSPECIFIED.,.F.,.F.,(4,4),(0.,0.000544605422715096),.UNSPECIFIED.);
#223=B_SPLINE_CURVE_WITH_KNOTS('',3,(#13561,#13562,#13563,#13564),
 .UNSPECIFIED.,.F.,.F.,(4,4),(0.,0.000618615421982366),.UNSPECIFIED.);
#224=B_SPLINE_CURVE_WITH_KNOTS('',3,(#13666,#13667,#13668,#13669,#13670),
 .UNSPECIFIED.,.F.,.F.,(4,1,4),(0.,0.5,1.),.UNSPECIFIED.);
#225=B_SPLINE_CURVE_WITH_KNOTS('',3,(#13674,#13675,#13676,#13677,#13678),
 .UNSPECIFIED.,.F.,.F.,(4,1,4),(0.,0.5,1.),.UNSPECIFIED.);
#226=B_SPLINE_CURVE_WITH_KNOTS('',3,(#13682,#13683,#13684,#13685,#13686),
 .UNSPECIFIED.,.F.,.F.,(4,1,4),(0.,0.5,1.),.UNSPECIFIED.);
#227=B_SPLINE_CURVE_WITH_KNOTS('',3,(#13690,#13691,#13692,#13693,#13694),
 .UNSPECIFIED.,.F.,.F.,(4,1,4),(0.,0.5,1.),.UNSPECIFIED.);
#228=B_SPLINE_CURVE_WITH_KNOTS('',3,(#13715,#13716,#13717,#13718),
 .UNSPECIFIED.,.F.,.F.,(4,4),(0.,0.000549184331961141),.UNSPECIFIED.);
#229=B_SPLINE_CURVE_WITH_KNOTS('',3,(#13849,#13850,#13851,#13852,#13853),
 .UNSPECIFIED.,.F.,.F.,(4,1,4),(0.,0.5,1.),.UNSPECIFIED.);
#230=B_SPLINE_CURVE_WITH_KNOTS('',3,(#13864,#13865,#13866,#13867,#13868),
 .UNSPECIFIED.,.F.,.F.,(4,1,4),(0.,0.5,1.),.UNSPECIFIED.);
#231=B_SPLINE_CURVE_WITH_KNOTS('',3,(#13885,#13886,#13887,#13888,#13889),
 .UNSPECIFIED.,.F.,.F.,(4,1,4),(0.,0.5,1.),.UNSPECIFIED.);
#232=B_SPLINE_CURVE_WITH_KNOTS('',3,(#13902,#13903,#13904,#13905,#13906),
 .UNSPECIFIED.,.F.,.F.,(4,1,4),(0.,0.5,1.),.UNSPECIFIED.);
#233=B_SPLINE_CURVE_WITH_KNOTS('',3,(#14227,#14228,#14229,#14230),
 .UNSPECIFIED.,.F.,.F.,(4,4),(0.,7.29577538389936E-5),.UNSPECIFIED.);
#234=B_SPLINE_CURVE_WITH_KNOTS('',3,(#14235,#14236,#14237,#14238),
 .UNSPECIFIED.,.F.,.F.,(4,4),(0.,7.29577538389936E-5),.UNSPECIFIED.);
#235=B_SPLINE_CURVE_WITH_KNOTS('',3,(#14240,#14241,#14242,#14243,#14244,
#14245,#14246),.UNSPECIFIED.,.F.,.F.,(4,1,1,1,4),(0.,0.25,0.5,0.75,1.),
 .UNSPECIFIED.);
#236=B_SPLINE_CURVE_WITH_KNOTS('',3,(#14283,#14284,#14285,#14286,#14287),
 .UNSPECIFIED.,.F.,.F.,(4,1,4),(0.,0.5,1.),.UNSPECIFIED.);
#237=B_SPLINE_CURVE_WITH_KNOTS('',3,(#14397,#14398,#14399,#14400),
 .UNSPECIFIED.,.F.,.F.,(4,4),(0.,1.),.UNSPECIFIED.);
#238=B_SPLINE_CURVE_WITH_KNOTS('',3,(#14446,#14447,#14448,#14449),
 .UNSPECIFIED.,.F.,.F.,(4,4),(0.,1.),.UNSPECIFIED.);
#239=B_SPLINE_CURVE_WITH_KNOTS('',3,(#14547,#14548,#14549,#14550),
 .UNSPECIFIED.,.F.,.F.,(4,4),(0.,1.),.UNSPECIFIED.);
#240=B_SPLINE_CURVE_WITH_KNOTS('',3,(#14551,#14552,#14553,#14554),
 .UNSPECIFIED.,.F.,.F.,(4,4),(0.,1.),.UNSPECIFIED.);
#241=B_SPLINE_CURVE_WITH_KNOTS('',3,(#14556,#14557,#14558,#14559),
 .UNSPECIFIED.,.F.,.F.,(4,4),(0.,1.),.UNSPECIFIED.);
#242=B_SPLINE_CURVE_WITH_KNOTS('',3,(#14561,#14562,#14563,#14564),
 .UNSPECIFIED.,.F.,.F.,(4,4),(0.,1.),.UNSPECIFIED.);
#243=B_SPLINE_CURVE_WITH_KNOTS('',3,(#14577,#14578,#14579,#14580),
 .UNSPECIFIED.,.F.,.F.,(4,4),(0.,1.),.UNSPECIFIED.);
#244=B_SPLINE_CURVE_WITH_KNOTS('',3,(#14593,#14594,#14595,#14596),
 .UNSPECIFIED.,.F.,.F.,(4,4),(0.,1.),.UNSPECIFIED.);
#245=B_SPLINE_CURVE_WITH_KNOTS('',3,(#14598,#14599,#14600,#14601),
 .UNSPECIFIED.,.F.,.F.,(4,4),(0.,1.),.UNSPECIFIED.);
#246=B_SPLINE_CURVE_WITH_KNOTS('',3,(#14603,#14604,#14605,#14606),
 .UNSPECIFIED.,.F.,.F.,(4,4),(0.,1.),.UNSPECIFIED.);
#247=CIRCLE('',#9746,0.00075);
#248=CIRCLE('',#9747,0.00075);
#249=CIRCLE('',#9748,0.00075);
#250=CIRCLE('',#9749,0.00075);
#251=CIRCLE('',#9750,0.00075);
#252=CIRCLE('',#9751,0.00075);
#253=CIRCLE('',#9752,0.00075);
#254=CIRCLE('',#9753,0.00075);
#255=CIRCLE('',#9754,0.00075);
#256=CIRCLE('',#9755,0.00075);
#257=CIRCLE('',#9756,0.00075);
#258=CIRCLE('',#9757,0.00075);
#259=CIRCLE('',#9768,0.0017);
#260=CIRCLE('',#9769,0.0017);
#261=CIRCLE('',#9771,0.003);
#262=CIRCLE('',#9772,0.003);
#263=CIRCLE('',#9774,0.00175);
#264=CIRCLE('',#9775,0.00175);
#265=CIRCLE('',#9776,0.00175);
#266=CIRCLE('',#9777,0.00175);
#267=CIRCLE('',#9778,0.00075);
#268=CIRCLE('',#9779,0.00075);
#269=CIRCLE('',#9780,0.00075);
#270=CIRCLE('',#9781,0.00075);
#271=CIRCLE('',#9782,0.00075);
#272=CIRCLE('',#9783,0.00075);
#273=CIRCLE('',#9784,0.00075);
#274=CIRCLE('',#9785,0.00075);
#275=CIRCLE('',#9786,0.00145);
#276=CIRCLE('',#9787,0.00145);
#277=CIRCLE('',#9788,0.00145);
#278=CIRCLE('',#9789,0.00145);
#279=CIRCLE('',#9790,0.00145);
#280=CIRCLE('',#9791,0.00145);
#281=CIRCLE('',#9792,0.00145);
#282=CIRCLE('',#9795,0.001525);
#283=CIRCLE('',#9796,0.0005);
#284=CIRCLE('',#9797,0.0005);
#285=CIRCLE('',#9798,0.00289687800000004);
#286=CIRCLE('',#9799,0.0005);
#287=CIRCLE('',#9803,0.001525);
#288=CIRCLE('',#9804,0.0005);
#289=CIRCLE('',#9805,0.0005);
#290=CIRCLE('',#9806,0.00289688100000006);
#291=CIRCLE('',#9808,0.001525);
#292=CIRCLE('',#9809,0.0005);
#293=CIRCLE('',#9810,0.0005);
#294=CIRCLE('',#9811,0.00289687799999993);
#295=CIRCLE('',#9812,0.0005);
#296=CIRCLE('',#9815,0.001525);
#297=CIRCLE('',#9816,0.0005);
#298=CIRCLE('',#9817,0.0005);
#299=CIRCLE('',#9818,0.00289688099999993);
#300=CIRCLE('',#9820,0.00289687799999995);
#301=CIRCLE('',#9821,0.0005);
#302=CIRCLE('',#9822,0.0005);
#303=CIRCLE('',#9823,0.001525);
#304=CIRCLE('',#9843,0.0005);
#305=CIRCLE('',#9844,0.0005);
#306=CIRCLE('',#9845,0.00289688099999993);
#307=CIRCLE('',#9846,0.0005);
#308=CIRCLE('',#9847,0.001525);
#309=CIRCLE('',#9849,0.0005);
#310=CIRCLE('',#9850,0.0005);
#311=CIRCLE('',#9851,0.00289688100000006);
#312=CIRCLE('',#9852,0.0005);
#313=CIRCLE('',#9853,0.001525);
#314=CIRCLE('',#9855,0.0005);
#315=CIRCLE('',#9856,0.00289687800000004);
#316=CIRCLE('',#9857,0.0005);
#317=CIRCLE('',#9858,0.001525);
#318=CIRCLE('',#9860,0.005);
#319=CIRCLE('',#9862,0.005);
#320=CIRCLE('',#9864,0.005);
#321=CIRCLE('',#9866,0.005);
#322=CIRCLE('',#9876,0.001525);
#323=CIRCLE('',#9879,0.001525);
#324=CIRCLE('',#9882,0.001525);
#325=CIRCLE('',#9885,0.001525);
#326=CIRCLE('',#9888,0.001525);
#327=CIRCLE('',#9891,0.001525);
#328=CIRCLE('',#9894,0.001525);
#329=CIRCLE('',#9897,0.001525);
#330=CIRCLE('',#9903,0.00289688099999993);
#331=CIRCLE('',#9906,0.00289688099999993);
#332=CIRCLE('',#9910,0.00289687799999995);
#333=CIRCLE('',#9913,0.00289687799999995);
#334=CIRCLE('',#9915,0.0005);
#335=CIRCLE('',#9916,0.0005);
#336=CIRCLE('',#9918,0.00289688099999993);
#337=CIRCLE('',#9923,0.0005);
#338=CIRCLE('',#9924,0.0005);
#339=CIRCLE('',#9925,0.0005);
#340=CIRCLE('',#9926,0.00075);
#341=CIRCLE('',#9931,0.00289687799999993);
#342=CIRCLE('',#9933,0.00075);
#343=CIRCLE('',#9934,0.0005);
#344=CIRCLE('',#9935,0.0005);
#345=CIRCLE('',#9936,0.0005);
#346=CIRCLE('',#9938,0.00289688100000006);
#347=CIRCLE('',#9941,0.00289688100000006);
#348=CIRCLE('',#9944,0.00075);
#349=CIRCLE('',#9945,0.0005);
#350=CIRCLE('',#9946,0.0005);
#351=CIRCLE('',#9950,0.00289688100000006);
#352=CIRCLE('',#9953,0.0005);
#353=CIRCLE('',#9954,0.0005);
#354=CIRCLE('',#9957,0.00289687800000004);
#355=CIRCLE('',#9960,0.00289687800000004);
#356=CIRCLE('',#9962,0.0005);
#357=CIRCLE('',#9967,0.00289687800000004);
#358=CIRCLE('',#9969,0.0005);
#359=CIRCLE('',#9970,0.0005);
#360=CIRCLE('',#9980,0.0017);
#361=CIRCLE('',#9983,0.0017);
#362=CIRCLE('',#9985,0.0037);
#363=CIRCLE('',#9987,0.00369999999999995);
#364=CIRCLE('',#9991,0.00145);
#365=CIRCLE('',#9994,0.00145);
#366=CIRCLE('',#9997,0.00145);
#367=CIRCLE('',#10000,0.00145);
#368=CIRCLE('',#10003,0.00145);
#369=CIRCLE('',#10006,0.00145);
#370=CIRCLE('',#10009,0.00145);
#371=CIRCLE('',#10012,0.00075);
#372=CIRCLE('',#10013,0.0005);
#373=CIRCLE('',#10020,0.00075);
#374=CIRCLE('',#10021,0.0005);
#375=CIRCLE('',#10022,0.00075);
#376=CIRCLE('',#10023,0.00075);
#377=CIRCLE('',#10024,0.0005);
#378=CIRCLE('',#10025,0.00075);
#379=CIRCLE('',#10026,0.00075);
#380=CIRCLE('',#10027,0.00075);
#381=CIRCLE('',#10031,0.0005);
#382=CIRCLE('',#10032,0.0005);
#383=CIRCLE('',#10034,0.0005);
#384=CIRCLE('',#10035,0.0005);
#385=CIRCLE('',#10039,0.0005);
#386=CIRCLE('',#10041,0.0005);
#387=CIRCLE('',#10045,0.0005);
#388=CIRCLE('',#10050,0.0005);
#389=CIRCLE('',#10052,0.0005);
#390=CIRCLE('',#10055,0.0005);
#391=CIRCLE('',#10057,0.0005);
#392=CIRCLE('',#10060,0.0005);
#393=CIRCLE('',#10065,0.0005);
#394=CIRCLE('',#10068,0.0005);
#395=CIRCLE('',#10070,0.0005);
#396=CIRCLE('',#10071,0.0005);
#397=CIRCLE('',#10073,0.0005);
#398=CIRCLE('',#10074,0.0005);
#399=CIRCLE('',#10076,0.0005);
#400=CIRCLE('',#10077,0.0005);
#401=CIRCLE('',#10079,0.0005);
#402=CIRCLE('',#10081,0.0005);
#403=CIRCLE('',#10082,0.0005);
#404=CIRCLE('',#10084,0.0005);
#405=CIRCLE('',#10085,0.0005);
#406=CIRCLE('',#10087,0.0005);
#407=CIRCLE('',#10089,0.0005);
#408=CIRCLE('',#10091,0.0005);
#409=CIRCLE('',#10092,0.0005);
#410=CIRCLE('',#10094,0.0005);
#411=CIRCLE('',#10095,0.0005);
#412=CIRCLE('',#10097,0.0005);
#413=CIRCLE('',#10098,0.0005);
#414=CIRCLE('',#10100,0.0005);
#415=CIRCLE('',#10187,0.0015);
#416=CIRCLE('',#10188,0.0015);
#417=CIRCLE('',#10191,0.0015);
#418=CIRCLE('',#10192,0.0015);
#419=CIRCLE('',#10196,0.0015);
#420=CIRCLE('',#10197,0.0015);
#421=CIRCLE('',#10200,0.0015);
#422=CIRCLE('',#10201,0.0015);
#423=ORIENTED_EDGE('',*,*,#2997,.T.);
#424=ORIENTED_EDGE('',*,*,#2998,.T.);
#425=ORIENTED_EDGE('',*,*,#2999,.T.);
#426=ORIENTED_EDGE('',*,*,#3000,.T.);
#427=ORIENTED_EDGE('',*,*,#3001,.T.);
#428=ORIENTED_EDGE('',*,*,#3002,.T.);
#429=ORIENTED_EDGE('',*,*,#3003,.T.);
#430=ORIENTED_EDGE('',*,*,#3004,.T.);
#431=ORIENTED_EDGE('',*,*,#3005,.T.);
#432=ORIENTED_EDGE('',*,*,#3006,.T.);
#433=ORIENTED_EDGE('',*,*,#3007,.T.);
#434=ORIENTED_EDGE('',*,*,#3008,.T.);
#435=ORIENTED_EDGE('',*,*,#3009,.T.);
#436=ORIENTED_EDGE('',*,*,#3010,.T.);
#437=ORIENTED_EDGE('',*,*,#3011,.T.);
#438=ORIENTED_EDGE('',*,*,#3012,.T.);
#439=ORIENTED_EDGE('',*,*,#3013,.T.);
#440=ORIENTED_EDGE('',*,*,#3014,.T.);
#441=ORIENTED_EDGE('',*,*,#3015,.T.);
#442=ORIENTED_EDGE('',*,*,#3016,.T.);
#443=ORIENTED_EDGE('',*,*,#3017,.T.);
#444=ORIENTED_EDGE('',*,*,#3018,.T.);
#445=ORIENTED_EDGE('',*,*,#3019,.T.);
#446=ORIENTED_EDGE('',*,*,#3020,.T.);
#447=ORIENTED_EDGE('',*,*,#3021,.T.);
#448=ORIENTED_EDGE('',*,*,#3022,.T.);
#449=ORIENTED_EDGE('',*,*,#3023,.T.);
#450=ORIENTED_EDGE('',*,*,#3024,.T.);
#451=ORIENTED_EDGE('',*,*,#3025,.T.);
#452=ORIENTED_EDGE('',*,*,#3026,.T.);
#453=ORIENTED_EDGE('',*,*,#3027,.T.);
#454=ORIENTED_EDGE('',*,*,#3028,.T.);
#455=ORIENTED_EDGE('',*,*,#3029,.F.);
#456=ORIENTED_EDGE('',*,*,#3030,.T.);
#457=ORIENTED_EDGE('',*,*,#3031,.T.);
#458=ORIENTED_EDGE('',*,*,#3032,.F.);
#459=ORIENTED_EDGE('',*,*,#3033,.T.);
#460=ORIENTED_EDGE('',*,*,#3034,.T.);
#461=ORIENTED_EDGE('',*,*,#3035,.T.);
#462=ORIENTED_EDGE('',*,*,#3036,.T.);
#463=ORIENTED_EDGE('',*,*,#3037,.T.);
#464=ORIENTED_EDGE('',*,*,#3038,.T.);
#465=ORIENTED_EDGE('',*,*,#3039,.T.);
#466=ORIENTED_EDGE('',*,*,#3040,.T.);
#467=ORIENTED_EDGE('',*,*,#3041,.T.);
#468=ORIENTED_EDGE('',*,*,#3042,.T.);
#469=ORIENTED_EDGE('',*,*,#3043,.T.);
#470=ORIENTED_EDGE('',*,*,#3044,.T.);
#471=ORIENTED_EDGE('',*,*,#3045,.F.);
#472=ORIENTED_EDGE('',*,*,#3046,.T.);
#473=ORIENTED_EDGE('',*,*,#3047,.T.);
#474=ORIENTED_EDGE('',*,*,#3048,.T.);
#475=ORIENTED_EDGE('',*,*,#3049,.T.);
#476=ORIENTED_EDGE('',*,*,#3050,.T.);
#477=ORIENTED_EDGE('',*,*,#3051,.T.);
#478=ORIENTED_EDGE('',*,*,#3052,.T.);
#479=ORIENTED_EDGE('',*,*,#3053,.T.);
#480=ORIENTED_EDGE('',*,*,#3054,.T.);
#481=ORIENTED_EDGE('',*,*,#3055,.T.);
#482=ORIENTED_EDGE('',*,*,#3056,.F.);
#483=ORIENTED_EDGE('',*,*,#3057,.T.);
#484=ORIENTED_EDGE('',*,*,#3058,.T.);
#485=ORIENTED_EDGE('',*,*,#3059,.F.);
#486=ORIENTED_EDGE('',*,*,#3060,.T.);
#487=ORIENTED_EDGE('',*,*,#3061,.T.);
#488=ORIENTED_EDGE('',*,*,#3062,.T.);
#489=ORIENTED_EDGE('',*,*,#3063,.T.);
#490=ORIENTED_EDGE('',*,*,#3064,.T.);
#491=ORIENTED_EDGE('',*,*,#3065,.F.);
#492=ORIENTED_EDGE('',*,*,#3066,.T.);
#493=ORIENTED_EDGE('',*,*,#3067,.T.);
#494=ORIENTED_EDGE('',*,*,#3068,.T.);
#495=ORIENTED_EDGE('',*,*,#3069,.T.);
#496=ORIENTED_EDGE('',*,*,#3070,.T.);
#497=ORIENTED_EDGE('',*,*,#3071,.F.);
#498=ORIENTED_EDGE('',*,*,#3072,.F.);
#499=ORIENTED_EDGE('',*,*,#3073,.T.);
#500=ORIENTED_EDGE('',*,*,#3074,.T.);
#501=ORIENTED_EDGE('',*,*,#3075,.T.);
#502=ORIENTED_EDGE('',*,*,#3076,.T.);
#503=ORIENTED_EDGE('',*,*,#3077,.T.);
#504=ORIENTED_EDGE('',*,*,#3078,.T.);
#505=ORIENTED_EDGE('',*,*,#3079,.T.);
#506=ORIENTED_EDGE('',*,*,#3080,.F.);
#507=ORIENTED_EDGE('',*,*,#3081,.F.);
#508=ORIENTED_EDGE('',*,*,#3082,.T.);
#509=ORIENTED_EDGE('',*,*,#3083,.F.);
#510=ORIENTED_EDGE('',*,*,#3084,.F.);
#511=ORIENTED_EDGE('',*,*,#3085,.F.);
#512=ORIENTED_EDGE('',*,*,#3086,.T.);
#513=ORIENTED_EDGE('',*,*,#3087,.T.);
#514=ORIENTED_EDGE('',*,*,#3088,.F.);
#515=ORIENTED_EDGE('',*,*,#3089,.T.);
#516=ORIENTED_EDGE('',*,*,#3090,.F.);
#517=ORIENTED_EDGE('',*,*,#3091,.T.);
#518=ORIENTED_EDGE('',*,*,#3092,.F.);
#519=ORIENTED_EDGE('',*,*,#3093,.T.);
#520=ORIENTED_EDGE('',*,*,#3094,.F.);
#521=ORIENTED_EDGE('',*,*,#3095,.T.);
#522=ORIENTED_EDGE('',*,*,#3096,.T.);
#523=ORIENTED_EDGE('',*,*,#3097,.F.);
#524=ORIENTED_EDGE('',*,*,#3098,.F.);
#525=ORIENTED_EDGE('',*,*,#3099,.F.);
#526=ORIENTED_EDGE('',*,*,#3100,.F.);
#527=ORIENTED_EDGE('',*,*,#3101,.T.);
#528=ORIENTED_EDGE('',*,*,#3102,.T.);
#529=ORIENTED_EDGE('',*,*,#3103,.T.);
#530=ORIENTED_EDGE('',*,*,#3104,.T.);
#531=ORIENTED_EDGE('',*,*,#3105,.T.);
#532=ORIENTED_EDGE('',*,*,#3106,.T.);
#533=ORIENTED_EDGE('',*,*,#3107,.T.);
#534=ORIENTED_EDGE('',*,*,#3108,.T.);
#535=ORIENTED_EDGE('',*,*,#3109,.T.);
#536=ORIENTED_EDGE('',*,*,#3110,.T.);
#537=ORIENTED_EDGE('',*,*,#3072,.T.);
#538=ORIENTED_EDGE('',*,*,#3111,.F.);
#539=ORIENTED_EDGE('',*,*,#3112,.F.);
#540=ORIENTED_EDGE('',*,*,#3113,.F.);
#541=ORIENTED_EDGE('',*,*,#3114,.T.);
#542=ORIENTED_EDGE('',*,*,#3115,.F.);
#543=ORIENTED_EDGE('',*,*,#3116,.F.);
#544=ORIENTED_EDGE('',*,*,#3117,.F.);
#545=ORIENTED_EDGE('',*,*,#3080,.T.);
#546=ORIENTED_EDGE('',*,*,#3118,.T.);
#547=ORIENTED_EDGE('',*,*,#3119,.T.);
#548=ORIENTED_EDGE('',*,*,#3120,.T.);
#549=ORIENTED_EDGE('',*,*,#3121,.T.);
#550=ORIENTED_EDGE('',*,*,#3122,.T.);
#551=ORIENTED_EDGE('',*,*,#3123,.T.);
#552=ORIENTED_EDGE('',*,*,#3124,.T.);
#553=ORIENTED_EDGE('',*,*,#3125,.T.);
#554=ORIENTED_EDGE('',*,*,#3126,.T.);
#555=ORIENTED_EDGE('',*,*,#3127,.T.);
#556=ORIENTED_EDGE('',*,*,#3128,.T.);
#557=ORIENTED_EDGE('',*,*,#3129,.T.);
#558=ORIENTED_EDGE('',*,*,#3130,.T.);
#559=ORIENTED_EDGE('',*,*,#3131,.T.);
#560=ORIENTED_EDGE('',*,*,#3132,.T.);
#561=ORIENTED_EDGE('',*,*,#3133,.T.);
#562=ORIENTED_EDGE('',*,*,#3134,.T.);
#563=ORIENTED_EDGE('',*,*,#3135,.T.);
#564=ORIENTED_EDGE('',*,*,#3136,.T.);
#565=ORIENTED_EDGE('',*,*,#3137,.T.);
#566=ORIENTED_EDGE('',*,*,#3138,.T.);
#567=ORIENTED_EDGE('',*,*,#3139,.T.);
#568=ORIENTED_EDGE('',*,*,#3140,.T.);
#569=ORIENTED_EDGE('',*,*,#3141,.F.);
#570=ORIENTED_EDGE('',*,*,#3142,.F.);
#571=ORIENTED_EDGE('',*,*,#3143,.F.);
#572=ORIENTED_EDGE('',*,*,#3144,.F.);
#573=ORIENTED_EDGE('',*,*,#3145,.F.);
#574=ORIENTED_EDGE('',*,*,#3146,.F.);
#575=ORIENTED_EDGE('',*,*,#3147,.F.);
#576=ORIENTED_EDGE('',*,*,#3148,.T.);
#577=ORIENTED_EDGE('',*,*,#3149,.T.);
#578=ORIENTED_EDGE('',*,*,#3150,.F.);
#579=ORIENTED_EDGE('',*,*,#3151,.T.);
#580=ORIENTED_EDGE('',*,*,#3152,.T.);
#581=ORIENTED_EDGE('',*,*,#3153,.T.);
#582=ORIENTED_EDGE('',*,*,#3154,.T.);
#583=ORIENTED_EDGE('',*,*,#3155,.F.);
#584=ORIENTED_EDGE('',*,*,#3156,.F.);
#585=ORIENTED_EDGE('',*,*,#3157,.T.);
#586=ORIENTED_EDGE('',*,*,#3158,.F.);
#587=ORIENTED_EDGE('',*,*,#3159,.T.);
#588=ORIENTED_EDGE('',*,*,#3154,.F.);
#589=ORIENTED_EDGE('',*,*,#3160,.T.);
#590=ORIENTED_EDGE('',*,*,#3161,.T.);
#591=ORIENTED_EDGE('',*,*,#3162,.T.);
#592=ORIENTED_EDGE('',*,*,#3163,.T.);
#593=ORIENTED_EDGE('',*,*,#3164,.T.);
#594=ORIENTED_EDGE('',*,*,#3165,.F.);
#595=ORIENTED_EDGE('',*,*,#3166,.T.);
#596=ORIENTED_EDGE('',*,*,#3150,.T.);
#597=ORIENTED_EDGE('',*,*,#3167,.T.);
#598=ORIENTED_EDGE('',*,*,#3168,.T.);
#599=ORIENTED_EDGE('',*,*,#3169,.T.);
#600=ORIENTED_EDGE('',*,*,#3170,.T.);
#601=ORIENTED_EDGE('',*,*,#3171,.T.);
#602=ORIENTED_EDGE('',*,*,#3172,.T.);
#603=ORIENTED_EDGE('',*,*,#3173,.T.);
#604=ORIENTED_EDGE('',*,*,#3174,.T.);
#605=ORIENTED_EDGE('',*,*,#3175,.F.);
#606=ORIENTED_EDGE('',*,*,#3176,.T.);
#607=ORIENTED_EDGE('',*,*,#3177,.T.);
#608=ORIENTED_EDGE('',*,*,#3178,.F.);
#609=ORIENTED_EDGE('',*,*,#3179,.F.);
#610=ORIENTED_EDGE('',*,*,#3180,.T.);
#611=ORIENTED_EDGE('',*,*,#3090,.T.);
#612=ORIENTED_EDGE('',*,*,#3181,.T.);
#613=ORIENTED_EDGE('',*,*,#3182,.F.);
#614=ORIENTED_EDGE('',*,*,#3183,.T.);
#615=ORIENTED_EDGE('',*,*,#3184,.F.);
#616=ORIENTED_EDGE('',*,*,#3185,.F.);
#617=ORIENTED_EDGE('',*,*,#3186,.T.);
#618=ORIENTED_EDGE('',*,*,#3187,.F.);
#619=ORIENTED_EDGE('',*,*,#3188,.T.);
#620=ORIENTED_EDGE('',*,*,#3189,.T.);
#621=ORIENTED_EDGE('',*,*,#3190,.T.);
#622=ORIENTED_EDGE('',*,*,#3191,.F.);
#623=ORIENTED_EDGE('',*,*,#3192,.T.);
#624=ORIENTED_EDGE('',*,*,#3193,.T.);
#625=ORIENTED_EDGE('',*,*,#3194,.T.);
#626=ORIENTED_EDGE('',*,*,#3195,.T.);
#627=ORIENTED_EDGE('',*,*,#3196,.F.);
#628=ORIENTED_EDGE('',*,*,#3197,.F.);
#629=ORIENTED_EDGE('',*,*,#3198,.T.);
#630=ORIENTED_EDGE('',*,*,#3199,.T.);
#631=ORIENTED_EDGE('',*,*,#3200,.T.);
#632=ORIENTED_EDGE('',*,*,#3201,.F.);
#633=ORIENTED_EDGE('',*,*,#3202,.F.);
#634=ORIENTED_EDGE('',*,*,#3203,.T.);
#635=ORIENTED_EDGE('',*,*,#3204,.F.);
#636=ORIENTED_EDGE('',*,*,#3205,.T.);
#637=ORIENTED_EDGE('',*,*,#3206,.F.);
#638=ORIENTED_EDGE('',*,*,#3207,.T.);
#639=ORIENTED_EDGE('',*,*,#3208,.F.);
#640=ORIENTED_EDGE('',*,*,#3209,.T.);
#641=ORIENTED_EDGE('',*,*,#3210,.F.);
#642=ORIENTED_EDGE('',*,*,#3211,.T.);
#643=ORIENTED_EDGE('',*,*,#3212,.F.);
#644=ORIENTED_EDGE('',*,*,#3213,.T.);
#645=ORIENTED_EDGE('',*,*,#3214,.F.);
#646=ORIENTED_EDGE('',*,*,#3215,.T.);
#647=ORIENTED_EDGE('',*,*,#3216,.T.);
#648=ORIENTED_EDGE('',*,*,#3217,.T.);
#649=ORIENTED_EDGE('',*,*,#3218,.T.);
#650=ORIENTED_EDGE('',*,*,#3219,.T.);
#651=ORIENTED_EDGE('',*,*,#3220,.T.);
#652=ORIENTED_EDGE('',*,*,#3221,.T.);
#653=ORIENTED_EDGE('',*,*,#3222,.T.);
#654=ORIENTED_EDGE('',*,*,#3187,.T.);
#655=ORIENTED_EDGE('',*,*,#3059,.T.);
#656=ORIENTED_EDGE('',*,*,#3223,.T.);
#657=ORIENTED_EDGE('',*,*,#3224,.T.);
#658=ORIENTED_EDGE('',*,*,#3225,.T.);
#659=ORIENTED_EDGE('',*,*,#3226,.T.);
#660=ORIENTED_EDGE('',*,*,#3227,.T.);
#661=ORIENTED_EDGE('',*,*,#3228,.T.);
#662=ORIENTED_EDGE('',*,*,#3229,.F.);
#663=ORIENTED_EDGE('',*,*,#3230,.T.);
#664=ORIENTED_EDGE('',*,*,#3231,.T.);
#665=ORIENTED_EDGE('',*,*,#3232,.T.);
#666=ORIENTED_EDGE('',*,*,#3158,.T.);
#667=ORIENTED_EDGE('',*,*,#3233,.T.);
#668=ORIENTED_EDGE('',*,*,#3234,.T.);
#669=ORIENTED_EDGE('',*,*,#3235,.T.);
#670=ORIENTED_EDGE('',*,*,#3185,.T.);
#671=ORIENTED_EDGE('',*,*,#3236,.T.);
#672=ORIENTED_EDGE('',*,*,#3237,.T.);
#673=ORIENTED_EDGE('',*,*,#3238,.T.);
#674=ORIENTED_EDGE('',*,*,#3239,.T.);
#675=ORIENTED_EDGE('',*,*,#3240,.F.);
#676=ORIENTED_EDGE('',*,*,#3241,.F.);
#677=ORIENTED_EDGE('',*,*,#3242,.T.);
#678=ORIENTED_EDGE('',*,*,#3243,.F.);
#679=ORIENTED_EDGE('',*,*,#3240,.T.);
#680=ORIENTED_EDGE('',*,*,#3244,.T.);
#681=ORIENTED_EDGE('',*,*,#3245,.T.);
#682=ORIENTED_EDGE('',*,*,#3246,.F.);
#683=ORIENTED_EDGE('',*,*,#3247,.T.);
#684=ORIENTED_EDGE('',*,*,#3248,.T.);
#685=ORIENTED_EDGE('',*,*,#3249,.T.);
#686=ORIENTED_EDGE('',*,*,#3250,.T.);
#687=ORIENTED_EDGE('',*,*,#3251,.T.);
#688=ORIENTED_EDGE('',*,*,#3212,.T.);
#689=ORIENTED_EDGE('',*,*,#3252,.T.);
#690=ORIENTED_EDGE('',*,*,#3253,.T.);
#691=ORIENTED_EDGE('',*,*,#3254,.T.);
#692=ORIENTED_EDGE('',*,*,#3204,.T.);
#693=ORIENTED_EDGE('',*,*,#3255,.T.);
#694=ORIENTED_EDGE('',*,*,#3256,.T.);
#695=ORIENTED_EDGE('',*,*,#3257,.T.);
#696=ORIENTED_EDGE('',*,*,#3258,.T.);
#697=ORIENTED_EDGE('',*,*,#3233,.F.);
#698=ORIENTED_EDGE('',*,*,#3259,.T.);
#699=ORIENTED_EDGE('',*,*,#3165,.T.);
#700=ORIENTED_EDGE('',*,*,#3260,.T.);
#701=ORIENTED_EDGE('',*,*,#3261,.T.);
#702=ORIENTED_EDGE('',*,*,#3156,.T.);
#703=ORIENTED_EDGE('',*,*,#3262,.T.);
#704=ORIENTED_EDGE('',*,*,#3263,.T.);
#705=ORIENTED_EDGE('',*,*,#3264,.T.);
#706=ORIENTED_EDGE('',*,*,#3265,.T.);
#707=ORIENTED_EDGE('',*,*,#3266,.T.);
#708=ORIENTED_EDGE('',*,*,#3267,.T.);
#709=ORIENTED_EDGE('',*,*,#3268,.T.);
#710=ORIENTED_EDGE('',*,*,#3269,.T.);
#711=ORIENTED_EDGE('',*,*,#3270,.T.);
#712=ORIENTED_EDGE('',*,*,#3271,.T.);
#713=ORIENTED_EDGE('',*,*,#3272,.T.);
#714=ORIENTED_EDGE('',*,*,#3273,.T.);
#715=ORIENTED_EDGE('',*,*,#3274,.T.);
#716=ORIENTED_EDGE('',*,*,#3275,.T.);
#717=ORIENTED_EDGE('',*,*,#3276,.T.);
#718=ORIENTED_EDGE('',*,*,#3277,.T.);
#719=ORIENTED_EDGE('',*,*,#3278,.T.);
#720=ORIENTED_EDGE('',*,*,#3064,.F.);
#721=ORIENTED_EDGE('',*,*,#3279,.T.);
#722=ORIENTED_EDGE('',*,*,#3280,.T.);
#723=ORIENTED_EDGE('',*,*,#3281,.T.);
#724=ORIENTED_EDGE('',*,*,#3282,.F.);
#725=ORIENTED_EDGE('',*,*,#3283,.T.);
#726=ORIENTED_EDGE('',*,*,#3284,.T.);
#727=ORIENTED_EDGE('',*,*,#3285,.T.);
#728=ORIENTED_EDGE('',*,*,#3286,.T.);
#729=ORIENTED_EDGE('',*,*,#3287,.T.);
#730=ORIENTED_EDGE('',*,*,#3288,.F.);
#731=ORIENTED_EDGE('',*,*,#3289,.T.);
#732=ORIENTED_EDGE('',*,*,#3290,.T.);
#733=ORIENTED_EDGE('',*,*,#3189,.F.);
#734=ORIENTED_EDGE('',*,*,#3291,.T.);
#735=ORIENTED_EDGE('',*,*,#3292,.T.);
#736=ORIENTED_EDGE('',*,*,#3293,.T.);
#737=ORIENTED_EDGE('',*,*,#3277,.F.);
#738=ORIENTED_EDGE('',*,*,#3294,.T.);
#739=ORIENTED_EDGE('',*,*,#3295,.T.);
#740=ORIENTED_EDGE('',*,*,#3296,.T.);
#741=ORIENTED_EDGE('',*,*,#3282,.T.);
#742=ORIENTED_EDGE('',*,*,#3297,.T.);
#743=ORIENTED_EDGE('',*,*,#3298,.T.);
#744=ORIENTED_EDGE('',*,*,#3299,.T.);
#745=ORIENTED_EDGE('',*,*,#3280,.F.);
#746=ORIENTED_EDGE('',*,*,#3229,.T.);
#747=ORIENTED_EDGE('',*,*,#3300,.T.);
#748=ORIENTED_EDGE('',*,*,#3243,.T.);
#749=ORIENTED_EDGE('',*,*,#3301,.T.);
#750=ORIENTED_EDGE('',*,*,#3302,.F.);
#751=ORIENTED_EDGE('',*,*,#3303,.T.);
#752=ORIENTED_EDGE('',*,*,#3196,.T.);
#753=ORIENTED_EDGE('',*,*,#3304,.T.);
#754=ORIENTED_EDGE('',*,*,#3305,.F.);
#755=ORIENTED_EDGE('',*,*,#3056,.T.);
#756=ORIENTED_EDGE('',*,*,#3306,.T.);
#757=ORIENTED_EDGE('',*,*,#3094,.T.);
#758=ORIENTED_EDGE('',*,*,#3307,.T.);
#759=ORIENTED_EDGE('',*,*,#3308,.T.);
#760=ORIENTED_EDGE('',*,*,#3309,.T.);
#761=ORIENTED_EDGE('',*,*,#3174,.F.);
#762=ORIENTED_EDGE('',*,*,#3310,.T.);
#763=ORIENTED_EDGE('',*,*,#3311,.F.);
#764=ORIENTED_EDGE('',*,*,#3265,.F.);
#765=ORIENTED_EDGE('',*,*,#3312,.T.);
#766=ORIENTED_EDGE('',*,*,#3313,.T.);
#767=ORIENTED_EDGE('',*,*,#3314,.T.);
#768=ORIENTED_EDGE('',*,*,#3315,.T.);
#769=ORIENTED_EDGE('',*,*,#3316,.T.);
#770=ORIENTED_EDGE('',*,*,#3317,.F.);
#771=ORIENTED_EDGE('',*,*,#3293,.F.);
#772=ORIENTED_EDGE('',*,*,#3318,.T.);
#773=ORIENTED_EDGE('',*,*,#3061,.F.);
#774=ORIENTED_EDGE('',*,*,#3278,.F.);
#775=ORIENTED_EDGE('',*,*,#3063,.F.);
#776=ORIENTED_EDGE('',*,*,#3319,.T.);
#777=ORIENTED_EDGE('',*,*,#3297,.F.);
#778=ORIENTED_EDGE('',*,*,#3279,.F.);
#779=ORIENTED_EDGE('',*,*,#3296,.F.);
#780=ORIENTED_EDGE('',*,*,#3320,.T.);
#781=ORIENTED_EDGE('',*,*,#3291,.F.);
#782=ORIENTED_EDGE('',*,*,#3283,.F.);
#783=ORIENTED_EDGE('',*,*,#3299,.F.);
#784=ORIENTED_EDGE('',*,*,#3321,.T.);
#785=ORIENTED_EDGE('',*,*,#3294,.F.);
#786=ORIENTED_EDGE('',*,*,#3281,.F.);
#787=ORIENTED_EDGE('',*,*,#3322,.F.);
#788=ORIENTED_EDGE('',*,*,#3292,.F.);
#789=ORIENTED_EDGE('',*,*,#3323,.F.);
#790=ORIENTED_EDGE('',*,*,#3000,.F.);
#791=ORIENTED_EDGE('',*,*,#3318,.F.);
#792=ORIENTED_EDGE('',*,*,#3322,.T.);
#793=ORIENTED_EDGE('',*,*,#3324,.F.);
#794=ORIENTED_EDGE('',*,*,#3323,.T.);
#795=ORIENTED_EDGE('',*,*,#3320,.F.);
#796=ORIENTED_EDGE('',*,*,#3325,.F.);
#797=ORIENTED_EDGE('',*,*,#3324,.T.);
#798=ORIENTED_EDGE('',*,*,#2999,.F.);
#799=ORIENTED_EDGE('',*,*,#3326,.F.);
#800=ORIENTED_EDGE('',*,*,#3062,.F.);
#801=ORIENTED_EDGE('',*,*,#3325,.T.);
#802=ORIENTED_EDGE('',*,*,#3295,.F.);
#803=ORIENTED_EDGE('',*,*,#3327,.F.);
#804=ORIENTED_EDGE('',*,*,#2997,.F.);
#805=ORIENTED_EDGE('',*,*,#3319,.F.);
#806=ORIENTED_EDGE('',*,*,#3326,.T.);
#807=ORIENTED_EDGE('',*,*,#3328,.F.);
#808=ORIENTED_EDGE('',*,*,#3327,.T.);
#809=ORIENTED_EDGE('',*,*,#3321,.F.);
#810=ORIENTED_EDGE('',*,*,#3329,.F.);
#811=ORIENTED_EDGE('',*,*,#3328,.T.);
#812=ORIENTED_EDGE('',*,*,#2998,.F.);
#813=ORIENTED_EDGE('',*,*,#3329,.T.);
#814=ORIENTED_EDGE('',*,*,#3298,.F.);
#815=ORIENTED_EDGE('',*,*,#3330,.F.);
#816=ORIENTED_EDGE('',*,*,#3317,.T.);
#817=ORIENTED_EDGE('',*,*,#3330,.T.);
#818=ORIENTED_EDGE('',*,*,#3331,.F.);
#819=ORIENTED_EDGE('',*,*,#3155,.T.);
#820=ORIENTED_EDGE('',*,*,#3331,.T.);
#821=ORIENTED_EDGE('',*,*,#3332,.F.);
#822=ORIENTED_EDGE('',*,*,#3311,.T.);
#823=ORIENTED_EDGE('',*,*,#3332,.T.);
#824=ORIENTED_EDGE('',*,*,#3333,.F.);
#825=ORIENTED_EDGE('',*,*,#3178,.T.);
#826=ORIENTED_EDGE('',*,*,#3333,.T.);
#827=ORIENTED_EDGE('',*,*,#3334,.F.);
#828=ORIENTED_EDGE('',*,*,#3201,.T.);
#829=ORIENTED_EDGE('',*,*,#3334,.T.);
#830=ORIENTED_EDGE('',*,*,#3335,.F.);
#831=ORIENTED_EDGE('',*,*,#3184,.T.);
#832=ORIENTED_EDGE('',*,*,#3335,.T.);
#833=ORIENTED_EDGE('',*,*,#3336,.F.);
#834=ORIENTED_EDGE('',*,*,#3214,.T.);
#835=ORIENTED_EDGE('',*,*,#3336,.T.);
#836=ORIENTED_EDGE('',*,*,#3337,.F.);
#837=ORIENTED_EDGE('',*,*,#3305,.T.);
#838=ORIENTED_EDGE('',*,*,#3337,.T.);
#839=ORIENTED_EDGE('',*,*,#3338,.T.);
#840=ORIENTED_EDGE('',*,*,#3339,.T.);
#841=ORIENTED_EDGE('',*,*,#3340,.F.);
#842=ORIENTED_EDGE('',*,*,#3114,.F.);
#843=ORIENTED_EDGE('',*,*,#3341,.T.);
#844=ORIENTED_EDGE('',*,*,#3342,.T.);
#845=ORIENTED_EDGE('',*,*,#3338,.F.);
#846=ORIENTED_EDGE('',*,*,#3113,.T.);
#847=ORIENTED_EDGE('',*,*,#3340,.T.);
#848=ORIENTED_EDGE('',*,*,#3343,.T.);
#849=ORIENTED_EDGE('',*,*,#3344,.F.);
#850=ORIENTED_EDGE('',*,*,#3115,.T.);
#851=ORIENTED_EDGE('',*,*,#3345,.T.);
#852=ORIENTED_EDGE('',*,*,#3346,.T.);
#853=ORIENTED_EDGE('',*,*,#3341,.F.);
#854=ORIENTED_EDGE('',*,*,#3112,.T.);
#855=ORIENTED_EDGE('',*,*,#3071,.T.);
#856=ORIENTED_EDGE('',*,*,#3347,.T.);
#857=ORIENTED_EDGE('',*,*,#3345,.F.);
#858=ORIENTED_EDGE('',*,*,#3111,.T.);
#859=ORIENTED_EDGE('',*,*,#3348,.T.);
#860=ORIENTED_EDGE('',*,*,#3349,.T.);
#861=ORIENTED_EDGE('',*,*,#3069,.F.);
#862=ORIENTED_EDGE('',*,*,#3117,.T.);
#863=ORIENTED_EDGE('',*,*,#3344,.T.);
#864=ORIENTED_EDGE('',*,*,#3350,.T.);
#865=ORIENTED_EDGE('',*,*,#3348,.F.);
#866=ORIENTED_EDGE('',*,*,#3116,.T.);
#867=ORIENTED_EDGE('',*,*,#3207,.F.);
#868=ORIENTED_EDGE('',*,*,#3351,.F.);
#869=ORIENTED_EDGE('',*,*,#3352,.T.);
#870=ORIENTED_EDGE('',*,*,#3353,.T.);
#871=ORIENTED_EDGE('',*,*,#3354,.T.);
#872=ORIENTED_EDGE('',*,*,#3355,.T.);
#873=ORIENTED_EDGE('',*,*,#3356,.T.);
#874=ORIENTED_EDGE('',*,*,#3206,.T.);
#875=ORIENTED_EDGE('',*,*,#3357,.T.);
#876=ORIENTED_EDGE('',*,*,#3358,.F.);
#877=ORIENTED_EDGE('',*,*,#3351,.T.);
#878=ORIENTED_EDGE('',*,*,#3359,.F.);
#879=ORIENTED_EDGE('',*,*,#3360,.T.);
#880=ORIENTED_EDGE('',*,*,#3210,.T.);
#881=ORIENTED_EDGE('',*,*,#3361,.F.);
#882=ORIENTED_EDGE('',*,*,#3209,.F.);
#883=ORIENTED_EDGE('',*,*,#3362,.F.);
#884=ORIENTED_EDGE('',*,*,#3363,.T.);
#885=ORIENTED_EDGE('',*,*,#3364,.T.);
#886=ORIENTED_EDGE('',*,*,#3365,.T.);
#887=ORIENTED_EDGE('',*,*,#3366,.T.);
#888=ORIENTED_EDGE('',*,*,#3361,.T.);
#889=ORIENTED_EDGE('',*,*,#3366,.F.);
#890=ORIENTED_EDGE('',*,*,#3367,.T.);
#891=ORIENTED_EDGE('',*,*,#3352,.F.);
#892=ORIENTED_EDGE('',*,*,#3358,.T.);
#893=ORIENTED_EDGE('',*,*,#3368,.T.);
#894=ORIENTED_EDGE('',*,*,#3253,.F.);
#895=ORIENTED_EDGE('',*,*,#3369,.T.);
#896=ORIENTED_EDGE('',*,*,#3359,.T.);
#897=ORIENTED_EDGE('',*,*,#3303,.F.);
#898=ORIENTED_EDGE('',*,*,#3370,.F.);
#899=ORIENTED_EDGE('',*,*,#3371,.T.);
#900=ORIENTED_EDGE('',*,*,#3372,.T.);
#901=ORIENTED_EDGE('',*,*,#3197,.T.);
#902=ORIENTED_EDGE('',*,*,#3302,.T.);
#903=ORIENTED_EDGE('',*,*,#3373,.T.);
#904=ORIENTED_EDGE('',*,*,#3374,.F.);
#905=ORIENTED_EDGE('',*,*,#3370,.T.);
#906=ORIENTED_EDGE('',*,*,#3375,.F.);
#907=ORIENTED_EDGE('',*,*,#3376,.T.);
#908=ORIENTED_EDGE('',*,*,#3202,.T.);
#909=ORIENTED_EDGE('',*,*,#3356,.F.);
#910=ORIENTED_EDGE('',*,*,#3377,.T.);
#911=ORIENTED_EDGE('',*,*,#3378,.T.);
#912=ORIENTED_EDGE('',*,*,#3371,.F.);
#913=ORIENTED_EDGE('',*,*,#3374,.T.);
#914=ORIENTED_EDGE('',*,*,#3379,.T.);
#915=ORIENTED_EDGE('',*,*,#3241,.T.);
#916=ORIENTED_EDGE('',*,*,#3246,.T.);
#917=ORIENTED_EDGE('',*,*,#3380,.T.);
#918=ORIENTED_EDGE('',*,*,#3256,.F.);
#919=ORIENTED_EDGE('',*,*,#3381,.T.);
#920=ORIENTED_EDGE('',*,*,#3375,.T.);
#921=ORIENTED_EDGE('',*,*,#3355,.F.);
#922=ORIENTED_EDGE('',*,*,#3382,.T.);
#923=ORIENTED_EDGE('',*,*,#3383,.T.);
#924=ORIENTED_EDGE('',*,*,#3208,.T.);
#925=ORIENTED_EDGE('',*,*,#3384,.T.);
#926=ORIENTED_EDGE('',*,*,#3385,.F.);
#927=ORIENTED_EDGE('',*,*,#3362,.T.);
#928=ORIENTED_EDGE('',*,*,#3386,.F.);
#929=ORIENTED_EDGE('',*,*,#3387,.T.);
#930=ORIENTED_EDGE('',*,*,#3191,.T.);
#931=ORIENTED_EDGE('',*,*,#3388,.F.);
#932=ORIENTED_EDGE('',*,*,#3190,.F.);
#933=ORIENTED_EDGE('',*,*,#3290,.F.);
#934=ORIENTED_EDGE('',*,*,#3389,.T.);
#935=ORIENTED_EDGE('',*,*,#3390,.T.);
#936=ORIENTED_EDGE('',*,*,#3388,.T.);
#937=ORIENTED_EDGE('',*,*,#3391,.T.);
#938=ORIENTED_EDGE('',*,*,#3392,.T.);
#939=ORIENTED_EDGE('',*,*,#3363,.F.);
#940=ORIENTED_EDGE('',*,*,#3385,.T.);
#941=ORIENTED_EDGE('',*,*,#3393,.T.);
#942=ORIENTED_EDGE('',*,*,#3250,.F.);
#943=ORIENTED_EDGE('',*,*,#3394,.T.);
#944=ORIENTED_EDGE('',*,*,#3259,.F.);
#945=ORIENTED_EDGE('',*,*,#3237,.F.);
#946=ORIENTED_EDGE('',*,*,#3395,.T.);
#947=ORIENTED_EDGE('',*,*,#3386,.T.);
#948=ORIENTED_EDGE('',*,*,#3390,.F.);
#949=ORIENTED_EDGE('',*,*,#3396,.T.);
#950=ORIENTED_EDGE('',*,*,#3397,.T.);
#951=ORIENTED_EDGE('',*,*,#3183,.F.);
#952=ORIENTED_EDGE('',*,*,#3398,.F.);
#953=ORIENTED_EDGE('',*,*,#3399,.T.);
#954=ORIENTED_EDGE('',*,*,#3400,.T.);
#955=ORIENTED_EDGE('',*,*,#3401,.T.);
#956=ORIENTED_EDGE('',*,*,#3402,.T.);
#957=ORIENTED_EDGE('',*,*,#3403,.T.);
#958=ORIENTED_EDGE('',*,*,#3182,.T.);
#959=ORIENTED_EDGE('',*,*,#3404,.T.);
#960=ORIENTED_EDGE('',*,*,#3405,.F.);
#961=ORIENTED_EDGE('',*,*,#3398,.T.);
#962=ORIENTED_EDGE('',*,*,#3170,.F.);
#963=ORIENTED_EDGE('',*,*,#3406,.T.);
#964=ORIENTED_EDGE('',*,*,#3407,.T.);
#965=ORIENTED_EDGE('',*,*,#3399,.F.);
#966=ORIENTED_EDGE('',*,*,#3405,.T.);
#967=ORIENTED_EDGE('',*,*,#3408,.T.);
#968=ORIENTED_EDGE('',*,*,#3088,.T.);
#969=ORIENTED_EDGE('',*,*,#3409,.T.);
#970=ORIENTED_EDGE('',*,*,#3308,.F.);
#971=ORIENTED_EDGE('',*,*,#3410,.T.);
#972=ORIENTED_EDGE('',*,*,#3411,.T.);
#973=ORIENTED_EDGE('',*,*,#3412,.T.);
#974=ORIENTED_EDGE('',*,*,#3413,.F.);
#975=ORIENTED_EDGE('',*,*,#3414,.T.);
#976=ORIENTED_EDGE('',*,*,#3179,.T.);
#977=ORIENTED_EDGE('',*,*,#3403,.F.);
#978=ORIENTED_EDGE('',*,*,#3309,.F.);
#979=ORIENTED_EDGE('',*,*,#3412,.F.);
#980=ORIENTED_EDGE('',*,*,#3415,.T.);
#981=ORIENTED_EDGE('',*,*,#3416,.T.);
#982=ORIENTED_EDGE('',*,*,#3175,.T.);
#983=ORIENTED_EDGE('',*,*,#3402,.F.);
#984=ORIENTED_EDGE('',*,*,#3417,.T.);
#985=ORIENTED_EDGE('',*,*,#3415,.F.);
#986=ORIENTED_EDGE('',*,*,#3411,.F.);
#987=ORIENTED_EDGE('',*,*,#3418,.T.);
#988=ORIENTED_EDGE('',*,*,#3092,.T.);
#989=ORIENTED_EDGE('',*,*,#3419,.T.);
#990=ORIENTED_EDGE('',*,*,#3413,.T.);
#991=ORIENTED_EDGE('',*,*,#3420,.T.);
#992=ORIENTED_EDGE('',*,*,#3421,.T.);
#993=ORIENTED_EDGE('',*,*,#3315,.F.);
#994=ORIENTED_EDGE('',*,*,#3422,.F.);
#995=ORIENTED_EDGE('',*,*,#3314,.F.);
#996=ORIENTED_EDGE('',*,*,#3423,.F.);
#997=ORIENTED_EDGE('',*,*,#3424,.T.);
#998=ORIENTED_EDGE('',*,*,#3425,.T.);
#999=ORIENTED_EDGE('',*,*,#3426,.T.);
#1000=ORIENTED_EDGE('',*,*,#3427,.T.);
#1001=ORIENTED_EDGE('',*,*,#3422,.T.);
#1002=ORIENTED_EDGE('',*,*,#3427,.F.);
#1003=ORIENTED_EDGE('',*,*,#3428,.T.);
#1004=ORIENTED_EDGE('',*,*,#3429,.T.);
#1005=ORIENTED_EDGE('',*,*,#3267,.F.);
#1006=ORIENTED_EDGE('',*,*,#3430,.T.);
#1007=ORIENTED_EDGE('',*,*,#3420,.F.);
#1008=ORIENTED_EDGE('',*,*,#3313,.F.);
#1009=ORIENTED_EDGE('',*,*,#3431,.T.);
#1010=ORIENTED_EDGE('',*,*,#3432,.T.);
#1011=ORIENTED_EDGE('',*,*,#3423,.T.);
#1012=ORIENTED_EDGE('',*,*,#3433,.T.);
#1013=ORIENTED_EDGE('',*,*,#3434,.T.);
#1014=ORIENTED_EDGE('',*,*,#3161,.F.);
#1015=ORIENTED_EDGE('',*,*,#3435,.F.);
#1016=ORIENTED_EDGE('',*,*,#3160,.F.);
#1017=ORIENTED_EDGE('',*,*,#3153,.F.);
#1018=ORIENTED_EDGE('',*,*,#3436,.T.);
#1019=ORIENTED_EDGE('',*,*,#3437,.T.);
#1020=ORIENTED_EDGE('',*,*,#3435,.T.);
#1021=ORIENTED_EDGE('',*,*,#3437,.F.);
#1022=ORIENTED_EDGE('',*,*,#3438,.T.);
#1023=ORIENTED_EDGE('',*,*,#3424,.F.);
#1024=ORIENTED_EDGE('',*,*,#3432,.F.);
#1025=ORIENTED_EDGE('',*,*,#3439,.T.);
#1026=ORIENTED_EDGE('',*,*,#3263,.F.);
#1027=ORIENTED_EDGE('',*,*,#3440,.T.);
#1028=ORIENTED_EDGE('',*,*,#3433,.F.);
#1029=ORIENTED_EDGE('',*,*,#3097,.T.);
#1030=ORIENTED_EDGE('',*,*,#3441,.T.);
#1031=ORIENTED_EDGE('',*,*,#3442,.T.);
#1032=ORIENTED_EDGE('',*,*,#3443,.T.);
#1033=ORIENTED_EDGE('',*,*,#3443,.F.);
#1034=ORIENTED_EDGE('',*,*,#3444,.T.);
#1035=ORIENTED_EDGE('',*,*,#3445,.T.);
#1036=ORIENTED_EDGE('',*,*,#3098,.T.);
#1037=ORIENTED_EDGE('',*,*,#3445,.F.);
#1038=ORIENTED_EDGE('',*,*,#3446,.T.);
#1039=ORIENTED_EDGE('',*,*,#3447,.T.);
#1040=ORIENTED_EDGE('',*,*,#3099,.T.);
#1041=ORIENTED_EDGE('',*,*,#3447,.F.);
#1042=ORIENTED_EDGE('',*,*,#3448,.T.);
#1043=ORIENTED_EDGE('',*,*,#3449,.T.);
#1044=ORIENTED_EDGE('',*,*,#3100,.T.);
#1045=ORIENTED_EDGE('',*,*,#3450,.T.);
#1046=ORIENTED_EDGE('',*,*,#3451,.T.);
#1047=ORIENTED_EDGE('',*,*,#3085,.T.);
#1048=ORIENTED_EDGE('',*,*,#3449,.F.);
#1049=ORIENTED_EDGE('',*,*,#3452,.F.);
#1050=ORIENTED_EDGE('',*,*,#3453,.T.);
#1051=ORIENTED_EDGE('',*,*,#3082,.F.);
#1052=ORIENTED_EDGE('',*,*,#3454,.F.);
#1053=ORIENTED_EDGE('',*,*,#3455,.F.);
#1054=ORIENTED_EDGE('',*,*,#3456,.T.);
#1055=ORIENTED_EDGE('',*,*,#3454,.T.);
#1056=ORIENTED_EDGE('',*,*,#3081,.T.);
#1057=ORIENTED_EDGE('',*,*,#3457,.F.);
#1058=ORIENTED_EDGE('',*,*,#3458,.T.);
#1059=ORIENTED_EDGE('',*,*,#3455,.T.);
#1060=ORIENTED_EDGE('',*,*,#3084,.T.);
#1061=ORIENTED_EDGE('',*,*,#3453,.F.);
#1062=ORIENTED_EDGE('',*,*,#3459,.T.);
#1063=ORIENTED_EDGE('',*,*,#3457,.T.);
#1064=ORIENTED_EDGE('',*,*,#3083,.T.);
#1065=ORIENTED_EDGE('',*,*,#3460,.T.);
#1066=ORIENTED_EDGE('',*,*,#3461,.T.);
#1067=ORIENTED_EDGE('',*,*,#3066,.F.);
#1068=ORIENTED_EDGE('',*,*,#3462,.T.);
#1069=ORIENTED_EDGE('',*,*,#3463,.F.);
#1070=ORIENTED_EDGE('',*,*,#3068,.F.);
#1071=ORIENTED_EDGE('',*,*,#3065,.T.);
#1072=ORIENTED_EDGE('',*,*,#3463,.T.);
#1073=ORIENTED_EDGE('',*,*,#3464,.F.);
#1074=ORIENTED_EDGE('',*,*,#3460,.F.);
#1075=ORIENTED_EDGE('',*,*,#3452,.T.);
#1076=ORIENTED_EDGE('',*,*,#3456,.F.);
#1077=ORIENTED_EDGE('',*,*,#3458,.F.);
#1078=ORIENTED_EDGE('',*,*,#3459,.F.);
#1079=ORIENTED_EDGE('',*,*,#3461,.F.);
#1080=ORIENTED_EDGE('',*,*,#3464,.T.);
#1081=ORIENTED_EDGE('',*,*,#3462,.F.);
#1082=ORIENTED_EDGE('',*,*,#3067,.F.);
#1083=ORIENTED_EDGE('',*,*,#3465,.F.);
#1084=ORIENTED_EDGE('',*,*,#3147,.T.);
#1085=ORIENTED_EDGE('',*,*,#3465,.T.);
#1086=ORIENTED_EDGE('',*,*,#3466,.F.);
#1087=ORIENTED_EDGE('',*,*,#3146,.T.);
#1088=ORIENTED_EDGE('',*,*,#3466,.T.);
#1089=ORIENTED_EDGE('',*,*,#3467,.F.);
#1090=ORIENTED_EDGE('',*,*,#3145,.T.);
#1091=ORIENTED_EDGE('',*,*,#3467,.T.);
#1092=ORIENTED_EDGE('',*,*,#3468,.F.);
#1093=ORIENTED_EDGE('',*,*,#3144,.T.);
#1094=ORIENTED_EDGE('',*,*,#3468,.T.);
#1095=ORIENTED_EDGE('',*,*,#3469,.F.);
#1096=ORIENTED_EDGE('',*,*,#3143,.T.);
#1097=ORIENTED_EDGE('',*,*,#3469,.T.);
#1098=ORIENTED_EDGE('',*,*,#3470,.F.);
#1099=ORIENTED_EDGE('',*,*,#3142,.T.);
#1100=ORIENTED_EDGE('',*,*,#3470,.T.);
#1101=ORIENTED_EDGE('',*,*,#3471,.F.);
#1102=ORIENTED_EDGE('',*,*,#3141,.T.);
#1103=ORIENTED_EDGE('',*,*,#3471,.T.);
#1104=ORIENTED_EDGE('',*,*,#3472,.T.);
#1105=ORIENTED_EDGE('',*,*,#3473,.T.);
#1106=ORIENTED_EDGE('',*,*,#3218,.F.);
#1107=ORIENTED_EDGE('',*,*,#3474,.T.);
#1108=ORIENTED_EDGE('',*,*,#3475,.F.);
#1109=ORIENTED_EDGE('',*,*,#3476,.T.);
#1110=ORIENTED_EDGE('',*,*,#3477,.T.);
#1111=ORIENTED_EDGE('',*,*,#3478,.T.);
#1112=ORIENTED_EDGE('',*,*,#3053,.F.);
#1113=ORIENTED_EDGE('',*,*,#3479,.T.);
#1114=ORIENTED_EDGE('',*,*,#3475,.T.);
#1115=ORIENTED_EDGE('',*,*,#3051,.F.);
#1116=ORIENTED_EDGE('',*,*,#3480,.T.);
#1117=ORIENTED_EDGE('',*,*,#3045,.T.);
#1118=ORIENTED_EDGE('',*,*,#3481,.T.);
#1119=ORIENTED_EDGE('',*,*,#3482,.T.);
#1120=ORIENTED_EDGE('',*,*,#3483,.T.);
#1121=ORIENTED_EDGE('',*,*,#3484,.T.);
#1122=ORIENTED_EDGE('',*,*,#3485,.T.);
#1123=ORIENTED_EDGE('',*,*,#3486,.T.);
#1124=ORIENTED_EDGE('',*,*,#3487,.T.);
#1125=ORIENTED_EDGE('',*,*,#3488,.T.);
#1126=ORIENTED_EDGE('',*,*,#3489,.T.);
#1127=ORIENTED_EDGE('',*,*,#3490,.T.);
#1128=ORIENTED_EDGE('',*,*,#3491,.T.);
#1129=ORIENTED_EDGE('',*,*,#3492,.T.);
#1130=ORIENTED_EDGE('',*,*,#3493,.T.);
#1131=ORIENTED_EDGE('',*,*,#3494,.T.);
#1132=ORIENTED_EDGE('',*,*,#3495,.T.);
#1133=ORIENTED_EDGE('',*,*,#3043,.F.);
#1134=ORIENTED_EDGE('',*,*,#3496,.T.);
#1135=ORIENTED_EDGE('',*,*,#3497,.F.);
#1136=ORIENTED_EDGE('',*,*,#3498,.T.);
#1137=ORIENTED_EDGE('',*,*,#3499,.T.);
#1138=ORIENTED_EDGE('',*,*,#3500,.T.);
#1139=ORIENTED_EDGE('',*,*,#3501,.T.);
#1140=ORIENTED_EDGE('',*,*,#3502,.T.);
#1141=ORIENTED_EDGE('',*,*,#3503,.T.);
#1142=ORIENTED_EDGE('',*,*,#3504,.T.);
#1143=ORIENTED_EDGE('',*,*,#3037,.F.);
#1144=ORIENTED_EDGE('',*,*,#3505,.T.);
#1145=ORIENTED_EDGE('',*,*,#3506,.T.);
#1146=ORIENTED_EDGE('',*,*,#3507,.T.);
#1147=ORIENTED_EDGE('',*,*,#3508,.T.);
#1148=ORIENTED_EDGE('',*,*,#3509,.T.);
#1149=ORIENTED_EDGE('',*,*,#3199,.F.);
#1150=ORIENTED_EDGE('',*,*,#3510,.T.);
#1151=ORIENTED_EDGE('',*,*,#3511,.T.);
#1152=ORIENTED_EDGE('',*,*,#3503,.F.);
#1153=ORIENTED_EDGE('',*,*,#3512,.T.);
#1154=ORIENTED_EDGE('',*,*,#3513,.T.);
#1155=ORIENTED_EDGE('',*,*,#3514,.T.);
#1156=ORIENTED_EDGE('',*,*,#3288,.T.);
#1157=ORIENTED_EDGE('',*,*,#3515,.T.);
#1158=ORIENTED_EDGE('',*,*,#3497,.T.);
#1159=ORIENTED_EDGE('',*,*,#3074,.F.);
#1160=ORIENTED_EDGE('',*,*,#3516,.T.);
#1161=ORIENTED_EDGE('',*,*,#3450,.F.);
#1162=ORIENTED_EDGE('',*,*,#3517,.F.);
#1163=ORIENTED_EDGE('',*,*,#3517,.T.);
#1164=ORIENTED_EDGE('',*,*,#3448,.F.);
#1165=ORIENTED_EDGE('',*,*,#3518,.F.);
#1166=ORIENTED_EDGE('',*,*,#3075,.F.);
#1167=ORIENTED_EDGE('',*,*,#3518,.T.);
#1168=ORIENTED_EDGE('',*,*,#3446,.F.);
#1169=ORIENTED_EDGE('',*,*,#3519,.F.);
#1170=ORIENTED_EDGE('',*,*,#3076,.F.);
#1171=ORIENTED_EDGE('',*,*,#3519,.T.);
#1172=ORIENTED_EDGE('',*,*,#3444,.F.);
#1173=ORIENTED_EDGE('',*,*,#3520,.F.);
#1174=ORIENTED_EDGE('',*,*,#3077,.F.);
#1175=ORIENTED_EDGE('',*,*,#3442,.F.);
#1176=ORIENTED_EDGE('',*,*,#3521,.T.);
#1177=ORIENTED_EDGE('',*,*,#3078,.F.);
#1178=ORIENTED_EDGE('',*,*,#3520,.T.);
#1179=ORIENTED_EDGE('',*,*,#3419,.F.);
#1180=ORIENTED_EDGE('',*,*,#3091,.F.);
#1181=ORIENTED_EDGE('',*,*,#3180,.F.);
#1182=ORIENTED_EDGE('',*,*,#3414,.F.);
#1183=ORIENTED_EDGE('',*,*,#3217,.F.);
#1184=ORIENTED_EDGE('',*,*,#3522,.T.);
#1185=ORIENTED_EDGE('',*,*,#3477,.F.);
#1186=ORIENTED_EDGE('',*,*,#3474,.F.);
#1187=ORIENTED_EDGE('',*,*,#3055,.F.);
#1188=ORIENTED_EDGE('',*,*,#3523,.T.);
#1189=ORIENTED_EDGE('',*,*,#3095,.F.);
#1190=ORIENTED_EDGE('',*,*,#3306,.F.);
#1191=ORIENTED_EDGE('',*,*,#3418,.F.);
#1192=ORIENTED_EDGE('',*,*,#3410,.F.);
#1193=ORIENTED_EDGE('',*,*,#3307,.F.);
#1194=ORIENTED_EDGE('',*,*,#3093,.F.);
#1195=ORIENTED_EDGE('',*,*,#3408,.F.);
#1196=ORIENTED_EDGE('',*,*,#3404,.F.);
#1197=ORIENTED_EDGE('',*,*,#3181,.F.);
#1198=ORIENTED_EDGE('',*,*,#3089,.F.);
#1199=ORIENTED_EDGE('',*,*,#3087,.F.);
#1200=ORIENTED_EDGE('',*,*,#3524,.T.);
#1201=ORIENTED_EDGE('',*,*,#3163,.F.);
#1202=ORIENTED_EDGE('',*,*,#3409,.F.);
#1203=ORIENTED_EDGE('',*,*,#3439,.F.);
#1204=ORIENTED_EDGE('',*,*,#3431,.F.);
#1205=ORIENTED_EDGE('',*,*,#3312,.F.);
#1206=ORIENTED_EDGE('',*,*,#3264,.F.);
#1207=ORIENTED_EDGE('',*,*,#3430,.F.);
#1208=ORIENTED_EDGE('',*,*,#3266,.F.);
#1209=ORIENTED_EDGE('',*,*,#3316,.F.);
#1210=ORIENTED_EDGE('',*,*,#3421,.F.);
#1211=ORIENTED_EDGE('',*,*,#3440,.F.);
#1212=ORIENTED_EDGE('',*,*,#3262,.F.);
#1213=ORIENTED_EDGE('',*,*,#3162,.F.);
#1214=ORIENTED_EDGE('',*,*,#3434,.F.);
#1215=ORIENTED_EDGE('',*,*,#3261,.F.);
#1216=ORIENTED_EDGE('',*,*,#3525,.T.);
#1217=ORIENTED_EDGE('',*,*,#3226,.F.);
#1218=ORIENTED_EDGE('',*,*,#3157,.F.);
#1219=ORIENTED_EDGE('',*,*,#3042,.F.);
#1220=ORIENTED_EDGE('',*,*,#3526,.T.);
#1221=ORIENTED_EDGE('',*,*,#3513,.F.);
#1222=ORIENTED_EDGE('',*,*,#3496,.F.);
#1223=ORIENTED_EDGE('',*,*,#3379,.F.);
#1224=ORIENTED_EDGE('',*,*,#3373,.F.);
#1225=ORIENTED_EDGE('',*,*,#3301,.F.);
#1226=ORIENTED_EDGE('',*,*,#3242,.F.);
#1227=ORIENTED_EDGE('',*,*,#3228,.F.);
#1228=ORIENTED_EDGE('',*,*,#3527,.T.);
#1229=ORIENTED_EDGE('',*,*,#3238,.F.);
#1230=ORIENTED_EDGE('',*,*,#3300,.F.);
#1231=ORIENTED_EDGE('',*,*,#3511,.F.);
#1232=ORIENTED_EDGE('',*,*,#3528,.T.);
#1233=ORIENTED_EDGE('',*,*,#3038,.F.);
#1234=ORIENTED_EDGE('',*,*,#3504,.F.);
#1235=ORIENTED_EDGE('',*,*,#3381,.F.);
#1236=ORIENTED_EDGE('',*,*,#3255,.F.);
#1237=ORIENTED_EDGE('',*,*,#3203,.F.);
#1238=ORIENTED_EDGE('',*,*,#3376,.F.);
#1239=ORIENTED_EDGE('',*,*,#3245,.F.);
#1240=ORIENTED_EDGE('',*,*,#3529,.T.);
#1241=ORIENTED_EDGE('',*,*,#3247,.F.);
#1242=ORIENTED_EDGE('',*,*,#3380,.F.);
#1243=ORIENTED_EDGE('',*,*,#3368,.F.);
#1244=ORIENTED_EDGE('',*,*,#3357,.F.);
#1245=ORIENTED_EDGE('',*,*,#3205,.F.);
#1246=ORIENTED_EDGE('',*,*,#3254,.F.);
#1247=ORIENTED_EDGE('',*,*,#3393,.F.);
#1248=ORIENTED_EDGE('',*,*,#3384,.F.);
#1249=ORIENTED_EDGE('',*,*,#3213,.F.);
#1250=ORIENTED_EDGE('',*,*,#3251,.F.);
#1251=ORIENTED_EDGE('',*,*,#3369,.F.);
#1252=ORIENTED_EDGE('',*,*,#3252,.F.);
#1253=ORIENTED_EDGE('',*,*,#3211,.F.);
#1254=ORIENTED_EDGE('',*,*,#3360,.F.);
#1255=ORIENTED_EDGE('',*,*,#3249,.F.);
#1256=ORIENTED_EDGE('',*,*,#3530,.T.);
#1257=ORIENTED_EDGE('',*,*,#3257,.F.);
#1258=ORIENTED_EDGE('',*,*,#3394,.F.);
#1259=ORIENTED_EDGE('',*,*,#3395,.F.);
#1260=ORIENTED_EDGE('',*,*,#3236,.F.);
#1261=ORIENTED_EDGE('',*,*,#3192,.F.);
#1262=ORIENTED_EDGE('',*,*,#3387,.F.);
#1263=ORIENTED_EDGE('',*,*,#3235,.F.);
#1264=ORIENTED_EDGE('',*,*,#3531,.T.);
#1265=ORIENTED_EDGE('',*,*,#3215,.F.);
#1266=ORIENTED_EDGE('',*,*,#3186,.F.);
#1267=ORIENTED_EDGE('',*,*,#3492,.F.);
#1268=ORIENTED_EDGE('',*,*,#3532,.T.);
#1269=ORIENTED_EDGE('',*,*,#3486,.F.);
#1270=ORIENTED_EDGE('',*,*,#3533,.T.);
#1271=ORIENTED_EDGE('',*,*,#3484,.F.);
#1272=ORIENTED_EDGE('',*,*,#3534,.T.);
#1273=ORIENTED_EDGE('',*,*,#3033,.F.);
#1274=ORIENTED_EDGE('',*,*,#3535,.T.);
#1275=ORIENTED_EDGE('',*,*,#3193,.F.);
#1276=ORIENTED_EDGE('',*,*,#3536,.T.);
#1277=ORIENTED_EDGE('',*,*,#3049,.F.);
#1278=ORIENTED_EDGE('',*,*,#3537,.T.);
#1279=ORIENTED_EDGE('',*,*,#3222,.F.);
#1280=ORIENTED_EDGE('',*,*,#3538,.T.);
#1281=ORIENTED_EDGE('',*,*,#3284,.F.);
#1282=ORIENTED_EDGE('',*,*,#3188,.F.);
#1283=ORIENTED_EDGE('',*,*,#3047,.F.);
#1284=ORIENTED_EDGE('',*,*,#3539,.T.);
#1285=ORIENTED_EDGE('',*,*,#3286,.F.);
#1286=ORIENTED_EDGE('',*,*,#3540,.T.);
#1287=ORIENTED_EDGE('',*,*,#3035,.F.);
#1288=ORIENTED_EDGE('',*,*,#3541,.T.);
#1289=ORIENTED_EDGE('',*,*,#3490,.F.);
#1290=ORIENTED_EDGE('',*,*,#3542,.T.);
#1291=ORIENTED_EDGE('',*,*,#3195,.F.);
#1292=ORIENTED_EDGE('',*,*,#3543,.T.);
#1293=ORIENTED_EDGE('',*,*,#3230,.F.);
#1294=ORIENTED_EDGE('',*,*,#3304,.F.);
#1295=ORIENTED_EDGE('',*,*,#3232,.F.);
#1296=ORIENTED_EDGE('',*,*,#3544,.T.);
#1297=ORIENTED_EDGE('',*,*,#3148,.F.);
#1298=ORIENTED_EDGE('',*,*,#3159,.F.);
#1299=ORIENTED_EDGE('',*,*,#3168,.F.);
#1300=ORIENTED_EDGE('',*,*,#3545,.T.);
#1301=ORIENTED_EDGE('',*,*,#3171,.F.);
#1302=ORIENTED_EDGE('',*,*,#3546,.T.);
#1303=ORIENTED_EDGE('',*,*,#3488,.F.);
#1304=ORIENTED_EDGE('',*,*,#3547,.T.);
#1305=ORIENTED_EDGE('',*,*,#3482,.F.);
#1306=ORIENTED_EDGE('',*,*,#3548,.T.);
#1307=ORIENTED_EDGE('',*,*,#3224,.F.);
#1308=ORIENTED_EDGE('',*,*,#3549,.T.);
#1309=ORIENTED_EDGE('',*,*,#3220,.F.);
#1310=ORIENTED_EDGE('',*,*,#3550,.T.);
#1311=ORIENTED_EDGE('',*,*,#3173,.F.);
#1312=ORIENTED_EDGE('',*,*,#3551,.T.);
#1313=ORIENTED_EDGE('',*,*,#3057,.F.);
#1314=ORIENTED_EDGE('',*,*,#3310,.F.);
#1315=ORIENTED_EDGE('',*,*,#3552,.F.);
#1316=ORIENTED_EDGE('',*,*,#3026,.F.);
#1317=ORIENTED_EDGE('',*,*,#3553,.F.);
#1318=ORIENTED_EDGE('',*,*,#3487,.F.);
#1319=ORIENTED_EDGE('',*,*,#3553,.T.);
#1320=ORIENTED_EDGE('',*,*,#3025,.F.);
#1321=ORIENTED_EDGE('',*,*,#3554,.F.);
#1322=ORIENTED_EDGE('',*,*,#3547,.F.);
#1323=ORIENTED_EDGE('',*,*,#3552,.T.);
#1324=ORIENTED_EDGE('',*,*,#3532,.F.);
#1325=ORIENTED_EDGE('',*,*,#3555,.F.);
#1326=ORIENTED_EDGE('',*,*,#3027,.F.);
#1327=ORIENTED_EDGE('',*,*,#3554,.T.);
#1328=ORIENTED_EDGE('',*,*,#3024,.F.);
#1329=ORIENTED_EDGE('',*,*,#3556,.F.);
#1330=ORIENTED_EDGE('',*,*,#3483,.F.);
#1331=ORIENTED_EDGE('',*,*,#3555,.T.);
#1332=ORIENTED_EDGE('',*,*,#3491,.F.);
#1333=ORIENTED_EDGE('',*,*,#3557,.F.);
#1334=ORIENTED_EDGE('',*,*,#3028,.F.);
#1335=ORIENTED_EDGE('',*,*,#3556,.T.);
#1336=ORIENTED_EDGE('',*,*,#3023,.F.);
#1337=ORIENTED_EDGE('',*,*,#3558,.F.);
#1338=ORIENTED_EDGE('',*,*,#3534,.F.);
#1339=ORIENTED_EDGE('',*,*,#3557,.T.);
#1340=ORIENTED_EDGE('',*,*,#3541,.F.);
#1341=ORIENTED_EDGE('',*,*,#3559,.F.);
#1342=ORIENTED_EDGE('',*,*,#3021,.F.);
#1343=ORIENTED_EDGE('',*,*,#3558,.T.);
#1344=ORIENTED_EDGE('',*,*,#3022,.F.);
#1345=ORIENTED_EDGE('',*,*,#3559,.T.);
#1346=ORIENTED_EDGE('',*,*,#3034,.F.);
#1347=ORIENTED_EDGE('',*,*,#3036,.F.);
#1348=ORIENTED_EDGE('',*,*,#3542,.F.);
#1349=ORIENTED_EDGE('',*,*,#3560,.F.);
#1350=ORIENTED_EDGE('',*,*,#3505,.F.);
#1351=ORIENTED_EDGE('',*,*,#3560,.T.);
#1352=ORIENTED_EDGE('',*,*,#3493,.F.);
#1353=ORIENTED_EDGE('',*,*,#3561,.F.);
#1354=ORIENTED_EDGE('',*,*,#3506,.F.);
#1355=ORIENTED_EDGE('',*,*,#3561,.T.);
#1356=ORIENTED_EDGE('',*,*,#3533,.F.);
#1357=ORIENTED_EDGE('',*,*,#3562,.F.);
#1358=ORIENTED_EDGE('',*,*,#3507,.F.);
#1359=ORIENTED_EDGE('',*,*,#3562,.T.);
#1360=ORIENTED_EDGE('',*,*,#3489,.F.);
#1361=ORIENTED_EDGE('',*,*,#3563,.F.);
#1362=ORIENTED_EDGE('',*,*,#3508,.F.);
#1363=ORIENTED_EDGE('',*,*,#3563,.T.);
#1364=ORIENTED_EDGE('',*,*,#3548,.F.);
#1365=ORIENTED_EDGE('',*,*,#3564,.F.);
#1366=ORIENTED_EDGE('',*,*,#3509,.F.);
#1367=ORIENTED_EDGE('',*,*,#3564,.T.);
#1368=ORIENTED_EDGE('',*,*,#3485,.F.);
#1369=ORIENTED_EDGE('',*,*,#3565,.F.);
#1370=ORIENTED_EDGE('',*,*,#3494,.F.);
#1371=ORIENTED_EDGE('',*,*,#3565,.T.);
#1372=ORIENTED_EDGE('',*,*,#3535,.F.);
#1373=ORIENTED_EDGE('',*,*,#3044,.F.);
#1374=ORIENTED_EDGE('',*,*,#3495,.F.);
#1375=ORIENTED_EDGE('',*,*,#3079,.F.);
#1376=ORIENTED_EDGE('',*,*,#3521,.F.);
#1377=ORIENTED_EDGE('',*,*,#3566,.F.);
#1378=ORIENTED_EDGE('',*,*,#3118,.F.);
#1379=ORIENTED_EDGE('',*,*,#3566,.T.);
#1380=ORIENTED_EDGE('',*,*,#3441,.F.);
#1381=ORIENTED_EDGE('',*,*,#3567,.F.);
#1382=ORIENTED_EDGE('',*,*,#3119,.F.);
#1383=ORIENTED_EDGE('',*,*,#3567,.T.);
#1384=ORIENTED_EDGE('',*,*,#3096,.F.);
#1385=ORIENTED_EDGE('',*,*,#3568,.F.);
#1386=ORIENTED_EDGE('',*,*,#3120,.F.);
#1387=ORIENTED_EDGE('',*,*,#3568,.T.);
#1388=ORIENTED_EDGE('',*,*,#3523,.F.);
#1389=ORIENTED_EDGE('',*,*,#3569,.F.);
#1390=ORIENTED_EDGE('',*,*,#3121,.F.);
#1391=ORIENTED_EDGE('',*,*,#3569,.T.);
#1392=ORIENTED_EDGE('',*,*,#3054,.F.);
#1393=ORIENTED_EDGE('',*,*,#3570,.F.);
#1394=ORIENTED_EDGE('',*,*,#3122,.F.);
#1395=ORIENTED_EDGE('',*,*,#3570,.T.);
#1396=ORIENTED_EDGE('',*,*,#3478,.F.);
#1397=ORIENTED_EDGE('',*,*,#3571,.F.);
#1398=ORIENTED_EDGE('',*,*,#3123,.F.);
#1399=ORIENTED_EDGE('',*,*,#3571,.T.);
#1400=ORIENTED_EDGE('',*,*,#3522,.F.);
#1401=ORIENTED_EDGE('',*,*,#3572,.F.);
#1402=ORIENTED_EDGE('',*,*,#3124,.F.);
#1403=ORIENTED_EDGE('',*,*,#3572,.T.);
#1404=ORIENTED_EDGE('',*,*,#3216,.F.);
#1405=ORIENTED_EDGE('',*,*,#3573,.F.);
#1406=ORIENTED_EDGE('',*,*,#3125,.F.);
#1407=ORIENTED_EDGE('',*,*,#3573,.T.);
#1408=ORIENTED_EDGE('',*,*,#3531,.F.);
#1409=ORIENTED_EDGE('',*,*,#3574,.F.);
#1410=ORIENTED_EDGE('',*,*,#3126,.F.);
#1411=ORIENTED_EDGE('',*,*,#3574,.T.);
#1412=ORIENTED_EDGE('',*,*,#3234,.F.);
#1413=ORIENTED_EDGE('',*,*,#3575,.F.);
#1414=ORIENTED_EDGE('',*,*,#3127,.F.);
#1415=ORIENTED_EDGE('',*,*,#3575,.T.);
#1416=ORIENTED_EDGE('',*,*,#3258,.F.);
#1417=ORIENTED_EDGE('',*,*,#3576,.F.);
#1418=ORIENTED_EDGE('',*,*,#3128,.F.);
#1419=ORIENTED_EDGE('',*,*,#3576,.T.);
#1420=ORIENTED_EDGE('',*,*,#3530,.F.);
#1421=ORIENTED_EDGE('',*,*,#3577,.F.);
#1422=ORIENTED_EDGE('',*,*,#3129,.F.);
#1423=ORIENTED_EDGE('',*,*,#3577,.T.);
#1424=ORIENTED_EDGE('',*,*,#3248,.F.);
#1425=ORIENTED_EDGE('',*,*,#3578,.F.);
#1426=ORIENTED_EDGE('',*,*,#3130,.F.);
#1427=ORIENTED_EDGE('',*,*,#3578,.T.);
#1428=ORIENTED_EDGE('',*,*,#3529,.F.);
#1429=ORIENTED_EDGE('',*,*,#3579,.F.);
#1430=ORIENTED_EDGE('',*,*,#3131,.F.);
#1431=ORIENTED_EDGE('',*,*,#3579,.T.);
#1432=ORIENTED_EDGE('',*,*,#3244,.F.);
#1433=ORIENTED_EDGE('',*,*,#3580,.F.);
#1434=ORIENTED_EDGE('',*,*,#3132,.F.);
#1435=ORIENTED_EDGE('',*,*,#3580,.T.);
#1436=ORIENTED_EDGE('',*,*,#3239,.F.);
#1437=ORIENTED_EDGE('',*,*,#3581,.F.);
#1438=ORIENTED_EDGE('',*,*,#3133,.F.);
#1439=ORIENTED_EDGE('',*,*,#3581,.T.);
#1440=ORIENTED_EDGE('',*,*,#3527,.F.);
#1441=ORIENTED_EDGE('',*,*,#3582,.F.);
#1442=ORIENTED_EDGE('',*,*,#3134,.F.);
#1443=ORIENTED_EDGE('',*,*,#3582,.T.);
#1444=ORIENTED_EDGE('',*,*,#3227,.F.);
#1445=ORIENTED_EDGE('',*,*,#3583,.F.);
#1446=ORIENTED_EDGE('',*,*,#3135,.F.);
#1447=ORIENTED_EDGE('',*,*,#3583,.T.);
#1448=ORIENTED_EDGE('',*,*,#3525,.F.);
#1449=ORIENTED_EDGE('',*,*,#3584,.F.);
#1450=ORIENTED_EDGE('',*,*,#3136,.F.);
#1451=ORIENTED_EDGE('',*,*,#3584,.T.);
#1452=ORIENTED_EDGE('',*,*,#3260,.F.);
#1453=ORIENTED_EDGE('',*,*,#3585,.F.);
#1454=ORIENTED_EDGE('',*,*,#3137,.F.);
#1455=ORIENTED_EDGE('',*,*,#3585,.T.);
#1456=ORIENTED_EDGE('',*,*,#3164,.F.);
#1457=ORIENTED_EDGE('',*,*,#3586,.F.);
#1458=ORIENTED_EDGE('',*,*,#3138,.F.);
#1459=ORIENTED_EDGE('',*,*,#3586,.T.);
#1460=ORIENTED_EDGE('',*,*,#3524,.F.);
#1461=ORIENTED_EDGE('',*,*,#3587,.F.);
#1462=ORIENTED_EDGE('',*,*,#3139,.F.);
#1463=ORIENTED_EDGE('',*,*,#3587,.T.);
#1464=ORIENTED_EDGE('',*,*,#3086,.F.);
#1465=ORIENTED_EDGE('',*,*,#3588,.F.);
#1466=ORIENTED_EDGE('',*,*,#3140,.F.);
#1467=ORIENTED_EDGE('',*,*,#3588,.T.);
#1468=ORIENTED_EDGE('',*,*,#3451,.F.);
#1469=ORIENTED_EDGE('',*,*,#3589,.F.);
#1470=ORIENTED_EDGE('',*,*,#3109,.F.);
#1471=ORIENTED_EDGE('',*,*,#3589,.T.);
#1472=ORIENTED_EDGE('',*,*,#3516,.F.);
#1473=ORIENTED_EDGE('',*,*,#3073,.F.);
#1474=ORIENTED_EDGE('',*,*,#3110,.F.);
#1475=ORIENTED_EDGE('',*,*,#3287,.F.);
#1476=ORIENTED_EDGE('',*,*,#3539,.F.);
#1477=ORIENTED_EDGE('',*,*,#3590,.F.);
#1478=ORIENTED_EDGE('',*,*,#3498,.F.);
#1479=ORIENTED_EDGE('',*,*,#3515,.F.);
#1480=ORIENTED_EDGE('',*,*,#3590,.T.);
#1481=ORIENTED_EDGE('',*,*,#3046,.F.);
#1482=ORIENTED_EDGE('',*,*,#3591,.F.);
#1483=ORIENTED_EDGE('',*,*,#3499,.F.);
#1484=ORIENTED_EDGE('',*,*,#3591,.T.);
#1485=ORIENTED_EDGE('',*,*,#3480,.F.);
#1486=ORIENTED_EDGE('',*,*,#3592,.F.);
#1487=ORIENTED_EDGE('',*,*,#3500,.F.);
#1488=ORIENTED_EDGE('',*,*,#3592,.T.);
#1489=ORIENTED_EDGE('',*,*,#3050,.F.);
#1490=ORIENTED_EDGE('',*,*,#3593,.F.);
#1491=ORIENTED_EDGE('',*,*,#3501,.F.);
#1492=ORIENTED_EDGE('',*,*,#3593,.T.);
#1493=ORIENTED_EDGE('',*,*,#3536,.F.);
#1494=ORIENTED_EDGE('',*,*,#3200,.F.);
#1495=ORIENTED_EDGE('',*,*,#3512,.F.);
#1496=ORIENTED_EDGE('',*,*,#3502,.F.);
#1497=ORIENTED_EDGE('',*,*,#3594,.F.);
#1498=ORIENTED_EDGE('',*,*,#3012,.F.);
#1499=ORIENTED_EDGE('',*,*,#3595,.F.);
#1500=ORIENTED_EDGE('',*,*,#3551,.F.);
#1501=ORIENTED_EDGE('',*,*,#3595,.T.);
#1502=ORIENTED_EDGE('',*,*,#3011,.F.);
#1503=ORIENTED_EDGE('',*,*,#3596,.F.);
#1504=ORIENTED_EDGE('',*,*,#3058,.F.);
#1505=ORIENTED_EDGE('',*,*,#3594,.T.);
#1506=ORIENTED_EDGE('',*,*,#3172,.F.);
#1507=ORIENTED_EDGE('',*,*,#3597,.F.);
#1508=ORIENTED_EDGE('',*,*,#3013,.F.);
#1509=ORIENTED_EDGE('',*,*,#3596,.T.);
#1510=ORIENTED_EDGE('',*,*,#3010,.F.);
#1511=ORIENTED_EDGE('',*,*,#3598,.F.);
#1512=ORIENTED_EDGE('',*,*,#3223,.F.);
#1513=ORIENTED_EDGE('',*,*,#3597,.T.);
#1514=ORIENTED_EDGE('',*,*,#3545,.F.);
#1515=ORIENTED_EDGE('',*,*,#3599,.F.);
#1516=ORIENTED_EDGE('',*,*,#3014,.F.);
#1517=ORIENTED_EDGE('',*,*,#3598,.T.);
#1518=ORIENTED_EDGE('',*,*,#3009,.F.);
#1519=ORIENTED_EDGE('',*,*,#3600,.F.);
#1520=ORIENTED_EDGE('',*,*,#3549,.F.);
#1521=ORIENTED_EDGE('',*,*,#3599,.T.);
#1522=ORIENTED_EDGE('',*,*,#3167,.F.);
#1523=ORIENTED_EDGE('',*,*,#3601,.F.);
#1524=ORIENTED_EDGE('',*,*,#3015,.F.);
#1525=ORIENTED_EDGE('',*,*,#3600,.T.);
#1526=ORIENTED_EDGE('',*,*,#3008,.F.);
#1527=ORIENTED_EDGE('',*,*,#3602,.F.);
#1528=ORIENTED_EDGE('',*,*,#3221,.F.);
#1529=ORIENTED_EDGE('',*,*,#3601,.T.);
#1530=ORIENTED_EDGE('',*,*,#3149,.F.);
#1531=ORIENTED_EDGE('',*,*,#3603,.F.);
#1532=ORIENTED_EDGE('',*,*,#3016,.F.);
#1533=ORIENTED_EDGE('',*,*,#3602,.T.);
#1534=ORIENTED_EDGE('',*,*,#3007,.F.);
#1535=ORIENTED_EDGE('',*,*,#3604,.F.);
#1536=ORIENTED_EDGE('',*,*,#3538,.F.);
#1537=ORIENTED_EDGE('',*,*,#3603,.T.);
#1538=ORIENTED_EDGE('',*,*,#3544,.F.);
#1539=ORIENTED_EDGE('',*,*,#3605,.F.);
#1540=ORIENTED_EDGE('',*,*,#3017,.F.);
#1541=ORIENTED_EDGE('',*,*,#3604,.T.);
#1542=ORIENTED_EDGE('',*,*,#3006,.F.);
#1543=ORIENTED_EDGE('',*,*,#3606,.F.);
#1544=ORIENTED_EDGE('',*,*,#3285,.F.);
#1545=ORIENTED_EDGE('',*,*,#3605,.T.);
#1546=ORIENTED_EDGE('',*,*,#3231,.F.);
#1547=ORIENTED_EDGE('',*,*,#3607,.F.);
#1548=ORIENTED_EDGE('',*,*,#3018,.F.);
#1549=ORIENTED_EDGE('',*,*,#3606,.T.);
#1550=ORIENTED_EDGE('',*,*,#3005,.F.);
#1551=ORIENTED_EDGE('',*,*,#3608,.F.);
#1552=ORIENTED_EDGE('',*,*,#3540,.F.);
#1553=ORIENTED_EDGE('',*,*,#3607,.T.);
#1554=ORIENTED_EDGE('',*,*,#3543,.F.);
#1555=ORIENTED_EDGE('',*,*,#3609,.F.);
#1556=ORIENTED_EDGE('',*,*,#3019,.F.);
#1557=ORIENTED_EDGE('',*,*,#3608,.T.);
#1558=ORIENTED_EDGE('',*,*,#3004,.F.);
#1559=ORIENTED_EDGE('',*,*,#3610,.F.);
#1560=ORIENTED_EDGE('',*,*,#3048,.F.);
#1561=ORIENTED_EDGE('',*,*,#3609,.T.);
#1562=ORIENTED_EDGE('',*,*,#3194,.F.);
#1563=ORIENTED_EDGE('',*,*,#3611,.F.);
#1564=ORIENTED_EDGE('',*,*,#3020,.F.);
#1565=ORIENTED_EDGE('',*,*,#3610,.T.);
#1566=ORIENTED_EDGE('',*,*,#3003,.F.);
#1567=ORIENTED_EDGE('',*,*,#3612,.F.);
#1568=ORIENTED_EDGE('',*,*,#3481,.F.);
#1569=ORIENTED_EDGE('',*,*,#3611,.T.);
#1570=ORIENTED_EDGE('',*,*,#3537,.F.);
#1571=ORIENTED_EDGE('',*,*,#3613,.F.);
#1572=ORIENTED_EDGE('',*,*,#3001,.F.);
#1573=ORIENTED_EDGE('',*,*,#3612,.T.);
#1574=ORIENTED_EDGE('',*,*,#3002,.F.);
#1575=ORIENTED_EDGE('',*,*,#3613,.T.);
#1576=ORIENTED_EDGE('',*,*,#3052,.F.);
#1577=ORIENTED_EDGE('',*,*,#3479,.F.);
#1578=ORIENTED_EDGE('',*,*,#3060,.F.);
#1579=ORIENTED_EDGE('',*,*,#3614,.F.);
#1580=ORIENTED_EDGE('',*,*,#3476,.F.);
#1581=ORIENTED_EDGE('',*,*,#3614,.T.);
#1582=ORIENTED_EDGE('',*,*,#3225,.F.);
#1583=ORIENTED_EDGE('',*,*,#3615,.F.);
#1584=ORIENTED_EDGE('',*,*,#3472,.F.);
#1585=ORIENTED_EDGE('',*,*,#3615,.T.);
#1586=ORIENTED_EDGE('',*,*,#3550,.F.);
#1587=ORIENTED_EDGE('',*,*,#3219,.F.);
#1588=ORIENTED_EDGE('',*,*,#3473,.F.);
#1589=ORIENTED_EDGE('',*,*,#3268,.F.);
#1590=ORIENTED_EDGE('',*,*,#3429,.F.);
#1591=ORIENTED_EDGE('',*,*,#3616,.F.);
#1592=ORIENTED_EDGE('',*,*,#3166,.F.);
#1593=ORIENTED_EDGE('',*,*,#3428,.F.);
#1594=ORIENTED_EDGE('',*,*,#3426,.F.);
#1595=ORIENTED_EDGE('',*,*,#3151,.F.);
#1596=ORIENTED_EDGE('',*,*,#3616,.T.);
#1597=ORIENTED_EDGE('',*,*,#3425,.F.);
#1598=ORIENTED_EDGE('',*,*,#3438,.F.);
#1599=ORIENTED_EDGE('',*,*,#3436,.F.);
#1600=ORIENTED_EDGE('',*,*,#3152,.F.);
#1601=ORIENTED_EDGE('',*,*,#3417,.F.);
#1602=ORIENTED_EDGE('',*,*,#3401,.F.);
#1603=ORIENTED_EDGE('',*,*,#3176,.F.);
#1604=ORIENTED_EDGE('',*,*,#3416,.F.);
#1605=ORIENTED_EDGE('',*,*,#3400,.F.);
#1606=ORIENTED_EDGE('',*,*,#3407,.F.);
#1607=ORIENTED_EDGE('',*,*,#3617,.F.);
#1608=ORIENTED_EDGE('',*,*,#3177,.F.);
#1609=ORIENTED_EDGE('',*,*,#3169,.F.);
#1610=ORIENTED_EDGE('',*,*,#3546,.F.);
#1611=ORIENTED_EDGE('',*,*,#3617,.T.);
#1612=ORIENTED_EDGE('',*,*,#3406,.F.);
#1613=ORIENTED_EDGE('',*,*,#3389,.F.);
#1614=ORIENTED_EDGE('',*,*,#3289,.F.);
#1615=ORIENTED_EDGE('',*,*,#3618,.F.);
#1616=ORIENTED_EDGE('',*,*,#3396,.F.);
#1617=ORIENTED_EDGE('',*,*,#3618,.T.);
#1618=ORIENTED_EDGE('',*,*,#3514,.F.);
#1619=ORIENTED_EDGE('',*,*,#3619,.F.);
#1620=ORIENTED_EDGE('',*,*,#3397,.F.);
#1621=ORIENTED_EDGE('',*,*,#3619,.T.);
#1622=ORIENTED_EDGE('',*,*,#3526,.F.);
#1623=ORIENTED_EDGE('',*,*,#3620,.F.);
#1624=ORIENTED_EDGE('',*,*,#3391,.F.);
#1625=ORIENTED_EDGE('',*,*,#3620,.T.);
#1626=ORIENTED_EDGE('',*,*,#3041,.F.);
#1627=ORIENTED_EDGE('',*,*,#3364,.F.);
#1628=ORIENTED_EDGE('',*,*,#3392,.F.);
#1629=ORIENTED_EDGE('',*,*,#3365,.F.);
#1630=ORIENTED_EDGE('',*,*,#3040,.F.);
#1631=ORIENTED_EDGE('',*,*,#3353,.F.);
#1632=ORIENTED_EDGE('',*,*,#3367,.F.);
#1633=ORIENTED_EDGE('',*,*,#3354,.F.);
#1634=ORIENTED_EDGE('',*,*,#3039,.F.);
#1635=ORIENTED_EDGE('',*,*,#3621,.F.);
#1636=ORIENTED_EDGE('',*,*,#3382,.F.);
#1637=ORIENTED_EDGE('',*,*,#3621,.T.);
#1638=ORIENTED_EDGE('',*,*,#3528,.F.);
#1639=ORIENTED_EDGE('',*,*,#3622,.F.);
#1640=ORIENTED_EDGE('',*,*,#3383,.F.);
#1641=ORIENTED_EDGE('',*,*,#3622,.T.);
#1642=ORIENTED_EDGE('',*,*,#3510,.F.);
#1643=ORIENTED_EDGE('',*,*,#3623,.F.);
#1644=ORIENTED_EDGE('',*,*,#3377,.F.);
#1645=ORIENTED_EDGE('',*,*,#3623,.T.);
#1646=ORIENTED_EDGE('',*,*,#3198,.F.);
#1647=ORIENTED_EDGE('',*,*,#3372,.F.);
#1648=ORIENTED_EDGE('',*,*,#3378,.F.);
#1649=ORIENTED_EDGE('',*,*,#3624,.F.);
#1650=ORIENTED_EDGE('',*,*,#3274,.F.);
#1651=ORIENTED_EDGE('',*,*,#3625,.F.);
#1652=ORIENTED_EDGE('',*,*,#3347,.F.);
#1653=ORIENTED_EDGE('',*,*,#3625,.T.);
#1654=ORIENTED_EDGE('',*,*,#3273,.F.);
#1655=ORIENTED_EDGE('',*,*,#3626,.F.);
#1656=ORIENTED_EDGE('',*,*,#3346,.F.);
#1657=ORIENTED_EDGE('',*,*,#3624,.T.);
#1658=ORIENTED_EDGE('',*,*,#3070,.F.);
#1659=ORIENTED_EDGE('',*,*,#3627,.F.);
#1660=ORIENTED_EDGE('',*,*,#3275,.F.);
#1661=ORIENTED_EDGE('',*,*,#3626,.T.);
#1662=ORIENTED_EDGE('',*,*,#3272,.F.);
#1663=ORIENTED_EDGE('',*,*,#3628,.F.);
#1664=ORIENTED_EDGE('',*,*,#3342,.F.);
#1665=ORIENTED_EDGE('',*,*,#3627,.T.);
#1666=ORIENTED_EDGE('',*,*,#3349,.F.);
#1667=ORIENTED_EDGE('',*,*,#3629,.F.);
#1668=ORIENTED_EDGE('',*,*,#3276,.F.);
#1669=ORIENTED_EDGE('',*,*,#3628,.T.);
#1670=ORIENTED_EDGE('',*,*,#3271,.F.);
#1671=ORIENTED_EDGE('',*,*,#3630,.F.);
#1672=ORIENTED_EDGE('',*,*,#3339,.F.);
#1673=ORIENTED_EDGE('',*,*,#3629,.T.);
#1674=ORIENTED_EDGE('',*,*,#3350,.F.);
#1675=ORIENTED_EDGE('',*,*,#3631,.F.);
#1676=ORIENTED_EDGE('',*,*,#3269,.F.);
#1677=ORIENTED_EDGE('',*,*,#3630,.T.);
#1678=ORIENTED_EDGE('',*,*,#3270,.F.);
#1679=ORIENTED_EDGE('',*,*,#3631,.T.);
#1680=ORIENTED_EDGE('',*,*,#3343,.F.);
#1681=ORIENTED_EDGE('',*,*,#3632,.T.);
#1682=ORIENTED_EDGE('',*,*,#3633,.T.);
#1683=ORIENTED_EDGE('',*,*,#3634,.F.);
#1684=ORIENTED_EDGE('',*,*,#3635,.F.);
#1685=ORIENTED_EDGE('',*,*,#3634,.T.);
#1686=ORIENTED_EDGE('',*,*,#3636,.T.);
#1687=ORIENTED_EDGE('',*,*,#3637,.F.);
#1688=ORIENTED_EDGE('',*,*,#3638,.T.);
#1689=ORIENTED_EDGE('',*,*,#3637,.T.);
#1690=ORIENTED_EDGE('',*,*,#3639,.T.);
#1691=ORIENTED_EDGE('',*,*,#3640,.F.);
#1692=ORIENTED_EDGE('',*,*,#3641,.F.);
#1693=ORIENTED_EDGE('',*,*,#3640,.T.);
#1694=ORIENTED_EDGE('',*,*,#3642,.T.);
#1695=ORIENTED_EDGE('',*,*,#3632,.F.);
#1696=ORIENTED_EDGE('',*,*,#3643,.F.);
#1697=ORIENTED_EDGE('',*,*,#3635,.T.);
#1698=ORIENTED_EDGE('',*,*,#3638,.F.);
#1699=ORIENTED_EDGE('',*,*,#3641,.T.);
#1700=ORIENTED_EDGE('',*,*,#3643,.T.);
#1701=ORIENTED_EDGE('',*,*,#3644,.T.);
#1702=ORIENTED_EDGE('',*,*,#3645,.T.);
#1703=ORIENTED_EDGE('',*,*,#3646,.F.);
#1704=ORIENTED_EDGE('',*,*,#3647,.F.);
#1705=ORIENTED_EDGE('',*,*,#3646,.T.);
#1706=ORIENTED_EDGE('',*,*,#3648,.T.);
#1707=ORIENTED_EDGE('',*,*,#3649,.F.);
#1708=ORIENTED_EDGE('',*,*,#3650,.T.);
#1709=ORIENTED_EDGE('',*,*,#3649,.T.);
#1710=ORIENTED_EDGE('',*,*,#3651,.T.);
#1711=ORIENTED_EDGE('',*,*,#3652,.F.);
#1712=ORIENTED_EDGE('',*,*,#3653,.F.);
#1713=ORIENTED_EDGE('',*,*,#3652,.T.);
#1714=ORIENTED_EDGE('',*,*,#3654,.T.);
#1715=ORIENTED_EDGE('',*,*,#3644,.F.);
#1716=ORIENTED_EDGE('',*,*,#3655,.F.);
#1717=ORIENTED_EDGE('',*,*,#3647,.T.);
#1718=ORIENTED_EDGE('',*,*,#3650,.F.);
#1719=ORIENTED_EDGE('',*,*,#3653,.T.);
#1720=ORIENTED_EDGE('',*,*,#3655,.T.);
#1721=ORIENTED_EDGE('',*,*,#3656,.F.);
#1722=ORIENTED_EDGE('',*,*,#3104,.F.);
#1723=ORIENTED_EDGE('',*,*,#3657,.F.);
#1724=ORIENTED_EDGE('',*,*,#3639,.F.);
#1725=ORIENTED_EDGE('',*,*,#3657,.T.);
#1726=ORIENTED_EDGE('',*,*,#3103,.F.);
#1727=ORIENTED_EDGE('',*,*,#3658,.F.);
#1728=ORIENTED_EDGE('',*,*,#3642,.F.);
#1729=ORIENTED_EDGE('',*,*,#3656,.T.);
#1730=ORIENTED_EDGE('',*,*,#3636,.F.);
#1731=ORIENTED_EDGE('',*,*,#3659,.F.);
#1732=ORIENTED_EDGE('',*,*,#3101,.F.);
#1733=ORIENTED_EDGE('',*,*,#3658,.T.);
#1734=ORIENTED_EDGE('',*,*,#3102,.F.);
#1735=ORIENTED_EDGE('',*,*,#3659,.T.);
#1736=ORIENTED_EDGE('',*,*,#3633,.F.);
#1737=ORIENTED_EDGE('',*,*,#3660,.F.);
#1738=ORIENTED_EDGE('',*,*,#3108,.F.);
#1739=ORIENTED_EDGE('',*,*,#3661,.F.);
#1740=ORIENTED_EDGE('',*,*,#3651,.F.);
#1741=ORIENTED_EDGE('',*,*,#3661,.T.);
#1742=ORIENTED_EDGE('',*,*,#3107,.F.);
#1743=ORIENTED_EDGE('',*,*,#3662,.F.);
#1744=ORIENTED_EDGE('',*,*,#3654,.F.);
#1745=ORIENTED_EDGE('',*,*,#3660,.T.);
#1746=ORIENTED_EDGE('',*,*,#3648,.F.);
#1747=ORIENTED_EDGE('',*,*,#3663,.F.);
#1748=ORIENTED_EDGE('',*,*,#3105,.F.);
#1749=ORIENTED_EDGE('',*,*,#3662,.T.);
#1750=ORIENTED_EDGE('',*,*,#3106,.F.);
#1751=ORIENTED_EDGE('',*,*,#3663,.T.);
#1752=ORIENTED_EDGE('',*,*,#3645,.F.);
#1753=ORIENTED_EDGE('',*,*,#3030,.F.);
#1754=ORIENTED_EDGE('',*,*,#3664,.F.);
#1755=ORIENTED_EDGE('',*,*,#3665,.T.);
#1756=ORIENTED_EDGE('',*,*,#3666,.T.);
#1757=ORIENTED_EDGE('',*,*,#3029,.T.);
#1758=ORIENTED_EDGE('',*,*,#3667,.F.);
#1759=ORIENTED_EDGE('',*,*,#3668,.F.);
#1760=ORIENTED_EDGE('',*,*,#3664,.T.);
#1761=ORIENTED_EDGE('',*,*,#3032,.T.);
#1762=ORIENTED_EDGE('',*,*,#3669,.F.);
#1763=ORIENTED_EDGE('',*,*,#3670,.F.);
#1764=ORIENTED_EDGE('',*,*,#3667,.T.);
#1765=ORIENTED_EDGE('',*,*,#3031,.F.);
#1766=ORIENTED_EDGE('',*,*,#3666,.F.);
#1767=ORIENTED_EDGE('',*,*,#3671,.T.);
#1768=ORIENTED_EDGE('',*,*,#3669,.T.);
#1769=ORIENTED_EDGE('',*,*,#3665,.F.);
#1770=ORIENTED_EDGE('',*,*,#3668,.T.);
#1771=ORIENTED_EDGE('',*,*,#3670,.T.);
#1772=ORIENTED_EDGE('',*,*,#3671,.F.);
#1773=ORIENTED_EDGE('',*,*,#3672,.F.);
#1774=ORIENTED_EDGE('',*,*,#3673,.T.);
#1775=ORIENTED_EDGE('',*,*,#3674,.T.);
#1776=ORIENTED_EDGE('',*,*,#3675,.F.);
#1777=ORIENTED_EDGE('',*,*,#3676,.F.);
#1778=ORIENTED_EDGE('',*,*,#3677,.T.);
#1779=ORIENTED_EDGE('',*,*,#3672,.T.);
#1780=ORIENTED_EDGE('',*,*,#3678,.F.);
#1781=ORIENTED_EDGE('',*,*,#3679,.F.);
#1782=ORIENTED_EDGE('',*,*,#3676,.T.);
#1783=ORIENTED_EDGE('',*,*,#3680,.T.);
#1784=ORIENTED_EDGE('',*,*,#3681,.F.);
#1785=ORIENTED_EDGE('',*,*,#3682,.F.);
#1786=ORIENTED_EDGE('',*,*,#3681,.T.);
#1787=ORIENTED_EDGE('',*,*,#3683,.T.);
#1788=ORIENTED_EDGE('',*,*,#3674,.F.);
#1789=ORIENTED_EDGE('',*,*,#3675,.T.);
#1790=ORIENTED_EDGE('',*,*,#3683,.F.);
#1791=ORIENTED_EDGE('',*,*,#3680,.F.);
#1792=ORIENTED_EDGE('',*,*,#3678,.T.);
#1793=ORIENTED_EDGE('',*,*,#3673,.F.);
#1794=ORIENTED_EDGE('',*,*,#3677,.F.);
#1795=ORIENTED_EDGE('',*,*,#3679,.T.);
#1796=ORIENTED_EDGE('',*,*,#3682,.T.);
#1797=ORIENTED_EDGE('',*,*,#3684,.F.);
#1798=ORIENTED_EDGE('',*,*,#3685,.T.);
#1799=ORIENTED_EDGE('',*,*,#3686,.T.);
#1800=ORIENTED_EDGE('',*,*,#3687,.F.);
#1801=ORIENTED_EDGE('',*,*,#3688,.F.);
#1802=ORIENTED_EDGE('',*,*,#3689,.T.);
#1803=ORIENTED_EDGE('',*,*,#3684,.T.);
#1804=ORIENTED_EDGE('',*,*,#3690,.F.);
#1805=ORIENTED_EDGE('',*,*,#3691,.F.);
#1806=ORIENTED_EDGE('',*,*,#3688,.T.);
#1807=ORIENTED_EDGE('',*,*,#3692,.T.);
#1808=ORIENTED_EDGE('',*,*,#3693,.F.);
#1809=ORIENTED_EDGE('',*,*,#3694,.F.);
#1810=ORIENTED_EDGE('',*,*,#3693,.T.);
#1811=ORIENTED_EDGE('',*,*,#3695,.T.);
#1812=ORIENTED_EDGE('',*,*,#3686,.F.);
#1813=ORIENTED_EDGE('',*,*,#3687,.T.);
#1814=ORIENTED_EDGE('',*,*,#3695,.F.);
#1815=ORIENTED_EDGE('',*,*,#3692,.F.);
#1816=ORIENTED_EDGE('',*,*,#3690,.T.);
#1817=ORIENTED_EDGE('',*,*,#3685,.F.);
#1818=ORIENTED_EDGE('',*,*,#3689,.F.);
#1819=ORIENTED_EDGE('',*,*,#3691,.T.);
#1820=ORIENTED_EDGE('',*,*,#3694,.T.);
#1821=ORIENTED_EDGE('',*,*,#3696,.F.);
#1822=ORIENTED_EDGE('',*,*,#3697,.T.);
#1823=ORIENTED_EDGE('',*,*,#3698,.T.);
#1824=ORIENTED_EDGE('',*,*,#3699,.F.);
#1825=ORIENTED_EDGE('',*,*,#3700,.F.);
#1826=ORIENTED_EDGE('',*,*,#3701,.T.);
#1827=ORIENTED_EDGE('',*,*,#3696,.T.);
#1828=ORIENTED_EDGE('',*,*,#3702,.F.);
#1829=ORIENTED_EDGE('',*,*,#3703,.F.);
#1830=ORIENTED_EDGE('',*,*,#3700,.T.);
#1831=ORIENTED_EDGE('',*,*,#3704,.T.);
#1832=ORIENTED_EDGE('',*,*,#3705,.F.);
#1833=ORIENTED_EDGE('',*,*,#3706,.F.);
#1834=ORIENTED_EDGE('',*,*,#3705,.T.);
#1835=ORIENTED_EDGE('',*,*,#3707,.T.);
#1836=ORIENTED_EDGE('',*,*,#3698,.F.);
#1837=ORIENTED_EDGE('',*,*,#3699,.T.);
#1838=ORIENTED_EDGE('',*,*,#3707,.F.);
#1839=ORIENTED_EDGE('',*,*,#3704,.F.);
#1840=ORIENTED_EDGE('',*,*,#3702,.T.);
#1841=ORIENTED_EDGE('',*,*,#3697,.F.);
#1842=ORIENTED_EDGE('',*,*,#3701,.F.);
#1843=ORIENTED_EDGE('',*,*,#3703,.T.);
#1844=ORIENTED_EDGE('',*,*,#3706,.T.);
#1845=ORIENTED_EDGE('',*,*,#3708,.F.);
#1846=ORIENTED_EDGE('',*,*,#3709,.T.);
#1847=ORIENTED_EDGE('',*,*,#3710,.T.);
#1848=ORIENTED_EDGE('',*,*,#3711,.F.);
#1849=ORIENTED_EDGE('',*,*,#3712,.F.);
#1850=ORIENTED_EDGE('',*,*,#3713,.T.);
#1851=ORIENTED_EDGE('',*,*,#3708,.T.);
#1852=ORIENTED_EDGE('',*,*,#3714,.F.);
#1853=ORIENTED_EDGE('',*,*,#3715,.F.);
#1854=ORIENTED_EDGE('',*,*,#3712,.T.);
#1855=ORIENTED_EDGE('',*,*,#3716,.T.);
#1856=ORIENTED_EDGE('',*,*,#3717,.F.);
#1857=ORIENTED_EDGE('',*,*,#3718,.F.);
#1858=ORIENTED_EDGE('',*,*,#3717,.T.);
#1859=ORIENTED_EDGE('',*,*,#3719,.T.);
#1860=ORIENTED_EDGE('',*,*,#3710,.F.);
#1861=ORIENTED_EDGE('',*,*,#3711,.T.);
#1862=ORIENTED_EDGE('',*,*,#3719,.F.);
#1863=ORIENTED_EDGE('',*,*,#3716,.F.);
#1864=ORIENTED_EDGE('',*,*,#3714,.T.);
#1865=ORIENTED_EDGE('',*,*,#3709,.F.);
#1866=ORIENTED_EDGE('',*,*,#3713,.F.);
#1867=ORIENTED_EDGE('',*,*,#3715,.T.);
#1868=ORIENTED_EDGE('',*,*,#3718,.T.);
#1869=ORIENTED_EDGE('',*,*,#3720,.F.);
#1870=ORIENTED_EDGE('',*,*,#3721,.T.);
#1871=ORIENTED_EDGE('',*,*,#3722,.T.);
#1872=ORIENTED_EDGE('',*,*,#3723,.F.);
#1873=ORIENTED_EDGE('',*,*,#3724,.F.);
#1874=ORIENTED_EDGE('',*,*,#3725,.T.);
#1875=ORIENTED_EDGE('',*,*,#3720,.T.);
#1876=ORIENTED_EDGE('',*,*,#3726,.F.);
#1877=ORIENTED_EDGE('',*,*,#3727,.F.);
#1878=ORIENTED_EDGE('',*,*,#3724,.T.);
#1879=ORIENTED_EDGE('',*,*,#3728,.T.);
#1880=ORIENTED_EDGE('',*,*,#3729,.F.);
#1881=ORIENTED_EDGE('',*,*,#3730,.F.);
#1882=ORIENTED_EDGE('',*,*,#3729,.T.);
#1883=ORIENTED_EDGE('',*,*,#3731,.T.);
#1884=ORIENTED_EDGE('',*,*,#3722,.F.);
#1885=ORIENTED_EDGE('',*,*,#3723,.T.);
#1886=ORIENTED_EDGE('',*,*,#3731,.F.);
#1887=ORIENTED_EDGE('',*,*,#3728,.F.);
#1888=ORIENTED_EDGE('',*,*,#3726,.T.);
#1889=ORIENTED_EDGE('',*,*,#3721,.F.);
#1890=ORIENTED_EDGE('',*,*,#3725,.F.);
#1891=ORIENTED_EDGE('',*,*,#3727,.T.);
#1892=ORIENTED_EDGE('',*,*,#3730,.T.);
#1893=ORIENTED_EDGE('',*,*,#3732,.F.);
#1894=ORIENTED_EDGE('',*,*,#3733,.T.);
#1895=ORIENTED_EDGE('',*,*,#3734,.T.);
#1896=ORIENTED_EDGE('',*,*,#3735,.F.);
#1897=ORIENTED_EDGE('',*,*,#3736,.F.);
#1898=ORIENTED_EDGE('',*,*,#3737,.T.);
#1899=ORIENTED_EDGE('',*,*,#3732,.T.);
#1900=ORIENTED_EDGE('',*,*,#3738,.F.);
#1901=ORIENTED_EDGE('',*,*,#3739,.F.);
#1902=ORIENTED_EDGE('',*,*,#3736,.T.);
#1903=ORIENTED_EDGE('',*,*,#3740,.T.);
#1904=ORIENTED_EDGE('',*,*,#3741,.F.);
#1905=ORIENTED_EDGE('',*,*,#3742,.F.);
#1906=ORIENTED_EDGE('',*,*,#3741,.T.);
#1907=ORIENTED_EDGE('',*,*,#3743,.T.);
#1908=ORIENTED_EDGE('',*,*,#3734,.F.);
#1909=ORIENTED_EDGE('',*,*,#3735,.T.);
#1910=ORIENTED_EDGE('',*,*,#3743,.F.);
#1911=ORIENTED_EDGE('',*,*,#3740,.F.);
#1912=ORIENTED_EDGE('',*,*,#3738,.T.);
#1913=ORIENTED_EDGE('',*,*,#3733,.F.);
#1914=ORIENTED_EDGE('',*,*,#3737,.F.);
#1915=ORIENTED_EDGE('',*,*,#3739,.T.);
#1916=ORIENTED_EDGE('',*,*,#3742,.T.);
#1917=ORIENTED_EDGE('',*,*,#3744,.F.);
#1918=ORIENTED_EDGE('',*,*,#3745,.T.);
#1919=ORIENTED_EDGE('',*,*,#3746,.T.);
#1920=ORIENTED_EDGE('',*,*,#3747,.F.);
#1921=ORIENTED_EDGE('',*,*,#3748,.F.);
#1922=ORIENTED_EDGE('',*,*,#3749,.T.);
#1923=ORIENTED_EDGE('',*,*,#3744,.T.);
#1924=ORIENTED_EDGE('',*,*,#3750,.F.);
#1925=ORIENTED_EDGE('',*,*,#3751,.F.);
#1926=ORIENTED_EDGE('',*,*,#3748,.T.);
#1927=ORIENTED_EDGE('',*,*,#3752,.T.);
#1928=ORIENTED_EDGE('',*,*,#3753,.F.);
#1929=ORIENTED_EDGE('',*,*,#3754,.F.);
#1930=ORIENTED_EDGE('',*,*,#3753,.T.);
#1931=ORIENTED_EDGE('',*,*,#3755,.T.);
#1932=ORIENTED_EDGE('',*,*,#3746,.F.);
#1933=ORIENTED_EDGE('',*,*,#3747,.T.);
#1934=ORIENTED_EDGE('',*,*,#3755,.F.);
#1935=ORIENTED_EDGE('',*,*,#3752,.F.);
#1936=ORIENTED_EDGE('',*,*,#3750,.T.);
#1937=ORIENTED_EDGE('',*,*,#3745,.F.);
#1938=ORIENTED_EDGE('',*,*,#3749,.F.);
#1939=ORIENTED_EDGE('',*,*,#3751,.T.);
#1940=ORIENTED_EDGE('',*,*,#3754,.T.);
#1941=ORIENTED_EDGE('',*,*,#3756,.F.);
#1942=ORIENTED_EDGE('',*,*,#3757,.T.);
#1943=ORIENTED_EDGE('',*,*,#3758,.T.);
#1944=ORIENTED_EDGE('',*,*,#3759,.F.);
#1945=ORIENTED_EDGE('',*,*,#3760,.F.);
#1946=ORIENTED_EDGE('',*,*,#3761,.T.);
#1947=ORIENTED_EDGE('',*,*,#3756,.T.);
#1948=ORIENTED_EDGE('',*,*,#3762,.F.);
#1949=ORIENTED_EDGE('',*,*,#3763,.F.);
#1950=ORIENTED_EDGE('',*,*,#3760,.T.);
#1951=ORIENTED_EDGE('',*,*,#3764,.T.);
#1952=ORIENTED_EDGE('',*,*,#3765,.F.);
#1953=ORIENTED_EDGE('',*,*,#3766,.F.);
#1954=ORIENTED_EDGE('',*,*,#3765,.T.);
#1955=ORIENTED_EDGE('',*,*,#3767,.T.);
#1956=ORIENTED_EDGE('',*,*,#3758,.F.);
#1957=ORIENTED_EDGE('',*,*,#3759,.T.);
#1958=ORIENTED_EDGE('',*,*,#3767,.F.);
#1959=ORIENTED_EDGE('',*,*,#3764,.F.);
#1960=ORIENTED_EDGE('',*,*,#3762,.T.);
#1961=ORIENTED_EDGE('',*,*,#3757,.F.);
#1962=ORIENTED_EDGE('',*,*,#3761,.F.);
#1963=ORIENTED_EDGE('',*,*,#3763,.T.);
#1964=ORIENTED_EDGE('',*,*,#3766,.T.);
#1965=ORIENTED_EDGE('',*,*,#3768,.F.);
#1966=ORIENTED_EDGE('',*,*,#3769,.T.);
#1967=ORIENTED_EDGE('',*,*,#3770,.T.);
#1968=ORIENTED_EDGE('',*,*,#3771,.F.);
#1969=ORIENTED_EDGE('',*,*,#3772,.F.);
#1970=ORIENTED_EDGE('',*,*,#3773,.T.);
#1971=ORIENTED_EDGE('',*,*,#3768,.T.);
#1972=ORIENTED_EDGE('',*,*,#3774,.F.);
#1973=ORIENTED_EDGE('',*,*,#3775,.F.);
#1974=ORIENTED_EDGE('',*,*,#3772,.T.);
#1975=ORIENTED_EDGE('',*,*,#3776,.T.);
#1976=ORIENTED_EDGE('',*,*,#3777,.F.);
#1977=ORIENTED_EDGE('',*,*,#3778,.F.);
#1978=ORIENTED_EDGE('',*,*,#3777,.T.);
#1979=ORIENTED_EDGE('',*,*,#3779,.T.);
#1980=ORIENTED_EDGE('',*,*,#3770,.F.);
#1981=ORIENTED_EDGE('',*,*,#3771,.T.);
#1982=ORIENTED_EDGE('',*,*,#3779,.F.);
#1983=ORIENTED_EDGE('',*,*,#3776,.F.);
#1984=ORIENTED_EDGE('',*,*,#3774,.T.);
#1985=ORIENTED_EDGE('',*,*,#3769,.F.);
#1986=ORIENTED_EDGE('',*,*,#3773,.F.);
#1987=ORIENTED_EDGE('',*,*,#3775,.T.);
#1988=ORIENTED_EDGE('',*,*,#3778,.T.);
#1989=ORIENTED_EDGE('',*,*,#3780,.F.);
#1990=ORIENTED_EDGE('',*,*,#3781,.T.);
#1991=ORIENTED_EDGE('',*,*,#3782,.T.);
#1992=ORIENTED_EDGE('',*,*,#3783,.F.);
#1993=ORIENTED_EDGE('',*,*,#3784,.F.);
#1994=ORIENTED_EDGE('',*,*,#3785,.T.);
#1995=ORIENTED_EDGE('',*,*,#3780,.T.);
#1996=ORIENTED_EDGE('',*,*,#3786,.F.);
#1997=ORIENTED_EDGE('',*,*,#3787,.F.);
#1998=ORIENTED_EDGE('',*,*,#3784,.T.);
#1999=ORIENTED_EDGE('',*,*,#3788,.T.);
#2000=ORIENTED_EDGE('',*,*,#3789,.F.);
#2001=ORIENTED_EDGE('',*,*,#3790,.F.);
#2002=ORIENTED_EDGE('',*,*,#3789,.T.);
#2003=ORIENTED_EDGE('',*,*,#3791,.T.);
#2004=ORIENTED_EDGE('',*,*,#3782,.F.);
#2005=ORIENTED_EDGE('',*,*,#3783,.T.);
#2006=ORIENTED_EDGE('',*,*,#3791,.F.);
#2007=ORIENTED_EDGE('',*,*,#3788,.F.);
#2008=ORIENTED_EDGE('',*,*,#3786,.T.);
#2009=ORIENTED_EDGE('',*,*,#3781,.F.);
#2010=ORIENTED_EDGE('',*,*,#3785,.F.);
#2011=ORIENTED_EDGE('',*,*,#3787,.T.);
#2012=ORIENTED_EDGE('',*,*,#3790,.T.);
#2013=ORIENTED_EDGE('',*,*,#3792,.F.);
#2014=ORIENTED_EDGE('',*,*,#3793,.T.);
#2015=ORIENTED_EDGE('',*,*,#3794,.T.);
#2016=ORIENTED_EDGE('',*,*,#3795,.F.);
#2017=ORIENTED_EDGE('',*,*,#3796,.F.);
#2018=ORIENTED_EDGE('',*,*,#3797,.T.);
#2019=ORIENTED_EDGE('',*,*,#3792,.T.);
#2020=ORIENTED_EDGE('',*,*,#3798,.F.);
#2021=ORIENTED_EDGE('',*,*,#3799,.F.);
#2022=ORIENTED_EDGE('',*,*,#3796,.T.);
#2023=ORIENTED_EDGE('',*,*,#3800,.T.);
#2024=ORIENTED_EDGE('',*,*,#3801,.F.);
#2025=ORIENTED_EDGE('',*,*,#3802,.F.);
#2026=ORIENTED_EDGE('',*,*,#3801,.T.);
#2027=ORIENTED_EDGE('',*,*,#3803,.T.);
#2028=ORIENTED_EDGE('',*,*,#3794,.F.);
#2029=ORIENTED_EDGE('',*,*,#3795,.T.);
#2030=ORIENTED_EDGE('',*,*,#3803,.F.);
#2031=ORIENTED_EDGE('',*,*,#3800,.F.);
#2032=ORIENTED_EDGE('',*,*,#3798,.T.);
#2033=ORIENTED_EDGE('',*,*,#3793,.F.);
#2034=ORIENTED_EDGE('',*,*,#3797,.F.);
#2035=ORIENTED_EDGE('',*,*,#3799,.T.);
#2036=ORIENTED_EDGE('',*,*,#3802,.T.);
#2037=ORIENTED_EDGE('',*,*,#3804,.F.);
#2038=ORIENTED_EDGE('',*,*,#3805,.T.);
#2039=ORIENTED_EDGE('',*,*,#3806,.T.);
#2040=ORIENTED_EDGE('',*,*,#3807,.F.);
#2041=ORIENTED_EDGE('',*,*,#3808,.F.);
#2042=ORIENTED_EDGE('',*,*,#3809,.T.);
#2043=ORIENTED_EDGE('',*,*,#3804,.T.);
#2044=ORIENTED_EDGE('',*,*,#3810,.F.);
#2045=ORIENTED_EDGE('',*,*,#3811,.F.);
#2046=ORIENTED_EDGE('',*,*,#3808,.T.);
#2047=ORIENTED_EDGE('',*,*,#3812,.T.);
#2048=ORIENTED_EDGE('',*,*,#3813,.F.);
#2049=ORIENTED_EDGE('',*,*,#3814,.F.);
#2050=ORIENTED_EDGE('',*,*,#3813,.T.);
#2051=ORIENTED_EDGE('',*,*,#3815,.T.);
#2052=ORIENTED_EDGE('',*,*,#3806,.F.);
#2053=ORIENTED_EDGE('',*,*,#3807,.T.);
#2054=ORIENTED_EDGE('',*,*,#3815,.F.);
#2055=ORIENTED_EDGE('',*,*,#3812,.F.);
#2056=ORIENTED_EDGE('',*,*,#3810,.T.);
#2057=ORIENTED_EDGE('',*,*,#3805,.F.);
#2058=ORIENTED_EDGE('',*,*,#3809,.F.);
#2059=ORIENTED_EDGE('',*,*,#3811,.T.);
#2060=ORIENTED_EDGE('',*,*,#3814,.T.);
#2061=ORIENTED_EDGE('',*,*,#3816,.F.);
#2062=ORIENTED_EDGE('',*,*,#3817,.T.);
#2063=ORIENTED_EDGE('',*,*,#3818,.T.);
#2064=ORIENTED_EDGE('',*,*,#3819,.F.);
#2065=ORIENTED_EDGE('',*,*,#3820,.F.);
#2066=ORIENTED_EDGE('',*,*,#3821,.T.);
#2067=ORIENTED_EDGE('',*,*,#3816,.T.);
#2068=ORIENTED_EDGE('',*,*,#3822,.F.);
#2069=ORIENTED_EDGE('',*,*,#3823,.F.);
#2070=ORIENTED_EDGE('',*,*,#3820,.T.);
#2071=ORIENTED_EDGE('',*,*,#3824,.T.);
#2072=ORIENTED_EDGE('',*,*,#3825,.F.);
#2073=ORIENTED_EDGE('',*,*,#3826,.F.);
#2074=ORIENTED_EDGE('',*,*,#3825,.T.);
#2075=ORIENTED_EDGE('',*,*,#3827,.T.);
#2076=ORIENTED_EDGE('',*,*,#3818,.F.);
#2077=ORIENTED_EDGE('',*,*,#3819,.T.);
#2078=ORIENTED_EDGE('',*,*,#3827,.F.);
#2079=ORIENTED_EDGE('',*,*,#3824,.F.);
#2080=ORIENTED_EDGE('',*,*,#3822,.T.);
#2081=ORIENTED_EDGE('',*,*,#3817,.F.);
#2082=ORIENTED_EDGE('',*,*,#3821,.F.);
#2083=ORIENTED_EDGE('',*,*,#3823,.T.);
#2084=ORIENTED_EDGE('',*,*,#3826,.T.);
#2085=ORIENTED_EDGE('',*,*,#3828,.F.);
#2086=ORIENTED_EDGE('',*,*,#3829,.T.);
#2087=ORIENTED_EDGE('',*,*,#3830,.T.);
#2088=ORIENTED_EDGE('',*,*,#3831,.F.);
#2089=ORIENTED_EDGE('',*,*,#3832,.F.);
#2090=ORIENTED_EDGE('',*,*,#3833,.T.);
#2091=ORIENTED_EDGE('',*,*,#3828,.T.);
#2092=ORIENTED_EDGE('',*,*,#3834,.F.);
#2093=ORIENTED_EDGE('',*,*,#3835,.F.);
#2094=ORIENTED_EDGE('',*,*,#3832,.T.);
#2095=ORIENTED_EDGE('',*,*,#3836,.T.);
#2096=ORIENTED_EDGE('',*,*,#3837,.F.);
#2097=ORIENTED_EDGE('',*,*,#3838,.F.);
#2098=ORIENTED_EDGE('',*,*,#3837,.T.);
#2099=ORIENTED_EDGE('',*,*,#3839,.T.);
#2100=ORIENTED_EDGE('',*,*,#3830,.F.);
#2101=ORIENTED_EDGE('',*,*,#3831,.T.);
#2102=ORIENTED_EDGE('',*,*,#3839,.F.);
#2103=ORIENTED_EDGE('',*,*,#3836,.F.);
#2104=ORIENTED_EDGE('',*,*,#3834,.T.);
#2105=ORIENTED_EDGE('',*,*,#3829,.F.);
#2106=ORIENTED_EDGE('',*,*,#3833,.F.);
#2107=ORIENTED_EDGE('',*,*,#3835,.T.);
#2108=ORIENTED_EDGE('',*,*,#3838,.T.);
#2109=ORIENTED_EDGE('',*,*,#3840,.F.);
#2110=ORIENTED_EDGE('',*,*,#3841,.T.);
#2111=ORIENTED_EDGE('',*,*,#3842,.T.);
#2112=ORIENTED_EDGE('',*,*,#3843,.F.);
#2113=ORIENTED_EDGE('',*,*,#3844,.F.);
#2114=ORIENTED_EDGE('',*,*,#3845,.T.);
#2115=ORIENTED_EDGE('',*,*,#3840,.T.);
#2116=ORIENTED_EDGE('',*,*,#3846,.F.);
#2117=ORIENTED_EDGE('',*,*,#3847,.F.);
#2118=ORIENTED_EDGE('',*,*,#3844,.T.);
#2119=ORIENTED_EDGE('',*,*,#3848,.T.);
#2120=ORIENTED_EDGE('',*,*,#3849,.F.);
#2121=ORIENTED_EDGE('',*,*,#3850,.F.);
#2122=ORIENTED_EDGE('',*,*,#3849,.T.);
#2123=ORIENTED_EDGE('',*,*,#3851,.T.);
#2124=ORIENTED_EDGE('',*,*,#3842,.F.);
#2125=ORIENTED_EDGE('',*,*,#3843,.T.);
#2126=ORIENTED_EDGE('',*,*,#3851,.F.);
#2127=ORIENTED_EDGE('',*,*,#3848,.F.);
#2128=ORIENTED_EDGE('',*,*,#3846,.T.);
#2129=ORIENTED_EDGE('',*,*,#3841,.F.);
#2130=ORIENTED_EDGE('',*,*,#3845,.F.);
#2131=ORIENTED_EDGE('',*,*,#3847,.T.);
#2132=ORIENTED_EDGE('',*,*,#3850,.T.);
#2133=ORIENTED_EDGE('',*,*,#3852,.F.);
#2134=ORIENTED_EDGE('',*,*,#3853,.T.);
#2135=ORIENTED_EDGE('',*,*,#3854,.T.);
#2136=ORIENTED_EDGE('',*,*,#3855,.F.);
#2137=ORIENTED_EDGE('',*,*,#3856,.F.);
#2138=ORIENTED_EDGE('',*,*,#3857,.T.);
#2139=ORIENTED_EDGE('',*,*,#3852,.T.);
#2140=ORIENTED_EDGE('',*,*,#3858,.F.);
#2141=ORIENTED_EDGE('',*,*,#3859,.F.);
#2142=ORIENTED_EDGE('',*,*,#3856,.T.);
#2143=ORIENTED_EDGE('',*,*,#3860,.T.);
#2144=ORIENTED_EDGE('',*,*,#3861,.F.);
#2145=ORIENTED_EDGE('',*,*,#3862,.F.);
#2146=ORIENTED_EDGE('',*,*,#3861,.T.);
#2147=ORIENTED_EDGE('',*,*,#3863,.T.);
#2148=ORIENTED_EDGE('',*,*,#3854,.F.);
#2149=ORIENTED_EDGE('',*,*,#3855,.T.);
#2150=ORIENTED_EDGE('',*,*,#3863,.F.);
#2151=ORIENTED_EDGE('',*,*,#3860,.F.);
#2152=ORIENTED_EDGE('',*,*,#3858,.T.);
#2153=ORIENTED_EDGE('',*,*,#3853,.F.);
#2154=ORIENTED_EDGE('',*,*,#3857,.F.);
#2155=ORIENTED_EDGE('',*,*,#3859,.T.);
#2156=ORIENTED_EDGE('',*,*,#3862,.T.);
#2157=ORIENTED_EDGE('',*,*,#3864,.F.);
#2158=ORIENTED_EDGE('',*,*,#3865,.T.);
#2159=ORIENTED_EDGE('',*,*,#3866,.T.);
#2160=ORIENTED_EDGE('',*,*,#3867,.F.);
#2161=ORIENTED_EDGE('',*,*,#3868,.F.);
#2162=ORIENTED_EDGE('',*,*,#3869,.T.);
#2163=ORIENTED_EDGE('',*,*,#3864,.T.);
#2164=ORIENTED_EDGE('',*,*,#3870,.F.);
#2165=ORIENTED_EDGE('',*,*,#3871,.F.);
#2166=ORIENTED_EDGE('',*,*,#3868,.T.);
#2167=ORIENTED_EDGE('',*,*,#3872,.T.);
#2168=ORIENTED_EDGE('',*,*,#3873,.F.);
#2169=ORIENTED_EDGE('',*,*,#3874,.F.);
#2170=ORIENTED_EDGE('',*,*,#3873,.T.);
#2171=ORIENTED_EDGE('',*,*,#3875,.T.);
#2172=ORIENTED_EDGE('',*,*,#3866,.F.);
#2173=ORIENTED_EDGE('',*,*,#3867,.T.);
#2174=ORIENTED_EDGE('',*,*,#3875,.F.);
#2175=ORIENTED_EDGE('',*,*,#3872,.F.);
#2176=ORIENTED_EDGE('',*,*,#3870,.T.);
#2177=ORIENTED_EDGE('',*,*,#3865,.F.);
#2178=ORIENTED_EDGE('',*,*,#3869,.F.);
#2179=ORIENTED_EDGE('',*,*,#3871,.T.);
#2180=ORIENTED_EDGE('',*,*,#3874,.T.);
#2181=ORIENTED_EDGE('',*,*,#3876,.F.);
#2182=ORIENTED_EDGE('',*,*,#3877,.T.);
#2183=ORIENTED_EDGE('',*,*,#3878,.T.);
#2184=ORIENTED_EDGE('',*,*,#3879,.F.);
#2185=ORIENTED_EDGE('',*,*,#3880,.F.);
#2186=ORIENTED_EDGE('',*,*,#3881,.T.);
#2187=ORIENTED_EDGE('',*,*,#3876,.T.);
#2188=ORIENTED_EDGE('',*,*,#3882,.F.);
#2189=ORIENTED_EDGE('',*,*,#3883,.F.);
#2190=ORIENTED_EDGE('',*,*,#3880,.T.);
#2191=ORIENTED_EDGE('',*,*,#3884,.T.);
#2192=ORIENTED_EDGE('',*,*,#3885,.F.);
#2193=ORIENTED_EDGE('',*,*,#3886,.F.);
#2194=ORIENTED_EDGE('',*,*,#3885,.T.);
#2195=ORIENTED_EDGE('',*,*,#3887,.T.);
#2196=ORIENTED_EDGE('',*,*,#3878,.F.);
#2197=ORIENTED_EDGE('',*,*,#3879,.T.);
#2198=ORIENTED_EDGE('',*,*,#3887,.F.);
#2199=ORIENTED_EDGE('',*,*,#3884,.F.);
#2200=ORIENTED_EDGE('',*,*,#3882,.T.);
#2201=ORIENTED_EDGE('',*,*,#3877,.F.);
#2202=ORIENTED_EDGE('',*,*,#3881,.F.);
#2203=ORIENTED_EDGE('',*,*,#3883,.T.);
#2204=ORIENTED_EDGE('',*,*,#3886,.T.);
#2205=ORIENTED_EDGE('',*,*,#3888,.F.);
#2206=ORIENTED_EDGE('',*,*,#3889,.T.);
#2207=ORIENTED_EDGE('',*,*,#3890,.T.);
#2208=ORIENTED_EDGE('',*,*,#3891,.F.);
#2209=ORIENTED_EDGE('',*,*,#3892,.F.);
#2210=ORIENTED_EDGE('',*,*,#3893,.T.);
#2211=ORIENTED_EDGE('',*,*,#3888,.T.);
#2212=ORIENTED_EDGE('',*,*,#3894,.F.);
#2213=ORIENTED_EDGE('',*,*,#3895,.F.);
#2214=ORIENTED_EDGE('',*,*,#3892,.T.);
#2215=ORIENTED_EDGE('',*,*,#3896,.T.);
#2216=ORIENTED_EDGE('',*,*,#3897,.F.);
#2217=ORIENTED_EDGE('',*,*,#3898,.F.);
#2218=ORIENTED_EDGE('',*,*,#3897,.T.);
#2219=ORIENTED_EDGE('',*,*,#3899,.T.);
#2220=ORIENTED_EDGE('',*,*,#3890,.F.);
#2221=ORIENTED_EDGE('',*,*,#3891,.T.);
#2222=ORIENTED_EDGE('',*,*,#3899,.F.);
#2223=ORIENTED_EDGE('',*,*,#3896,.F.);
#2224=ORIENTED_EDGE('',*,*,#3894,.T.);
#2225=ORIENTED_EDGE('',*,*,#3889,.F.);
#2226=ORIENTED_EDGE('',*,*,#3893,.F.);
#2227=ORIENTED_EDGE('',*,*,#3895,.T.);
#2228=ORIENTED_EDGE('',*,*,#3898,.T.);
#2229=ORIENTED_EDGE('',*,*,#3900,.F.);
#2230=ORIENTED_EDGE('',*,*,#3901,.T.);
#2231=ORIENTED_EDGE('',*,*,#3902,.T.);
#2232=ORIENTED_EDGE('',*,*,#3903,.F.);
#2233=ORIENTED_EDGE('',*,*,#3904,.F.);
#2234=ORIENTED_EDGE('',*,*,#3905,.T.);
#2235=ORIENTED_EDGE('',*,*,#3900,.T.);
#2236=ORIENTED_EDGE('',*,*,#3906,.F.);
#2237=ORIENTED_EDGE('',*,*,#3907,.F.);
#2238=ORIENTED_EDGE('',*,*,#3904,.T.);
#2239=ORIENTED_EDGE('',*,*,#3908,.T.);
#2240=ORIENTED_EDGE('',*,*,#3909,.F.);
#2241=ORIENTED_EDGE('',*,*,#3910,.F.);
#2242=ORIENTED_EDGE('',*,*,#3909,.T.);
#2243=ORIENTED_EDGE('',*,*,#3911,.T.);
#2244=ORIENTED_EDGE('',*,*,#3902,.F.);
#2245=ORIENTED_EDGE('',*,*,#3903,.T.);
#2246=ORIENTED_EDGE('',*,*,#3911,.F.);
#2247=ORIENTED_EDGE('',*,*,#3908,.F.);
#2248=ORIENTED_EDGE('',*,*,#3906,.T.);
#2249=ORIENTED_EDGE('',*,*,#3901,.F.);
#2250=ORIENTED_EDGE('',*,*,#3905,.F.);
#2251=ORIENTED_EDGE('',*,*,#3907,.T.);
#2252=ORIENTED_EDGE('',*,*,#3910,.T.);
#2253=ORIENTED_EDGE('',*,*,#3912,.F.);
#2254=ORIENTED_EDGE('',*,*,#3913,.T.);
#2255=ORIENTED_EDGE('',*,*,#3914,.T.);
#2256=ORIENTED_EDGE('',*,*,#3915,.F.);
#2257=ORIENTED_EDGE('',*,*,#3916,.F.);
#2258=ORIENTED_EDGE('',*,*,#3917,.T.);
#2259=ORIENTED_EDGE('',*,*,#3912,.T.);
#2260=ORIENTED_EDGE('',*,*,#3918,.F.);
#2261=ORIENTED_EDGE('',*,*,#3919,.F.);
#2262=ORIENTED_EDGE('',*,*,#3916,.T.);
#2263=ORIENTED_EDGE('',*,*,#3920,.T.);
#2264=ORIENTED_EDGE('',*,*,#3921,.F.);
#2265=ORIENTED_EDGE('',*,*,#3922,.F.);
#2266=ORIENTED_EDGE('',*,*,#3921,.T.);
#2267=ORIENTED_EDGE('',*,*,#3923,.T.);
#2268=ORIENTED_EDGE('',*,*,#3914,.F.);
#2269=ORIENTED_EDGE('',*,*,#3915,.T.);
#2270=ORIENTED_EDGE('',*,*,#3923,.F.);
#2271=ORIENTED_EDGE('',*,*,#3920,.F.);
#2272=ORIENTED_EDGE('',*,*,#3918,.T.);
#2273=ORIENTED_EDGE('',*,*,#3913,.F.);
#2274=ORIENTED_EDGE('',*,*,#3917,.F.);
#2275=ORIENTED_EDGE('',*,*,#3919,.T.);
#2276=ORIENTED_EDGE('',*,*,#3922,.T.);
#2277=ORIENTED_EDGE('',*,*,#3924,.F.);
#2278=ORIENTED_EDGE('',*,*,#3925,.T.);
#2279=ORIENTED_EDGE('',*,*,#3926,.T.);
#2280=ORIENTED_EDGE('',*,*,#3927,.F.);
#2281=ORIENTED_EDGE('',*,*,#3928,.F.);
#2282=ORIENTED_EDGE('',*,*,#3929,.T.);
#2283=ORIENTED_EDGE('',*,*,#3924,.T.);
#2284=ORIENTED_EDGE('',*,*,#3930,.F.);
#2285=ORIENTED_EDGE('',*,*,#3931,.F.);
#2286=ORIENTED_EDGE('',*,*,#3928,.T.);
#2287=ORIENTED_EDGE('',*,*,#3932,.T.);
#2288=ORIENTED_EDGE('',*,*,#3933,.F.);
#2289=ORIENTED_EDGE('',*,*,#3934,.F.);
#2290=ORIENTED_EDGE('',*,*,#3933,.T.);
#2291=ORIENTED_EDGE('',*,*,#3935,.T.);
#2292=ORIENTED_EDGE('',*,*,#3926,.F.);
#2293=ORIENTED_EDGE('',*,*,#3927,.T.);
#2294=ORIENTED_EDGE('',*,*,#3935,.F.);
#2295=ORIENTED_EDGE('',*,*,#3932,.F.);
#2296=ORIENTED_EDGE('',*,*,#3930,.T.);
#2297=ORIENTED_EDGE('',*,*,#3925,.F.);
#2298=ORIENTED_EDGE('',*,*,#3929,.F.);
#2299=ORIENTED_EDGE('',*,*,#3931,.T.);
#2300=ORIENTED_EDGE('',*,*,#3934,.T.);
#2301=ORIENTED_EDGE('',*,*,#3936,.F.);
#2302=ORIENTED_EDGE('',*,*,#3937,.T.);
#2303=ORIENTED_EDGE('',*,*,#3938,.T.);
#2304=ORIENTED_EDGE('',*,*,#3939,.F.);
#2305=ORIENTED_EDGE('',*,*,#3940,.F.);
#2306=ORIENTED_EDGE('',*,*,#3941,.T.);
#2307=ORIENTED_EDGE('',*,*,#3936,.T.);
#2308=ORIENTED_EDGE('',*,*,#3942,.F.);
#2309=ORIENTED_EDGE('',*,*,#3943,.F.);
#2310=ORIENTED_EDGE('',*,*,#3940,.T.);
#2311=ORIENTED_EDGE('',*,*,#3944,.T.);
#2312=ORIENTED_EDGE('',*,*,#3945,.F.);
#2313=ORIENTED_EDGE('',*,*,#3946,.F.);
#2314=ORIENTED_EDGE('',*,*,#3945,.T.);
#2315=ORIENTED_EDGE('',*,*,#3947,.T.);
#2316=ORIENTED_EDGE('',*,*,#3938,.F.);
#2317=ORIENTED_EDGE('',*,*,#3939,.T.);
#2318=ORIENTED_EDGE('',*,*,#3947,.F.);
#2319=ORIENTED_EDGE('',*,*,#3944,.F.);
#2320=ORIENTED_EDGE('',*,*,#3942,.T.);
#2321=ORIENTED_EDGE('',*,*,#3937,.F.);
#2322=ORIENTED_EDGE('',*,*,#3941,.F.);
#2323=ORIENTED_EDGE('',*,*,#3943,.T.);
#2324=ORIENTED_EDGE('',*,*,#3946,.T.);
#2325=ORIENTED_EDGE('',*,*,#3948,.F.);
#2326=ORIENTED_EDGE('',*,*,#3949,.T.);
#2327=ORIENTED_EDGE('',*,*,#3950,.T.);
#2328=ORIENTED_EDGE('',*,*,#3951,.F.);
#2329=ORIENTED_EDGE('',*,*,#3952,.F.);
#2330=ORIENTED_EDGE('',*,*,#3953,.T.);
#2331=ORIENTED_EDGE('',*,*,#3948,.T.);
#2332=ORIENTED_EDGE('',*,*,#3954,.F.);
#2333=ORIENTED_EDGE('',*,*,#3955,.F.);
#2334=ORIENTED_EDGE('',*,*,#3952,.T.);
#2335=ORIENTED_EDGE('',*,*,#3956,.T.);
#2336=ORIENTED_EDGE('',*,*,#3957,.F.);
#2337=ORIENTED_EDGE('',*,*,#3958,.F.);
#2338=ORIENTED_EDGE('',*,*,#3957,.T.);
#2339=ORIENTED_EDGE('',*,*,#3959,.T.);
#2340=ORIENTED_EDGE('',*,*,#3950,.F.);
#2341=ORIENTED_EDGE('',*,*,#3951,.T.);
#2342=ORIENTED_EDGE('',*,*,#3959,.F.);
#2343=ORIENTED_EDGE('',*,*,#3956,.F.);
#2344=ORIENTED_EDGE('',*,*,#3954,.T.);
#2345=ORIENTED_EDGE('',*,*,#3949,.F.);
#2346=ORIENTED_EDGE('',*,*,#3953,.F.);
#2347=ORIENTED_EDGE('',*,*,#3955,.T.);
#2348=ORIENTED_EDGE('',*,*,#3958,.T.);
#2349=ORIENTED_EDGE('',*,*,#3960,.F.);
#2350=ORIENTED_EDGE('',*,*,#3961,.T.);
#2351=ORIENTED_EDGE('',*,*,#3962,.T.);
#2352=ORIENTED_EDGE('',*,*,#3963,.F.);
#2353=ORIENTED_EDGE('',*,*,#3964,.F.);
#2354=ORIENTED_EDGE('',*,*,#3965,.T.);
#2355=ORIENTED_EDGE('',*,*,#3960,.T.);
#2356=ORIENTED_EDGE('',*,*,#3966,.F.);
#2357=ORIENTED_EDGE('',*,*,#3967,.F.);
#2358=ORIENTED_EDGE('',*,*,#3964,.T.);
#2359=ORIENTED_EDGE('',*,*,#3968,.T.);
#2360=ORIENTED_EDGE('',*,*,#3969,.F.);
#2361=ORIENTED_EDGE('',*,*,#3970,.F.);
#2362=ORIENTED_EDGE('',*,*,#3969,.T.);
#2363=ORIENTED_EDGE('',*,*,#3971,.T.);
#2364=ORIENTED_EDGE('',*,*,#3962,.F.);
#2365=ORIENTED_EDGE('',*,*,#3963,.T.);
#2366=ORIENTED_EDGE('',*,*,#3971,.F.);
#2367=ORIENTED_EDGE('',*,*,#3968,.F.);
#2368=ORIENTED_EDGE('',*,*,#3966,.T.);
#2369=ORIENTED_EDGE('',*,*,#3961,.F.);
#2370=ORIENTED_EDGE('',*,*,#3965,.F.);
#2371=ORIENTED_EDGE('',*,*,#3967,.T.);
#2372=ORIENTED_EDGE('',*,*,#3970,.T.);
#2373=ORIENTED_EDGE('',*,*,#3972,.F.);
#2374=ORIENTED_EDGE('',*,*,#3973,.F.);
#2375=ORIENTED_EDGE('',*,*,#3974,.T.);
#2376=ORIENTED_EDGE('',*,*,#3975,.T.);
#2377=ORIENTED_EDGE('',*,*,#3976,.T.);
#2378=ORIENTED_EDGE('',*,*,#3977,.F.);
#2379=ORIENTED_EDGE('',*,*,#3978,.F.);
#2380=ORIENTED_EDGE('',*,*,#3973,.T.);
#2381=ORIENTED_EDGE('',*,*,#3979,.T.);
#2382=ORIENTED_EDGE('',*,*,#3980,.F.);
#2383=ORIENTED_EDGE('',*,*,#3981,.F.);
#2384=ORIENTED_EDGE('',*,*,#3977,.T.);
#2385=ORIENTED_EDGE('',*,*,#3982,.F.);
#2386=ORIENTED_EDGE('',*,*,#3983,.F.);
#2387=ORIENTED_EDGE('',*,*,#3984,.T.);
#2388=ORIENTED_EDGE('',*,*,#3985,.T.);
#2389=ORIENTED_EDGE('',*,*,#3986,.F.);
#2390=ORIENTED_EDGE('',*,*,#3987,.F.);
#2391=ORIENTED_EDGE('',*,*,#3988,.T.);
#2392=ORIENTED_EDGE('',*,*,#3983,.T.);
#2393=ORIENTED_EDGE('',*,*,#3989,.F.);
#2394=ORIENTED_EDGE('',*,*,#3990,.F.);
#2395=ORIENTED_EDGE('',*,*,#3991,.T.);
#2396=ORIENTED_EDGE('',*,*,#3987,.T.);
#2397=ORIENTED_EDGE('',*,*,#3992,.F.);
#2398=ORIENTED_EDGE('',*,*,#3993,.F.);
#2399=ORIENTED_EDGE('',*,*,#3994,.T.);
#2400=ORIENTED_EDGE('',*,*,#3995,.T.);
#2401=ORIENTED_EDGE('',*,*,#3996,.F.);
#2402=ORIENTED_EDGE('',*,*,#3997,.F.);
#2403=ORIENTED_EDGE('',*,*,#3998,.T.);
#2404=ORIENTED_EDGE('',*,*,#3993,.T.);
#2405=ORIENTED_EDGE('',*,*,#3999,.F.);
#2406=ORIENTED_EDGE('',*,*,#4000,.F.);
#2407=ORIENTED_EDGE('',*,*,#4001,.T.);
#2408=ORIENTED_EDGE('',*,*,#3997,.T.);
#2409=ORIENTED_EDGE('',*,*,#4002,.F.);
#2410=ORIENTED_EDGE('',*,*,#4003,.F.);
#2411=ORIENTED_EDGE('',*,*,#4004,.T.);
#2412=ORIENTED_EDGE('',*,*,#4005,.T.);
#2413=ORIENTED_EDGE('',*,*,#4006,.F.);
#2414=ORIENTED_EDGE('',*,*,#4007,.F.);
#2415=ORIENTED_EDGE('',*,*,#4008,.T.);
#2416=ORIENTED_EDGE('',*,*,#4003,.T.);
#2417=ORIENTED_EDGE('',*,*,#4009,.F.);
#2418=ORIENTED_EDGE('',*,*,#4010,.F.);
#2419=ORIENTED_EDGE('',*,*,#4011,.T.);
#2420=ORIENTED_EDGE('',*,*,#4007,.T.);
#2421=ORIENTED_EDGE('',*,*,#4012,.F.);
#2422=ORIENTED_EDGE('',*,*,#4013,.F.);
#2423=ORIENTED_EDGE('',*,*,#4014,.T.);
#2424=ORIENTED_EDGE('',*,*,#4015,.T.);
#2425=ORIENTED_EDGE('',*,*,#4016,.F.);
#2426=ORIENTED_EDGE('',*,*,#4017,.F.);
#2427=ORIENTED_EDGE('',*,*,#4018,.T.);
#2428=ORIENTED_EDGE('',*,*,#4013,.T.);
#2429=ORIENTED_EDGE('',*,*,#4019,.F.);
#2430=ORIENTED_EDGE('',*,*,#4020,.F.);
#2431=ORIENTED_EDGE('',*,*,#4021,.T.);
#2432=ORIENTED_EDGE('',*,*,#4017,.T.);
#2433=ORIENTED_EDGE('',*,*,#4022,.F.);
#2434=ORIENTED_EDGE('',*,*,#4023,.F.);
#2435=ORIENTED_EDGE('',*,*,#4024,.T.);
#2436=ORIENTED_EDGE('',*,*,#4025,.T.);
#2437=ORIENTED_EDGE('',*,*,#4026,.F.);
#2438=ORIENTED_EDGE('',*,*,#4027,.F.);
#2439=ORIENTED_EDGE('',*,*,#4028,.T.);
#2440=ORIENTED_EDGE('',*,*,#4023,.T.);
#2441=ORIENTED_EDGE('',*,*,#4029,.F.);
#2442=ORIENTED_EDGE('',*,*,#4030,.F.);
#2443=ORIENTED_EDGE('',*,*,#4031,.T.);
#2444=ORIENTED_EDGE('',*,*,#4027,.T.);
#2445=ORIENTED_EDGE('',*,*,#4032,.F.);
#2446=ORIENTED_EDGE('',*,*,#4033,.F.);
#2447=ORIENTED_EDGE('',*,*,#4034,.T.);
#2448=ORIENTED_EDGE('',*,*,#4035,.T.);
#2449=ORIENTED_EDGE('',*,*,#4036,.F.);
#2450=ORIENTED_EDGE('',*,*,#4037,.F.);
#2451=ORIENTED_EDGE('',*,*,#4038,.T.);
#2452=ORIENTED_EDGE('',*,*,#4033,.T.);
#2453=ORIENTED_EDGE('',*,*,#4039,.F.);
#2454=ORIENTED_EDGE('',*,*,#4040,.F.);
#2455=ORIENTED_EDGE('',*,*,#4041,.T.);
#2456=ORIENTED_EDGE('',*,*,#4037,.T.);
#2457=ORIENTED_EDGE('',*,*,#4042,.F.);
#2458=ORIENTED_EDGE('',*,*,#4043,.F.);
#2459=ORIENTED_EDGE('',*,*,#4044,.T.);
#2460=ORIENTED_EDGE('',*,*,#4045,.T.);
#2461=ORIENTED_EDGE('',*,*,#4046,.F.);
#2462=ORIENTED_EDGE('',*,*,#4047,.F.);
#2463=ORIENTED_EDGE('',*,*,#4048,.T.);
#2464=ORIENTED_EDGE('',*,*,#4043,.T.);
#2465=ORIENTED_EDGE('',*,*,#4049,.F.);
#2466=ORIENTED_EDGE('',*,*,#4050,.F.);
#2467=ORIENTED_EDGE('',*,*,#4051,.T.);
#2468=ORIENTED_EDGE('',*,*,#4047,.T.);
#2469=ORIENTED_EDGE('',*,*,#4052,.F.);
#2470=ORIENTED_EDGE('',*,*,#4053,.F.);
#2471=ORIENTED_EDGE('',*,*,#4054,.T.);
#2472=ORIENTED_EDGE('',*,*,#4055,.T.);
#2473=ORIENTED_EDGE('',*,*,#4056,.F.);
#2474=ORIENTED_EDGE('',*,*,#4057,.F.);
#2475=ORIENTED_EDGE('',*,*,#4058,.T.);
#2476=ORIENTED_EDGE('',*,*,#4053,.T.);
#2477=ORIENTED_EDGE('',*,*,#4059,.F.);
#2478=ORIENTED_EDGE('',*,*,#4060,.F.);
#2479=ORIENTED_EDGE('',*,*,#4061,.T.);
#2480=ORIENTED_EDGE('',*,*,#4057,.T.);
#2481=ORIENTED_EDGE('',*,*,#4062,.F.);
#2482=ORIENTED_EDGE('',*,*,#4063,.F.);
#2483=ORIENTED_EDGE('',*,*,#4064,.T.);
#2484=ORIENTED_EDGE('',*,*,#4065,.T.);
#2485=ORIENTED_EDGE('',*,*,#4066,.F.);
#2486=ORIENTED_EDGE('',*,*,#4067,.F.);
#2487=ORIENTED_EDGE('',*,*,#4068,.T.);
#2488=ORIENTED_EDGE('',*,*,#4063,.T.);
#2489=ORIENTED_EDGE('',*,*,#4069,.F.);
#2490=ORIENTED_EDGE('',*,*,#4070,.F.);
#2491=ORIENTED_EDGE('',*,*,#4071,.T.);
#2492=ORIENTED_EDGE('',*,*,#4067,.T.);
#2493=ORIENTED_EDGE('',*,*,#4072,.F.);
#2494=ORIENTED_EDGE('',*,*,#4073,.F.);
#2495=ORIENTED_EDGE('',*,*,#4074,.T.);
#2496=ORIENTED_EDGE('',*,*,#4075,.T.);
#2497=ORIENTED_EDGE('',*,*,#4076,.F.);
#2498=ORIENTED_EDGE('',*,*,#4077,.F.);
#2499=ORIENTED_EDGE('',*,*,#4078,.T.);
#2500=ORIENTED_EDGE('',*,*,#4073,.T.);
#2501=ORIENTED_EDGE('',*,*,#4079,.F.);
#2502=ORIENTED_EDGE('',*,*,#4080,.F.);
#2503=ORIENTED_EDGE('',*,*,#4081,.T.);
#2504=ORIENTED_EDGE('',*,*,#4077,.T.);
#2505=ORIENTED_EDGE('',*,*,#4082,.F.);
#2506=ORIENTED_EDGE('',*,*,#4083,.F.);
#2507=ORIENTED_EDGE('',*,*,#4084,.T.);
#2508=ORIENTED_EDGE('',*,*,#4085,.T.);
#2509=ORIENTED_EDGE('',*,*,#4086,.F.);
#2510=ORIENTED_EDGE('',*,*,#4087,.F.);
#2511=ORIENTED_EDGE('',*,*,#4088,.T.);
#2512=ORIENTED_EDGE('',*,*,#4083,.T.);
#2513=ORIENTED_EDGE('',*,*,#4089,.F.);
#2514=ORIENTED_EDGE('',*,*,#4090,.F.);
#2515=ORIENTED_EDGE('',*,*,#4091,.T.);
#2516=ORIENTED_EDGE('',*,*,#4087,.T.);
#2517=ORIENTED_EDGE('',*,*,#4092,.F.);
#2518=ORIENTED_EDGE('',*,*,#4093,.F.);
#2519=ORIENTED_EDGE('',*,*,#4094,.T.);
#2520=ORIENTED_EDGE('',*,*,#4095,.T.);
#2521=ORIENTED_EDGE('',*,*,#4096,.F.);
#2522=ORIENTED_EDGE('',*,*,#4097,.F.);
#2523=ORIENTED_EDGE('',*,*,#4098,.T.);
#2524=ORIENTED_EDGE('',*,*,#4093,.T.);
#2525=ORIENTED_EDGE('',*,*,#4099,.F.);
#2526=ORIENTED_EDGE('',*,*,#4100,.F.);
#2527=ORIENTED_EDGE('',*,*,#4101,.T.);
#2528=ORIENTED_EDGE('',*,*,#4097,.T.);
#2529=ORIENTED_EDGE('',*,*,#4102,.F.);
#2530=ORIENTED_EDGE('',*,*,#4103,.F.);
#2531=ORIENTED_EDGE('',*,*,#4104,.T.);
#2532=ORIENTED_EDGE('',*,*,#4105,.T.);
#2533=ORIENTED_EDGE('',*,*,#4106,.F.);
#2534=ORIENTED_EDGE('',*,*,#4107,.F.);
#2535=ORIENTED_EDGE('',*,*,#4108,.T.);
#2536=ORIENTED_EDGE('',*,*,#4103,.T.);
#2537=ORIENTED_EDGE('',*,*,#4109,.F.);
#2538=ORIENTED_EDGE('',*,*,#4110,.F.);
#2539=ORIENTED_EDGE('',*,*,#4111,.T.);
#2540=ORIENTED_EDGE('',*,*,#4107,.T.);
#2541=ORIENTED_EDGE('',*,*,#4112,.F.);
#2542=ORIENTED_EDGE('',*,*,#4113,.F.);
#2543=ORIENTED_EDGE('',*,*,#4114,.T.);
#2544=ORIENTED_EDGE('',*,*,#4115,.T.);
#2545=ORIENTED_EDGE('',*,*,#4116,.F.);
#2546=ORIENTED_EDGE('',*,*,#4117,.F.);
#2547=ORIENTED_EDGE('',*,*,#4118,.T.);
#2548=ORIENTED_EDGE('',*,*,#4113,.T.);
#2549=ORIENTED_EDGE('',*,*,#4119,.F.);
#2550=ORIENTED_EDGE('',*,*,#4120,.F.);
#2551=ORIENTED_EDGE('',*,*,#4121,.T.);
#2552=ORIENTED_EDGE('',*,*,#4117,.T.);
#2553=ORIENTED_EDGE('',*,*,#4122,.F.);
#2554=ORIENTED_EDGE('',*,*,#4123,.F.);
#2555=ORIENTED_EDGE('',*,*,#4124,.T.);
#2556=ORIENTED_EDGE('',*,*,#4125,.T.);
#2557=ORIENTED_EDGE('',*,*,#4126,.F.);
#2558=ORIENTED_EDGE('',*,*,#4127,.F.);
#2559=ORIENTED_EDGE('',*,*,#4128,.T.);
#2560=ORIENTED_EDGE('',*,*,#4123,.T.);
#2561=ORIENTED_EDGE('',*,*,#4129,.F.);
#2562=ORIENTED_EDGE('',*,*,#4130,.F.);
#2563=ORIENTED_EDGE('',*,*,#4131,.T.);
#2564=ORIENTED_EDGE('',*,*,#4127,.T.);
#2565=ORIENTED_EDGE('',*,*,#4132,.F.);
#2566=ORIENTED_EDGE('',*,*,#4133,.F.);
#2567=ORIENTED_EDGE('',*,*,#4134,.T.);
#2568=ORIENTED_EDGE('',*,*,#4135,.T.);
#2569=ORIENTED_EDGE('',*,*,#4136,.F.);
#2570=ORIENTED_EDGE('',*,*,#4137,.F.);
#2571=ORIENTED_EDGE('',*,*,#4138,.T.);
#2572=ORIENTED_EDGE('',*,*,#4133,.T.);
#2573=ORIENTED_EDGE('',*,*,#4139,.F.);
#2574=ORIENTED_EDGE('',*,*,#4140,.F.);
#2575=ORIENTED_EDGE('',*,*,#4141,.T.);
#2576=ORIENTED_EDGE('',*,*,#4137,.T.);
#2577=ORIENTED_EDGE('',*,*,#4142,.F.);
#2578=ORIENTED_EDGE('',*,*,#4143,.F.);
#2579=ORIENTED_EDGE('',*,*,#4144,.T.);
#2580=ORIENTED_EDGE('',*,*,#4145,.T.);
#2581=ORIENTED_EDGE('',*,*,#4146,.F.);
#2582=ORIENTED_EDGE('',*,*,#4147,.F.);
#2583=ORIENTED_EDGE('',*,*,#4148,.T.);
#2584=ORIENTED_EDGE('',*,*,#4143,.T.);
#2585=ORIENTED_EDGE('',*,*,#4149,.F.);
#2586=ORIENTED_EDGE('',*,*,#4150,.F.);
#2587=ORIENTED_EDGE('',*,*,#4151,.T.);
#2588=ORIENTED_EDGE('',*,*,#4147,.T.);
#2589=ORIENTED_EDGE('',*,*,#4152,.F.);
#2590=ORIENTED_EDGE('',*,*,#4153,.F.);
#2591=ORIENTED_EDGE('',*,*,#4154,.T.);
#2592=ORIENTED_EDGE('',*,*,#4155,.T.);
#2593=ORIENTED_EDGE('',*,*,#4156,.F.);
#2594=ORIENTED_EDGE('',*,*,#4157,.F.);
#2595=ORIENTED_EDGE('',*,*,#4158,.T.);
#2596=ORIENTED_EDGE('',*,*,#4153,.T.);
#2597=ORIENTED_EDGE('',*,*,#4159,.F.);
#2598=ORIENTED_EDGE('',*,*,#4160,.F.);
#2599=ORIENTED_EDGE('',*,*,#4161,.T.);
#2600=ORIENTED_EDGE('',*,*,#4157,.T.);
#2601=ORIENTED_EDGE('',*,*,#4162,.F.);
#2602=ORIENTED_EDGE('',*,*,#4163,.F.);
#2603=ORIENTED_EDGE('',*,*,#4164,.T.);
#2604=ORIENTED_EDGE('',*,*,#4165,.T.);
#2605=ORIENTED_EDGE('',*,*,#4166,.F.);
#2606=ORIENTED_EDGE('',*,*,#4167,.F.);
#2607=ORIENTED_EDGE('',*,*,#4168,.T.);
#2608=ORIENTED_EDGE('',*,*,#4163,.T.);
#2609=ORIENTED_EDGE('',*,*,#4169,.F.);
#2610=ORIENTED_EDGE('',*,*,#4170,.F.);
#2611=ORIENTED_EDGE('',*,*,#4171,.T.);
#2612=ORIENTED_EDGE('',*,*,#4167,.T.);
#2613=ORIENTED_EDGE('',*,*,#4172,.F.);
#2614=ORIENTED_EDGE('',*,*,#4173,.F.);
#2615=ORIENTED_EDGE('',*,*,#4174,.T.);
#2616=ORIENTED_EDGE('',*,*,#4175,.T.);
#2617=ORIENTED_EDGE('',*,*,#4176,.F.);
#2618=ORIENTED_EDGE('',*,*,#4177,.F.);
#2619=ORIENTED_EDGE('',*,*,#4178,.T.);
#2620=ORIENTED_EDGE('',*,*,#4173,.T.);
#2621=ORIENTED_EDGE('',*,*,#4179,.F.);
#2622=ORIENTED_EDGE('',*,*,#4180,.F.);
#2623=ORIENTED_EDGE('',*,*,#4181,.T.);
#2624=ORIENTED_EDGE('',*,*,#4177,.T.);
#2625=ORIENTED_EDGE('',*,*,#4182,.F.);
#2626=ORIENTED_EDGE('',*,*,#4183,.F.);
#2627=ORIENTED_EDGE('',*,*,#4184,.T.);
#2628=ORIENTED_EDGE('',*,*,#4185,.T.);
#2629=ORIENTED_EDGE('',*,*,#4186,.F.);
#2630=ORIENTED_EDGE('',*,*,#4187,.F.);
#2631=ORIENTED_EDGE('',*,*,#4188,.T.);
#2632=ORIENTED_EDGE('',*,*,#4183,.T.);
#2633=ORIENTED_EDGE('',*,*,#4189,.F.);
#2634=ORIENTED_EDGE('',*,*,#4190,.F.);
#2635=ORIENTED_EDGE('',*,*,#4191,.T.);
#2636=ORIENTED_EDGE('',*,*,#4187,.T.);
#2637=ORIENTED_EDGE('',*,*,#4192,.F.);
#2638=ORIENTED_EDGE('',*,*,#4193,.F.);
#2639=ORIENTED_EDGE('',*,*,#4194,.T.);
#2640=ORIENTED_EDGE('',*,*,#4195,.T.);
#2641=ORIENTED_EDGE('',*,*,#4196,.F.);
#2642=ORIENTED_EDGE('',*,*,#4197,.F.);
#2643=ORIENTED_EDGE('',*,*,#4198,.T.);
#2644=ORIENTED_EDGE('',*,*,#4193,.T.);
#2645=ORIENTED_EDGE('',*,*,#4199,.F.);
#2646=ORIENTED_EDGE('',*,*,#4200,.F.);
#2647=ORIENTED_EDGE('',*,*,#4201,.T.);
#2648=ORIENTED_EDGE('',*,*,#4197,.T.);
#2649=ORIENTED_EDGE('',*,*,#4202,.F.);
#2650=ORIENTED_EDGE('',*,*,#4203,.F.);
#2651=ORIENTED_EDGE('',*,*,#4204,.T.);
#2652=ORIENTED_EDGE('',*,*,#4205,.T.);
#2653=ORIENTED_EDGE('',*,*,#4206,.F.);
#2654=ORIENTED_EDGE('',*,*,#4207,.F.);
#2655=ORIENTED_EDGE('',*,*,#4208,.T.);
#2656=ORIENTED_EDGE('',*,*,#4203,.T.);
#2657=ORIENTED_EDGE('',*,*,#4209,.F.);
#2658=ORIENTED_EDGE('',*,*,#4210,.F.);
#2659=ORIENTED_EDGE('',*,*,#4211,.T.);
#2660=ORIENTED_EDGE('',*,*,#4207,.T.);
#2661=ORIENTED_EDGE('',*,*,#4212,.F.);
#2662=ORIENTED_EDGE('',*,*,#4213,.F.);
#2663=ORIENTED_EDGE('',*,*,#4214,.T.);
#2664=ORIENTED_EDGE('',*,*,#4215,.T.);
#2665=ORIENTED_EDGE('',*,*,#4216,.F.);
#2666=ORIENTED_EDGE('',*,*,#4217,.F.);
#2667=ORIENTED_EDGE('',*,*,#4218,.T.);
#2668=ORIENTED_EDGE('',*,*,#4213,.T.);
#2669=ORIENTED_EDGE('',*,*,#4219,.F.);
#2670=ORIENTED_EDGE('',*,*,#4220,.F.);
#2671=ORIENTED_EDGE('',*,*,#4221,.T.);
#2672=ORIENTED_EDGE('',*,*,#4217,.T.);
#2673=ORIENTED_EDGE('',*,*,#4222,.F.);
#2674=ORIENTED_EDGE('',*,*,#4223,.F.);
#2675=ORIENTED_EDGE('',*,*,#4224,.T.);
#2676=ORIENTED_EDGE('',*,*,#4225,.T.);
#2677=ORIENTED_EDGE('',*,*,#4226,.F.);
#2678=ORIENTED_EDGE('',*,*,#4227,.F.);
#2679=ORIENTED_EDGE('',*,*,#4228,.T.);
#2680=ORIENTED_EDGE('',*,*,#4223,.T.);
#2681=ORIENTED_EDGE('',*,*,#4229,.F.);
#2682=ORIENTED_EDGE('',*,*,#4230,.F.);
#2683=ORIENTED_EDGE('',*,*,#4231,.T.);
#2684=ORIENTED_EDGE('',*,*,#4227,.T.);
#2685=ORIENTED_EDGE('',*,*,#4232,.F.);
#2686=ORIENTED_EDGE('',*,*,#3985,.F.);
#2687=ORIENTED_EDGE('',*,*,#4233,.T.);
#2688=ORIENTED_EDGE('',*,*,#3990,.T.);
#2689=ORIENTED_EDGE('',*,*,#4234,.F.);
#2690=ORIENTED_EDGE('',*,*,#3995,.F.);
#2691=ORIENTED_EDGE('',*,*,#4235,.T.);
#2692=ORIENTED_EDGE('',*,*,#4000,.T.);
#2693=ORIENTED_EDGE('',*,*,#4236,.F.);
#2694=ORIENTED_EDGE('',*,*,#4005,.F.);
#2695=ORIENTED_EDGE('',*,*,#4237,.T.);
#2696=ORIENTED_EDGE('',*,*,#4010,.T.);
#2697=ORIENTED_EDGE('',*,*,#4238,.F.);
#2698=ORIENTED_EDGE('',*,*,#4015,.F.);
#2699=ORIENTED_EDGE('',*,*,#4239,.T.);
#2700=ORIENTED_EDGE('',*,*,#4020,.T.);
#2701=ORIENTED_EDGE('',*,*,#4240,.F.);
#2702=ORIENTED_EDGE('',*,*,#4025,.F.);
#2703=ORIENTED_EDGE('',*,*,#4241,.T.);
#2704=ORIENTED_EDGE('',*,*,#4030,.T.);
#2705=ORIENTED_EDGE('',*,*,#4242,.F.);
#2706=ORIENTED_EDGE('',*,*,#4035,.F.);
#2707=ORIENTED_EDGE('',*,*,#4243,.T.);
#2708=ORIENTED_EDGE('',*,*,#4040,.T.);
#2709=ORIENTED_EDGE('',*,*,#4244,.F.);
#2710=ORIENTED_EDGE('',*,*,#4045,.F.);
#2711=ORIENTED_EDGE('',*,*,#4245,.T.);
#2712=ORIENTED_EDGE('',*,*,#4050,.T.);
#2713=ORIENTED_EDGE('',*,*,#4246,.F.);
#2714=ORIENTED_EDGE('',*,*,#4055,.F.);
#2715=ORIENTED_EDGE('',*,*,#4247,.T.);
#2716=ORIENTED_EDGE('',*,*,#4060,.T.);
#2717=ORIENTED_EDGE('',*,*,#4248,.F.);
#2718=ORIENTED_EDGE('',*,*,#4065,.F.);
#2719=ORIENTED_EDGE('',*,*,#4249,.T.);
#2720=ORIENTED_EDGE('',*,*,#4070,.T.);
#2721=ORIENTED_EDGE('',*,*,#4250,.F.);
#2722=ORIENTED_EDGE('',*,*,#4075,.F.);
#2723=ORIENTED_EDGE('',*,*,#4251,.T.);
#2724=ORIENTED_EDGE('',*,*,#4080,.T.);
#2725=ORIENTED_EDGE('',*,*,#4252,.F.);
#2726=ORIENTED_EDGE('',*,*,#4085,.F.);
#2727=ORIENTED_EDGE('',*,*,#4253,.T.);
#2728=ORIENTED_EDGE('',*,*,#4090,.T.);
#2729=ORIENTED_EDGE('',*,*,#4254,.F.);
#2730=ORIENTED_EDGE('',*,*,#4095,.F.);
#2731=ORIENTED_EDGE('',*,*,#4255,.T.);
#2732=ORIENTED_EDGE('',*,*,#4100,.T.);
#2733=ORIENTED_EDGE('',*,*,#4256,.F.);
#2734=ORIENTED_EDGE('',*,*,#4105,.F.);
#2735=ORIENTED_EDGE('',*,*,#4257,.T.);
#2736=ORIENTED_EDGE('',*,*,#4110,.T.);
#2737=ORIENTED_EDGE('',*,*,#4258,.F.);
#2738=ORIENTED_EDGE('',*,*,#4115,.F.);
#2739=ORIENTED_EDGE('',*,*,#4259,.T.);
#2740=ORIENTED_EDGE('',*,*,#4120,.T.);
#2741=ORIENTED_EDGE('',*,*,#4260,.F.);
#2742=ORIENTED_EDGE('',*,*,#4125,.F.);
#2743=ORIENTED_EDGE('',*,*,#4261,.T.);
#2744=ORIENTED_EDGE('',*,*,#4130,.T.);
#2745=ORIENTED_EDGE('',*,*,#4262,.F.);
#2746=ORIENTED_EDGE('',*,*,#4135,.F.);
#2747=ORIENTED_EDGE('',*,*,#4263,.T.);
#2748=ORIENTED_EDGE('',*,*,#4140,.T.);
#2749=ORIENTED_EDGE('',*,*,#4264,.F.);
#2750=ORIENTED_EDGE('',*,*,#4145,.F.);
#2751=ORIENTED_EDGE('',*,*,#4265,.T.);
#2752=ORIENTED_EDGE('',*,*,#4150,.T.);
#2753=ORIENTED_EDGE('',*,*,#4266,.F.);
#2754=ORIENTED_EDGE('',*,*,#4155,.F.);
#2755=ORIENTED_EDGE('',*,*,#4267,.T.);
#2756=ORIENTED_EDGE('',*,*,#4160,.T.);
#2757=ORIENTED_EDGE('',*,*,#4268,.F.);
#2758=ORIENTED_EDGE('',*,*,#4165,.F.);
#2759=ORIENTED_EDGE('',*,*,#4269,.T.);
#2760=ORIENTED_EDGE('',*,*,#4170,.T.);
#2761=ORIENTED_EDGE('',*,*,#4270,.F.);
#2762=ORIENTED_EDGE('',*,*,#4175,.F.);
#2763=ORIENTED_EDGE('',*,*,#4271,.T.);
#2764=ORIENTED_EDGE('',*,*,#4180,.T.);
#2765=ORIENTED_EDGE('',*,*,#4272,.F.);
#2766=ORIENTED_EDGE('',*,*,#4185,.F.);
#2767=ORIENTED_EDGE('',*,*,#4273,.T.);
#2768=ORIENTED_EDGE('',*,*,#4190,.T.);
#2769=ORIENTED_EDGE('',*,*,#4274,.F.);
#2770=ORIENTED_EDGE('',*,*,#4195,.F.);
#2771=ORIENTED_EDGE('',*,*,#4275,.T.);
#2772=ORIENTED_EDGE('',*,*,#4200,.T.);
#2773=ORIENTED_EDGE('',*,*,#4276,.F.);
#2774=ORIENTED_EDGE('',*,*,#4205,.F.);
#2775=ORIENTED_EDGE('',*,*,#4277,.T.);
#2776=ORIENTED_EDGE('',*,*,#4210,.T.);
#2777=ORIENTED_EDGE('',*,*,#4278,.F.);
#2778=ORIENTED_EDGE('',*,*,#4215,.F.);
#2779=ORIENTED_EDGE('',*,*,#4279,.T.);
#2780=ORIENTED_EDGE('',*,*,#4220,.T.);
#2781=ORIENTED_EDGE('',*,*,#4280,.F.);
#2782=ORIENTED_EDGE('',*,*,#4225,.F.);
#2783=ORIENTED_EDGE('',*,*,#4281,.T.);
#2784=ORIENTED_EDGE('',*,*,#4230,.T.);
#2785=ORIENTED_EDGE('',*,*,#4282,.F.);
#2786=ORIENTED_EDGE('',*,*,#3975,.F.);
#2787=ORIENTED_EDGE('',*,*,#4283,.T.);
#2788=ORIENTED_EDGE('',*,*,#3980,.T.);
#2789=ORIENTED_EDGE('',*,*,#4224,.F.);
#2790=ORIENTED_EDGE('',*,*,#4228,.F.);
#2791=ORIENTED_EDGE('',*,*,#4231,.F.);
#2792=ORIENTED_EDGE('',*,*,#4281,.F.);
#2793=ORIENTED_EDGE('',*,*,#4214,.F.);
#2794=ORIENTED_EDGE('',*,*,#4218,.F.);
#2795=ORIENTED_EDGE('',*,*,#4221,.F.);
#2796=ORIENTED_EDGE('',*,*,#4279,.F.);
#2797=ORIENTED_EDGE('',*,*,#4204,.F.);
#2798=ORIENTED_EDGE('',*,*,#4208,.F.);
#2799=ORIENTED_EDGE('',*,*,#4211,.F.);
#2800=ORIENTED_EDGE('',*,*,#4277,.F.);
#2801=ORIENTED_EDGE('',*,*,#4194,.F.);
#2802=ORIENTED_EDGE('',*,*,#4198,.F.);
#2803=ORIENTED_EDGE('',*,*,#4201,.F.);
#2804=ORIENTED_EDGE('',*,*,#4275,.F.);
#2805=ORIENTED_EDGE('',*,*,#4184,.F.);
#2806=ORIENTED_EDGE('',*,*,#4188,.F.);
#2807=ORIENTED_EDGE('',*,*,#4191,.F.);
#2808=ORIENTED_EDGE('',*,*,#4273,.F.);
#2809=ORIENTED_EDGE('',*,*,#4174,.F.);
#2810=ORIENTED_EDGE('',*,*,#4178,.F.);
#2811=ORIENTED_EDGE('',*,*,#4181,.F.);
#2812=ORIENTED_EDGE('',*,*,#4271,.F.);
#2813=ORIENTED_EDGE('',*,*,#4164,.F.);
#2814=ORIENTED_EDGE('',*,*,#4168,.F.);
#2815=ORIENTED_EDGE('',*,*,#4171,.F.);
#2816=ORIENTED_EDGE('',*,*,#4269,.F.);
#2817=ORIENTED_EDGE('',*,*,#4154,.F.);
#2818=ORIENTED_EDGE('',*,*,#4158,.F.);
#2819=ORIENTED_EDGE('',*,*,#4161,.F.);
#2820=ORIENTED_EDGE('',*,*,#4267,.F.);
#2821=ORIENTED_EDGE('',*,*,#4144,.F.);
#2822=ORIENTED_EDGE('',*,*,#4148,.F.);
#2823=ORIENTED_EDGE('',*,*,#4151,.F.);
#2824=ORIENTED_EDGE('',*,*,#4265,.F.);
#2825=ORIENTED_EDGE('',*,*,#4134,.F.);
#2826=ORIENTED_EDGE('',*,*,#4138,.F.);
#2827=ORIENTED_EDGE('',*,*,#4141,.F.);
#2828=ORIENTED_EDGE('',*,*,#4263,.F.);
#2829=ORIENTED_EDGE('',*,*,#4124,.F.);
#2830=ORIENTED_EDGE('',*,*,#4128,.F.);
#2831=ORIENTED_EDGE('',*,*,#4131,.F.);
#2832=ORIENTED_EDGE('',*,*,#4261,.F.);
#2833=ORIENTED_EDGE('',*,*,#4114,.F.);
#2834=ORIENTED_EDGE('',*,*,#4118,.F.);
#2835=ORIENTED_EDGE('',*,*,#4121,.F.);
#2836=ORIENTED_EDGE('',*,*,#4259,.F.);
#2837=ORIENTED_EDGE('',*,*,#4104,.F.);
#2838=ORIENTED_EDGE('',*,*,#4108,.F.);
#2839=ORIENTED_EDGE('',*,*,#4111,.F.);
#2840=ORIENTED_EDGE('',*,*,#4257,.F.);
#2841=ORIENTED_EDGE('',*,*,#4094,.F.);
#2842=ORIENTED_EDGE('',*,*,#4098,.F.);
#2843=ORIENTED_EDGE('',*,*,#4101,.F.);
#2844=ORIENTED_EDGE('',*,*,#4255,.F.);
#2845=ORIENTED_EDGE('',*,*,#4084,.F.);
#2846=ORIENTED_EDGE('',*,*,#4088,.F.);
#2847=ORIENTED_EDGE('',*,*,#4091,.F.);
#2848=ORIENTED_EDGE('',*,*,#4253,.F.);
#2849=ORIENTED_EDGE('',*,*,#4074,.F.);
#2850=ORIENTED_EDGE('',*,*,#4078,.F.);
#2851=ORIENTED_EDGE('',*,*,#4081,.F.);
#2852=ORIENTED_EDGE('',*,*,#4251,.F.);
#2853=ORIENTED_EDGE('',*,*,#4064,.F.);
#2854=ORIENTED_EDGE('',*,*,#4068,.F.);
#2855=ORIENTED_EDGE('',*,*,#4071,.F.);
#2856=ORIENTED_EDGE('',*,*,#4249,.F.);
#2857=ORIENTED_EDGE('',*,*,#4054,.F.);
#2858=ORIENTED_EDGE('',*,*,#4058,.F.);
#2859=ORIENTED_EDGE('',*,*,#4061,.F.);
#2860=ORIENTED_EDGE('',*,*,#4247,.F.);
#2861=ORIENTED_EDGE('',*,*,#4044,.F.);
#2862=ORIENTED_EDGE('',*,*,#4048,.F.);
#2863=ORIENTED_EDGE('',*,*,#4051,.F.);
#2864=ORIENTED_EDGE('',*,*,#4245,.F.);
#2865=ORIENTED_EDGE('',*,*,#4034,.F.);
#2866=ORIENTED_EDGE('',*,*,#4038,.F.);
#2867=ORIENTED_EDGE('',*,*,#4041,.F.);
#2868=ORIENTED_EDGE('',*,*,#4243,.F.);
#2869=ORIENTED_EDGE('',*,*,#4024,.F.);
#2870=ORIENTED_EDGE('',*,*,#4028,.F.);
#2871=ORIENTED_EDGE('',*,*,#4031,.F.);
#2872=ORIENTED_EDGE('',*,*,#4241,.F.);
#2873=ORIENTED_EDGE('',*,*,#4014,.F.);
#2874=ORIENTED_EDGE('',*,*,#4018,.F.);
#2875=ORIENTED_EDGE('',*,*,#4021,.F.);
#2876=ORIENTED_EDGE('',*,*,#4239,.F.);
#2877=ORIENTED_EDGE('',*,*,#4004,.F.);
#2878=ORIENTED_EDGE('',*,*,#4008,.F.);
#2879=ORIENTED_EDGE('',*,*,#4011,.F.);
#2880=ORIENTED_EDGE('',*,*,#4237,.F.);
#2881=ORIENTED_EDGE('',*,*,#3994,.F.);
#2882=ORIENTED_EDGE('',*,*,#3998,.F.);
#2883=ORIENTED_EDGE('',*,*,#4001,.F.);
#2884=ORIENTED_EDGE('',*,*,#4235,.F.);
#2885=ORIENTED_EDGE('',*,*,#3984,.F.);
#2886=ORIENTED_EDGE('',*,*,#3988,.F.);
#2887=ORIENTED_EDGE('',*,*,#3991,.F.);
#2888=ORIENTED_EDGE('',*,*,#4233,.F.);
#2889=ORIENTED_EDGE('',*,*,#3974,.F.);
#2890=ORIENTED_EDGE('',*,*,#3978,.T.);
#2891=ORIENTED_EDGE('',*,*,#3981,.T.);
#2892=ORIENTED_EDGE('',*,*,#4283,.F.);
#2893=ORIENTED_EDGE('',*,*,#4222,.T.);
#2894=ORIENTED_EDGE('',*,*,#4280,.T.);
#2895=ORIENTED_EDGE('',*,*,#4229,.T.);
#2896=ORIENTED_EDGE('',*,*,#4226,.T.);
#2897=ORIENTED_EDGE('',*,*,#4212,.T.);
#2898=ORIENTED_EDGE('',*,*,#4278,.T.);
#2899=ORIENTED_EDGE('',*,*,#4219,.T.);
#2900=ORIENTED_EDGE('',*,*,#4216,.T.);
#2901=ORIENTED_EDGE('',*,*,#4202,.T.);
#2902=ORIENTED_EDGE('',*,*,#4276,.T.);
#2903=ORIENTED_EDGE('',*,*,#4209,.T.);
#2904=ORIENTED_EDGE('',*,*,#4206,.T.);
#2905=ORIENTED_EDGE('',*,*,#4192,.T.);
#2906=ORIENTED_EDGE('',*,*,#4274,.T.);
#2907=ORIENTED_EDGE('',*,*,#4199,.T.);
#2908=ORIENTED_EDGE('',*,*,#4196,.T.);
#2909=ORIENTED_EDGE('',*,*,#4182,.T.);
#2910=ORIENTED_EDGE('',*,*,#4272,.T.);
#2911=ORIENTED_EDGE('',*,*,#4189,.T.);
#2912=ORIENTED_EDGE('',*,*,#4186,.T.);
#2913=ORIENTED_EDGE('',*,*,#4172,.T.);
#2914=ORIENTED_EDGE('',*,*,#4270,.T.);
#2915=ORIENTED_EDGE('',*,*,#4179,.T.);
#2916=ORIENTED_EDGE('',*,*,#4176,.T.);
#2917=ORIENTED_EDGE('',*,*,#4162,.T.);
#2918=ORIENTED_EDGE('',*,*,#4268,.T.);
#2919=ORIENTED_EDGE('',*,*,#4169,.T.);
#2920=ORIENTED_EDGE('',*,*,#4166,.T.);
#2921=ORIENTED_EDGE('',*,*,#4152,.T.);
#2922=ORIENTED_EDGE('',*,*,#4266,.T.);
#2923=ORIENTED_EDGE('',*,*,#4159,.T.);
#2924=ORIENTED_EDGE('',*,*,#4156,.T.);
#2925=ORIENTED_EDGE('',*,*,#4142,.T.);
#2926=ORIENTED_EDGE('',*,*,#4264,.T.);
#2927=ORIENTED_EDGE('',*,*,#4149,.T.);
#2928=ORIENTED_EDGE('',*,*,#4146,.T.);
#2929=ORIENTED_EDGE('',*,*,#4132,.T.);
#2930=ORIENTED_EDGE('',*,*,#4262,.T.);
#2931=ORIENTED_EDGE('',*,*,#4139,.T.);
#2932=ORIENTED_EDGE('',*,*,#4136,.T.);
#2933=ORIENTED_EDGE('',*,*,#4122,.T.);
#2934=ORIENTED_EDGE('',*,*,#4260,.T.);
#2935=ORIENTED_EDGE('',*,*,#4129,.T.);
#2936=ORIENTED_EDGE('',*,*,#4126,.T.);
#2937=ORIENTED_EDGE('',*,*,#4112,.T.);
#2938=ORIENTED_EDGE('',*,*,#4258,.T.);
#2939=ORIENTED_EDGE('',*,*,#4119,.T.);
#2940=ORIENTED_EDGE('',*,*,#4116,.T.);
#2941=ORIENTED_EDGE('',*,*,#4102,.T.);
#2942=ORIENTED_EDGE('',*,*,#4256,.T.);
#2943=ORIENTED_EDGE('',*,*,#4109,.T.);
#2944=ORIENTED_EDGE('',*,*,#4106,.T.);
#2945=ORIENTED_EDGE('',*,*,#4092,.T.);
#2946=ORIENTED_EDGE('',*,*,#4254,.T.);
#2947=ORIENTED_EDGE('',*,*,#4099,.T.);
#2948=ORIENTED_EDGE('',*,*,#4096,.T.);
#2949=ORIENTED_EDGE('',*,*,#4082,.T.);
#2950=ORIENTED_EDGE('',*,*,#4252,.T.);
#2951=ORIENTED_EDGE('',*,*,#4089,.T.);
#2952=ORIENTED_EDGE('',*,*,#4086,.T.);
#2953=ORIENTED_EDGE('',*,*,#4072,.T.);
#2954=ORIENTED_EDGE('',*,*,#4250,.T.);
#2955=ORIENTED_EDGE('',*,*,#4079,.T.);
#2956=ORIENTED_EDGE('',*,*,#4076,.T.);
#2957=ORIENTED_EDGE('',*,*,#4062,.T.);
#2958=ORIENTED_EDGE('',*,*,#4248,.T.);
#2959=ORIENTED_EDGE('',*,*,#4069,.T.);
#2960=ORIENTED_EDGE('',*,*,#4066,.T.);
#2961=ORIENTED_EDGE('',*,*,#4052,.T.);
#2962=ORIENTED_EDGE('',*,*,#4246,.T.);
#2963=ORIENTED_EDGE('',*,*,#4059,.T.);
#2964=ORIENTED_EDGE('',*,*,#4056,.T.);
#2965=ORIENTED_EDGE('',*,*,#4042,.T.);
#2966=ORIENTED_EDGE('',*,*,#4244,.T.);
#2967=ORIENTED_EDGE('',*,*,#4049,.T.);
#2968=ORIENTED_EDGE('',*,*,#4046,.T.);
#2969=ORIENTED_EDGE('',*,*,#4032,.T.);
#2970=ORIENTED_EDGE('',*,*,#4242,.T.);
#2971=ORIENTED_EDGE('',*,*,#4039,.T.);
#2972=ORIENTED_EDGE('',*,*,#4036,.T.);
#2973=ORIENTED_EDGE('',*,*,#4022,.T.);
#2974=ORIENTED_EDGE('',*,*,#4240,.T.);
#2975=ORIENTED_EDGE('',*,*,#4029,.T.);
#2976=ORIENTED_EDGE('',*,*,#4026,.T.);
#2977=ORIENTED_EDGE('',*,*,#4012,.T.);
#2978=ORIENTED_EDGE('',*,*,#4238,.T.);
#2979=ORIENTED_EDGE('',*,*,#4019,.T.);
#2980=ORIENTED_EDGE('',*,*,#4016,.T.);
#2981=ORIENTED_EDGE('',*,*,#4002,.T.);
#2982=ORIENTED_EDGE('',*,*,#4236,.T.);
#2983=ORIENTED_EDGE('',*,*,#4009,.T.);
#2984=ORIENTED_EDGE('',*,*,#4006,.T.);
#2985=ORIENTED_EDGE('',*,*,#3992,.T.);
#2986=ORIENTED_EDGE('',*,*,#4234,.T.);
#2987=ORIENTED_EDGE('',*,*,#3999,.T.);
#2988=ORIENTED_EDGE('',*,*,#3996,.T.);
#2989=ORIENTED_EDGE('',*,*,#3982,.T.);
#2990=ORIENTED_EDGE('',*,*,#4232,.T.);
#2991=ORIENTED_EDGE('',*,*,#3989,.T.);
#2992=ORIENTED_EDGE('',*,*,#3986,.T.);
#2993=ORIENTED_EDGE('',*,*,#3972,.T.);
#2994=ORIENTED_EDGE('',*,*,#4282,.T.);
#2995=ORIENTED_EDGE('',*,*,#3979,.F.);
#2996=ORIENTED_EDGE('',*,*,#3976,.F.);
#2997=EDGE_CURVE('',#4284,#4285,#5116,.T.);
#2998=EDGE_CURVE('',#4285,#4286,#5117,.T.);
#2999=EDGE_CURVE('',#4286,#4287,#5118,.T.);
#3000=EDGE_CURVE('',#4287,#4284,#5119,.T.);
#3001=EDGE_CURVE('',#4288,#4289,#247,.F.);
#3002=EDGE_CURVE('',#4289,#4290,#5120,.T.);
#3003=EDGE_CURVE('',#4290,#4291,#5121,.T.);
#3004=EDGE_CURVE('',#4291,#4292,#5122,.T.);
#3005=EDGE_CURVE('',#4292,#4293,#248,.F.);
#3006=EDGE_CURVE('',#4293,#4294,#5123,.T.);
#3007=EDGE_CURVE('',#4294,#4295,#249,.F.);
#3008=EDGE_CURVE('',#4295,#4296,#5124,.T.);
#3009=EDGE_CURVE('',#4296,#4297,#250,.F.);
#3010=EDGE_CURVE('',#4297,#4298,#5125,.T.);
#3011=EDGE_CURVE('',#4298,#4299,#5126,.T.);
#3012=EDGE_CURVE('',#4299,#4300,#251,.F.);
#3013=EDGE_CURVE('',#4300,#4301,#5127,.T.);
#3014=EDGE_CURVE('',#4301,#4302,#252,.F.);
#3015=EDGE_CURVE('',#4302,#4303,#5128,.T.);
#3016=EDGE_CURVE('',#4303,#4304,#5129,.T.);
#3017=EDGE_CURVE('',#4304,#4305,#253,.F.);
#3018=EDGE_CURVE('',#4305,#4306,#5130,.T.);
#3019=EDGE_CURVE('',#4306,#4307,#254,.F.);
#3020=EDGE_CURVE('',#4307,#4288,#5131,.T.);
#3021=EDGE_CURVE('',#4308,#4309,#255,.F.);
#3022=EDGE_CURVE('',#4309,#4310,#5132,.T.);
#3023=EDGE_CURVE('',#4310,#4311,#256,.F.);
#3024=EDGE_CURVE('',#4311,#4312,#5133,.T.);
#3025=EDGE_CURVE('',#4312,#4313,#257,.F.);
#3026=EDGE_CURVE('',#4313,#4314,#5134,.T.);
#3027=EDGE_CURVE('',#4314,#4315,#258,.F.);
#3028=EDGE_CURVE('',#4315,#4308,#5135,.T.);
#3029=EDGE_CURVE('',#4316,#4317,#5136,.T.);
#3030=EDGE_CURVE('',#4316,#4318,#5137,.T.);
#3031=EDGE_CURVE('',#4318,#4319,#5138,.T.);
#3032=EDGE_CURVE('',#4317,#4319,#5139,.T.);
#3033=EDGE_CURVE('',#4320,#4321,#5140,.T.);
#3034=EDGE_CURVE('',#4321,#4322,#5141,.T.);
#3035=EDGE_CURVE('',#4322,#4323,#5142,.F.);
#3036=EDGE_CURVE('',#4323,#4324,#211,.T.);
#3037=EDGE_CURVE('',#4324,#4325,#5143,.T.);
#3038=EDGE_CURVE('',#4325,#4326,#5144,.F.);
#3039=EDGE_CURVE('',#4326,#4327,#5145,.T.);
#3040=EDGE_CURVE('',#4327,#4328,#5146,.T.);
#3041=EDGE_CURVE('',#4328,#4329,#5147,.T.);
#3042=EDGE_CURVE('',#4329,#4330,#5148,.T.);
#3043=EDGE_CURVE('',#4330,#4331,#5149,.T.);
#3044=EDGE_CURVE('',#4331,#4320,#212,.T.);
#3045=EDGE_CURVE('',#4332,#4333,#5150,.T.);
#3046=EDGE_CURVE('',#4332,#4334,#5151,.T.);
#3047=EDGE_CURVE('',#4334,#4335,#5152,.T.);
#3048=EDGE_CURVE('',#4335,#4333,#5153,.T.);
#3049=EDGE_CURVE('',#4336,#4337,#5154,.F.);
#3050=EDGE_CURVE('',#4337,#4338,#5155,.T.);
#3051=EDGE_CURVE('',#4338,#4339,#5156,.T.);
#3052=EDGE_CURVE('',#4339,#4336,#5157,.T.);
#3053=EDGE_CURVE('',#4340,#4341,#5158,.T.);
#3054=EDGE_CURVE('',#4341,#4342,#5159,.T.);
#3055=EDGE_CURVE('',#4342,#4343,#5160,.F.);
#3056=EDGE_CURVE('',#4344,#4343,#5161,.T.);
#3057=EDGE_CURVE('',#4344,#4345,#5162,.T.);
#3058=EDGE_CURVE('',#4345,#4346,#5163,.T.);
#3059=EDGE_CURVE('',#4347,#4346,#5164,.T.);
#3060=EDGE_CURVE('',#4347,#4340,#5165,.T.);
#3061=EDGE_CURVE('',#4348,#4349,#5166,.T.);
#3062=EDGE_CURVE('',#4349,#4350,#5167,.T.);
#3063=EDGE_CURVE('',#4350,#4351,#5168,.F.);
#3064=EDGE_CURVE('',#4351,#4348,#5169,.T.);
#3065=EDGE_CURVE('',#4352,#4353,#5170,.T.);
#3066=EDGE_CURVE('',#4352,#4354,#189,.T.);
#3067=EDGE_CURVE('',#4354,#4355,#5171,.T.);
#3068=EDGE_CURVE('',#4355,#4353,#190,.T.);
#3069=EDGE_CURVE('',#4356,#4357,#5172,.T.);
#3070=EDGE_CURVE('',#4357,#4358,#5173,.T.);
#3071=EDGE_CURVE('',#4359,#4358,#5174,.T.);
#3072=EDGE_CURVE('',#4360,#4359,#5175,.T.);
#3073=EDGE_CURVE('',#4360,#4361,#213,.T.);
#3074=EDGE_CURVE('',#4361,#4362,#5176,.F.);
#3075=EDGE_CURVE('',#4362,#4363,#191,.T.);
#3076=EDGE_CURVE('',#4363,#4364,#5177,.F.);
#3077=EDGE_CURVE('',#4364,#4365,#192,.T.);
#3078=EDGE_CURVE('',#4365,#4366,#5178,.F.);
#3079=EDGE_CURVE('',#4366,#4367,#214,.T.);
#3080=EDGE_CURVE('',#4356,#4367,#5179,.T.);
#3081=EDGE_CURVE('',#4368,#4369,#259,.T.);
#3082=EDGE_CURVE('',#4368,#4370,#5180,.T.);
#3083=EDGE_CURVE('',#4371,#4370,#260,.T.);
#3084=EDGE_CURVE('',#4369,#4371,#5181,.T.);
#3085=EDGE_CURVE('',#4372,#4373,#5182,.T.);
#3086=EDGE_CURVE('',#4372,#4374,#5183,.T.);
#3087=EDGE_CURVE('',#4374,#4375,#5184,.F.);
#3088=EDGE_CURVE('',#4376,#4375,#5185,.T.);
#3089=EDGE_CURVE('',#4376,#4377,#5186,.T.);
#3090=EDGE_CURVE('',#4378,#4377,#5187,.T.);
#3091=EDGE_CURVE('',#4378,#4379,#5188,.F.);
#3092=EDGE_CURVE('',#4380,#4379,#5189,.T.);
#3093=EDGE_CURVE('',#4380,#4381,#5190,.T.);
#3094=EDGE_CURVE('',#4382,#4381,#5191,.T.);
#3095=EDGE_CURVE('',#4382,#4383,#5192,.T.);
#3096=EDGE_CURVE('',#4383,#4384,#5193,.T.);
#3097=EDGE_CURVE('',#4385,#4384,#5194,.T.);
#3098=EDGE_CURVE('',#4386,#4385,#261,.T.);
#3099=EDGE_CURVE('',#4387,#4386,#5195,.T.);
#3100=EDGE_CURVE('',#4373,#4387,#262,.T.);
#3101=EDGE_CURVE('',#4388,#4389,#5196,.T.);
#3102=EDGE_CURVE('',#4389,#4390,#263,.F.);
#3103=EDGE_CURVE('',#4390,#4391,#5197,.T.);
#3104=EDGE_CURVE('',#4391,#4388,#264,.F.);
#3105=EDGE_CURVE('',#4392,#4393,#5198,.T.);
#3106=EDGE_CURVE('',#4393,#4394,#265,.F.);
#3107=EDGE_CURVE('',#4394,#4395,#5199,.T.);
#3108=EDGE_CURVE('',#4395,#4392,#266,.F.);
#3109=EDGE_CURVE('',#4396,#4397,#5200,.T.);
#3110=EDGE_CURVE('',#4397,#4360,#215,.T.);
#3111=EDGE_CURVE('',#4398,#4359,#216,.T.);
#3112=EDGE_CURVE('',#4399,#4398,#5201,.T.);
#3113=EDGE_CURVE('',#4400,#4399,#217,.T.);
#3114=EDGE_CURVE('',#4400,#4401,#5202,.T.);
#3115=EDGE_CURVE('',#4402,#4401,#218,.T.);
#3116=EDGE_CURVE('',#4403,#4402,#5203,.T.);
#3117=EDGE_CURVE('',#4356,#4403,#219,.T.);
#3118=EDGE_CURVE('',#4367,#4404,#220,.T.);
#3119=EDGE_CURVE('',#4404,#4405,#5204,.T.);
#3120=EDGE_CURVE('',#4405,#4406,#5205,.T.);
#3121=EDGE_CURVE('',#4406,#4407,#267,.F.);
#3122=EDGE_CURVE('',#4407,#4408,#5206,.T.);
#3123=EDGE_CURVE('',#4408,#4409,#5207,.T.);
#3124=EDGE_CURVE('',#4409,#4410,#268,.F.);
#3125=EDGE_CURVE('',#4410,#4411,#5208,.T.);
#3126=EDGE_CURVE('',#4411,#4412,#269,.F.);
#3127=EDGE_CURVE('',#4412,#4413,#5209,.T.);
#3128=EDGE_CURVE('',#4413,#4414,#5210,.T.);
#3129=EDGE_CURVE('',#4414,#4415,#270,.F.);
#3130=EDGE_CURVE('',#4415,#4416,#5211,.T.);
#3131=EDGE_CURVE('',#4416,#4417,#271,.F.);
#3132=EDGE_CURVE('',#4417,#4418,#5212,.T.);
#3133=EDGE_CURVE('',#4418,#4419,#5213,.T.);
#3134=EDGE_CURVE('',#4419,#4420,#272,.F.);
#3135=EDGE_CURVE('',#4420,#4421,#5214,.T.);
#3136=EDGE_CURVE('',#4421,#4422,#273,.F.);
#3137=EDGE_CURVE('',#4422,#4423,#5215,.T.);
#3138=EDGE_CURVE('',#4423,#4424,#5216,.T.);
#3139=EDGE_CURVE('',#4424,#4425,#274,.F.);
#3140=EDGE_CURVE('',#4425,#4396,#5217,.T.);
#3141=EDGE_CURVE('',#4426,#4426,#275,.T.);
#3142=EDGE_CURVE('',#4427,#4427,#276,.T.);
#3143=EDGE_CURVE('',#4428,#4428,#277,.T.);
#3144=EDGE_CURVE('',#4429,#4429,#278,.T.);
#3145=EDGE_CURVE('',#4430,#4430,#279,.T.);
#3146=EDGE_CURVE('',#4431,#4431,#280,.T.);
#3147=EDGE_CURVE('',#4432,#4432,#281,.T.);
#3148=EDGE_CURVE('',#4433,#4434,#5218,.T.);
#3149=EDGE_CURVE('',#4434,#4435,#5219,.T.);
#3150=EDGE_CURVE('',#4436,#4435,#5220,.T.);
#3151=EDGE_CURVE('',#4436,#4437,#5221,.T.);
#3152=EDGE_CURVE('',#4437,#4438,#5222,.T.);
#3153=EDGE_CURVE('',#4438,#4439,#5223,.T.);
#3154=EDGE_CURVE('',#4439,#4433,#5224,.T.);
#3155=EDGE_CURVE('',#4440,#4440,#282,.T.);
#3156=EDGE_CURVE('',#4441,#4442,#5225,.T.);
#3157=EDGE_CURVE('',#4441,#4443,#283,.F.);
#3158=EDGE_CURVE('',#4444,#4443,#5226,.T.);
#3159=EDGE_CURVE('',#4444,#4433,#284,.T.);
#3160=EDGE_CURVE('',#4439,#4445,#285,.T.);
#3161=EDGE_CURVE('',#4445,#4446,#5227,.T.);
#3162=EDGE_CURVE('',#4446,#4442,#286,.T.);
#3163=EDGE_CURVE('',#4447,#4448,#5228,.T.);
#3164=EDGE_CURVE('',#4448,#4449,#5229,.T.);
#3165=EDGE_CURVE('',#4450,#4449,#5230,.T.);
#3166=EDGE_CURVE('',#4450,#4436,#5231,.T.);
#3167=EDGE_CURVE('',#4435,#4451,#5232,.T.);
#3168=EDGE_CURVE('',#4451,#4452,#5233,.F.);
#3169=EDGE_CURVE('',#4452,#4453,#221,.T.);
#3170=EDGE_CURVE('',#4453,#4447,#5234,.T.);
#3171=EDGE_CURVE('',#4454,#4455,#5235,.T.);
#3172=EDGE_CURVE('',#4455,#4456,#5236,.T.);
#3173=EDGE_CURVE('',#4456,#4457,#5237,.F.);
#3174=EDGE_CURVE('',#4457,#4458,#5238,.T.);
#3175=EDGE_CURVE('',#4459,#4458,#5239,.T.);
#3176=EDGE_CURVE('',#4459,#4460,#5240,.T.);
#3177=EDGE_CURVE('',#4460,#4454,#5241,.T.);
#3178=EDGE_CURVE('',#4461,#4461,#287,.T.);
#3179=EDGE_CURVE('',#4462,#4463,#5242,.T.);
#3180=EDGE_CURVE('',#4462,#4378,#288,.T.);
#3181=EDGE_CURVE('',#4377,#4464,#289,.T.);
#3182=EDGE_CURVE('',#4465,#4464,#5243,.T.);
#3183=EDGE_CURVE('',#4465,#4463,#290,.T.);
#3184=EDGE_CURVE('',#4466,#4466,#291,.T.);
#3185=EDGE_CURVE('',#4467,#4468,#5244,.T.);
#3186=EDGE_CURVE('',#4467,#4469,#292,.F.);
#3187=EDGE_CURVE('',#4470,#4469,#5245,.T.);
#3188=EDGE_CURVE('',#4470,#4471,#293,.T.);
#3189=EDGE_CURVE('',#4471,#4472,#5246,.T.);
#3190=EDGE_CURVE('',#4472,#4473,#294,.T.);
#3191=EDGE_CURVE('',#4474,#4473,#5247,.T.);
#3192=EDGE_CURVE('',#4474,#4468,#295,.T.);
#3193=EDGE_CURVE('',#4475,#4476,#5248,.T.);
#3194=EDGE_CURVE('',#4476,#4477,#5249,.T.);
#3195=EDGE_CURVE('',#4477,#4478,#5250,.F.);
#3196=EDGE_CURVE('',#4479,#4478,#5251,.T.);
#3197=EDGE_CURVE('',#4480,#4479,#5252,.T.);
#3198=EDGE_CURVE('',#4480,#4481,#5253,.T.);
#3199=EDGE_CURVE('',#4481,#4482,#5254,.T.);
#3200=EDGE_CURVE('',#4482,#4475,#222,.T.);
#3201=EDGE_CURVE('',#4483,#4483,#296,.T.);
#3202=EDGE_CURVE('',#4484,#4485,#5255,.T.);
#3203=EDGE_CURVE('',#4484,#4486,#297,.T.);
#3204=EDGE_CURVE('',#4487,#4486,#5256,.T.);
#3205=EDGE_CURVE('',#4487,#4488,#298,.T.);
#3206=EDGE_CURVE('',#4489,#4488,#5257,.T.);
#3207=EDGE_CURVE('',#4489,#4485,#299,.T.);
#3208=EDGE_CURVE('',#4490,#4491,#5258,.T.);
#3209=EDGE_CURVE('',#4490,#4492,#300,.T.);
#3210=EDGE_CURVE('',#4493,#4492,#5259,.T.);
#3211=EDGE_CURVE('',#4493,#4494,#301,.T.);
#3212=EDGE_CURVE('',#4495,#4494,#5260,.T.);
#3213=EDGE_CURVE('',#4495,#4491,#302,.T.);
#3214=EDGE_CURVE('',#4496,#4496,#303,.T.);
#3215=EDGE_CURVE('',#4469,#4497,#5261,.T.);
#3216=EDGE_CURVE('',#4497,#4498,#5262,.T.);
#3217=EDGE_CURVE('',#4498,#4499,#5263,.F.);
#3218=EDGE_CURVE('',#4499,#4500,#5264,.T.);
#3219=EDGE_CURVE('',#4500,#4501,#223,.T.);
#3220=EDGE_CURVE('',#4501,#4502,#5265,.T.);
#3221=EDGE_CURVE('',#4502,#4503,#5266,.T.);
#3222=EDGE_CURVE('',#4503,#4470,#5267,.F.);
#3223=EDGE_CURVE('',#4346,#4504,#5268,.T.);
#3224=EDGE_CURVE('',#4504,#4505,#5269,.F.);
#3225=EDGE_CURVE('',#4505,#4347,#5270,.T.);
#3226=EDGE_CURVE('',#4443,#4506,#5271,.T.);
#3227=EDGE_CURVE('',#4506,#4507,#5272,.T.);
#3228=EDGE_CURVE('',#4507,#4508,#5273,.F.);
#3229=EDGE_CURVE('',#4509,#4508,#5274,.T.);
#3230=EDGE_CURVE('',#4509,#4510,#5275,.T.);
#3231=EDGE_CURVE('',#4510,#4511,#5276,.T.);
#3232=EDGE_CURVE('',#4511,#4444,#5277,.F.);
#3233=EDGE_CURVE('',#4512,#4513,#5278,.T.);
#3234=EDGE_CURVE('',#4513,#4514,#5279,.T.);
#3235=EDGE_CURVE('',#4514,#4467,#5280,.F.);
#3236=EDGE_CURVE('',#4468,#4515,#5281,.F.);
#3237=EDGE_CURVE('',#4515,#4512,#5282,.T.);
#3238=EDGE_CURVE('',#4516,#4517,#5283,.T.);
#3239=EDGE_CURVE('',#4517,#4518,#5284,.T.);
#3240=EDGE_CURVE('',#4519,#4518,#5285,.T.);
#3241=EDGE_CURVE('',#4520,#4519,#5286,.T.);
#3242=EDGE_CURVE('',#4520,#4521,#5287,.T.);
#3243=EDGE_CURVE('',#4516,#4521,#5288,.T.);
#3244=EDGE_CURVE('',#4518,#4522,#5289,.T.);
#3245=EDGE_CURVE('',#4522,#4523,#5290,.F.);
#3246=EDGE_CURVE('',#4519,#4523,#5291,.T.);
#3247=EDGE_CURVE('',#4524,#4525,#5292,.T.);
#3248=EDGE_CURVE('',#4525,#4526,#5293,.T.);
#3249=EDGE_CURVE('',#4526,#4527,#5294,.F.);
#3250=EDGE_CURVE('',#4527,#4528,#5295,.T.);
#3251=EDGE_CURVE('',#4528,#4495,#5296,.T.);
#3252=EDGE_CURVE('',#4494,#4529,#5297,.F.);
#3253=EDGE_CURVE('',#4529,#4530,#5298,.T.);
#3254=EDGE_CURVE('',#4530,#4487,#5299,.T.);
#3255=EDGE_CURVE('',#4486,#4531,#5300,.F.);
#3256=EDGE_CURVE('',#4531,#4524,#5301,.T.);
#3257=EDGE_CURVE('',#4532,#4533,#5302,.T.);
#3258=EDGE_CURVE('',#4533,#4513,#5303,.T.);
#3259=EDGE_CURVE('',#4512,#4532,#5304,.T.);
#3260=EDGE_CURVE('',#4449,#4534,#5305,.T.);
#3261=EDGE_CURVE('',#4534,#4441,#5306,.F.);
#3262=EDGE_CURVE('',#4442,#4535,#5307,.F.);
#3263=EDGE_CURVE('',#4535,#4536,#5308,.T.);
#3264=EDGE_CURVE('',#4536,#4537,#5309,.T.);
#3265=EDGE_CURVE('',#4537,#4538,#5310,.T.);
#3266=EDGE_CURVE('',#4538,#4539,#5311,.F.);
#3267=EDGE_CURVE('',#4539,#4540,#5312,.T.);
#3268=EDGE_CURVE('',#4540,#4450,#5313,.T.);
#3269=EDGE_CURVE('',#4541,#4542,#5314,.T.);
#3270=EDGE_CURVE('',#4542,#4543,#224,.T.);
#3271=EDGE_CURVE('',#4543,#4544,#5315,.T.);
#3272=EDGE_CURVE('',#4544,#4545,#225,.T.);
#3273=EDGE_CURVE('',#4545,#4546,#5316,.T.);
#3274=EDGE_CURVE('',#4546,#4547,#226,.T.);
#3275=EDGE_CURVE('',#4547,#4548,#5317,.T.);
#3276=EDGE_CURVE('',#4548,#4541,#227,.T.);
#3277=EDGE_CURVE('',#4549,#4550,#5318,.T.);
#3278=EDGE_CURVE('',#4550,#4348,#193,.F.);
#3279=EDGE_CURVE('',#4351,#4551,#194,.F.);
#3280=EDGE_CURVE('',#4551,#4552,#5319,.T.);
#3281=EDGE_CURVE('',#4552,#4553,#195,.F.);
#3282=EDGE_CURVE('',#4554,#4553,#5320,.T.);
#3283=EDGE_CURVE('',#4554,#4549,#196,.F.);
#3284=EDGE_CURVE('',#4471,#4555,#5321,.T.);
#3285=EDGE_CURVE('',#4555,#4556,#5322,.T.);
#3286=EDGE_CURVE('',#4556,#4557,#5323,.F.);
#3287=EDGE_CURVE('',#4557,#4558,#228,.T.);
#3288=EDGE_CURVE('',#4559,#4558,#5324,.T.);
#3289=EDGE_CURVE('',#4559,#4560,#5325,.T.);
#3290=EDGE_CURVE('',#4560,#4472,#5326,.T.);
#3291=EDGE_CURVE('',#4549,#4561,#5327,.T.);
#3292=EDGE_CURVE('',#4561,#4562,#5328,.T.);
#3293=EDGE_CURVE('',#4562,#4550,#5329,.F.);
#3294=EDGE_CURVE('',#4553,#4563,#5330,.T.);
#3295=EDGE_CURVE('',#4563,#4564,#5331,.T.);
#3296=EDGE_CURVE('',#4564,#4554,#5332,.F.);
#3297=EDGE_CURVE('',#4551,#4565,#5333,.T.);
#3298=EDGE_CURVE('',#4565,#4566,#5334,.T.);
#3299=EDGE_CURVE('',#4566,#4552,#5335,.F.);
#3300=EDGE_CURVE('',#4508,#4516,#304,.F.);
#3301=EDGE_CURVE('',#4521,#4567,#305,.T.);
#3302=EDGE_CURVE('',#4568,#4567,#5336,.T.);
#3303=EDGE_CURVE('',#4568,#4479,#306,.T.);
#3304=EDGE_CURVE('',#4478,#4509,#307,.T.);
#3305=EDGE_CURVE('',#4569,#4569,#308,.T.);
#3306=EDGE_CURVE('',#4343,#4382,#309,.F.);
#3307=EDGE_CURVE('',#4381,#4570,#310,.T.);
#3308=EDGE_CURVE('',#4570,#4571,#5337,.T.);
#3309=EDGE_CURVE('',#4571,#4458,#311,.T.);
#3310=EDGE_CURVE('',#4457,#4344,#312,.T.);
#3311=EDGE_CURVE('',#4572,#4572,#313,.T.);
#3312=EDGE_CURVE('',#4537,#4573,#314,.T.);
#3313=EDGE_CURVE('',#4573,#4574,#5338,.T.);
#3314=EDGE_CURVE('',#4574,#4575,#315,.T.);
#3315=EDGE_CURVE('',#4575,#4576,#5339,.T.);
#3316=EDGE_CURVE('',#4576,#4538,#316,.T.);
#3317=EDGE_CURVE('',#4577,#4577,#317,.T.);
#3318=EDGE_CURVE('',#4562,#4349,#318,.F.);
#3319=EDGE_CURVE('',#4350,#4565,#319,.F.);
#3320=EDGE_CURVE('',#4564,#4561,#320,.F.);
#3321=EDGE_CURVE('',#4566,#4563,#321,.F.);
#3322=EDGE_CURVE('',#4562,#4287,#5340,.T.);
#3323=EDGE_CURVE('',#4284,#4561,#5341,.T.);
#3324=EDGE_CURVE('',#4349,#4287,#5342,.T.);
#3325=EDGE_CURVE('',#4284,#4564,#5343,.T.);
#3326=EDGE_CURVE('',#4350,#4286,#5344,.T.);
#3327=EDGE_CURVE('',#4285,#4563,#5345,.T.);
#3328=EDGE_CURVE('',#4565,#4286,#5346,.T.);
#3329=EDGE_CURVE('',#4285,#4566,#5347,.T.);
#3330=EDGE_CURVE('',#4578,#4578,#322,.T.);
#3331=EDGE_CURVE('',#4579,#4579,#323,.T.);
#3332=EDGE_CURVE('',#4580,#4580,#324,.T.);
#3333=EDGE_CURVE('',#4581,#4581,#325,.T.);
#3334=EDGE_CURVE('',#4582,#4582,#326,.T.);
#3335=EDGE_CURVE('',#4583,#4583,#327,.T.);
#3336=EDGE_CURVE('',#4584,#4584,#328,.T.);
#3337=EDGE_CURVE('',#4585,#4585,#329,.T.);
#3338=EDGE_CURVE('',#4400,#4586,#5348,.T.);
#3339=EDGE_CURVE('',#4586,#4587,#5349,.T.);
#3340=EDGE_CURVE('',#4401,#4587,#5350,.T.);
#3341=EDGE_CURVE('',#4399,#4588,#5351,.T.);
#3342=EDGE_CURVE('',#4588,#4586,#229,.T.);
#3343=EDGE_CURVE('',#4587,#4589,#230,.T.);
#3344=EDGE_CURVE('',#4402,#4589,#5352,.T.);
#3345=EDGE_CURVE('',#4398,#4590,#5353,.T.);
#3346=EDGE_CURVE('',#4590,#4588,#5354,.T.);
#3347=EDGE_CURVE('',#4358,#4590,#231,.T.);
#3348=EDGE_CURVE('',#4403,#4591,#5355,.T.);
#3349=EDGE_CURVE('',#4591,#4357,#232,.T.);
#3350=EDGE_CURVE('',#4589,#4591,#5356,.T.);
#3351=EDGE_CURVE('',#4592,#4489,#5357,.T.);
#3352=EDGE_CURVE('',#4592,#4593,#330,.T.);
#3353=EDGE_CURVE('',#4593,#4327,#197,.T.);
#3354=EDGE_CURVE('',#4327,#4594,#198,.T.);
#3355=EDGE_CURVE('',#4594,#4595,#331,.T.);
#3356=EDGE_CURVE('',#4595,#4485,#5358,.T.);
#3357=EDGE_CURVE('',#4488,#4596,#5359,.F.);
#3358=EDGE_CURVE('',#4592,#4596,#5360,.T.);
#3359=EDGE_CURVE('',#4597,#4598,#5361,.T.);
#3360=EDGE_CURVE('',#4597,#4493,#5362,.T.);
#3361=EDGE_CURVE('',#4598,#4492,#5363,.T.);
#3362=EDGE_CURVE('',#4599,#4490,#5364,.T.);
#3363=EDGE_CURVE('',#4599,#4600,#332,.T.);
#3364=EDGE_CURVE('',#4600,#4328,#199,.T.);
#3365=EDGE_CURVE('',#4328,#4601,#200,.T.);
#3366=EDGE_CURVE('',#4601,#4598,#333,.T.);
#3367=EDGE_CURVE('',#4601,#4593,#5365,.T.);
#3368=EDGE_CURVE('',#4596,#4530,#334,.T.);
#3369=EDGE_CURVE('',#4529,#4597,#335,.T.);
#3370=EDGE_CURVE('',#4602,#4568,#5366,.T.);
#3371=EDGE_CURVE('',#4602,#4603,#336,.T.);
#3372=EDGE_CURVE('',#4603,#4480,#201,.T.);
#3373=EDGE_CURVE('',#4567,#4604,#5367,.F.);
#3374=EDGE_CURVE('',#4602,#4604,#5368,.T.);
#3375=EDGE_CURVE('',#4605,#4595,#5369,.T.);
#3376=EDGE_CURVE('',#4605,#4484,#5370,.T.);
#3377=EDGE_CURVE('',#4606,#4607,#5371,.T.);
#3378=EDGE_CURVE('',#4607,#4603,#5372,.T.);
#3379=EDGE_CURVE('',#4604,#4520,#337,.T.);
#3380=EDGE_CURVE('',#4523,#4524,#338,.T.);
#3381=EDGE_CURVE('',#4531,#4605,#339,.T.);
#3382=EDGE_CURVE('',#4594,#4608,#5373,.T.);
#3383=EDGE_CURVE('',#4608,#4606,#340,.F.);
#3384=EDGE_CURVE('',#4491,#4609,#5374,.F.);
#3385=EDGE_CURVE('',#4599,#4609,#5375,.T.);
#3386=EDGE_CURVE('',#4610,#4611,#5376,.T.);
#3387=EDGE_CURVE('',#4610,#4474,#5377,.T.);
#3388=EDGE_CURVE('',#4611,#4473,#5378,.T.);
#3389=EDGE_CURVE('',#4560,#4612,#202,.T.);
#3390=EDGE_CURVE('',#4612,#4611,#341,.T.);
#3391=EDGE_CURVE('',#4613,#4614,#342,.F.);
#3392=EDGE_CURVE('',#4614,#4600,#5379,.T.);
#3393=EDGE_CURVE('',#4609,#4528,#343,.T.);
#3394=EDGE_CURVE('',#4527,#4532,#344,.T.);
#3395=EDGE_CURVE('',#4515,#4610,#345,.T.);
#3396=EDGE_CURVE('',#4612,#4615,#5380,.T.);
#3397=EDGE_CURVE('',#4615,#4613,#5381,.T.);
#3398=EDGE_CURVE('',#4616,#4465,#5382,.T.);
#3399=EDGE_CURVE('',#4616,#4617,#346,.T.);
#3400=EDGE_CURVE('',#4617,#4460,#203,.F.);
#3401=EDGE_CURVE('',#4460,#4618,#204,.F.);
#3402=EDGE_CURVE('',#4618,#4619,#347,.T.);
#3403=EDGE_CURVE('',#4619,#4463,#5383,.T.);
#3404=EDGE_CURVE('',#4464,#4620,#5384,.F.);
#3405=EDGE_CURVE('',#4616,#4620,#5385,.T.);
#3406=EDGE_CURVE('',#4453,#4621,#348,.F.);
#3407=EDGE_CURVE('',#4621,#4617,#5386,.T.);
#3408=EDGE_CURVE('',#4620,#4376,#349,.T.);
#3409=EDGE_CURVE('',#4375,#4447,#350,.T.);
#3410=EDGE_CURVE('',#4570,#4622,#5387,.F.);
#3411=EDGE_CURVE('',#4622,#4623,#5388,.T.);
#3412=EDGE_CURVE('',#4623,#4571,#5389,.T.);
#3413=EDGE_CURVE('',#4624,#4619,#5390,.T.);
#3414=EDGE_CURVE('',#4624,#4462,#5391,.T.);
#3415=EDGE_CURVE('',#4623,#4625,#351,.T.);
#3416=EDGE_CURVE('',#4625,#4459,#205,.F.);
#3417=EDGE_CURVE('',#4618,#4625,#5392,.T.);
#3418=EDGE_CURVE('',#4622,#4380,#352,.T.);
#3419=EDGE_CURVE('',#4379,#4624,#353,.T.);
#3420=EDGE_CURVE('',#4626,#4627,#5393,.T.);
#3421=EDGE_CURVE('',#4627,#4576,#5394,.T.);
#3422=EDGE_CURVE('',#4626,#4575,#5395,.T.);
#3423=EDGE_CURVE('',#4628,#4574,#5396,.T.);
#3424=EDGE_CURVE('',#4628,#4629,#354,.T.);
#3425=EDGE_CURVE('',#4629,#4437,#206,.F.);
#3426=EDGE_CURVE('',#4437,#4630,#207,.F.);
#3427=EDGE_CURVE('',#4630,#4626,#355,.T.);
#3428=EDGE_CURVE('',#4630,#4631,#5397,.T.);
#3429=EDGE_CURVE('',#4631,#4540,#5398,.T.);
#3430=EDGE_CURVE('',#4539,#4627,#356,.T.);
#3431=EDGE_CURVE('',#4573,#4632,#5399,.F.);
#3432=EDGE_CURVE('',#4632,#4628,#5400,.T.);
#3433=EDGE_CURVE('',#4633,#4634,#5401,.T.);
#3434=EDGE_CURVE('',#4634,#4446,#5402,.T.);
#3435=EDGE_CURVE('',#4633,#4445,#5403,.T.);
#3436=EDGE_CURVE('',#4438,#4635,#208,.F.);
#3437=EDGE_CURVE('',#4635,#4633,#357,.T.);
#3438=EDGE_CURVE('',#4635,#4629,#5404,.T.);
#3439=EDGE_CURVE('',#4632,#4536,#358,.T.);
#3440=EDGE_CURVE('',#4535,#4634,#359,.T.);
#3441=EDGE_CURVE('',#4384,#4636,#5405,.T.);
#3442=EDGE_CURVE('',#4636,#4637,#5406,.T.);
#3443=EDGE_CURVE('',#4637,#4385,#5407,.T.);
#3444=EDGE_CURVE('',#4637,#4638,#209,.T.);
#3445=EDGE_CURVE('',#4638,#4386,#5408,.T.);
#3446=EDGE_CURVE('',#4638,#4639,#5409,.T.);
#3447=EDGE_CURVE('',#4639,#4387,#5410,.T.);
#3448=EDGE_CURVE('',#4639,#4640,#210,.T.);
#3449=EDGE_CURVE('',#4640,#4373,#5411,.T.);
#3450=EDGE_CURVE('',#4640,#4641,#5412,.T.);
#3451=EDGE_CURVE('',#4641,#4372,#5413,.T.);
#3452=EDGE_CURVE('',#4642,#4643,#5414,.T.);
#3453=EDGE_CURVE('',#4642,#4370,#5415,.T.);
#3454=EDGE_CURVE('',#4643,#4368,#5416,.T.);
#3455=EDGE_CURVE('',#4644,#4369,#5417,.T.);
#3456=EDGE_CURVE('',#4644,#4643,#360,.F.);
#3457=EDGE_CURVE('',#4645,#4371,#5418,.T.);
#3458=EDGE_CURVE('',#4645,#4644,#5419,.T.);
#3459=EDGE_CURVE('',#4642,#4645,#361,.F.);
#3460=EDGE_CURVE('',#4352,#4646,#5420,.T.);
#3461=EDGE_CURVE('',#4646,#4354,#362,.T.);
#3462=EDGE_CURVE('',#4355,#4647,#363,.T.);
#3463=EDGE_CURVE('',#4353,#4647,#5421,.T.);
#3464=EDGE_CURVE('',#4646,#4647,#5422,.T.);
#3465=EDGE_CURVE('',#4648,#4648,#364,.T.);
#3466=EDGE_CURVE('',#4649,#4649,#365,.T.);
#3467=EDGE_CURVE('',#4650,#4650,#366,.T.);
#3468=EDGE_CURVE('',#4651,#4651,#367,.T.);
#3469=EDGE_CURVE('',#4652,#4652,#368,.T.);
#3470=EDGE_CURVE('',#4653,#4653,#369,.T.);
#3471=EDGE_CURVE('',#4654,#4654,#370,.T.);
#3472=EDGE_CURVE('',#4655,#4656,#5423,.T.);
#3473=EDGE_CURVE('',#4656,#4500,#371,.F.);
#3474=EDGE_CURVE('',#4499,#4657,#372,.T.);
#3475=EDGE_CURVE('',#4658,#4657,#5424,.T.);
#3476=EDGE_CURVE('',#4658,#4655,#5425,.T.);
#3477=EDGE_CURVE('',#4657,#4659,#5426,.T.);
#3478=EDGE_CURVE('',#4659,#4341,#5427,.T.);
#3479=EDGE_CURVE('',#4340,#4658,#5428,.F.);
#3480=EDGE_CURVE('',#4338,#4332,#5429,.T.);
#3481=EDGE_CURVE('',#4333,#4339,#5430,.T.);
#3482=EDGE_CURVE('',#4660,#4661,#5431,.T.);
#3483=EDGE_CURVE('',#4661,#4662,#5432,.T.);
#3484=EDGE_CURVE('',#4662,#4663,#5433,.F.);
#3485=EDGE_CURVE('',#4663,#4660,#5434,.T.);
#3486=EDGE_CURVE('',#4664,#4665,#5435,.T.);
#3487=EDGE_CURVE('',#4665,#4666,#5436,.T.);
#3488=EDGE_CURVE('',#4666,#4667,#5437,.F.);
#3489=EDGE_CURVE('',#4667,#4664,#5438,.T.);
#3490=EDGE_CURVE('',#4668,#4669,#5439,.T.);
#3491=EDGE_CURVE('',#4669,#4670,#5440,.T.);
#3492=EDGE_CURVE('',#4670,#4671,#5441,.F.);
#3493=EDGE_CURVE('',#4671,#4668,#5442,.T.);
#3494=EDGE_CURVE('',#4672,#4673,#5443,.T.);
#3495=EDGE_CURVE('',#4673,#4331,#373,.T.);
#3496=EDGE_CURVE('',#4330,#4674,#374,.F.);
#3497=EDGE_CURVE('',#4675,#4674,#5444,.T.);
#3498=EDGE_CURVE('',#4675,#4676,#375,.T.);
#3499=EDGE_CURVE('',#4676,#4677,#5445,.T.);
#3500=EDGE_CURVE('',#4677,#4678,#5446,.T.);
#3501=EDGE_CURVE('',#4678,#4679,#5447,.T.);
#3502=EDGE_CURVE('',#4679,#4680,#376,.T.);
#3503=EDGE_CURVE('',#4680,#4681,#5448,.T.);
#3504=EDGE_CURVE('',#4681,#4325,#377,.F.);
#3505=EDGE_CURVE('',#4324,#4682,#378,.T.);
#3506=EDGE_CURVE('',#4682,#4683,#5449,.T.);
#3507=EDGE_CURVE('',#4683,#4684,#379,.T.);
#3508=EDGE_CURVE('',#4684,#4685,#5450,.T.);
#3509=EDGE_CURVE('',#4685,#4672,#380,.T.);
#3510=EDGE_CURVE('',#4481,#4686,#5451,.T.);
#3511=EDGE_CURVE('',#4686,#4681,#5452,.T.);
#3512=EDGE_CURVE('',#4680,#4482,#233,.T.);
#3513=EDGE_CURVE('',#4674,#4687,#5453,.F.);
#3514=EDGE_CURVE('',#4687,#4559,#5454,.T.);
#3515=EDGE_CURVE('',#4558,#4675,#234,.T.);
#3516=EDGE_CURVE('',#4361,#4641,#235,.T.);
#3517=EDGE_CURVE('',#4362,#4640,#381,.T.);
#3518=EDGE_CURVE('',#4363,#4639,#382,.T.);
#3519=EDGE_CURVE('',#4364,#4638,#383,.T.);
#3520=EDGE_CURVE('',#4365,#4637,#384,.T.);
#3521=EDGE_CURVE('',#4636,#4366,#236,.T.);
#3522=EDGE_CURVE('',#4498,#4659,#385,.T.);
#3523=EDGE_CURVE('',#4342,#4383,#386,.T.);
#3524=EDGE_CURVE('',#4374,#4448,#387,.T.);
#3525=EDGE_CURVE('',#4534,#4506,#388,.T.);
#3526=EDGE_CURVE('',#4329,#4687,#389,.T.);
#3527=EDGE_CURVE('',#4507,#4517,#390,.T.);
#3528=EDGE_CURVE('',#4686,#4326,#391,.T.);
#3529=EDGE_CURVE('',#4522,#4525,#392,.T.);
#3530=EDGE_CURVE('',#4526,#4533,#393,.T.);
#3531=EDGE_CURVE('',#4514,#4497,#394,.T.);
#3532=EDGE_CURVE('',#4670,#4665,#395,.T.);
#3533=EDGE_CURVE('',#4664,#4671,#396,.F.);
#3534=EDGE_CURVE('',#4662,#4321,#397,.T.);
#3535=EDGE_CURVE('',#4320,#4663,#398,.F.);
#3536=EDGE_CURVE('',#4475,#4337,#399,.F.);
#3537=EDGE_CURVE('',#4336,#4476,#400,.T.);
#3538=EDGE_CURVE('',#4503,#4555,#401,.T.);
#3539=EDGE_CURVE('',#4334,#4557,#402,.F.);
#3540=EDGE_CURVE('',#4556,#4335,#403,.T.);
#3541=EDGE_CURVE('',#4322,#4669,#404,.T.);
#3542=EDGE_CURVE('',#4668,#4323,#405,.F.);
#3543=EDGE_CURVE('',#4477,#4510,#406,.T.);
#3544=EDGE_CURVE('',#4511,#4434,#407,.T.);
#3545=EDGE_CURVE('',#4451,#4455,#408,.T.);
#3546=EDGE_CURVE('',#4454,#4452,#409,.T.);
#3547=EDGE_CURVE('',#4666,#4661,#410,.T.);
#3548=EDGE_CURVE('',#4660,#4667,#411,.F.);
#3549=EDGE_CURVE('',#4504,#4502,#412,.T.);
#3550=EDGE_CURVE('',#4501,#4505,#413,.T.);
#3551=EDGE_CURVE('',#4456,#4345,#414,.T.);
#3552=EDGE_CURVE('',#4314,#4665,#5455,.T.);
#3553=EDGE_CURVE('',#4666,#4313,#5456,.T.);
#3554=EDGE_CURVE('',#4661,#4312,#5457,.T.);
#3555=EDGE_CURVE('',#4315,#4670,#5458,.T.);
#3556=EDGE_CURVE('',#4662,#4311,#5459,.T.);
#3557=EDGE_CURVE('',#4308,#4669,#5460,.T.);
#3558=EDGE_CURVE('',#4321,#4310,#5461,.T.);
#3559=EDGE_CURVE('',#4309,#4322,#5462,.T.);
#3560=EDGE_CURVE('',#4682,#4668,#5463,.T.);
#3561=EDGE_CURVE('',#4683,#4671,#5464,.T.);
#3562=EDGE_CURVE('',#4684,#4664,#5465,.T.);
#3563=EDGE_CURVE('',#4685,#4667,#5466,.T.);
#3564=EDGE_CURVE('',#4672,#4660,#5467,.T.);
#3565=EDGE_CURVE('',#4673,#4663,#5468,.T.);
#3566=EDGE_CURVE('',#4404,#4636,#237,.T.);
#3567=EDGE_CURVE('',#4405,#4384,#5469,.F.);
#3568=EDGE_CURVE('',#4406,#4383,#5470,.T.);
#3569=EDGE_CURVE('',#4407,#4342,#5471,.T.);
#3570=EDGE_CURVE('',#4408,#4341,#5472,.T.);
#3571=EDGE_CURVE('',#4409,#4659,#5473,.T.);
#3572=EDGE_CURVE('',#4410,#4498,#5474,.T.);
#3573=EDGE_CURVE('',#4411,#4497,#5475,.T.);
#3574=EDGE_CURVE('',#4412,#4514,#5476,.T.);
#3575=EDGE_CURVE('',#4413,#4513,#5477,.F.);
#3576=EDGE_CURVE('',#4414,#4533,#5478,.T.);
#3577=EDGE_CURVE('',#4415,#4526,#5479,.T.);
#3578=EDGE_CURVE('',#4416,#4525,#5480,.T.);
#3579=EDGE_CURVE('',#4417,#4522,#5481,.T.);
#3580=EDGE_CURVE('',#4418,#4518,#5482,.F.);
#3581=EDGE_CURVE('',#4419,#4517,#5483,.T.);
#3582=EDGE_CURVE('',#4420,#4507,#5484,.T.);
#3583=EDGE_CURVE('',#4421,#4506,#5485,.T.);
#3584=EDGE_CURVE('',#4422,#4534,#5486,.T.);
#3585=EDGE_CURVE('',#4423,#4449,#5487,.T.);
#3586=EDGE_CURVE('',#4424,#4448,#5488,.T.);
#3587=EDGE_CURVE('',#4425,#4374,#5489,.T.);
#3588=EDGE_CURVE('',#4396,#4372,#5490,.F.);
#3589=EDGE_CURVE('',#4397,#4641,#238,.F.);
#3590=EDGE_CURVE('',#4676,#4334,#5491,.T.);
#3591=EDGE_CURVE('',#4677,#4332,#5492,.T.);
#3592=EDGE_CURVE('',#4678,#4338,#5493,.F.);
#3593=EDGE_CURVE('',#4679,#4337,#5494,.T.);
#3594=EDGE_CURVE('',#4300,#4456,#5495,.T.);
#3595=EDGE_CURVE('',#4345,#4299,#5496,.T.);
#3596=EDGE_CURVE('',#4346,#4298,#5497,.F.);
#3597=EDGE_CURVE('',#4301,#4455,#5498,.T.);
#3598=EDGE_CURVE('',#4504,#4297,#5499,.T.);
#3599=EDGE_CURVE('',#4302,#4451,#5500,.T.);
#3600=EDGE_CURVE('',#4502,#4296,#5501,.T.);
#3601=EDGE_CURVE('',#4303,#4435,#5502,.F.);
#3602=EDGE_CURVE('',#4503,#4295,#5503,.T.);
#3603=EDGE_CURVE('',#4304,#4434,#5504,.T.);
#3604=EDGE_CURVE('',#4555,#4294,#5505,.T.);
#3605=EDGE_CURVE('',#4305,#4511,#5506,.T.);
#3606=EDGE_CURVE('',#4556,#4293,#5507,.T.);
#3607=EDGE_CURVE('',#4306,#4510,#5508,.T.);
#3608=EDGE_CURVE('',#4335,#4292,#5509,.T.);
#3609=EDGE_CURVE('',#4307,#4477,#5510,.T.);
#3610=EDGE_CURVE('',#4333,#4291,#5511,.T.);
#3611=EDGE_CURVE('',#4288,#4476,#5512,.T.);
#3612=EDGE_CURVE('',#4339,#4290,#5513,.F.);
#3613=EDGE_CURVE('',#4289,#4336,#5514,.T.);
#3614=EDGE_CURVE('',#4655,#4347,#5515,.F.);
#3615=EDGE_CURVE('',#4656,#4505,#5516,.T.);
#3616=EDGE_CURVE('',#4436,#4631,#5517,.T.);
#3617=EDGE_CURVE('',#4454,#4621,#5518,.T.);
#3618=EDGE_CURVE('',#4615,#4559,#5519,.F.);
#3619=EDGE_CURVE('',#4613,#4687,#5520,.T.);
#3620=EDGE_CURVE('',#4614,#4329,#5521,.T.);
#3621=EDGE_CURVE('',#4608,#4326,#5522,.T.);
#3622=EDGE_CURVE('',#4606,#4686,#5523,.T.);
#3623=EDGE_CURVE('',#4607,#4481,#5524,.T.);
#3624=EDGE_CURVE('',#4547,#4358,#239,.T.);
#3625=EDGE_CURVE('',#4590,#4546,#240,.T.);
#3626=EDGE_CURVE('',#4588,#4545,#241,.F.);
#3627=EDGE_CURVE('',#4548,#4357,#242,.F.);
#3628=EDGE_CURVE('',#4586,#4544,#243,.T.);
#3629=EDGE_CURVE('',#4541,#4591,#244,.T.);
#3630=EDGE_CURVE('',#4587,#4543,#245,.F.);
#3631=EDGE_CURVE('',#4542,#4589,#246,.F.);
#3632=EDGE_CURVE('',#4688,#4689,#5525,.T.);
#3633=EDGE_CURVE('',#4689,#4690,#415,.T.);
#3634=EDGE_CURVE('',#4691,#4690,#5526,.T.);
#3635=EDGE_CURVE('',#4688,#4691,#416,.T.);
#3636=EDGE_CURVE('',#4690,#4692,#5527,.T.);
#3637=EDGE_CURVE('',#4693,#4692,#5528,.T.);
#3638=EDGE_CURVE('',#4693,#4691,#5529,.T.);
#3639=EDGE_CURVE('',#4692,#4694,#417,.T.);
#3640=EDGE_CURVE('',#4695,#4694,#5530,.T.);
#3641=EDGE_CURVE('',#4693,#4695,#418,.T.);
#3642=EDGE_CURVE('',#4694,#4689,#5531,.T.);
#3643=EDGE_CURVE('',#4695,#4688,#5532,.T.);
#3644=EDGE_CURVE('',#4696,#4697,#5533,.T.);
#3645=EDGE_CURVE('',#4697,#4698,#419,.T.);
#3646=EDGE_CURVE('',#4699,#4698,#5534,.T.);
#3647=EDGE_CURVE('',#4696,#4699,#420,.T.);
#3648=EDGE_CURVE('',#4698,#4700,#5535,.T.);
#3649=EDGE_CURVE('',#4701,#4700,#5536,.T.);
#3650=EDGE_CURVE('',#4701,#4699,#5537,.T.);
#3651=EDGE_CURVE('',#4700,#4702,#421,.T.);
#3652=EDGE_CURVE('',#4703,#4702,#5538,.T.);
#3653=EDGE_CURVE('',#4701,#4703,#422,.T.);
#3654=EDGE_CURVE('',#4702,#4697,#5539,.T.);
#3655=EDGE_CURVE('',#4703,#4696,#5540,.T.);
#3656=EDGE_CURVE('',#4388,#4692,#5541,.T.);
#3657=EDGE_CURVE('',#4694,#4391,#5542,.T.);
#3658=EDGE_CURVE('',#4689,#4390,#5543,.T.);
#3659=EDGE_CURVE('',#4389,#4690,#5544,.T.);
#3660=EDGE_CURVE('',#4392,#4700,#5545,.T.);
#3661=EDGE_CURVE('',#4702,#4395,#5546,.T.);
#3662=EDGE_CURVE('',#4697,#4394,#5547,.T.);
#3663=EDGE_CURVE('',#4393,#4698,#5548,.T.);
#3664=EDGE_CURVE('',#4704,#4316,#5549,.T.);
#3665=EDGE_CURVE('',#4704,#4705,#5550,.T.);
#3666=EDGE_CURVE('',#4705,#4318,#5551,.T.);
#3667=EDGE_CURVE('',#4706,#4317,#5552,.T.);
#3668=EDGE_CURVE('',#4704,#4706,#5553,.T.);
#3669=EDGE_CURVE('',#4707,#4319,#5554,.T.);
#3670=EDGE_CURVE('',#4706,#4707,#5555,.T.);
#3671=EDGE_CURVE('',#4705,#4707,#5556,.T.);
#3672=EDGE_CURVE('',#4708,#4709,#5557,.T.);
#3673=EDGE_CURVE('',#4708,#4710,#5558,.T.);
#3674=EDGE_CURVE('',#4710,#4711,#5559,.T.);
#3675=EDGE_CURVE('',#4709,#4711,#5560,.T.);
#3676=EDGE_CURVE('',#4712,#4713,#5561,.T.);
#3677=EDGE_CURVE('',#4712,#4708,#5562,.T.);
#3678=EDGE_CURVE('',#4713,#4709,#5563,.T.);
#3679=EDGE_CURVE('',#4712,#4714,#5564,.T.);
#3680=EDGE_CURVE('',#4713,#4715,#5565,.T.);
#3681=EDGE_CURVE('',#4714,#4715,#5566,.T.);
#3682=EDGE_CURVE('',#4714,#4710,#5567,.T.);
#3683=EDGE_CURVE('',#4715,#4711,#5568,.T.);
#3684=EDGE_CURVE('',#4716,#4717,#5569,.T.);
#3685=EDGE_CURVE('',#4716,#4718,#5570,.T.);
#3686=EDGE_CURVE('',#4718,#4719,#5571,.T.);
#3687=EDGE_CURVE('',#4717,#4719,#5572,.T.);
#3688=EDGE_CURVE('',#4720,#4721,#5573,.T.);
#3689=EDGE_CURVE('',#4720,#4716,#5574,.T.);
#3690=EDGE_CURVE('',#4721,#4717,#5575,.T.);
#3691=EDGE_CURVE('',#4720,#4722,#5576,.T.);
#3692=EDGE_CURVE('',#4721,#4723,#5577,.T.);
#3693=EDGE_CURVE('',#4722,#4723,#5578,.T.);
#3694=EDGE_CURVE('',#4722,#4718,#5579,.T.);
#3695=EDGE_CURVE('',#4723,#4719,#5580,.T.);
#3696=EDGE_CURVE('',#4724,#4725,#5581,.T.);
#3697=EDGE_CURVE('',#4724,#4726,#5582,.T.);
#3698=EDGE_CURVE('',#4726,#4727,#5583,.T.);
#3699=EDGE_CURVE('',#4725,#4727,#5584,.T.);
#3700=EDGE_CURVE('',#4728,#4729,#5585,.T.);
#3701=EDGE_CURVE('',#4728,#4724,#5586,.T.);
#3702=EDGE_CURVE('',#4729,#4725,#5587,.T.);
#3703=EDGE_CURVE('',#4728,#4730,#5588,.T.);
#3704=EDGE_CURVE('',#4729,#4731,#5589,.T.);
#3705=EDGE_CURVE('',#4730,#4731,#5590,.T.);
#3706=EDGE_CURVE('',#4730,#4726,#5591,.T.);
#3707=EDGE_CURVE('',#4731,#4727,#5592,.T.);
#3708=EDGE_CURVE('',#4732,#4733,#5593,.T.);
#3709=EDGE_CURVE('',#4732,#4734,#5594,.T.);
#3710=EDGE_CURVE('',#4734,#4735,#5595,.T.);
#3711=EDGE_CURVE('',#4733,#4735,#5596,.T.);
#3712=EDGE_CURVE('',#4736,#4737,#5597,.T.);
#3713=EDGE_CURVE('',#4736,#4732,#5598,.T.);
#3714=EDGE_CURVE('',#4737,#4733,#5599,.T.);
#3715=EDGE_CURVE('',#4736,#4738,#5600,.T.);
#3716=EDGE_CURVE('',#4737,#4739,#5601,.T.);
#3717=EDGE_CURVE('',#4738,#4739,#5602,.T.);
#3718=EDGE_CURVE('',#4738,#4734,#5603,.T.);
#3719=EDGE_CURVE('',#4739,#4735,#5604,.T.);
#3720=EDGE_CURVE('',#4740,#4741,#5605,.T.);
#3721=EDGE_CURVE('',#4740,#4742,#5606,.T.);
#3722=EDGE_CURVE('',#4742,#4743,#5607,.T.);
#3723=EDGE_CURVE('',#4741,#4743,#5608,.T.);
#3724=EDGE_CURVE('',#4744,#4745,#5609,.T.);
#3725=EDGE_CURVE('',#4744,#4740,#5610,.T.);
#3726=EDGE_CURVE('',#4745,#4741,#5611,.T.);
#3727=EDGE_CURVE('',#4744,#4746,#5612,.T.);
#3728=EDGE_CURVE('',#4745,#4747,#5613,.T.);
#3729=EDGE_CURVE('',#4746,#4747,#5614,.T.);
#3730=EDGE_CURVE('',#4746,#4742,#5615,.T.);
#3731=EDGE_CURVE('',#4747,#4743,#5616,.T.);
#3732=EDGE_CURVE('',#4748,#4749,#5617,.T.);
#3733=EDGE_CURVE('',#4748,#4750,#5618,.T.);
#3734=EDGE_CURVE('',#4750,#4751,#5619,.T.);
#3735=EDGE_CURVE('',#4749,#4751,#5620,.T.);
#3736=EDGE_CURVE('',#4752,#4753,#5621,.T.);
#3737=EDGE_CURVE('',#4752,#4748,#5622,.T.);
#3738=EDGE_CURVE('',#4753,#4749,#5623,.T.);
#3739=EDGE_CURVE('',#4752,#4754,#5624,.T.);
#3740=EDGE_CURVE('',#4753,#4755,#5625,.T.);
#3741=EDGE_CURVE('',#4754,#4755,#5626,.T.);
#3742=EDGE_CURVE('',#4754,#4750,#5627,.T.);
#3743=EDGE_CURVE('',#4755,#4751,#5628,.T.);
#3744=EDGE_CURVE('',#4756,#4757,#5629,.T.);
#3745=EDGE_CURVE('',#4756,#4758,#5630,.T.);
#3746=EDGE_CURVE('',#4758,#4759,#5631,.T.);
#3747=EDGE_CURVE('',#4757,#4759,#5632,.T.);
#3748=EDGE_CURVE('',#4760,#4761,#5633,.T.);
#3749=EDGE_CURVE('',#4760,#4756,#5634,.T.);
#3750=EDGE_CURVE('',#4761,#4757,#5635,.T.);
#3751=EDGE_CURVE('',#4760,#4762,#5636,.T.);
#3752=EDGE_CURVE('',#4761,#4763,#5637,.T.);
#3753=EDGE_CURVE('',#4762,#4763,#5638,.T.);
#3754=EDGE_CURVE('',#4762,#4758,#5639,.T.);
#3755=EDGE_CURVE('',#4763,#4759,#5640,.T.);
#3756=EDGE_CURVE('',#4764,#4765,#5641,.T.);
#3757=EDGE_CURVE('',#4764,#4766,#5642,.T.);
#3758=EDGE_CURVE('',#4766,#4767,#5643,.T.);
#3759=EDGE_CURVE('',#4765,#4767,#5644,.T.);
#3760=EDGE_CURVE('',#4768,#4769,#5645,.T.);
#3761=EDGE_CURVE('',#4768,#4764,#5646,.T.);
#3762=EDGE_CURVE('',#4769,#4765,#5647,.T.);
#3763=EDGE_CURVE('',#4768,#4770,#5648,.T.);
#3764=EDGE_CURVE('',#4769,#4771,#5649,.T.);
#3765=EDGE_CURVE('',#4770,#4771,#5650,.T.);
#3766=EDGE_CURVE('',#4770,#4766,#5651,.T.);
#3767=EDGE_CURVE('',#4771,#4767,#5652,.T.);
#3768=EDGE_CURVE('',#4772,#4773,#5653,.T.);
#3769=EDGE_CURVE('',#4772,#4774,#5654,.T.);
#3770=EDGE_CURVE('',#4774,#4775,#5655,.T.);
#3771=EDGE_CURVE('',#4773,#4775,#5656,.T.);
#3772=EDGE_CURVE('',#4776,#4777,#5657,.T.);
#3773=EDGE_CURVE('',#4776,#4772,#5658,.T.);
#3774=EDGE_CURVE('',#4777,#4773,#5659,.T.);
#3775=EDGE_CURVE('',#4776,#4778,#5660,.T.);
#3776=EDGE_CURVE('',#4777,#4779,#5661,.T.);
#3777=EDGE_CURVE('',#4778,#4779,#5662,.T.);
#3778=EDGE_CURVE('',#4778,#4774,#5663,.T.);
#3779=EDGE_CURVE('',#4779,#4775,#5664,.T.);
#3780=EDGE_CURVE('',#4780,#4781,#5665,.T.);
#3781=EDGE_CURVE('',#4780,#4782,#5666,.T.);
#3782=EDGE_CURVE('',#4782,#4783,#5667,.T.);
#3783=EDGE_CURVE('',#4781,#4783,#5668,.T.);
#3784=EDGE_CURVE('',#4784,#4785,#5669,.T.);
#3785=EDGE_CURVE('',#4784,#4780,#5670,.T.);
#3786=EDGE_CURVE('',#4785,#4781,#5671,.T.);
#3787=EDGE_CURVE('',#4784,#4786,#5672,.T.);
#3788=EDGE_CURVE('',#4785,#4787,#5673,.T.);
#3789=EDGE_CURVE('',#4786,#4787,#5674,.T.);
#3790=EDGE_CURVE('',#4786,#4782,#5675,.T.);
#3791=EDGE_CURVE('',#4787,#4783,#5676,.T.);
#3792=EDGE_CURVE('',#4788,#4789,#5677,.T.);
#3793=EDGE_CURVE('',#4788,#4790,#5678,.T.);
#3794=EDGE_CURVE('',#4790,#4791,#5679,.T.);
#3795=EDGE_CURVE('',#4789,#4791,#5680,.T.);
#3796=EDGE_CURVE('',#4792,#4793,#5681,.T.);
#3797=EDGE_CURVE('',#4792,#4788,#5682,.T.);
#3798=EDGE_CURVE('',#4793,#4789,#5683,.T.);
#3799=EDGE_CURVE('',#4792,#4794,#5684,.T.);
#3800=EDGE_CURVE('',#4793,#4795,#5685,.T.);
#3801=EDGE_CURVE('',#4794,#4795,#5686,.T.);
#3802=EDGE_CURVE('',#4794,#4790,#5687,.T.);
#3803=EDGE_CURVE('',#4795,#4791,#5688,.T.);
#3804=EDGE_CURVE('',#4796,#4797,#5689,.T.);
#3805=EDGE_CURVE('',#4796,#4798,#5690,.T.);
#3806=EDGE_CURVE('',#4798,#4799,#5691,.T.);
#3807=EDGE_CURVE('',#4797,#4799,#5692,.T.);
#3808=EDGE_CURVE('',#4800,#4801,#5693,.T.);
#3809=EDGE_CURVE('',#4800,#4796,#5694,.T.);
#3810=EDGE_CURVE('',#4801,#4797,#5695,.T.);
#3811=EDGE_CURVE('',#4800,#4802,#5696,.T.);
#3812=EDGE_CURVE('',#4801,#4803,#5697,.T.);
#3813=EDGE_CURVE('',#4802,#4803,#5698,.T.);
#3814=EDGE_CURVE('',#4802,#4798,#5699,.T.);
#3815=EDGE_CURVE('',#4803,#4799,#5700,.T.);
#3816=EDGE_CURVE('',#4804,#4805,#5701,.T.);
#3817=EDGE_CURVE('',#4804,#4806,#5702,.T.);
#3818=EDGE_CURVE('',#4806,#4807,#5703,.T.);
#3819=EDGE_CURVE('',#4805,#4807,#5704,.T.);
#3820=EDGE_CURVE('',#4808,#4809,#5705,.T.);
#3821=EDGE_CURVE('',#4808,#4804,#5706,.T.);
#3822=EDGE_CURVE('',#4809,#4805,#5707,.T.);
#3823=EDGE_CURVE('',#4808,#4810,#5708,.T.);
#3824=EDGE_CURVE('',#4809,#4811,#5709,.T.);
#3825=EDGE_CURVE('',#4810,#4811,#5710,.T.);
#3826=EDGE_CURVE('',#4810,#4806,#5711,.T.);
#3827=EDGE_CURVE('',#4811,#4807,#5712,.T.);
#3828=EDGE_CURVE('',#4812,#4813,#5713,.T.);
#3829=EDGE_CURVE('',#4812,#4814,#5714,.T.);
#3830=EDGE_CURVE('',#4814,#4815,#5715,.T.);
#3831=EDGE_CURVE('',#4813,#4815,#5716,.T.);
#3832=EDGE_CURVE('',#4816,#4817,#5717,.T.);
#3833=EDGE_CURVE('',#4816,#4812,#5718,.T.);
#3834=EDGE_CURVE('',#4817,#4813,#5719,.T.);
#3835=EDGE_CURVE('',#4816,#4818,#5720,.T.);
#3836=EDGE_CURVE('',#4817,#4819,#5721,.T.);
#3837=EDGE_CURVE('',#4818,#4819,#5722,.T.);
#3838=EDGE_CURVE('',#4818,#4814,#5723,.T.);
#3839=EDGE_CURVE('',#4819,#4815,#5724,.T.);
#3840=EDGE_CURVE('',#4820,#4821,#5725,.T.);
#3841=EDGE_CURVE('',#4820,#4822,#5726,.T.);
#3842=EDGE_CURVE('',#4822,#4823,#5727,.T.);
#3843=EDGE_CURVE('',#4821,#4823,#5728,.T.);
#3844=EDGE_CURVE('',#4824,#4825,#5729,.T.);
#3845=EDGE_CURVE('',#4824,#4820,#5730,.T.);
#3846=EDGE_CURVE('',#4825,#4821,#5731,.T.);
#3847=EDGE_CURVE('',#4824,#4826,#5732,.T.);
#3848=EDGE_CURVE('',#4825,#4827,#5733,.T.);
#3849=EDGE_CURVE('',#4826,#4827,#5734,.T.);
#3850=EDGE_CURVE('',#4826,#4822,#5735,.T.);
#3851=EDGE_CURVE('',#4827,#4823,#5736,.T.);
#3852=EDGE_CURVE('',#4828,#4829,#5737,.T.);
#3853=EDGE_CURVE('',#4828,#4830,#5738,.T.);
#3854=EDGE_CURVE('',#4830,#4831,#5739,.T.);
#3855=EDGE_CURVE('',#4829,#4831,#5740,.T.);
#3856=EDGE_CURVE('',#4832,#4833,#5741,.T.);
#3857=EDGE_CURVE('',#4832,#4828,#5742,.T.);
#3858=EDGE_CURVE('',#4833,#4829,#5743,.T.);
#3859=EDGE_CURVE('',#4832,#4834,#5744,.T.);
#3860=EDGE_CURVE('',#4833,#4835,#5745,.T.);
#3861=EDGE_CURVE('',#4834,#4835,#5746,.T.);
#3862=EDGE_CURVE('',#4834,#4830,#5747,.T.);
#3863=EDGE_CURVE('',#4835,#4831,#5748,.T.);
#3864=EDGE_CURVE('',#4836,#4837,#5749,.T.);
#3865=EDGE_CURVE('',#4836,#4838,#5750,.T.);
#3866=EDGE_CURVE('',#4838,#4839,#5751,.T.);
#3867=EDGE_CURVE('',#4837,#4839,#5752,.T.);
#3868=EDGE_CURVE('',#4840,#4841,#5753,.T.);
#3869=EDGE_CURVE('',#4840,#4836,#5754,.T.);
#3870=EDGE_CURVE('',#4841,#4837,#5755,.T.);
#3871=EDGE_CURVE('',#4840,#4842,#5756,.T.);
#3872=EDGE_CURVE('',#4841,#4843,#5757,.T.);
#3873=EDGE_CURVE('',#4842,#4843,#5758,.T.);
#3874=EDGE_CURVE('',#4842,#4838,#5759,.T.);
#3875=EDGE_CURVE('',#4843,#4839,#5760,.T.);
#3876=EDGE_CURVE('',#4844,#4845,#5761,.T.);
#3877=EDGE_CURVE('',#4844,#4846,#5762,.T.);
#3878=EDGE_CURVE('',#4846,#4847,#5763,.T.);
#3879=EDGE_CURVE('',#4845,#4847,#5764,.T.);
#3880=EDGE_CURVE('',#4848,#4849,#5765,.T.);
#3881=EDGE_CURVE('',#4848,#4844,#5766,.T.);
#3882=EDGE_CURVE('',#4849,#4845,#5767,.T.);
#3883=EDGE_CURVE('',#4848,#4850,#5768,.T.);
#3884=EDGE_CURVE('',#4849,#4851,#5769,.T.);
#3885=EDGE_CURVE('',#4850,#4851,#5770,.T.);
#3886=EDGE_CURVE('',#4850,#4846,#5771,.T.);
#3887=EDGE_CURVE('',#4851,#4847,#5772,.T.);
#3888=EDGE_CURVE('',#4852,#4853,#5773,.T.);
#3889=EDGE_CURVE('',#4852,#4854,#5774,.T.);
#3890=EDGE_CURVE('',#4854,#4855,#5775,.T.);
#3891=EDGE_CURVE('',#4853,#4855,#5776,.T.);
#3892=EDGE_CURVE('',#4856,#4857,#5777,.T.);
#3893=EDGE_CURVE('',#4856,#4852,#5778,.T.);
#3894=EDGE_CURVE('',#4857,#4853,#5779,.T.);
#3895=EDGE_CURVE('',#4856,#4858,#5780,.T.);
#3896=EDGE_CURVE('',#4857,#4859,#5781,.T.);
#3897=EDGE_CURVE('',#4858,#4859,#5782,.T.);
#3898=EDGE_CURVE('',#4858,#4854,#5783,.T.);
#3899=EDGE_CURVE('',#4859,#4855,#5784,.T.);
#3900=EDGE_CURVE('',#4860,#4861,#5785,.T.);
#3901=EDGE_CURVE('',#4860,#4862,#5786,.T.);
#3902=EDGE_CURVE('',#4862,#4863,#5787,.T.);
#3903=EDGE_CURVE('',#4861,#4863,#5788,.T.);
#3904=EDGE_CURVE('',#4864,#4865,#5789,.T.);
#3905=EDGE_CURVE('',#4864,#4860,#5790,.T.);
#3906=EDGE_CURVE('',#4865,#4861,#5791,.T.);
#3907=EDGE_CURVE('',#4864,#4866,#5792,.T.);
#3908=EDGE_CURVE('',#4865,#4867,#5793,.T.);
#3909=EDGE_CURVE('',#4866,#4867,#5794,.T.);
#3910=EDGE_CURVE('',#4866,#4862,#5795,.T.);
#3911=EDGE_CURVE('',#4867,#4863,#5796,.T.);
#3912=EDGE_CURVE('',#4868,#4869,#5797,.T.);
#3913=EDGE_CURVE('',#4868,#4870,#5798,.T.);
#3914=EDGE_CURVE('',#4870,#4871,#5799,.T.);
#3915=EDGE_CURVE('',#4869,#4871,#5800,.T.);
#3916=EDGE_CURVE('',#4872,#4873,#5801,.T.);
#3917=EDGE_CURVE('',#4872,#4868,#5802,.T.);
#3918=EDGE_CURVE('',#4873,#4869,#5803,.T.);
#3919=EDGE_CURVE('',#4872,#4874,#5804,.T.);
#3920=EDGE_CURVE('',#4873,#4875,#5805,.T.);
#3921=EDGE_CURVE('',#4874,#4875,#5806,.T.);
#3922=EDGE_CURVE('',#4874,#4870,#5807,.T.);
#3923=EDGE_CURVE('',#4875,#4871,#5808,.T.);
#3924=EDGE_CURVE('',#4876,#4877,#5809,.T.);
#3925=EDGE_CURVE('',#4876,#4878,#5810,.T.);
#3926=EDGE_CURVE('',#4878,#4879,#5811,.T.);
#3927=EDGE_CURVE('',#4877,#4879,#5812,.T.);
#3928=EDGE_CURVE('',#4880,#4881,#5813,.T.);
#3929=EDGE_CURVE('',#4880,#4876,#5814,.T.);
#3930=EDGE_CURVE('',#4881,#4877,#5815,.T.);
#3931=EDGE_CURVE('',#4880,#4882,#5816,.T.);
#3932=EDGE_CURVE('',#4881,#4883,#5817,.T.);
#3933=EDGE_CURVE('',#4882,#4883,#5818,.T.);
#3934=EDGE_CURVE('',#4882,#4878,#5819,.T.);
#3935=EDGE_CURVE('',#4883,#4879,#5820,.T.);
#3936=EDGE_CURVE('',#4884,#4885,#5821,.T.);
#3937=EDGE_CURVE('',#4884,#4886,#5822,.T.);
#3938=EDGE_CURVE('',#4886,#4887,#5823,.T.);
#3939=EDGE_CURVE('',#4885,#4887,#5824,.T.);
#3940=EDGE_CURVE('',#4888,#4889,#5825,.T.);
#3941=EDGE_CURVE('',#4888,#4884,#5826,.T.);
#3942=EDGE_CURVE('',#4889,#4885,#5827,.T.);
#3943=EDGE_CURVE('',#4888,#4890,#5828,.T.);
#3944=EDGE_CURVE('',#4889,#4891,#5829,.T.);
#3945=EDGE_CURVE('',#4890,#4891,#5830,.T.);
#3946=EDGE_CURVE('',#4890,#4886,#5831,.T.);
#3947=EDGE_CURVE('',#4891,#4887,#5832,.T.);
#3948=EDGE_CURVE('',#4892,#4893,#5833,.T.);
#3949=EDGE_CURVE('',#4892,#4894,#5834,.T.);
#3950=EDGE_CURVE('',#4894,#4895,#5835,.T.);
#3951=EDGE_CURVE('',#4893,#4895,#5836,.T.);
#3952=EDGE_CURVE('',#4896,#4897,#5837,.T.);
#3953=EDGE_CURVE('',#4896,#4892,#5838,.T.);
#3954=EDGE_CURVE('',#4897,#4893,#5839,.T.);
#3955=EDGE_CURVE('',#4896,#4898,#5840,.T.);
#3956=EDGE_CURVE('',#4897,#4899,#5841,.T.);
#3957=EDGE_CURVE('',#4898,#4899,#5842,.T.);
#3958=EDGE_CURVE('',#4898,#4894,#5843,.T.);
#3959=EDGE_CURVE('',#4899,#4895,#5844,.T.);
#3960=EDGE_CURVE('',#4900,#4901,#5845,.T.);
#3961=EDGE_CURVE('',#4900,#4902,#5846,.T.);
#3962=EDGE_CURVE('',#4902,#4903,#5847,.T.);
#3963=EDGE_CURVE('',#4901,#4903,#5848,.T.);
#3964=EDGE_CURVE('',#4904,#4905,#5849,.T.);
#3965=EDGE_CURVE('',#4904,#4900,#5850,.T.);
#3966=EDGE_CURVE('',#4905,#4901,#5851,.T.);
#3967=EDGE_CURVE('',#4904,#4906,#5852,.T.);
#3968=EDGE_CURVE('',#4905,#4907,#5853,.T.);
#3969=EDGE_CURVE('',#4906,#4907,#5854,.T.);
#3970=EDGE_CURVE('',#4906,#4902,#5855,.T.);
#3971=EDGE_CURVE('',#4907,#4903,#5856,.T.);
#3972=EDGE_CURVE('',#4908,#4909,#5857,.T.);
#3973=EDGE_CURVE('',#4910,#4908,#5858,.T.);
#3974=EDGE_CURVE('',#4910,#4911,#5859,.T.);
#3975=EDGE_CURVE('',#4911,#4909,#5860,.T.);
#3976=EDGE_CURVE('',#4908,#4912,#5861,.T.);
#3977=EDGE_CURVE('',#4913,#4912,#5862,.T.);
#3978=EDGE_CURVE('',#4910,#4913,#5863,.T.);
#3979=EDGE_CURVE('',#4912,#4914,#5864,.T.);
#3980=EDGE_CURVE('',#4915,#4914,#5865,.T.);
#3981=EDGE_CURVE('',#4913,#4915,#5866,.T.);
#3982=EDGE_CURVE('',#4916,#4917,#5867,.T.);
#3983=EDGE_CURVE('',#4918,#4916,#5868,.T.);
#3984=EDGE_CURVE('',#4918,#4919,#5869,.T.);
#3985=EDGE_CURVE('',#4919,#4917,#5870,.T.);
#3986=EDGE_CURVE('',#4920,#4916,#5871,.T.);
#3987=EDGE_CURVE('',#4921,#4920,#5872,.T.);
#3988=EDGE_CURVE('',#4921,#4918,#5873,.T.);
#3989=EDGE_CURVE('',#4922,#4920,#5874,.T.);
#3990=EDGE_CURVE('',#4923,#4922,#5875,.T.);
#3991=EDGE_CURVE('',#4923,#4921,#5876,.T.);
#3992=EDGE_CURVE('',#4924,#4925,#5877,.T.);
#3993=EDGE_CURVE('',#4926,#4924,#5878,.T.);
#3994=EDGE_CURVE('',#4926,#4927,#5879,.T.);
#3995=EDGE_CURVE('',#4927,#4925,#5880,.T.);
#3996=EDGE_CURVE('',#4928,#4924,#5881,.T.);
#3997=EDGE_CURVE('',#4929,#4928,#5882,.T.);
#3998=EDGE_CURVE('',#4929,#4926,#5883,.T.);
#3999=EDGE_CURVE('',#4930,#4928,#5884,.T.);
#4000=EDGE_CURVE('',#4931,#4930,#5885,.T.);
#4001=EDGE_CURVE('',#4931,#4929,#5886,.T.);
#4002=EDGE_CURVE('',#4932,#4933,#5887,.T.);
#4003=EDGE_CURVE('',#4934,#4932,#5888,.T.);
#4004=EDGE_CURVE('',#4934,#4935,#5889,.T.);
#4005=EDGE_CURVE('',#4935,#4933,#5890,.T.);
#4006=EDGE_CURVE('',#4936,#4932,#5891,.T.);
#4007=EDGE_CURVE('',#4937,#4936,#5892,.T.);
#4008=EDGE_CURVE('',#4937,#4934,#5893,.T.);
#4009=EDGE_CURVE('',#4938,#4936,#5894,.T.);
#4010=EDGE_CURVE('',#4939,#4938,#5895,.T.);
#4011=EDGE_CURVE('',#4939,#4937,#5896,.T.);
#4012=EDGE_CURVE('',#4940,#4941,#5897,.T.);
#4013=EDGE_CURVE('',#4942,#4940,#5898,.T.);
#4014=EDGE_CURVE('',#4942,#4943,#5899,.T.);
#4015=EDGE_CURVE('',#4943,#4941,#5900,.T.);
#4016=EDGE_CURVE('',#4944,#4940,#5901,.T.);
#4017=EDGE_CURVE('',#4945,#4944,#5902,.T.);
#4018=EDGE_CURVE('',#4945,#4942,#5903,.T.);
#4019=EDGE_CURVE('',#4946,#4944,#5904,.T.);
#4020=EDGE_CURVE('',#4947,#4946,#5905,.T.);
#4021=EDGE_CURVE('',#4947,#4945,#5906,.T.);
#4022=EDGE_CURVE('',#4948,#4949,#5907,.T.);
#4023=EDGE_CURVE('',#4950,#4948,#5908,.T.);
#4024=EDGE_CURVE('',#4950,#4951,#5909,.T.);
#4025=EDGE_CURVE('',#4951,#4949,#5910,.T.);
#4026=EDGE_CURVE('',#4952,#4948,#5911,.T.);
#4027=EDGE_CURVE('',#4953,#4952,#5912,.T.);
#4028=EDGE_CURVE('',#4953,#4950,#5913,.T.);
#4029=EDGE_CURVE('',#4954,#4952,#5914,.T.);
#4030=EDGE_CURVE('',#4955,#4954,#5915,.T.);
#4031=EDGE_CURVE('',#4955,#4953,#5916,.T.);
#4032=EDGE_CURVE('',#4956,#4957,#5917,.T.);
#4033=EDGE_CURVE('',#4958,#4956,#5918,.T.);
#4034=EDGE_CURVE('',#4958,#4959,#5919,.T.);
#4035=EDGE_CURVE('',#4959,#4957,#5920,.T.);
#4036=EDGE_CURVE('',#4960,#4956,#5921,.T.);
#4037=EDGE_CURVE('',#4961,#4960,#5922,.T.);
#4038=EDGE_CURVE('',#4961,#4958,#5923,.T.);
#4039=EDGE_CURVE('',#4962,#4960,#5924,.T.);
#4040=EDGE_CURVE('',#4963,#4962,#5925,.T.);
#4041=EDGE_CURVE('',#4963,#4961,#5926,.T.);
#4042=EDGE_CURVE('',#4964,#4965,#5927,.T.);
#4043=EDGE_CURVE('',#4966,#4964,#5928,.T.);
#4044=EDGE_CURVE('',#4966,#4967,#5929,.T.);
#4045=EDGE_CURVE('',#4967,#4965,#5930,.T.);
#4046=EDGE_CURVE('',#4968,#4964,#5931,.T.);
#4047=EDGE_CURVE('',#4969,#4968,#5932,.T.);
#4048=EDGE_CURVE('',#4969,#4966,#5933,.T.);
#4049=EDGE_CURVE('',#4970,#4968,#5934,.T.);
#4050=EDGE_CURVE('',#4971,#4970,#5935,.T.);
#4051=EDGE_CURVE('',#4971,#4969,#5936,.T.);
#4052=EDGE_CURVE('',#4972,#4973,#5937,.T.);
#4053=EDGE_CURVE('',#4974,#4972,#5938,.T.);
#4054=EDGE_CURVE('',#4974,#4975,#5939,.T.);
#4055=EDGE_CURVE('',#4975,#4973,#5940,.T.);
#4056=EDGE_CURVE('',#4976,#4972,#5941,.T.);
#4057=EDGE_CURVE('',#4977,#4976,#5942,.T.);
#4058=EDGE_CURVE('',#4977,#4974,#5943,.T.);
#4059=EDGE_CURVE('',#4978,#4976,#5944,.T.);
#4060=EDGE_CURVE('',#4979,#4978,#5945,.T.);
#4061=EDGE_CURVE('',#4979,#4977,#5946,.T.);
#4062=EDGE_CURVE('',#4980,#4981,#5947,.T.);
#4063=EDGE_CURVE('',#4982,#4980,#5948,.T.);
#4064=EDGE_CURVE('',#4982,#4983,#5949,.T.);
#4065=EDGE_CURVE('',#4983,#4981,#5950,.T.);
#4066=EDGE_CURVE('',#4984,#4980,#5951,.T.);
#4067=EDGE_CURVE('',#4985,#4984,#5952,.T.);
#4068=EDGE_CURVE('',#4985,#4982,#5953,.T.);
#4069=EDGE_CURVE('',#4986,#4984,#5954,.T.);
#4070=EDGE_CURVE('',#4987,#4986,#5955,.T.);
#4071=EDGE_CURVE('',#4987,#4985,#5956,.T.);
#4072=EDGE_CURVE('',#4988,#4989,#5957,.T.);
#4073=EDGE_CURVE('',#4990,#4988,#5958,.T.);
#4074=EDGE_CURVE('',#4990,#4991,#5959,.T.);
#4075=EDGE_CURVE('',#4991,#4989,#5960,.T.);
#4076=EDGE_CURVE('',#4992,#4988,#5961,.T.);
#4077=EDGE_CURVE('',#4993,#4992,#5962,.T.);
#4078=EDGE_CURVE('',#4993,#4990,#5963,.T.);
#4079=EDGE_CURVE('',#4994,#4992,#5964,.T.);
#4080=EDGE_CURVE('',#4995,#4994,#5965,.T.);
#4081=EDGE_CURVE('',#4995,#4993,#5966,.T.);
#4082=EDGE_CURVE('',#4996,#4997,#5967,.T.);
#4083=EDGE_CURVE('',#4998,#4996,#5968,.T.);
#4084=EDGE_CURVE('',#4998,#4999,#5969,.T.);
#4085=EDGE_CURVE('',#4999,#4997,#5970,.T.);
#4086=EDGE_CURVE('',#5000,#4996,#5971,.T.);
#4087=EDGE_CURVE('',#5001,#5000,#5972,.T.);
#4088=EDGE_CURVE('',#5001,#4998,#5973,.T.);
#4089=EDGE_CURVE('',#5002,#5000,#5974,.T.);
#4090=EDGE_CURVE('',#5003,#5002,#5975,.T.);
#4091=EDGE_CURVE('',#5003,#5001,#5976,.T.);
#4092=EDGE_CURVE('',#5004,#5005,#5977,.T.);
#4093=EDGE_CURVE('',#5006,#5004,#5978,.T.);
#4094=EDGE_CURVE('',#5006,#5007,#5979,.T.);
#4095=EDGE_CURVE('',#5007,#5005,#5980,.T.);
#4096=EDGE_CURVE('',#5008,#5004,#5981,.T.);
#4097=EDGE_CURVE('',#5009,#5008,#5982,.T.);
#4098=EDGE_CURVE('',#5009,#5006,#5983,.T.);
#4099=EDGE_CURVE('',#5010,#5008,#5984,.T.);
#4100=EDGE_CURVE('',#5011,#5010,#5985,.T.);
#4101=EDGE_CURVE('',#5011,#5009,#5986,.T.);
#4102=EDGE_CURVE('',#5012,#5013,#5987,.T.);
#4103=EDGE_CURVE('',#5014,#5012,#5988,.T.);
#4104=EDGE_CURVE('',#5014,#5015,#5989,.T.);
#4105=EDGE_CURVE('',#5015,#5013,#5990,.T.);
#4106=EDGE_CURVE('',#5016,#5012,#5991,.T.);
#4107=EDGE_CURVE('',#5017,#5016,#5992,.T.);
#4108=EDGE_CURVE('',#5017,#5014,#5993,.T.);
#4109=EDGE_CURVE('',#5018,#5016,#5994,.T.);
#4110=EDGE_CURVE('',#5019,#5018,#5995,.T.);
#4111=EDGE_CURVE('',#5019,#5017,#5996,.T.);
#4112=EDGE_CURVE('',#5020,#5021,#5997,.T.);
#4113=EDGE_CURVE('',#5022,#5020,#5998,.T.);
#4114=EDGE_CURVE('',#5022,#5023,#5999,.T.);
#4115=EDGE_CURVE('',#5023,#5021,#6000,.T.);
#4116=EDGE_CURVE('',#5024,#5020,#6001,.T.);
#4117=EDGE_CURVE('',#5025,#5024,#6002,.T.);
#4118=EDGE_CURVE('',#5025,#5022,#6003,.T.);
#4119=EDGE_CURVE('',#5026,#5024,#6004,.T.);
#4120=EDGE_CURVE('',#5027,#5026,#6005,.T.);
#4121=EDGE_CURVE('',#5027,#5025,#6006,.T.);
#4122=EDGE_CURVE('',#5028,#5029,#6007,.T.);
#4123=EDGE_CURVE('',#5030,#5028,#6008,.T.);
#4124=EDGE_CURVE('',#5030,#5031,#6009,.T.);
#4125=EDGE_CURVE('',#5031,#5029,#6010,.T.);
#4126=EDGE_CURVE('',#5032,#5028,#6011,.T.);
#4127=EDGE_CURVE('',#5033,#5032,#6012,.T.);
#4128=EDGE_CURVE('',#5033,#5030,#6013,.T.);
#4129=EDGE_CURVE('',#5034,#5032,#6014,.T.);
#4130=EDGE_CURVE('',#5035,#5034,#6015,.T.);
#4131=EDGE_CURVE('',#5035,#5033,#6016,.T.);
#4132=EDGE_CURVE('',#5036,#5037,#6017,.T.);
#4133=EDGE_CURVE('',#5038,#5036,#6018,.T.);
#4134=EDGE_CURVE('',#5038,#5039,#6019,.T.);
#4135=EDGE_CURVE('',#5039,#5037,#6020,.T.);
#4136=EDGE_CURVE('',#5040,#5036,#6021,.T.);
#4137=EDGE_CURVE('',#5041,#5040,#6022,.T.);
#4138=EDGE_CURVE('',#5041,#5038,#6023,.T.);
#4139=EDGE_CURVE('',#5042,#5040,#6024,.T.);
#4140=EDGE_CURVE('',#5043,#5042,#6025,.T.);
#4141=EDGE_CURVE('',#5043,#5041,#6026,.T.);
#4142=EDGE_CURVE('',#5044,#5045,#6027,.T.);
#4143=EDGE_CURVE('',#5046,#5044,#6028,.T.);
#4144=EDGE_CURVE('',#5046,#5047,#6029,.T.);
#4145=EDGE_CURVE('',#5047,#5045,#6030,.T.);
#4146=EDGE_CURVE('',#5048,#5044,#6031,.T.);
#4147=EDGE_CURVE('',#5049,#5048,#6032,.T.);
#4148=EDGE_CURVE('',#5049,#5046,#6033,.T.);
#4149=EDGE_CURVE('',#5050,#5048,#6034,.T.);
#4150=EDGE_CURVE('',#5051,#5050,#6035,.T.);
#4151=EDGE_CURVE('',#5051,#5049,#6036,.T.);
#4152=EDGE_CURVE('',#5052,#5053,#6037,.T.);
#4153=EDGE_CURVE('',#5054,#5052,#6038,.T.);
#4154=EDGE_CURVE('',#5054,#5055,#6039,.T.);
#4155=EDGE_CURVE('',#5055,#5053,#6040,.T.);
#4156=EDGE_CURVE('',#5056,#5052,#6041,.T.);
#4157=EDGE_CURVE('',#5057,#5056,#6042,.T.);
#4158=EDGE_CURVE('',#5057,#5054,#6043,.T.);
#4159=EDGE_CURVE('',#5058,#5056,#6044,.T.);
#4160=EDGE_CURVE('',#5059,#5058,#6045,.T.);
#4161=EDGE_CURVE('',#5059,#5057,#6046,.T.);
#4162=EDGE_CURVE('',#5060,#5061,#6047,.T.);
#4163=EDGE_CURVE('',#5062,#5060,#6048,.T.);
#4164=EDGE_CURVE('',#5062,#5063,#6049,.T.);
#4165=EDGE_CURVE('',#5063,#5061,#6050,.T.);
#4166=EDGE_CURVE('',#5064,#5060,#6051,.T.);
#4167=EDGE_CURVE('',#5065,#5064,#6052,.T.);
#4168=EDGE_CURVE('',#5065,#5062,#6053,.T.);
#4169=EDGE_CURVE('',#5066,#5064,#6054,.T.);
#4170=EDGE_CURVE('',#5067,#5066,#6055,.T.);
#4171=EDGE_CURVE('',#5067,#5065,#6056,.T.);
#4172=EDGE_CURVE('',#5068,#5069,#6057,.T.);
#4173=EDGE_CURVE('',#5070,#5068,#6058,.T.);
#4174=EDGE_CURVE('',#5070,#5071,#6059,.T.);
#4175=EDGE_CURVE('',#5071,#5069,#6060,.T.);
#4176=EDGE_CURVE('',#5072,#5068,#6061,.T.);
#4177=EDGE_CURVE('',#5073,#5072,#6062,.T.);
#4178=EDGE_CURVE('',#5073,#5070,#6063,.T.);
#4179=EDGE_CURVE('',#5074,#5072,#6064,.T.);
#4180=EDGE_CURVE('',#5075,#5074,#6065,.T.);
#4181=EDGE_CURVE('',#5075,#5073,#6066,.T.);
#4182=EDGE_CURVE('',#5076,#5077,#6067,.T.);
#4183=EDGE_CURVE('',#5078,#5076,#6068,.T.);
#4184=EDGE_CURVE('',#5078,#5079,#6069,.T.);
#4185=EDGE_CURVE('',#5079,#5077,#6070,.T.);
#4186=EDGE_CURVE('',#5080,#5076,#6071,.T.);
#4187=EDGE_CURVE('',#5081,#5080,#6072,.T.);
#4188=EDGE_CURVE('',#5081,#5078,#6073,.T.);
#4189=EDGE_CURVE('',#5082,#5080,#6074,.T.);
#4190=EDGE_CURVE('',#5083,#5082,#6075,.T.);
#4191=EDGE_CURVE('',#5083,#5081,#6076,.T.);
#4192=EDGE_CURVE('',#5084,#5085,#6077,.T.);
#4193=EDGE_CURVE('',#5086,#5084,#6078,.T.);
#4194=EDGE_CURVE('',#5086,#5087,#6079,.T.);
#4195=EDGE_CURVE('',#5087,#5085,#6080,.T.);
#4196=EDGE_CURVE('',#5088,#5084,#6081,.T.);
#4197=EDGE_CURVE('',#5089,#5088,#6082,.T.);
#4198=EDGE_CURVE('',#5089,#5086,#6083,.T.);
#4199=EDGE_CURVE('',#5090,#5088,#6084,.T.);
#4200=EDGE_CURVE('',#5091,#5090,#6085,.T.);
#4201=EDGE_CURVE('',#5091,#5089,#6086,.T.);
#4202=EDGE_CURVE('',#5092,#5093,#6087,.T.);
#4203=EDGE_CURVE('',#5094,#5092,#6088,.T.);
#4204=EDGE_CURVE('',#5094,#5095,#6089,.T.);
#4205=EDGE_CURVE('',#5095,#5093,#6090,.T.);
#4206=EDGE_CURVE('',#5096,#5092,#6091,.T.);
#4207=EDGE_CURVE('',#5097,#5096,#6092,.T.);
#4208=EDGE_CURVE('',#5097,#5094,#6093,.T.);
#4209=EDGE_CURVE('',#5098,#5096,#6094,.T.);
#4210=EDGE_CURVE('',#5099,#5098,#6095,.T.);
#4211=EDGE_CURVE('',#5099,#5097,#6096,.T.);
#4212=EDGE_CURVE('',#5100,#5101,#6097,.T.);
#4213=EDGE_CURVE('',#5102,#5100,#6098,.T.);
#4214=EDGE_CURVE('',#5102,#5103,#6099,.T.);
#4215=EDGE_CURVE('',#5103,#5101,#6100,.T.);
#4216=EDGE_CURVE('',#5104,#5100,#6101,.T.);
#4217=EDGE_CURVE('',#5105,#5104,#6102,.T.);
#4218=EDGE_CURVE('',#5105,#5102,#6103,.T.);
#4219=EDGE_CURVE('',#5106,#5104,#6104,.T.);
#4220=EDGE_CURVE('',#5107,#5106,#6105,.T.);
#4221=EDGE_CURVE('',#5107,#5105,#6106,.T.);
#4222=EDGE_CURVE('',#5108,#5109,#6107,.T.);
#4223=EDGE_CURVE('',#5110,#5108,#6108,.T.);
#4224=EDGE_CURVE('',#5110,#5111,#6109,.T.);
#4225=EDGE_CURVE('',#5111,#5109,#6110,.T.);
#4226=EDGE_CURVE('',#5112,#5108,#6111,.T.);
#4227=EDGE_CURVE('',#5113,#5112,#6112,.T.);
#4228=EDGE_CURVE('',#5113,#5110,#6113,.T.);
#4229=EDGE_CURVE('',#5114,#5112,#6114,.T.);
#4230=EDGE_CURVE('',#5115,#5114,#6115,.T.);
#4231=EDGE_CURVE('',#5115,#5113,#6116,.T.);
#4232=EDGE_CURVE('',#4917,#4922,#6117,.T.);
#4233=EDGE_CURVE('',#4919,#4923,#6118,.T.);
#4234=EDGE_CURVE('',#4925,#4930,#6119,.T.);
#4235=EDGE_CURVE('',#4927,#4931,#6120,.T.);
#4236=EDGE_CURVE('',#4933,#4938,#6121,.T.);
#4237=EDGE_CURVE('',#4935,#4939,#6122,.T.);
#4238=EDGE_CURVE('',#4941,#4946,#6123,.T.);
#4239=EDGE_CURVE('',#4943,#4947,#6124,.T.);
#4240=EDGE_CURVE('',#4949,#4954,#6125,.T.);
#4241=EDGE_CURVE('',#4951,#4955,#6126,.T.);
#4242=EDGE_CURVE('',#4957,#4962,#6127,.T.);
#4243=EDGE_CURVE('',#4959,#4963,#6128,.T.);
#4244=EDGE_CURVE('',#4965,#4970,#6129,.T.);
#4245=EDGE_CURVE('',#4967,#4971,#6130,.T.);
#4246=EDGE_CURVE('',#4973,#4978,#6131,.T.);
#4247=EDGE_CURVE('',#4975,#4979,#6132,.T.);
#4248=EDGE_CURVE('',#4981,#4986,#6133,.T.);
#4249=EDGE_CURVE('',#4983,#4987,#6134,.T.);
#4250=EDGE_CURVE('',#4989,#4994,#6135,.T.);
#4251=EDGE_CURVE('',#4991,#4995,#6136,.T.);
#4252=EDGE_CURVE('',#4997,#5002,#6137,.T.);
#4253=EDGE_CURVE('',#4999,#5003,#6138,.T.);
#4254=EDGE_CURVE('',#5005,#5010,#6139,.T.);
#4255=EDGE_CURVE('',#5007,#5011,#6140,.T.);
#4256=EDGE_CURVE('',#5013,#5018,#6141,.T.);
#4257=EDGE_CURVE('',#5015,#5019,#6142,.T.);
#4258=EDGE_CURVE('',#5021,#5026,#6143,.T.);
#4259=EDGE_CURVE('',#5023,#5027,#6144,.T.);
#4260=EDGE_CURVE('',#5029,#5034,#6145,.T.);
#4261=EDGE_CURVE('',#5031,#5035,#6146,.T.);
#4262=EDGE_CURVE('',#5037,#5042,#6147,.T.);
#4263=EDGE_CURVE('',#5039,#5043,#6148,.T.);
#4264=EDGE_CURVE('',#5045,#5050,#6149,.T.);
#4265=EDGE_CURVE('',#5047,#5051,#6150,.T.);
#4266=EDGE_CURVE('',#5053,#5058,#6151,.T.);
#4267=EDGE_CURVE('',#5055,#5059,#6152,.T.);
#4268=EDGE_CURVE('',#5061,#5066,#6153,.T.);
#4269=EDGE_CURVE('',#5063,#5067,#6154,.T.);
#4270=EDGE_CURVE('',#5069,#5074,#6155,.T.);
#4271=EDGE_CURVE('',#5071,#5075,#6156,.T.);
#4272=EDGE_CURVE('',#5077,#5082,#6157,.T.);
#4273=EDGE_CURVE('',#5079,#5083,#6158,.T.);
#4274=EDGE_CURVE('',#5085,#5090,#6159,.T.);
#4275=EDGE_CURVE('',#5087,#5091,#6160,.T.);
#4276=EDGE_CURVE('',#5093,#5098,#6161,.T.);
#4277=EDGE_CURVE('',#5095,#5099,#6162,.T.);
#4278=EDGE_CURVE('',#5101,#5106,#6163,.T.);
#4279=EDGE_CURVE('',#5103,#5107,#6164,.T.);
#4280=EDGE_CURVE('',#5109,#5114,#6165,.T.);
#4281=EDGE_CURVE('',#5111,#5115,#6166,.T.);
#4282=EDGE_CURVE('',#4909,#4914,#6167,.T.);
#4283=EDGE_CURVE('',#4911,#4915,#6168,.T.);
#4284=VERTEX_POINT('',#13065);
#4285=VERTEX_POINT('',#13066);
#4286=VERTEX_POINT('',#13068);
#4287=VERTEX_POINT('',#13070);
#4288=VERTEX_POINT('',#13073);
#4289=VERTEX_POINT('',#13074);
#4290=VERTEX_POINT('',#13076);
#4291=VERTEX_POINT('',#13078);
#4292=VERTEX_POINT('',#13080);
#4293=VERTEX_POINT('',#13082);
#4294=VERTEX_POINT('',#13084);
#4295=VERTEX_POINT('',#13086);
#4296=VERTEX_POINT('',#13088);
#4297=VERTEX_POINT('',#13090);
#4298=VERTEX_POINT('',#13092);
#4299=VERTEX_POINT('',#13094);
#4300=VERTEX_POINT('',#13096);
#4301=VERTEX_POINT('',#13098);
#4302=VERTEX_POINT('',#13100);
#4303=VERTEX_POINT('',#13102);
#4304=VERTEX_POINT('',#13104);
#4305=VERTEX_POINT('',#13106);
#4306=VERTEX_POINT('',#13108);
#4307=VERTEX_POINT('',#13110);
#4308=VERTEX_POINT('',#13113);
#4309=VERTEX_POINT('',#13114);
#4310=VERTEX_POINT('',#13116);
#4311=VERTEX_POINT('',#13118);
#4312=VERTEX_POINT('',#13120);
#4313=VERTEX_POINT('',#13122);
#4314=VERTEX_POINT('',#13124);
#4315=VERTEX_POINT('',#13126);
#4316=VERTEX_POINT('',#13129);
#4317=VERTEX_POINT('',#13130);
#4318=VERTEX_POINT('',#13132);
#4319=VERTEX_POINT('',#13134);
#4320=VERTEX_POINT('',#13138);
#4321=VERTEX_POINT('',#13139);
#4322=VERTEX_POINT('',#13141);
#4323=VERTEX_POINT('',#13143);
#4324=VERTEX_POINT('',#13148);
#4325=VERTEX_POINT('',#13150);
#4326=VERTEX_POINT('',#13152);
#4327=VERTEX_POINT('',#13154);
#4328=VERTEX_POINT('',#13156);
#4329=VERTEX_POINT('',#13158);
#4330=VERTEX_POINT('',#13160);
#4331=VERTEX_POINT('',#13162);
#4332=VERTEX_POINT('',#13169);
#4333=VERTEX_POINT('',#13170);
#4334=VERTEX_POINT('',#13172);
#4335=VERTEX_POINT('',#13174);
#4336=VERTEX_POINT('',#13178);
#4337=VERTEX_POINT('',#13179);
#4338=VERTEX_POINT('',#13181);
#4339=VERTEX_POINT('',#13183);
#4340=VERTEX_POINT('',#13187);
#4341=VERTEX_POINT('',#13188);
#4342=VERTEX_POINT('',#13190);
#4343=VERTEX_POINT('',#13192);
#4344=VERTEX_POINT('',#13194);
#4345=VERTEX_POINT('',#13196);
#4346=VERTEX_POINT('',#13198);
#4347=VERTEX_POINT('',#13200);
#4348=VERTEX_POINT('',#13204);
#4349=VERTEX_POINT('',#13205);
#4350=VERTEX_POINT('',#13207);
#4351=VERTEX_POINT('',#13209);
#4352=VERTEX_POINT('',#13212);
#4353=VERTEX_POINT('',#13213);
#4354=VERTEX_POINT('',#13215);
#4355=VERTEX_POINT('',#13217);
#4356=VERTEX_POINT('',#13221);
#4357=VERTEX_POINT('',#13222);
#4358=VERTEX_POINT('',#13224);
#4359=VERTEX_POINT('',#13226);
#4360=VERTEX_POINT('',#13228);
#4361=VERTEX_POINT('',#13233);
#4362=VERTEX_POINT('',#13235);
#4363=VERTEX_POINT('',#13237);
#4364=VERTEX_POINT('',#13239);
#4365=VERTEX_POINT('',#13241);
#4366=VERTEX_POINT('',#13243);
#4367=VERTEX_POINT('',#13248);
#4368=VERTEX_POINT('',#13251);
#4369=VERTEX_POINT('',#13252);
#4370=VERTEX_POINT('',#13254);
#4371=VERTEX_POINT('',#13256);
#4372=VERTEX_POINT('',#13260);
#4373=VERTEX_POINT('',#13261);
#4374=VERTEX_POINT('',#13263);
#4375=VERTEX_POINT('',#13265);
#4376=VERTEX_POINT('',#13267);
#4377=VERTEX_POINT('',#13269);
#4378=VERTEX_POINT('',#13271);
#4379=VERTEX_POINT('',#13273);
#4380=VERTEX_POINT('',#13275);
#4381=VERTEX_POINT('',#13277);
#4382=VERTEX_POINT('',#13279);
#4383=VERTEX_POINT('',#13281);
#4384=VERTEX_POINT('',#13283);
#4385=VERTEX_POINT('',#13285);
#4386=VERTEX_POINT('',#13287);
#4387=VERTEX_POINT('',#13289);
#4388=VERTEX_POINT('',#13293);
#4389=VERTEX_POINT('',#13294);
#4390=VERTEX_POINT('',#13296);
#4391=VERTEX_POINT('',#13298);
#4392=VERTEX_POINT('',#13301);
#4393=VERTEX_POINT('',#13302);
#4394=VERTEX_POINT('',#13304);
#4395=VERTEX_POINT('',#13306);
#4396=VERTEX_POINT('',#13309);
#4397=VERTEX_POINT('',#13310);
#4398=VERTEX_POINT('',#13320);
#4399=VERTEX_POINT('',#13322);
#4400=VERTEX_POINT('',#13328);
#4401=VERTEX_POINT('',#13330);
#4402=VERTEX_POINT('',#13336);
#4403=VERTEX_POINT('',#13338);
#4404=VERTEX_POINT('',#13348);
#4405=VERTEX_POINT('',#13350);
#4406=VERTEX_POINT('',#13352);
#4407=VERTEX_POINT('',#13354);
#4408=VERTEX_POINT('',#13356);
#4409=VERTEX_POINT('',#13358);
#4410=VERTEX_POINT('',#13360);
#4411=VERTEX_POINT('',#13362);
#4412=VERTEX_POINT('',#13364);
#4413=VERTEX_POINT('',#13366);
#4414=VERTEX_POINT('',#13368);
#4415=VERTEX_POINT('',#13370);
#4416=VERTEX_POINT('',#13372);
#4417=VERTEX_POINT('',#13374);
#4418=VERTEX_POINT('',#13376);
#4419=VERTEX_POINT('',#13378);
#4420=VERTEX_POINT('',#13380);
#4421=VERTEX_POINT('',#13382);
#4422=VERTEX_POINT('',#13384);
#4423=VERTEX_POINT('',#13386);
#4424=VERTEX_POINT('',#13388);
#4425=VERTEX_POINT('',#13390);
#4426=VERTEX_POINT('',#13393);
#4427=VERTEX_POINT('',#13395);
#4428=VERTEX_POINT('',#13397);
#4429=VERTEX_POINT('',#13399);
#4430=VERTEX_POINT('',#13401);
#4431=VERTEX_POINT('',#13403);
#4432=VERTEX_POINT('',#13405);
#4433=VERTEX_POINT('',#13408);
#4434=VERTEX_POINT('',#13409);
#4435=VERTEX_POINT('',#13411);
#4436=VERTEX_POINT('',#13413);
#4437=VERTEX_POINT('',#13415);
#4438=VERTEX_POINT('',#13417);
#4439=VERTEX_POINT('',#13419);
#4440=VERTEX_POINT('',#13423);
#4441=VERTEX_POINT('',#13425);
#4442=VERTEX_POINT('',#13426);
#4443=VERTEX_POINT('',#13428);
#4444=VERTEX_POINT('',#13430);
#4445=VERTEX_POINT('',#13433);
#4446=VERTEX_POINT('',#13435);
#4447=VERTEX_POINT('',#13439);
#4448=VERTEX_POINT('',#13440);
#4449=VERTEX_POINT('',#13442);
#4450=VERTEX_POINT('',#13444);
#4451=VERTEX_POINT('',#13447);
#4452=VERTEX_POINT('',#13449);
#4453=VERTEX_POINT('',#13454);
#4454=VERTEX_POINT('',#13458);
#4455=VERTEX_POINT('',#13459);
#4456=VERTEX_POINT('',#13461);
#4457=VERTEX_POINT('',#13463);
#4458=VERTEX_POINT('',#13465);
#4459=VERTEX_POINT('',#13467);
#4460=VERTEX_POINT('',#13469);
#4461=VERTEX_POINT('',#13473);
#4462=VERTEX_POINT('',#13475);
#4463=VERTEX_POINT('',#13476);
#4464=VERTEX_POINT('',#13479);
#4465=VERTEX_POINT('',#13481);
#4466=VERTEX_POINT('',#13485);
#4467=VERTEX_POINT('',#13487);
#4468=VERTEX_POINT('',#13488);
#4469=VERTEX_POINT('',#13490);
#4470=VERTEX_POINT('',#13492);
#4471=VERTEX_POINT('',#13494);
#4472=VERTEX_POINT('',#13496);
#4473=VERTEX_POINT('',#13498);
#4474=VERTEX_POINT('',#13500);
#4475=VERTEX_POINT('',#13504);
#4476=VERTEX_POINT('',#13505);
#4477=VERTEX_POINT('',#13507);
#4478=VERTEX_POINT('',#13509);
#4479=VERTEX_POINT('',#13511);
#4480=VERTEX_POINT('',#13513);
#4481=VERTEX_POINT('',#13515);
#4482=VERTEX_POINT('',#13517);
#4483=VERTEX_POINT('',#13524);
#4484=VERTEX_POINT('',#13526);
#4485=VERTEX_POINT('',#13527);
#4486=VERTEX_POINT('',#13529);
#4487=VERTEX_POINT('',#13531);
#4488=VERTEX_POINT('',#13533);
#4489=VERTEX_POINT('',#13535);
#4490=VERTEX_POINT('',#13539);
#4491=VERTEX_POINT('',#13540);
#4492=VERTEX_POINT('',#13542);
#4493=VERTEX_POINT('',#13544);
#4494=VERTEX_POINT('',#13546);
#4495=VERTEX_POINT('',#13548);
#4496=VERTEX_POINT('',#13551);
#4497=VERTEX_POINT('',#13554);
#4498=VERTEX_POINT('',#13556);
#4499=VERTEX_POINT('',#13558);
#4500=VERTEX_POINT('',#13560);
#4501=VERTEX_POINT('',#13565);
#4502=VERTEX_POINT('',#13567);
#4503=VERTEX_POINT('',#13569);
#4504=VERTEX_POINT('',#13573);
#4505=VERTEX_POINT('',#13575);
#4506=VERTEX_POINT('',#13579);
#4507=VERTEX_POINT('',#13581);
#4508=VERTEX_POINT('',#13583);
#4509=VERTEX_POINT('',#13585);
#4510=VERTEX_POINT('',#13587);
#4511=VERTEX_POINT('',#13589);
#4512=VERTEX_POINT('',#13593);
#4513=VERTEX_POINT('',#13594);
#4514=VERTEX_POINT('',#13596);
#4515=VERTEX_POINT('',#13599);
#4516=VERTEX_POINT('',#13603);
#4517=VERTEX_POINT('',#13604);
#4518=VERTEX_POINT('',#13606);
#4519=VERTEX_POINT('',#13608);
#4520=VERTEX_POINT('',#13610);
#4521=VERTEX_POINT('',#13612);
#4522=VERTEX_POINT('',#13616);
#4523=VERTEX_POINT('',#13618);
#4524=VERTEX_POINT('',#13622);
#4525=VERTEX_POINT('',#13623);
#4526=VERTEX_POINT('',#13625);
#4527=VERTEX_POINT('',#13627);
#4528=VERTEX_POINT('',#13629);
#4529=VERTEX_POINT('',#13632);
#4530=VERTEX_POINT('',#13634);
#4531=VERTEX_POINT('',#13637);
#4532=VERTEX_POINT('',#13641);
#4533=VERTEX_POINT('',#13642);
#4534=VERTEX_POINT('',#13647);
#4535=VERTEX_POINT('',#13650);
#4536=VERTEX_POINT('',#13652);
#4537=VERTEX_POINT('',#13654);
#4538=VERTEX_POINT('',#13656);
#4539=VERTEX_POINT('',#13658);
#4540=VERTEX_POINT('',#13660);
#4541=VERTEX_POINT('',#13664);
#4542=VERTEX_POINT('',#13665);
#4543=VERTEX_POINT('',#13671);
#4544=VERTEX_POINT('',#13673);
#4545=VERTEX_POINT('',#13679);
#4546=VERTEX_POINT('',#13681);
#4547=VERTEX_POINT('',#13687);
#4548=VERTEX_POINT('',#13689);
#4549=VERTEX_POINT('',#13696);
#4550=VERTEX_POINT('',#13697);
#4551=VERTEX_POINT('',#13700);
#4552=VERTEX_POINT('',#13702);
#4553=VERTEX_POINT('',#13704);
#4554=VERTEX_POINT('',#13706);
#4555=VERTEX_POINT('',#13710);
#4556=VERTEX_POINT('',#13712);
#4557=VERTEX_POINT('',#13714);
#4558=VERTEX_POINT('',#13719);
#4559=VERTEX_POINT('',#13721);
#4560=VERTEX_POINT('',#13723);
#4561=VERTEX_POINT('',#13727);
#4562=VERTEX_POINT('',#13729);
#4563=VERTEX_POINT('',#13733);
#4564=VERTEX_POINT('',#13735);
#4565=VERTEX_POINT('',#13739);
#4566=VERTEX_POINT('',#13741);
#4567=VERTEX_POINT('',#13746);
#4568=VERTEX_POINT('',#13748);
#4569=VERTEX_POINT('',#13752);
#4570=VERTEX_POINT('',#13756);
#4571=VERTEX_POINT('',#13758);
#4572=VERTEX_POINT('',#13762);
#4573=VERTEX_POINT('',#13765);
#4574=VERTEX_POINT('',#13767);
#4575=VERTEX_POINT('',#13769);
#4576=VERTEX_POINT('',#13771);
#4577=VERTEX_POINT('',#13774);
#4578=VERTEX_POINT('',#13801);
#4579=VERTEX_POINT('',#13805);
#4580=VERTEX_POINT('',#13809);
#4581=VERTEX_POINT('',#13813);
#4582=VERTEX_POINT('',#13817);
#4583=VERTEX_POINT('',#13821);
#4584=VERTEX_POINT('',#13825);
#4585=VERTEX_POINT('',#13829);
#4586=VERTEX_POINT('',#13833);
#4587=VERTEX_POINT('',#13835);
#4588=VERTEX_POINT('',#13848);
#4589=VERTEX_POINT('',#13869);
#4590=VERTEX_POINT('',#13873);
#4591=VERTEX_POINT('',#13901);
#4592=VERTEX_POINT('',#13911);
#4593=VERTEX_POINT('',#13913);
#4594=VERTEX_POINT('',#13916);
#4595=VERTEX_POINT('',#13918);
#4596=VERTEX_POINT('',#13922);
#4597=VERTEX_POINT('',#13926);
#4598=VERTEX_POINT('',#13927);
#4599=VERTEX_POINT('',#13932);
#4600=VERTEX_POINT('',#13934);
#4601=VERTEX_POINT('',#13937);
#4602=VERTEX_POINT('',#13945);
#4603=VERTEX_POINT('',#13947);
#4604=VERTEX_POINT('',#13951);
#4605=VERTEX_POINT('',#13955);
#4606=VERTEX_POINT('',#13959);
#4607=VERTEX_POINT('',#13960);
#4608=VERTEX_POINT('',#13966);
#4609=VERTEX_POINT('',#13970);
#4610=VERTEX_POINT('',#13974);
#4611=VERTEX_POINT('',#13975);
#4612=VERTEX_POINT('',#13980);
#4613=VERTEX_POINT('',#13984);
#4614=VERTEX_POINT('',#13985);
#4615=VERTEX_POINT('',#13991);
#4616=VERTEX_POINT('',#13995);
#4617=VERTEX_POINT('',#13997);
#4618=VERTEX_POINT('',#14000);
#4619=VERTEX_POINT('',#14002);
#4620=VERTEX_POINT('',#14006);
#4621=VERTEX_POINT('',#14010);
#4622=VERTEX_POINT('',#14016);
#4623=VERTEX_POINT('',#14018);
#4624=VERTEX_POINT('',#14022);
#4625=VERTEX_POINT('',#14026);
#4626=VERTEX_POINT('',#14034);
#4627=VERTEX_POINT('',#14035);
#4628=VERTEX_POINT('',#14040);
#4629=VERTEX_POINT('',#14042);
#4630=VERTEX_POINT('',#14045);
#4631=VERTEX_POINT('',#14049);
#4632=VERTEX_POINT('',#14054);
#4633=VERTEX_POINT('',#14058);
#4634=VERTEX_POINT('',#14059);
#4635=VERTEX_POINT('',#14064);
#4636=VERTEX_POINT('',#14072);
#4637=VERTEX_POINT('',#14074);
#4638=VERTEX_POINT('',#14078);
#4639=VERTEX_POINT('',#14082);
#4640=VERTEX_POINT('',#14086);
#4641=VERTEX_POINT('',#14090);
#4642=VERTEX_POINT('',#14094);
#4643=VERTEX_POINT('',#14095);
#4644=VERTEX_POINT('',#14100);
#4645=VERTEX_POINT('',#14104);
#4646=VERTEX_POINT('',#14110);
#4647=VERTEX_POINT('',#14114);
#4648=VERTEX_POINT('',#14121);
#4649=VERTEX_POINT('',#14125);
#4650=VERTEX_POINT('',#14129);
#4651=VERTEX_POINT('',#14133);
#4652=VERTEX_POINT('',#14137);
#4653=VERTEX_POINT('',#14141);
#4654=VERTEX_POINT('',#14145);
#4655=VERTEX_POINT('',#14149);
#4656=VERTEX_POINT('',#14150);
#4657=VERTEX_POINT('',#14153);
#4658=VERTEX_POINT('',#14155);
#4659=VERTEX_POINT('',#14159);
#4660=VERTEX_POINT('',#14167);
#4661=VERTEX_POINT('',#14168);
#4662=VERTEX_POINT('',#14170);
#4663=VERTEX_POINT('',#14172);
#4664=VERTEX_POINT('',#14176);
#4665=VERTEX_POINT('',#14177);
#4666=VERTEX_POINT('',#14179);
#4667=VERTEX_POINT('',#14181);
#4668=VERTEX_POINT('',#14185);
#4669=VERTEX_POINT('',#14186);
#4670=VERTEX_POINT('',#14188);
#4671=VERTEX_POINT('',#14190);
#4672=VERTEX_POINT('',#14194);
#4673=VERTEX_POINT('',#14195);
#4674=VERTEX_POINT('',#14198);
#4675=VERTEX_POINT('',#14200);
#4676=VERTEX_POINT('',#14202);
#4677=VERTEX_POINT('',#14204);
#4678=VERTEX_POINT('',#14206);
#4679=VERTEX_POINT('',#14208);
#4680=VERTEX_POINT('',#14210);
#4681=VERTEX_POINT('',#14212);
#4682=VERTEX_POINT('',#14215);
#4683=VERTEX_POINT('',#14217);
#4684=VERTEX_POINT('',#14219);
#4685=VERTEX_POINT('',#14221);
#4686=VERTEX_POINT('',#14225);
#4687=VERTEX_POINT('',#14233);
#4688=VERTEX_POINT('',#14621);
#4689=VERTEX_POINT('',#14622);
#4690=VERTEX_POINT('',#14624);
#4691=VERTEX_POINT('',#14626);
#4692=VERTEX_POINT('',#14630);
#4693=VERTEX_POINT('',#14632);
#4694=VERTEX_POINT('',#14636);
#4695=VERTEX_POINT('',#14638);
#4696=VERTEX_POINT('',#14646);
#4697=VERTEX_POINT('',#14647);
#4698=VERTEX_POINT('',#14649);
#4699=VERTEX_POINT('',#14651);
#4700=VERTEX_POINT('',#14655);
#4701=VERTEX_POINT('',#14657);
#4702=VERTEX_POINT('',#14661);
#4703=VERTEX_POINT('',#14663);
#4704=VERTEX_POINT('',#14687);
#4705=VERTEX_POINT('',#14689);
#4706=VERTEX_POINT('',#14693);
#4707=VERTEX_POINT('',#14697);
#4708=VERTEX_POINT('',#14705);
#4709=VERTEX_POINT('',#14706);
#4710=VERTEX_POINT('',#14708);
#4711=VERTEX_POINT('',#14710);
#4712=VERTEX_POINT('',#14714);
#4713=VERTEX_POINT('',#14715);
#4714=VERTEX_POINT('',#14720);
#4715=VERTEX_POINT('',#14722);
#4716=VERTEX_POINT('',#14732);
#4717=VERTEX_POINT('',#14733);
#4718=VERTEX_POINT('',#14735);
#4719=VERTEX_POINT('',#14737);
#4720=VERTEX_POINT('',#14741);
#4721=VERTEX_POINT('',#14742);
#4722=VERTEX_POINT('',#14747);
#4723=VERTEX_POINT('',#14749);
#4724=VERTEX_POINT('',#14759);
#4725=VERTEX_POINT('',#14760);
#4726=VERTEX_POINT('',#14762);
#4727=VERTEX_POINT('',#14764);
#4728=VERTEX_POINT('',#14768);
#4729=VERTEX_POINT('',#14769);
#4730=VERTEX_POINT('',#14774);
#4731=VERTEX_POINT('',#14776);
#4732=VERTEX_POINT('',#14786);
#4733=VERTEX_POINT('',#14787);
#4734=VERTEX_POINT('',#14789);
#4735=VERTEX_POINT('',#14791);
#4736=VERTEX_POINT('',#14795);
#4737=VERTEX_POINT('',#14796);
#4738=VERTEX_POINT('',#14801);
#4739=VERTEX_POINT('',#14803);
#4740=VERTEX_POINT('',#14813);
#4741=VERTEX_POINT('',#14814);
#4742=VERTEX_POINT('',#14816);
#4743=VERTEX_POINT('',#14818);
#4744=VERTEX_POINT('',#14822);
#4745=VERTEX_POINT('',#14823);
#4746=VERTEX_POINT('',#14828);
#4747=VERTEX_POINT('',#14830);
#4748=VERTEX_POINT('',#14840);
#4749=VERTEX_POINT('',#14841);
#4750=VERTEX_POINT('',#14843);
#4751=VERTEX_POINT('',#14845);
#4752=VERTEX_POINT('',#14849);
#4753=VERTEX_POINT('',#14850);
#4754=VERTEX_POINT('',#14855);
#4755=VERTEX_POINT('',#14857);
#4756=VERTEX_POINT('',#14867);
#4757=VERTEX_POINT('',#14868);
#4758=VERTEX_POINT('',#14870);
#4759=VERTEX_POINT('',#14872);
#4760=VERTEX_POINT('',#14876);
#4761=VERTEX_POINT('',#14877);
#4762=VERTEX_POINT('',#14882);
#4763=VERTEX_POINT('',#14884);
#4764=VERTEX_POINT('',#14894);
#4765=VERTEX_POINT('',#14895);
#4766=VERTEX_POINT('',#14897);
#4767=VERTEX_POINT('',#14899);
#4768=VERTEX_POINT('',#14903);
#4769=VERTEX_POINT('',#14904);
#4770=VERTEX_POINT('',#14909);
#4771=VERTEX_POINT('',#14911);
#4772=VERTEX_POINT('',#14921);
#4773=VERTEX_POINT('',#14922);
#4774=VERTEX_POINT('',#14924);
#4775=VERTEX_POINT('',#14926);
#4776=VERTEX_POINT('',#14930);
#4777=VERTEX_POINT('',#14931);
#4778=VERTEX_POINT('',#14936);
#4779=VERTEX_POINT('',#14938);
#4780=VERTEX_POINT('',#14948);
#4781=VERTEX_POINT('',#14949);
#4782=VERTEX_POINT('',#14951);
#4783=VERTEX_POINT('',#14953);
#4784=VERTEX_POINT('',#14957);
#4785=VERTEX_POINT('',#14958);
#4786=VERTEX_POINT('',#14963);
#4787=VERTEX_POINT('',#14965);
#4788=VERTEX_POINT('',#14975);
#4789=VERTEX_POINT('',#14976);
#4790=VERTEX_POINT('',#14978);
#4791=VERTEX_POINT('',#14980);
#4792=VERTEX_POINT('',#14984);
#4793=VERTEX_POINT('',#14985);
#4794=VERTEX_POINT('',#14990);
#4795=VERTEX_POINT('',#14992);
#4796=VERTEX_POINT('',#15002);
#4797=VERTEX_POINT('',#15003);
#4798=VERTEX_POINT('',#15005);
#4799=VERTEX_POINT('',#15007);
#4800=VERTEX_POINT('',#15011);
#4801=VERTEX_POINT('',#15012);
#4802=VERTEX_POINT('',#15017);
#4803=VERTEX_POINT('',#15019);
#4804=VERTEX_POINT('',#15029);
#4805=VERTEX_POINT('',#15030);
#4806=VERTEX_POINT('',#15032);
#4807=VERTEX_POINT('',#15034);
#4808=VERTEX_POINT('',#15038);
#4809=VERTEX_POINT('',#15039);
#4810=VERTEX_POINT('',#15044);
#4811=VERTEX_POINT('',#15046);
#4812=VERTEX_POINT('',#15056);
#4813=VERTEX_POINT('',#15057);
#4814=VERTEX_POINT('',#15059);
#4815=VERTEX_POINT('',#15061);
#4816=VERTEX_POINT('',#15065);
#4817=VERTEX_POINT('',#15066);
#4818=VERTEX_POINT('',#15071);
#4819=VERTEX_POINT('',#15073);
#4820=VERTEX_POINT('',#15083);
#4821=VERTEX_POINT('',#15084);
#4822=VERTEX_POINT('',#15086);
#4823=VERTEX_POINT('',#15088);
#4824=VERTEX_POINT('',#15092);
#4825=VERTEX_POINT('',#15093);
#4826=VERTEX_POINT('',#15098);
#4827=VERTEX_POINT('',#15100);
#4828=VERTEX_POINT('',#15110);
#4829=VERTEX_POINT('',#15111);
#4830=VERTEX_POINT('',#15113);
#4831=VERTEX_POINT('',#15115);
#4832=VERTEX_POINT('',#15119);
#4833=VERTEX_POINT('',#15120);
#4834=VERTEX_POINT('',#15125);
#4835=VERTEX_POINT('',#15127);
#4836=VERTEX_POINT('',#15137);
#4837=VERTEX_POINT('',#15138);
#4838=VERTEX_POINT('',#15140);
#4839=VERTEX_POINT('',#15142);
#4840=VERTEX_POINT('',#15146);
#4841=VERTEX_POINT('',#15147);
#4842=VERTEX_POINT('',#15152);
#4843=VERTEX_POINT('',#15154);
#4844=VERTEX_POINT('',#15164);
#4845=VERTEX_POINT('',#15165);
#4846=VERTEX_POINT('',#15167);
#4847=VERTEX_POINT('',#15169);
#4848=VERTEX_POINT('',#15173);
#4849=VERTEX_POINT('',#15174);
#4850=VERTEX_POINT('',#15179);
#4851=VERTEX_POINT('',#15181);
#4852=VERTEX_POINT('',#15191);
#4853=VERTEX_POINT('',#15192);
#4854=VERTEX_POINT('',#15194);
#4855=VERTEX_POINT('',#15196);
#4856=VERTEX_POINT('',#15200);
#4857=VERTEX_POINT('',#15201);
#4858=VERTEX_POINT('',#15206);
#4859=VERTEX_POINT('',#15208);
#4860=VERTEX_POINT('',#15218);
#4861=VERTEX_POINT('',#15219);
#4862=VERTEX_POINT('',#15221);
#4863=VERTEX_POINT('',#15223);
#4864=VERTEX_POINT('',#15227);
#4865=VERTEX_POINT('',#15228);
#4866=VERTEX_POINT('',#15233);
#4867=VERTEX_POINT('',#15235);
#4868=VERTEX_POINT('',#15245);
#4869=VERTEX_POINT('',#15246);
#4870=VERTEX_POINT('',#15248);
#4871=VERTEX_POINT('',#15250);
#4872=VERTEX_POINT('',#15254);
#4873=VERTEX_POINT('',#15255);
#4874=VERTEX_POINT('',#15260);
#4875=VERTEX_POINT('',#15262);
#4876=VERTEX_POINT('',#15272);
#4877=VERTEX_POINT('',#15273);
#4878=VERTEX_POINT('',#15275);
#4879=VERTEX_POINT('',#15277);
#4880=VERTEX_POINT('',#15281);
#4881=VERTEX_POINT('',#15282);
#4882=VERTEX_POINT('',#15287);
#4883=VERTEX_POINT('',#15289);
#4884=VERTEX_POINT('',#15299);
#4885=VERTEX_POINT('',#15300);
#4886=VERTEX_POINT('',#15302);
#4887=VERTEX_POINT('',#15304);
#4888=VERTEX_POINT('',#15308);
#4889=VERTEX_POINT('',#15309);
#4890=VERTEX_POINT('',#15314);
#4891=VERTEX_POINT('',#15316);
#4892=VERTEX_POINT('',#15326);
#4893=VERTEX_POINT('',#15327);
#4894=VERTEX_POINT('',#15329);
#4895=VERTEX_POINT('',#15331);
#4896=VERTEX_POINT('',#15335);
#4897=VERTEX_POINT('',#15336);
#4898=VERTEX_POINT('',#15341);
#4899=VERTEX_POINT('',#15343);
#4900=VERTEX_POINT('',#15353);
#4901=VERTEX_POINT('',#15354);
#4902=VERTEX_POINT('',#15356);
#4903=VERTEX_POINT('',#15358);
#4904=VERTEX_POINT('',#15362);
#4905=VERTEX_POINT('',#15363);
#4906=VERTEX_POINT('',#15368);
#4907=VERTEX_POINT('',#15370);
#4908=VERTEX_POINT('',#15380);
#4909=VERTEX_POINT('',#15381);
#4910=VERTEX_POINT('',#15383);
#4911=VERTEX_POINT('',#15385);
#4912=VERTEX_POINT('',#15389);
#4913=VERTEX_POINT('',#15391);
#4914=VERTEX_POINT('',#15395);
#4915=VERTEX_POINT('',#15397);
#4916=VERTEX_POINT('',#15401);
#4917=VERTEX_POINT('',#15402);
#4918=VERTEX_POINT('',#15404);
#4919=VERTEX_POINT('',#15406);
#4920=VERTEX_POINT('',#15410);
#4921=VERTEX_POINT('',#15412);
#4922=VERTEX_POINT('',#15416);
#4923=VERTEX_POINT('',#15418);
#4924=VERTEX_POINT('',#15422);
#4925=VERTEX_POINT('',#15423);
#4926=VERTEX_POINT('',#15425);
#4927=VERTEX_POINT('',#15427);
#4928=VERTEX_POINT('',#15431);
#4929=VERTEX_POINT('',#15433);
#4930=VERTEX_POINT('',#15437);
#4931=VERTEX_POINT('',#15439);
#4932=VERTEX_POINT('',#15443);
#4933=VERTEX_POINT('',#15444);
#4934=VERTEX_POINT('',#15446);
#4935=VERTEX_POINT('',#15448);
#4936=VERTEX_POINT('',#15452);
#4937=VERTEX_POINT('',#15454);
#4938=VERTEX_POINT('',#15458);
#4939=VERTEX_POINT('',#15460);
#4940=VERTEX_POINT('',#15464);
#4941=VERTEX_POINT('',#15465);
#4942=VERTEX_POINT('',#15467);
#4943=VERTEX_POINT('',#15469);
#4944=VERTEX_POINT('',#15473);
#4945=VERTEX_POINT('',#15475);
#4946=VERTEX_POINT('',#15479);
#4947=VERTEX_POINT('',#15481);
#4948=VERTEX_POINT('',#15485);
#4949=VERTEX_POINT('',#15486);
#4950=VERTEX_POINT('',#15488);
#4951=VERTEX_POINT('',#15490);
#4952=VERTEX_POINT('',#15494);
#4953=VERTEX_POINT('',#15496);
#4954=VERTEX_POINT('',#15500);
#4955=VERTEX_POINT('',#15502);
#4956=VERTEX_POINT('',#15506);
#4957=VERTEX_POINT('',#15507);
#4958=VERTEX_POINT('',#15509);
#4959=VERTEX_POINT('',#15511);
#4960=VERTEX_POINT('',#15515);
#4961=VERTEX_POINT('',#15517);
#4962=VERTEX_POINT('',#15521);
#4963=VERTEX_POINT('',#15523);
#4964=VERTEX_POINT('',#15527);
#4965=VERTEX_POINT('',#15528);
#4966=VERTEX_POINT('',#15530);
#4967=VERTEX_POINT('',#15532);
#4968=VERTEX_POINT('',#15536);
#4969=VERTEX_POINT('',#15538);
#4970=VERTEX_POINT('',#15542);
#4971=VERTEX_POINT('',#15544);
#4972=VERTEX_POINT('',#15548);
#4973=VERTEX_POINT('',#15549);
#4974=VERTEX_POINT('',#15551);
#4975=VERTEX_POINT('',#15553);
#4976=VERTEX_POINT('',#15557);
#4977=VERTEX_POINT('',#15559);
#4978=VERTEX_POINT('',#15563);
#4979=VERTEX_POINT('',#15565);
#4980=VERTEX_POINT('',#15569);
#4981=VERTEX_POINT('',#15570);
#4982=VERTEX_POINT('',#15572);
#4983=VERTEX_POINT('',#15574);
#4984=VERTEX_POINT('',#15578);
#4985=VERTEX_POINT('',#15580);
#4986=VERTEX_POINT('',#15584);
#4987=VERTEX_POINT('',#15586);
#4988=VERTEX_POINT('',#15590);
#4989=VERTEX_POINT('',#15591);
#4990=VERTEX_POINT('',#15593);
#4991=VERTEX_POINT('',#15595);
#4992=VERTEX_POINT('',#15599);
#4993=VERTEX_POINT('',#15601);
#4994=VERTEX_POINT('',#15605);
#4995=VERTEX_POINT('',#15607);
#4996=VERTEX_POINT('',#15611);
#4997=VERTEX_POINT('',#15612);
#4998=VERTEX_POINT('',#15614);
#4999=VERTEX_POINT('',#15616);
#5000=VERTEX_POINT('',#15620);
#5001=VERTEX_POINT('',#15622);
#5002=VERTEX_POINT('',#15626);
#5003=VERTEX_POINT('',#15628);
#5004=VERTEX_POINT('',#15632);
#5005=VERTEX_POINT('',#15633);
#5006=VERTEX_POINT('',#15635);
#5007=VERTEX_POINT('',#15637);
#5008=VERTEX_POINT('',#15641);
#5009=VERTEX_POINT('',#15643);
#5010=VERTEX_POINT('',#15647);
#5011=VERTEX_POINT('',#15649);
#5012=VERTEX_POINT('',#15653);
#5013=VERTEX_POINT('',#15654);
#5014=VERTEX_POINT('',#15656);
#5015=VERTEX_POINT('',#15658);
#5016=VERTEX_POINT('',#15662);
#5017=VERTEX_POINT('',#15664);
#5018=VERTEX_POINT('',#15668);
#5019=VERTEX_POINT('',#15670);
#5020=VERTEX_POINT('',#15674);
#5021=VERTEX_POINT('',#15675);
#5022=VERTEX_POINT('',#15677);
#5023=VERTEX_POINT('',#15679);
#5024=VERTEX_POINT('',#15683);
#5025=VERTEX_POINT('',#15685);
#5026=VERTEX_POINT('',#15689);
#5027=VERTEX_POINT('',#15691);
#5028=VERTEX_POINT('',#15695);
#5029=VERTEX_POINT('',#15696);
#5030=VERTEX_POINT('',#15698);
#5031=VERTEX_POINT('',#15700);
#5032=VERTEX_POINT('',#15704);
#5033=VERTEX_POINT('',#15706);
#5034=VERTEX_POINT('',#15710);
#5035=VERTEX_POINT('',#15712);
#5036=VERTEX_POINT('',#15716);
#5037=VERTEX_POINT('',#15717);
#5038=VERTEX_POINT('',#15719);
#5039=VERTEX_POINT('',#15721);
#5040=VERTEX_POINT('',#15725);
#5041=VERTEX_POINT('',#15727);
#5042=VERTEX_POINT('',#15731);
#5043=VERTEX_POINT('',#15733);
#5044=VERTEX_POINT('',#15737);
#5045=VERTEX_POINT('',#15738);
#5046=VERTEX_POINT('',#15740);
#5047=VERTEX_POINT('',#15742);
#5048=VERTEX_POINT('',#15746);
#5049=VERTEX_POINT('',#15748);
#5050=VERTEX_POINT('',#15752);
#5051=VERTEX_POINT('',#15754);
#5052=VERTEX_POINT('',#15758);
#5053=VERTEX_POINT('',#15759);
#5054=VERTEX_POINT('',#15761);
#5055=VERTEX_POINT('',#15763);
#5056=VERTEX_POINT('',#15767);
#5057=VERTEX_POINT('',#15769);
#5058=VERTEX_POINT('',#15773);
#5059=VERTEX_POINT('',#15775);
#5060=VERTEX_POINT('',#15779);
#5061=VERTEX_POINT('',#15780);
#5062=VERTEX_POINT('',#15782);
#5063=VERTEX_POINT('',#15784);
#5064=VERTEX_POINT('',#15788);
#5065=VERTEX_POINT('',#15790);
#5066=VERTEX_POINT('',#15794);
#5067=VERTEX_POINT('',#15796);
#5068=VERTEX_POINT('',#15800);
#5069=VERTEX_POINT('',#15801);
#5070=VERTEX_POINT('',#15803);
#5071=VERTEX_POINT('',#15805);
#5072=VERTEX_POINT('',#15809);
#5073=VERTEX_POINT('',#15811);
#5074=VERTEX_POINT('',#15815);
#5075=VERTEX_POINT('',#15817);
#5076=VERTEX_POINT('',#15821);
#5077=VERTEX_POINT('',#15822);
#5078=VERTEX_POINT('',#15824);
#5079=VERTEX_POINT('',#15826);
#5080=VERTEX_POINT('',#15830);
#5081=VERTEX_POINT('',#15832);
#5082=VERTEX_POINT('',#15836);
#5083=VERTEX_POINT('',#15838);
#5084=VERTEX_POINT('',#15842);
#5085=VERTEX_POINT('',#15843);
#5086=VERTEX_POINT('',#15845);
#5087=VERTEX_POINT('',#15847);
#5088=VERTEX_POINT('',#15851);
#5089=VERTEX_POINT('',#15853);
#5090=VERTEX_POINT('',#15857);
#5091=VERTEX_POINT('',#15859);
#5092=VERTEX_POINT('',#15863);
#5093=VERTEX_POINT('',#15864);
#5094=VERTEX_POINT('',#15866);
#5095=VERTEX_POINT('',#15868);
#5096=VERTEX_POINT('',#15872);
#5097=VERTEX_POINT('',#15874);
#5098=VERTEX_POINT('',#15878);
#5099=VERTEX_POINT('',#15880);
#5100=VERTEX_POINT('',#15884);
#5101=VERTEX_POINT('',#15885);
#5102=VERTEX_POINT('',#15887);
#5103=VERTEX_POINT('',#15889);
#5104=VERTEX_POINT('',#15893);
#5105=VERTEX_POINT('',#15895);
#5106=VERTEX_POINT('',#15899);
#5107=VERTEX_POINT('',#15901);
#5108=VERTEX_POINT('',#15905);
#5109=VERTEX_POINT('',#15906);
#5110=VERTEX_POINT('',#15908);
#5111=VERTEX_POINT('',#15910);
#5112=VERTEX_POINT('',#15914);
#5113=VERTEX_POINT('',#15916);
#5114=VERTEX_POINT('',#15920);
#5115=VERTEX_POINT('',#15922);
#5116=LINE('',#13064,#6169);
#5117=LINE('',#13067,#6170);
#5118=LINE('',#13069,#6171);
#5119=LINE('',#13071,#6172);
#5120=LINE('',#13075,#6173);
#5121=LINE('',#13077,#6174);
#5122=LINE('',#13079,#6175);
#5123=LINE('',#13083,#6176);
#5124=LINE('',#13087,#6177);
#5125=LINE('',#13091,#6178);
#5126=LINE('',#13093,#6179);
#5127=LINE('',#13097,#6180);
#5128=LINE('',#13101,#6181);
#5129=LINE('',#13103,#6182);
#5130=LINE('',#13107,#6183);
#5131=LINE('',#13111,#6184);
#5132=LINE('',#13115,#6185);
#5133=LINE('',#13119,#6186);
#5134=LINE('',#13123,#6187);
#5135=LINE('',#13127,#6188);
#5136=LINE('',#13128,#6189);
#5137=LINE('',#13131,#6190);
#5138=LINE('',#13133,#6191);
#5139=LINE('',#13135,#6192);
#5140=LINE('',#13137,#6193);
#5141=LINE('',#13140,#6194);
#5142=LINE('',#13142,#6195);
#5143=LINE('',#13149,#6196);
#5144=LINE('',#13151,#6197);
#5145=LINE('',#13153,#6198);
#5146=LINE('',#13155,#6199);
#5147=LINE('',#13157,#6200);
#5148=LINE('',#13159,#6201);
#5149=LINE('',#13161,#6202);
#5150=LINE('',#13168,#6203);
#5151=LINE('',#13171,#6204);
#5152=LINE('',#13173,#6205);
#5153=LINE('',#13175,#6206);
#5154=LINE('',#13177,#6207);
#5155=LINE('',#13180,#6208);
#5156=LINE('',#13182,#6209);
#5157=LINE('',#13184,#6210);
#5158=LINE('',#13186,#6211);
#5159=LINE('',#13189,#6212);
#5160=LINE('',#13191,#6213);
#5161=LINE('',#13193,#6214);
#5162=LINE('',#13195,#6215);
#5163=LINE('',#13197,#6216);
#5164=LINE('',#13199,#6217);
#5165=LINE('',#13201,#6218);
#5166=LINE('',#13203,#6219);
#5167=LINE('',#13206,#6220);
#5168=LINE('',#13208,#6221);
#5169=LINE('',#13210,#6222);
#5170=LINE('',#13211,#6223);
#5171=LINE('',#13216,#6224);
#5172=LINE('',#13220,#6225);
#5173=LINE('',#13223,#6226);
#5174=LINE('',#13225,#6227);
#5175=LINE('',#13227,#6228);
#5176=LINE('',#13234,#6229);
#5177=LINE('',#13238,#6230);
#5178=LINE('',#13242,#6231);
#5179=LINE('',#13249,#6232);
#5180=LINE('',#13253,#6233);
#5181=LINE('',#13257,#6234);
#5182=LINE('',#13259,#6235);
#5183=LINE('',#13262,#6236);
#5184=LINE('',#13264,#6237);
#5185=LINE('',#13266,#6238);
#5186=LINE('',#13268,#6239);
#5187=LINE('',#13270,#6240);
#5188=LINE('',#13272,#6241);
#5189=LINE('',#13274,#6242);
#5190=LINE('',#13276,#6243);
#5191=LINE('',#13278,#6244);
#5192=LINE('',#13280,#6245);
#5193=LINE('',#13282,#6246);
#5194=LINE('',#13284,#6247);
#5195=LINE('',#13288,#6248);
#5196=LINE('',#13292,#6249);
#5197=LINE('',#13297,#6250);
#5198=LINE('',#13300,#6251);
#5199=LINE('',#13305,#6252);
#5200=LINE('',#13308,#6253);
#5201=LINE('',#13321,#6254);
#5202=LINE('',#13329,#6255);
#5203=LINE('',#13337,#6256);
#5204=LINE('',#13349,#6257);
#5205=LINE('',#13351,#6258);
#5206=LINE('',#13355,#6259);
#5207=LINE('',#13357,#6260);
#5208=LINE('',#13361,#6261);
#5209=LINE('',#13365,#6262);
#5210=LINE('',#13367,#6263);
#5211=LINE('',#13371,#6264);
#5212=LINE('',#13375,#6265);
#5213=LINE('',#13377,#6266);
#5214=LINE('',#13381,#6267);
#5215=LINE('',#13385,#6268);
#5216=LINE('',#13387,#6269);
#5217=LINE('',#13391,#6270);
#5218=LINE('',#13407,#6271);
#5219=LINE('',#13410,#6272);
#5220=LINE('',#13412,#6273);
#5221=LINE('',#13414,#6274);
#5222=LINE('',#13416,#6275);
#5223=LINE('',#13418,#6276);
#5224=LINE('',#13420,#6277);
#5225=LINE('',#13424,#6278);
#5226=LINE('',#13429,#6279);
#5227=LINE('',#13434,#6280);
#5228=LINE('',#13438,#6281);
#5229=LINE('',#13441,#6282);
#5230=LINE('',#13443,#6283);
#5231=LINE('',#13445,#6284);
#5232=LINE('',#13446,#6285);
#5233=LINE('',#13448,#6286);
#5234=LINE('',#13455,#6287);
#5235=LINE('',#13457,#6288);
#5236=LINE('',#13460,#6289);
#5237=LINE('',#13462,#6290);
#5238=LINE('',#13464,#6291);
#5239=LINE('',#13466,#6292);
#5240=LINE('',#13468,#6293);
#5241=LINE('',#13470,#6294);
#5242=LINE('',#13474,#6295);
#5243=LINE('',#13480,#6296);
#5244=LINE('',#13486,#6297);
#5245=LINE('',#13491,#6298);
#5246=LINE('',#13495,#6299);
#5247=LINE('',#13499,#6300);
#5248=LINE('',#13503,#6301);
#5249=LINE('',#13506,#6302);
#5250=LINE('',#13508,#6303);
#5251=LINE('',#13510,#6304);
#5252=LINE('',#13512,#6305);
#5253=LINE('',#13514,#6306);
#5254=LINE('',#13516,#6307);
#5255=LINE('',#13525,#6308);
#5256=LINE('',#13530,#6309);
#5257=LINE('',#13534,#6310);
#5258=LINE('',#13538,#6311);
#5259=LINE('',#13543,#6312);
#5260=LINE('',#13547,#6313);
#5261=LINE('',#13553,#6314);
#5262=LINE('',#13555,#6315);
#5263=LINE('',#13557,#6316);
#5264=LINE('',#13559,#6317);
#5265=LINE('',#13566,#6318);
#5266=LINE('',#13568,#6319);
#5267=LINE('',#13570,#6320);
#5268=LINE('',#13572,#6321);
#5269=LINE('',#13574,#6322);
#5270=LINE('',#13576,#6323);
#5271=LINE('',#13578,#6324);
#5272=LINE('',#13580,#6325);
#5273=LINE('',#13582,#6326);
#5274=LINE('',#13584,#6327);
#5275=LINE('',#13586,#6328);
#5276=LINE('',#13588,#6329);
#5277=LINE('',#13590,#6330);
#5278=LINE('',#13592,#6331);
#5279=LINE('',#13595,#6332);
#5280=LINE('',#13597,#6333);
#5281=LINE('',#13598,#6334);
#5282=LINE('',#13600,#6335);
#5283=LINE('',#13602,#6336);
#5284=LINE('',#13605,#6337);
#5285=LINE('',#13607,#6338);
#5286=LINE('',#13609,#6339);
#5287=LINE('',#13611,#6340);
#5288=LINE('',#13613,#6341);
#5289=LINE('',#13615,#6342);
#5290=LINE('',#13617,#6343);
#5291=LINE('',#13619,#6344);
#5292=LINE('',#13621,#6345);
#5293=LINE('',#13624,#6346);
#5294=LINE('',#13626,#6347);
#5295=LINE('',#13628,#6348);
#5296=LINE('',#13630,#6349);
#5297=LINE('',#13631,#6350);
#5298=LINE('',#13633,#6351);
#5299=LINE('',#13635,#6352);
#5300=LINE('',#13636,#6353);
#5301=LINE('',#13638,#6354);
#5302=LINE('',#13640,#6355);
#5303=LINE('',#13643,#6356);
#5304=LINE('',#13644,#6357);
#5305=LINE('',#13646,#6358);
#5306=LINE('',#13648,#6359);
#5307=LINE('',#13649,#6360);
#5308=LINE('',#13651,#6361);
#5309=LINE('',#13653,#6362);
#5310=LINE('',#13655,#6363);
#5311=LINE('',#13657,#6364);
#5312=LINE('',#13659,#6365);
#5313=LINE('',#13661,#6366);
#5314=LINE('',#13663,#6367);
#5315=LINE('',#13672,#6368);
#5316=LINE('',#13680,#6369);
#5317=LINE('',#13688,#6370);
#5318=LINE('',#13695,#6371);
#5319=LINE('',#13701,#6372);
#5320=LINE('',#13705,#6373);
#5321=LINE('',#13709,#6374);
#5322=LINE('',#13711,#6375);
#5323=LINE('',#13713,#6376);
#5324=LINE('',#13720,#6377);
#5325=LINE('',#13722,#6378);
#5326=LINE('',#13724,#6379);
#5327=LINE('',#13726,#6380);
#5328=LINE('',#13728,#6381);
#5329=LINE('',#13730,#6382);
#5330=LINE('',#13732,#6383);
#5331=LINE('',#13734,#6384);
#5332=LINE('',#13736,#6385);
#5333=LINE('',#13738,#6386);
#5334=LINE('',#13740,#6387);
#5335=LINE('',#13742,#6388);
#5336=LINE('',#13747,#6389);
#5337=LINE('',#13757,#6390);
#5338=LINE('',#13766,#6391);
#5339=LINE('',#13770,#6392);
#5340=LINE('',#13784,#6393);
#5341=LINE('',#13785,#6394);
#5342=LINE('',#13787,#6395);
#5343=LINE('',#13789,#6396);
#5344=LINE('',#13791,#6397);
#5345=LINE('',#13793,#6398);
#5346=LINE('',#13795,#6399);
#5347=LINE('',#13797,#6400);
#5348=LINE('',#13832,#6401);
#5349=LINE('',#13834,#6402);
#5350=LINE('',#13836,#6403);
#5351=LINE('',#13847,#6404);
#5352=LINE('',#13870,#6405);
#5353=LINE('',#13872,#6406);
#5354=LINE('',#13874,#6407);
#5355=LINE('',#13900,#6408);
#5356=LINE('',#13908,#6409);
#5357=LINE('',#13910,#6410);
#5358=LINE('',#13919,#6411);
#5359=LINE('',#13921,#6412);
#5360=LINE('',#13923,#6413);
#5361=LINE('',#13925,#6414);
#5362=LINE('',#13928,#6415);
#5363=LINE('',#13929,#6416);
#5364=LINE('',#13931,#6417);
#5365=LINE('',#13940,#6418);
#5366=LINE('',#13944,#6419);
#5367=LINE('',#13950,#6420);
#5368=LINE('',#13952,#6421);
#5369=LINE('',#13954,#6422);
#5370=LINE('',#13956,#6423);
#5371=LINE('',#13958,#6424);
#5372=LINE('',#13961,#6425);
#5373=LINE('',#13965,#6426);
#5374=LINE('',#13969,#6427);
#5375=LINE('',#13971,#6428);
#5376=LINE('',#13973,#6429);
#5377=LINE('',#13976,#6430);
#5378=LINE('',#13977,#6431);
#5379=LINE('',#13986,#6432);
#5380=LINE('',#13990,#6433);
#5381=LINE('',#13992,#6434);
#5382=LINE('',#13994,#6435);
#5383=LINE('',#14003,#6436);
#5384=LINE('',#14005,#6437);
#5385=LINE('',#14007,#6438);
#5386=LINE('',#14011,#6439);
#5387=LINE('',#14015,#6440);
#5388=LINE('',#14017,#6441);
#5389=LINE('',#14019,#6442);
#5390=LINE('',#14021,#6443);
#5391=LINE('',#14023,#6444);
#5392=LINE('',#14029,#6445);
#5393=LINE('',#14033,#6446);
#5394=LINE('',#14036,#6447);
#5395=LINE('',#14037,#6448);
#5396=LINE('',#14039,#6449);
#5397=LINE('',#14048,#6450);
#5398=LINE('',#14050,#6451);
#5399=LINE('',#14053,#6452);
#5400=LINE('',#14055,#6453);
#5401=LINE('',#14057,#6454);
#5402=LINE('',#14060,#6455);
#5403=LINE('',#14061,#6456);
#5404=LINE('',#14067,#6457);
#5405=LINE('',#14071,#6458);
#5406=LINE('',#14073,#6459);
#5407=LINE('',#14075,#6460);
#5408=LINE('',#14079,#6461);
#5409=LINE('',#14081,#6462);
#5410=LINE('',#14083,#6463);
#5411=LINE('',#14087,#6464);
#5412=LINE('',#14089,#6465);
#5413=LINE('',#14091,#6466);
#5414=LINE('',#14093,#6467);
#5415=LINE('',#14096,#6468);
#5416=LINE('',#14097,#6469);
#5417=LINE('',#14099,#6470);
#5418=LINE('',#14103,#6471);
#5419=LINE('',#14105,#6472);
#5420=LINE('',#14109,#6473);
#5421=LINE('',#14115,#6474);
#5422=LINE('',#14117,#6475);
#5423=LINE('',#14148,#6476);
#5424=LINE('',#14154,#6477);
#5425=LINE('',#14156,#6478);
#5426=LINE('',#14158,#6479);
#5427=LINE('',#14160,#6480);
#5428=LINE('',#14161,#6481);
#5429=LINE('',#14163,#6482);
#5430=LINE('',#14164,#6483);
#5431=LINE('',#14166,#6484);
#5432=LINE('',#14169,#6485);
#5433=LINE('',#14171,#6486);
#5434=LINE('',#14173,#6487);
#5435=LINE('',#14175,#6488);
#5436=LINE('',#14178,#6489);
#5437=LINE('',#14180,#6490);
#5438=LINE('',#14182,#6491);
#5439=LINE('',#14184,#6492);
#5440=LINE('',#14187,#6493);
#5441=LINE('',#14189,#6494);
#5442=LINE('',#14191,#6495);
#5443=LINE('',#14193,#6496);
#5444=LINE('',#14199,#6497);
#5445=LINE('',#14203,#6498);
#5446=LINE('',#14205,#6499);
#5447=LINE('',#14207,#6500);
#5448=LINE('',#14211,#6501);
#5449=LINE('',#14216,#6502);
#5450=LINE('',#14220,#6503);
#5451=LINE('',#14224,#6504);
#5452=LINE('',#14226,#6505);
#5453=LINE('',#14232,#6506);
#5454=LINE('',#14234,#6507);
#5455=LINE('',#14353,#6508);
#5456=LINE('',#14354,#6509);
#5457=LINE('',#14356,#6510);
#5458=LINE('',#14358,#6511);
#5459=LINE('',#14360,#6512);
#5460=LINE('',#14362,#6513);
#5461=LINE('',#14364,#6514);
#5462=LINE('',#14366,#6515);
#5463=LINE('',#14369,#6516);
#5464=LINE('',#14371,#6517);
#5465=LINE('',#14373,#6518);
#5466=LINE('',#14375,#6519);
#5467=LINE('',#14377,#6520);
#5468=LINE('',#14379,#6521);
#5469=LINE('',#14402,#6522);
#5470=LINE('',#14404,#6523);
#5471=LINE('',#14406,#6524);
#5472=LINE('',#14408,#6525);
#5473=LINE('',#14410,#6526);
#5474=LINE('',#14412,#6527);
#5475=LINE('',#14414,#6528);
#5476=LINE('',#14416,#6529);
#5477=LINE('',#14418,#6530);
#5478=LINE('',#14420,#6531);
#5479=LINE('',#14422,#6532);
#5480=LINE('',#14424,#6533);
#5481=LINE('',#14426,#6534);
#5482=LINE('',#14428,#6535);
#5483=LINE('',#14430,#6536);
#5484=LINE('',#14432,#6537);
#5485=LINE('',#14434,#6538);
#5486=LINE('',#14436,#6539);
#5487=LINE('',#14438,#6540);
#5488=LINE('',#14440,#6541);
#5489=LINE('',#14442,#6542);
#5490=LINE('',#14444,#6543);
#5491=LINE('',#14459,#6544);
#5492=LINE('',#14461,#6545);
#5493=LINE('',#14463,#6546);
#5494=LINE('',#14465,#6547);
#5495=LINE('',#14468,#6548);
#5496=LINE('',#14469,#6549);
#5497=LINE('',#14471,#6550);
#5498=LINE('',#14473,#6551);
#5499=LINE('',#14475,#6552);
#5500=LINE('',#14477,#6553);
#5501=LINE('',#14479,#6554);
#5502=LINE('',#14481,#6555);
#5503=LINE('',#14483,#6556);
#5504=LINE('',#14485,#6557);
#5505=LINE('',#14487,#6558);
#5506=LINE('',#14489,#6559);
#5507=LINE('',#14491,#6560);
#5508=LINE('',#14493,#6561);
#5509=LINE('',#14495,#6562);
#5510=LINE('',#14497,#6563);
#5511=LINE('',#14499,#6564);
#5512=LINE('',#14501,#6565);
#5513=LINE('',#14503,#6566);
#5514=LINE('',#14505,#6567);
#5515=LINE('',#14508,#6568);
#5516=LINE('',#14510,#6569);
#5517=LINE('',#14513,#6570);
#5518=LINE('',#14518,#6571);
#5519=LINE('',#14521,#6572);
#5520=LINE('',#14523,#6573);
#5521=LINE('',#14525,#6574);
#5522=LINE('',#14529,#6575);
#5523=LINE('',#14531,#6576);
#5524=LINE('',#14533,#6577);
#5525=LINE('',#14620,#6578);
#5526=LINE('',#14625,#6579);
#5527=LINE('',#14629,#6580);
#5528=LINE('',#14631,#6581);
#5529=LINE('',#14633,#6582);
#5530=LINE('',#14637,#6583);
#5531=LINE('',#14641,#6584);
#5532=LINE('',#14642,#6585);
#5533=LINE('',#14645,#6586);
#5534=LINE('',#14650,#6587);
#5535=LINE('',#14654,#6588);
#5536=LINE('',#14656,#6589);
#5537=LINE('',#14658,#6590);
#5538=LINE('',#14662,#6591);
#5539=LINE('',#14666,#6592);
#5540=LINE('',#14667,#6593);
#5541=LINE('',#14670,#6594);
#5542=LINE('',#14671,#6595);
#5543=LINE('',#14673,#6596);
#5544=LINE('',#14675,#6597);
#5545=LINE('',#14678,#6598);
#5546=LINE('',#14679,#6599);
#5547=LINE('',#14681,#6600);
#5548=LINE('',#14683,#6601);
#5549=LINE('',#14686,#6602);
#5550=LINE('',#14688,#6603);
#5551=LINE('',#14690,#6604);
#5552=LINE('',#14692,#6605);
#5553=LINE('',#14694,#6606);
#5554=LINE('',#14696,#6607);
#5555=LINE('',#14698,#6608);
#5556=LINE('',#14700,#6609);
#5557=LINE('',#14704,#6610);
#5558=LINE('',#14707,#6611);
#5559=LINE('',#14709,#6612);
#5560=LINE('',#14711,#6613);
#5561=LINE('',#14713,#6614);
#5562=LINE('',#14716,#6615);
#5563=LINE('',#14717,#6616);
#5564=LINE('',#14719,#6617);
#5565=LINE('',#14721,#6618);
#5566=LINE('',#14723,#6619);
#5567=LINE('',#14725,#6620);
#5568=LINE('',#14726,#6621);
#5569=LINE('',#14731,#6622);
#5570=LINE('',#14734,#6623);
#5571=LINE('',#14736,#6624);
#5572=LINE('',#14738,#6625);
#5573=LINE('',#14740,#6626);
#5574=LINE('',#14743,#6627);
#5575=LINE('',#14744,#6628);
#5576=LINE('',#14746,#6629);
#5577=LINE('',#14748,#6630);
#5578=LINE('',#14750,#6631);
#5579=LINE('',#14752,#6632);
#5580=LINE('',#14753,#6633);
#5581=LINE('',#14758,#6634);
#5582=LINE('',#14761,#6635);
#5583=LINE('',#14763,#6636);
#5584=LINE('',#14765,#6637);
#5585=LINE('',#14767,#6638);
#5586=LINE('',#14770,#6639);
#5587=LINE('',#14771,#6640);
#5588=LINE('',#14773,#6641);
#5589=LINE('',#14775,#6642);
#5590=LINE('',#14777,#6643);
#5591=LINE('',#14779,#6644);
#5592=LINE('',#14780,#6645);
#5593=LINE('',#14785,#6646);
#5594=LINE('',#14788,#6647);
#5595=LINE('',#14790,#6648);
#5596=LINE('',#14792,#6649);
#5597=LINE('',#14794,#6650);
#5598=LINE('',#14797,#6651);
#5599=LINE('',#14798,#6652);
#5600=LINE('',#14800,#6653);
#5601=LINE('',#14802,#6654);
#5602=LINE('',#14804,#6655);
#5603=LINE('',#14806,#6656);
#5604=LINE('',#14807,#6657);
#5605=LINE('',#14812,#6658);
#5606=LINE('',#14815,#6659);
#5607=LINE('',#14817,#6660);
#5608=LINE('',#14819,#6661);
#5609=LINE('',#14821,#6662);
#5610=LINE('',#14824,#6663);
#5611=LINE('',#14825,#6664);
#5612=LINE('',#14827,#6665);
#5613=LINE('',#14829,#6666);
#5614=LINE('',#14831,#6667);
#5615=LINE('',#14833,#6668);
#5616=LINE('',#14834,#6669);
#5617=LINE('',#14839,#6670);
#5618=LINE('',#14842,#6671);
#5619=LINE('',#14844,#6672);
#5620=LINE('',#14846,#6673);
#5621=LINE('',#14848,#6674);
#5622=LINE('',#14851,#6675);
#5623=LINE('',#14852,#6676);
#5624=LINE('',#14854,#6677);
#5625=LINE('',#14856,#6678);
#5626=LINE('',#14858,#6679);
#5627=LINE('',#14860,#6680);
#5628=LINE('',#14861,#6681);
#5629=LINE('',#14866,#6682);
#5630=LINE('',#14869,#6683);
#5631=LINE('',#14871,#6684);
#5632=LINE('',#14873,#6685);
#5633=LINE('',#14875,#6686);
#5634=LINE('',#14878,#6687);
#5635=LINE('',#14879,#6688);
#5636=LINE('',#14881,#6689);
#5637=LINE('',#14883,#6690);
#5638=LINE('',#14885,#6691);
#5639=LINE('',#14887,#6692);
#5640=LINE('',#14888,#6693);
#5641=LINE('',#14893,#6694);
#5642=LINE('',#14896,#6695);
#5643=LINE('',#14898,#6696);
#5644=LINE('',#14900,#6697);
#5645=LINE('',#14902,#6698);
#5646=LINE('',#14905,#6699);
#5647=LINE('',#14906,#6700);
#5648=LINE('',#14908,#6701);
#5649=LINE('',#14910,#6702);
#5650=LINE('',#14912,#6703);
#5651=LINE('',#14914,#6704);
#5652=LINE('',#14915,#6705);
#5653=LINE('',#14920,#6706);
#5654=LINE('',#14923,#6707);
#5655=LINE('',#14925,#6708);
#5656=LINE('',#14927,#6709);
#5657=LINE('',#14929,#6710);
#5658=LINE('',#14932,#6711);
#5659=LINE('',#14933,#6712);
#5660=LINE('',#14935,#6713);
#5661=LINE('',#14937,#6714);
#5662=LINE('',#14939,#6715);
#5663=LINE('',#14941,#6716);
#5664=LINE('',#14942,#6717);
#5665=LINE('',#14947,#6718);
#5666=LINE('',#14950,#6719);
#5667=LINE('',#14952,#6720);
#5668=LINE('',#14954,#6721);
#5669=LINE('',#14956,#6722);
#5670=LINE('',#14959,#6723);
#5671=LINE('',#14960,#6724);
#5672=LINE('',#14962,#6725);
#5673=LINE('',#14964,#6726);
#5674=LINE('',#14966,#6727);
#5675=LINE('',#14968,#6728);
#5676=LINE('',#14969,#6729);
#5677=LINE('',#14974,#6730);
#5678=LINE('',#14977,#6731);
#5679=LINE('',#14979,#6732);
#5680=LINE('',#14981,#6733);
#5681=LINE('',#14983,#6734);
#5682=LINE('',#14986,#6735);
#5683=LINE('',#14987,#6736);
#5684=LINE('',#14989,#6737);
#5685=LINE('',#14991,#6738);
#5686=LINE('',#14993,#6739);
#5687=LINE('',#14995,#6740);
#5688=LINE('',#14996,#6741);
#5689=LINE('',#15001,#6742);
#5690=LINE('',#15004,#6743);
#5691=LINE('',#15006,#6744);
#5692=LINE('',#15008,#6745);
#5693=LINE('',#15010,#6746);
#5694=LINE('',#15013,#6747);
#5695=LINE('',#15014,#6748);
#5696=LINE('',#15016,#6749);
#5697=LINE('',#15018,#6750);
#5698=LINE('',#15020,#6751);
#5699=LINE('',#15022,#6752);
#5700=LINE('',#15023,#6753);
#5701=LINE('',#15028,#6754);
#5702=LINE('',#15031,#6755);
#5703=LINE('',#15033,#6756);
#5704=LINE('',#15035,#6757);
#5705=LINE('',#15037,#6758);
#5706=LINE('',#15040,#6759);
#5707=LINE('',#15041,#6760);
#5708=LINE('',#15043,#6761);
#5709=LINE('',#15045,#6762);
#5710=LINE('',#15047,#6763);
#5711=LINE('',#15049,#6764);
#5712=LINE('',#15050,#6765);
#5713=LINE('',#15055,#6766);
#5714=LINE('',#15058,#6767);
#5715=LINE('',#15060,#6768);
#5716=LINE('',#15062,#6769);
#5717=LINE('',#15064,#6770);
#5718=LINE('',#15067,#6771);
#5719=LINE('',#15068,#6772);
#5720=LINE('',#15070,#6773);
#5721=LINE('',#15072,#6774);
#5722=LINE('',#15074,#6775);
#5723=LINE('',#15076,#6776);
#5724=LINE('',#15077,#6777);
#5725=LINE('',#15082,#6778);
#5726=LINE('',#15085,#6779);
#5727=LINE('',#15087,#6780);
#5728=LINE('',#15089,#6781);
#5729=LINE('',#15091,#6782);
#5730=LINE('',#15094,#6783);
#5731=LINE('',#15095,#6784);
#5732=LINE('',#15097,#6785);
#5733=LINE('',#15099,#6786);
#5734=LINE('',#15101,#6787);
#5735=LINE('',#15103,#6788);
#5736=LINE('',#15104,#6789);
#5737=LINE('',#15109,#6790);
#5738=LINE('',#15112,#6791);
#5739=LINE('',#15114,#6792);
#5740=LINE('',#15116,#6793);
#5741=LINE('',#15118,#6794);
#5742=LINE('',#15121,#6795);
#5743=LINE('',#15122,#6796);
#5744=LINE('',#15124,#6797);
#5745=LINE('',#15126,#6798);
#5746=LINE('',#15128,#6799);
#5747=LINE('',#15130,#6800);
#5748=LINE('',#15131,#6801);
#5749=LINE('',#15136,#6802);
#5750=LINE('',#15139,#6803);
#5751=LINE('',#15141,#6804);
#5752=LINE('',#15143,#6805);
#5753=LINE('',#15145,#6806);
#5754=LINE('',#15148,#6807);
#5755=LINE('',#15149,#6808);
#5756=LINE('',#15151,#6809);
#5757=LINE('',#15153,#6810);
#5758=LINE('',#15155,#6811);
#5759=LINE('',#15157,#6812);
#5760=LINE('',#15158,#6813);
#5761=LINE('',#15163,#6814);
#5762=LINE('',#15166,#6815);
#5763=LINE('',#15168,#6816);
#5764=LINE('',#15170,#6817);
#5765=LINE('',#15172,#6818);
#5766=LINE('',#15175,#6819);
#5767=LINE('',#15176,#6820);
#5768=LINE('',#15178,#6821);
#5769=LINE('',#15180,#6822);
#5770=LINE('',#15182,#6823);
#5771=LINE('',#15184,#6824);
#5772=LINE('',#15185,#6825);
#5773=LINE('',#15190,#6826);
#5774=LINE('',#15193,#6827);
#5775=LINE('',#15195,#6828);
#5776=LINE('',#15197,#6829);
#5777=LINE('',#15199,#6830);
#5778=LINE('',#15202,#6831);
#5779=LINE('',#15203,#6832);
#5780=LINE('',#15205,#6833);
#5781=LINE('',#15207,#6834);
#5782=LINE('',#15209,#6835);
#5783=LINE('',#15211,#6836);
#5784=LINE('',#15212,#6837);
#5785=LINE('',#15217,#6838);
#5786=LINE('',#15220,#6839);
#5787=LINE('',#15222,#6840);
#5788=LINE('',#15224,#6841);
#5789=LINE('',#15226,#6842);
#5790=LINE('',#15229,#6843);
#5791=LINE('',#15230,#6844);
#5792=LINE('',#15232,#6845);
#5793=LINE('',#15234,#6846);
#5794=LINE('',#15236,#6847);
#5795=LINE('',#15238,#6848);
#5796=LINE('',#15239,#6849);
#5797=LINE('',#15244,#6850);
#5798=LINE('',#15247,#6851);
#5799=LINE('',#15249,#6852);
#5800=LINE('',#15251,#6853);
#5801=LINE('',#15253,#6854);
#5802=LINE('',#15256,#6855);
#5803=LINE('',#15257,#6856);
#5804=LINE('',#15259,#6857);
#5805=LINE('',#15261,#6858);
#5806=LINE('',#15263,#6859);
#5807=LINE('',#15265,#6860);
#5808=LINE('',#15266,#6861);
#5809=LINE('',#15271,#6862);
#5810=LINE('',#15274,#6863);
#5811=LINE('',#15276,#6864);
#5812=LINE('',#15278,#6865);
#5813=LINE('',#15280,#6866);
#5814=LINE('',#15283,#6867);
#5815=LINE('',#15284,#6868);
#5816=LINE('',#15286,#6869);
#5817=LINE('',#15288,#6870);
#5818=LINE('',#15290,#6871);
#5819=LINE('',#15292,#6872);
#5820=LINE('',#15293,#6873);
#5821=LINE('',#15298,#6874);
#5822=LINE('',#15301,#6875);
#5823=LINE('',#15303,#6876);
#5824=LINE('',#15305,#6877);
#5825=LINE('',#15307,#6878);
#5826=LINE('',#15310,#6879);
#5827=LINE('',#15311,#6880);
#5828=LINE('',#15313,#6881);
#5829=LINE('',#15315,#6882);
#5830=LINE('',#15317,#6883);
#5831=LINE('',#15319,#6884);
#5832=LINE('',#15320,#6885);
#5833=LINE('',#15325,#6886);
#5834=LINE('',#15328,#6887);
#5835=LINE('',#15330,#6888);
#5836=LINE('',#15332,#6889);
#5837=LINE('',#15334,#6890);
#5838=LINE('',#15337,#6891);
#5839=LINE('',#15338,#6892);
#5840=LINE('',#15340,#6893);
#5841=LINE('',#15342,#6894);
#5842=LINE('',#15344,#6895);
#5843=LINE('',#15346,#6896);
#5844=LINE('',#15347,#6897);
#5845=LINE('',#15352,#6898);
#5846=LINE('',#15355,#6899);
#5847=LINE('',#15357,#6900);
#5848=LINE('',#15359,#6901);
#5849=LINE('',#15361,#6902);
#5850=LINE('',#15364,#6903);
#5851=LINE('',#15365,#6904);
#5852=LINE('',#15367,#6905);
#5853=LINE('',#15369,#6906);
#5854=LINE('',#15371,#6907);
#5855=LINE('',#15373,#6908);
#5856=LINE('',#15374,#6909);
#5857=LINE('',#15379,#6910);
#5858=LINE('',#15382,#6911);
#5859=LINE('',#15384,#6912);
#5860=LINE('',#15386,#6913);
#5861=LINE('',#15388,#6914);
#5862=LINE('',#15390,#6915);
#5863=LINE('',#15392,#6916);
#5864=LINE('',#15394,#6917);
#5865=LINE('',#15396,#6918);
#5866=LINE('',#15398,#6919);
#5867=LINE('',#15400,#6920);
#5868=LINE('',#15403,#6921);
#5869=LINE('',#15405,#6922);
#5870=LINE('',#15407,#6923);
#5871=LINE('',#15409,#6924);
#5872=LINE('',#15411,#6925);
#5873=LINE('',#15413,#6926);
#5874=LINE('',#15415,#6927);
#5875=LINE('',#15417,#6928);
#5876=LINE('',#15419,#6929);
#5877=LINE('',#15421,#6930);
#5878=LINE('',#15424,#6931);
#5879=LINE('',#15426,#6932);
#5880=LINE('',#15428,#6933);
#5881=LINE('',#15430,#6934);
#5882=LINE('',#15432,#6935);
#5883=LINE('',#15434,#6936);
#5884=LINE('',#15436,#6937);
#5885=LINE('',#15438,#6938);
#5886=LINE('',#15440,#6939);
#5887=LINE('',#15442,#6940);
#5888=LINE('',#15445,#6941);
#5889=LINE('',#15447,#6942);
#5890=LINE('',#15449,#6943);
#5891=LINE('',#15451,#6944);
#5892=LINE('',#15453,#6945);
#5893=LINE('',#15455,#6946);
#5894=LINE('',#15457,#6947);
#5895=LINE('',#15459,#6948);
#5896=LINE('',#15461,#6949);
#5897=LINE('',#15463,#6950);
#5898=LINE('',#15466,#6951);
#5899=LINE('',#15468,#6952);
#5900=LINE('',#15470,#6953);
#5901=LINE('',#15472,#6954);
#5902=LINE('',#15474,#6955);
#5903=LINE('',#15476,#6956);
#5904=LINE('',#15478,#6957);
#5905=LINE('',#15480,#6958);
#5906=LINE('',#15482,#6959);
#5907=LINE('',#15484,#6960);
#5908=LINE('',#15487,#6961);
#5909=LINE('',#15489,#6962);
#5910=LINE('',#15491,#6963);
#5911=LINE('',#15493,#6964);
#5912=LINE('',#15495,#6965);
#5913=LINE('',#15497,#6966);
#5914=LINE('',#15499,#6967);
#5915=LINE('',#15501,#6968);
#5916=LINE('',#15503,#6969);
#5917=LINE('',#15505,#6970);
#5918=LINE('',#15508,#6971);
#5919=LINE('',#15510,#6972);
#5920=LINE('',#15512,#6973);
#5921=LINE('',#15514,#6974);
#5922=LINE('',#15516,#6975);
#5923=LINE('',#15518,#6976);
#5924=LINE('',#15520,#6977);
#5925=LINE('',#15522,#6978);
#5926=LINE('',#15524,#6979);
#5927=LINE('',#15526,#6980);
#5928=LINE('',#15529,#6981);
#5929=LINE('',#15531,#6982);
#5930=LINE('',#15533,#6983);
#5931=LINE('',#15535,#6984);
#5932=LINE('',#15537,#6985);
#5933=LINE('',#15539,#6986);
#5934=LINE('',#15541,#6987);
#5935=LINE('',#15543,#6988);
#5936=LINE('',#15545,#6989);
#5937=LINE('',#15547,#6990);
#5938=LINE('',#15550,#6991);
#5939=LINE('',#15552,#6992);
#5940=LINE('',#15554,#6993);
#5941=LINE('',#15556,#6994);
#5942=LINE('',#15558,#6995);
#5943=LINE('',#15560,#6996);
#5944=LINE('',#15562,#6997);
#5945=LINE('',#15564,#6998);
#5946=LINE('',#15566,#6999);
#5947=LINE('',#15568,#7000);
#5948=LINE('',#15571,#7001);
#5949=LINE('',#15573,#7002);
#5950=LINE('',#15575,#7003);
#5951=LINE('',#15577,#7004);
#5952=LINE('',#15579,#7005);
#5953=LINE('',#15581,#7006);
#5954=LINE('',#15583,#7007);
#5955=LINE('',#15585,#7008);
#5956=LINE('',#15587,#7009);
#5957=LINE('',#15589,#7010);
#5958=LINE('',#15592,#7011);
#5959=LINE('',#15594,#7012);
#5960=LINE('',#15596,#7013);
#5961=LINE('',#15598,#7014);
#5962=LINE('',#15600,#7015);
#5963=LINE('',#15602,#7016);
#5964=LINE('',#15604,#7017);
#5965=LINE('',#15606,#7018);
#5966=LINE('',#15608,#7019);
#5967=LINE('',#15610,#7020);
#5968=LINE('',#15613,#7021);
#5969=LINE('',#15615,#7022);
#5970=LINE('',#15617,#7023);
#5971=LINE('',#15619,#7024);
#5972=LINE('',#15621,#7025);
#5973=LINE('',#15623,#7026);
#5974=LINE('',#15625,#7027);
#5975=LINE('',#15627,#7028);
#5976=LINE('',#15629,#7029);
#5977=LINE('',#15631,#7030);
#5978=LINE('',#15634,#7031);
#5979=LINE('',#15636,#7032);
#5980=LINE('',#15638,#7033);
#5981=LINE('',#15640,#7034);
#5982=LINE('',#15642,#7035);
#5983=LINE('',#15644,#7036);
#5984=LINE('',#15646,#7037);
#5985=LINE('',#15648,#7038);
#5986=LINE('',#15650,#7039);
#5987=LINE('',#15652,#7040);
#5988=LINE('',#15655,#7041);
#5989=LINE('',#15657,#7042);
#5990=LINE('',#15659,#7043);
#5991=LINE('',#15661,#7044);
#5992=LINE('',#15663,#7045);
#5993=LINE('',#15665,#7046);
#5994=LINE('',#15667,#7047);
#5995=LINE('',#15669,#7048);
#5996=LINE('',#15671,#7049);
#5997=LINE('',#15673,#7050);
#5998=LINE('',#15676,#7051);
#5999=LINE('',#15678,#7052);
#6000=LINE('',#15680,#7053);
#6001=LINE('',#15682,#7054);
#6002=LINE('',#15684,#7055);
#6003=LINE('',#15686,#7056);
#6004=LINE('',#15688,#7057);
#6005=LINE('',#15690,#7058);
#6006=LINE('',#15692,#7059);
#6007=LINE('',#15694,#7060);
#6008=LINE('',#15697,#7061);
#6009=LINE('',#15699,#7062);
#6010=LINE('',#15701,#7063);
#6011=LINE('',#15703,#7064);
#6012=LINE('',#15705,#7065);
#6013=LINE('',#15707,#7066);
#6014=LINE('',#15709,#7067);
#6015=LINE('',#15711,#7068);
#6016=LINE('',#15713,#7069);
#6017=LINE('',#15715,#7070);
#6018=LINE('',#15718,#7071);
#6019=LINE('',#15720,#7072);
#6020=LINE('',#15722,#7073);
#6021=LINE('',#15724,#7074);
#6022=LINE('',#15726,#7075);
#6023=LINE('',#15728,#7076);
#6024=LINE('',#15730,#7077);
#6025=LINE('',#15732,#7078);
#6026=LINE('',#15734,#7079);
#6027=LINE('',#15736,#7080);
#6028=LINE('',#15739,#7081);
#6029=LINE('',#15741,#7082);
#6030=LINE('',#15743,#7083);
#6031=LINE('',#15745,#7084);
#6032=LINE('',#15747,#7085);
#6033=LINE('',#15749,#7086);
#6034=LINE('',#15751,#7087);
#6035=LINE('',#15753,#7088);
#6036=LINE('',#15755,#7089);
#6037=LINE('',#15757,#7090);
#6038=LINE('',#15760,#7091);
#6039=LINE('',#15762,#7092);
#6040=LINE('',#15764,#7093);
#6041=LINE('',#15766,#7094);
#6042=LINE('',#15768,#7095);
#6043=LINE('',#15770,#7096);
#6044=LINE('',#15772,#7097);
#6045=LINE('',#15774,#7098);
#6046=LINE('',#15776,#7099);
#6047=LINE('',#15778,#7100);
#6048=LINE('',#15781,#7101);
#6049=LINE('',#15783,#7102);
#6050=LINE('',#15785,#7103);
#6051=LINE('',#15787,#7104);
#6052=LINE('',#15789,#7105);
#6053=LINE('',#15791,#7106);
#6054=LINE('',#15793,#7107);
#6055=LINE('',#15795,#7108);
#6056=LINE('',#15797,#7109);
#6057=LINE('',#15799,#7110);
#6058=LINE('',#15802,#7111);
#6059=LINE('',#15804,#7112);
#6060=LINE('',#15806,#7113);
#6061=LINE('',#15808,#7114);
#6062=LINE('',#15810,#7115);
#6063=LINE('',#15812,#7116);
#6064=LINE('',#15814,#7117);
#6065=LINE('',#15816,#7118);
#6066=LINE('',#15818,#7119);
#6067=LINE('',#15820,#7120);
#6068=LINE('',#15823,#7121);
#6069=LINE('',#15825,#7122);
#6070=LINE('',#15827,#7123);
#6071=LINE('',#15829,#7124);
#6072=LINE('',#15831,#7125);
#6073=LINE('',#15833,#7126);
#6074=LINE('',#15835,#7127);
#6075=LINE('',#15837,#7128);
#6076=LINE('',#15839,#7129);
#6077=LINE('',#15841,#7130);
#6078=LINE('',#15844,#7131);
#6079=LINE('',#15846,#7132);
#6080=LINE('',#15848,#7133);
#6081=LINE('',#15850,#7134);
#6082=LINE('',#15852,#7135);
#6083=LINE('',#15854,#7136);
#6084=LINE('',#15856,#7137);
#6085=LINE('',#15858,#7138);
#6086=LINE('',#15860,#7139);
#6087=LINE('',#15862,#7140);
#6088=LINE('',#15865,#7141);
#6089=LINE('',#15867,#7142);
#6090=LINE('',#15869,#7143);
#6091=LINE('',#15871,#7144);
#6092=LINE('',#15873,#7145);
#6093=LINE('',#15875,#7146);
#6094=LINE('',#15877,#7147);
#6095=LINE('',#15879,#7148);
#6096=LINE('',#15881,#7149);
#6097=LINE('',#15883,#7150);
#6098=LINE('',#15886,#7151);
#6099=LINE('',#15888,#7152);
#6100=LINE('',#15890,#7153);
#6101=LINE('',#15892,#7154);
#6102=LINE('',#15894,#7155);
#6103=LINE('',#15896,#7156);
#6104=LINE('',#15898,#7157);
#6105=LINE('',#15900,#7158);
#6106=LINE('',#15902,#7159);
#6107=LINE('',#15904,#7160);
#6108=LINE('',#15907,#7161);
#6109=LINE('',#15909,#7162);
#6110=LINE('',#15911,#7163);
#6111=LINE('',#15913,#7164);
#6112=LINE('',#15915,#7165);
#6113=LINE('',#15917,#7166);
#6114=LINE('',#15919,#7167);
#6115=LINE('',#15921,#7168);
#6116=LINE('',#15923,#7169);
#6117=LINE('',#15925,#7170);
#6118=LINE('',#15926,#7171);
#6119=LINE('',#15928,#7172);
#6120=LINE('',#15929,#7173);
#6121=LINE('',#15931,#7174);
#6122=LINE('',#15932,#7175);
#6123=LINE('',#15934,#7176);
#6124=LINE('',#15935,#7177);
#6125=LINE('',#15937,#7178);
#6126=LINE('',#15938,#7179);
#6127=LINE('',#15940,#7180);
#6128=LINE('',#15941,#7181);
#6129=LINE('',#15943,#7182);
#6130=LINE('',#15944,#7183);
#6131=LINE('',#15946,#7184);
#6132=LINE('',#15947,#7185);
#6133=LINE('',#15949,#7186);
#6134=LINE('',#15950,#7187);
#6135=LINE('',#15952,#7188);
#6136=LINE('',#15953,#7189);
#6137=LINE('',#15955,#7190);
#6138=LINE('',#15956,#7191);
#6139=LINE('',#15958,#7192);
#6140=LINE('',#15959,#7193);
#6141=LINE('',#15961,#7194);
#6142=LINE('',#15962,#7195);
#6143=LINE('',#15964,#7196);
#6144=LINE('',#15965,#7197);
#6145=LINE('',#15967,#7198);
#6146=LINE('',#15968,#7199);
#6147=LINE('',#15970,#7200);
#6148=LINE('',#15971,#7201);
#6149=LINE('',#15973,#7202);
#6150=LINE('',#15974,#7203);
#6151=LINE('',#15976,#7204);
#6152=LINE('',#15977,#7205);
#6153=LINE('',#15979,#7206);
#6154=LINE('',#15980,#7207);
#6155=LINE('',#15982,#7208);
#6156=LINE('',#15983,#7209);
#6157=LINE('',#15985,#7210);
#6158=LINE('',#15986,#7211);
#6159=LINE('',#15988,#7212);
#6160=LINE('',#15989,#7213);
#6161=LINE('',#15991,#7214);
#6162=LINE('',#15992,#7215);
#6163=LINE('',#15994,#7216);
#6164=LINE('',#15995,#7217);
#6165=LINE('',#15997,#7218);
#6166=LINE('',#15998,#7219);
#6167=LINE('',#16000,#7220);
#6168=LINE('',#16001,#7221);
#6169=VECTOR('',#10503,1.);
#6170=VECTOR('',#10504,1.);
#6171=VECTOR('',#10505,1.);
#6172=VECTOR('',#10506,1.);
#6173=VECTOR('',#10509,1.);
#6174=VECTOR('',#10510,1.);
#6175=VECTOR('',#10511,1.);
#6176=VECTOR('',#10514,1.);
#6177=VECTOR('',#10517,1.);
#6178=VECTOR('',#10520,1.);
#6179=VECTOR('',#10521,1.);
#6180=VECTOR('',#10524,1.);
#6181=VECTOR('',#10527,1.);
#6182=VECTOR('',#10528,1.);
#6183=VECTOR('',#10531,1.);
#6184=VECTOR('',#10534,1.);
#6185=VECTOR('',#10537,1.);
#6186=VECTOR('',#10540,1.);
#6187=VECTOR('',#10543,1.);
#6188=VECTOR('',#10546,1.);
#6189=VECTOR('',#10547,1.);
#6190=VECTOR('',#10548,1.);
#6191=VECTOR('',#10549,1.);
#6192=VECTOR('',#10550,1.);
#6193=VECTOR('',#10553,1.);
#6194=VECTOR('',#10554,1.);
#6195=VECTOR('',#10555,1.);
#6196=VECTOR('',#10556,1.);
#6197=VECTOR('',#10557,1.);
#6198=VECTOR('',#10558,1.);
#6199=VECTOR('',#10559,1.);
#6200=VECTOR('',#10560,1.);
#6201=VECTOR('',#10561,1.);
#6202=VECTOR('',#10562,1.);
#6203=VECTOR('',#10565,1.);
#6204=VECTOR('',#10566,1.);
#6205=VECTOR('',#10567,1.);
#6206=VECTOR('',#10568,1.);
#6207=VECTOR('',#10571,1.);
#6208=VECTOR('',#10572,1.);
#6209=VECTOR('',#10573,1.);
#6210=VECTOR('',#10574,1.);
#6211=VECTOR('',#10577,1.);
#6212=VECTOR('',#10578,1.);
#6213=VECTOR('',#10579,1.);
#6214=VECTOR('',#10580,1.);
#6215=VECTOR('',#10581,1.);
#6216=VECTOR('',#10582,1.);
#6217=VECTOR('',#10583,1.);
#6218=VECTOR('',#10584,1.);
#6219=VECTOR('',#10587,1.);
#6220=VECTOR('',#10588,1.);
#6221=VECTOR('',#10589,1.);
#6222=VECTOR('',#10590,1.);
#6223=VECTOR('',#10591,1.);
#6224=VECTOR('',#10594,1.);
#6225=VECTOR('',#10599,1.);
#6226=VECTOR('',#10600,1.);
#6227=VECTOR('',#10601,1.);
#6228=VECTOR('',#10602,1.);
#6229=VECTOR('',#10603,1.);
#6230=VECTOR('',#10606,1.);
#6231=VECTOR('',#10609,1.);
#6232=VECTOR('',#10610,1.);
#6233=VECTOR('',#10613,1.);
#6234=VECTOR('',#10616,1.);
#6235=VECTOR('',#10619,1.);
#6236=VECTOR('',#10620,1.);
#6237=VECTOR('',#10621,1.);
#6238=VECTOR('',#10622,1.);
#6239=VECTOR('',#10623,1.);
#6240=VECTOR('',#10624,1.);
#6241=VECTOR('',#10625,1.);
#6242=VECTOR('',#10626,1.);
#6243=VECTOR('',#10627,1.);
#6244=VECTOR('',#10628,1.);
#6245=VECTOR('',#10629,1.);
#6246=VECTOR('',#10630,1.);
#6247=VECTOR('',#10631,1.);
#6248=VECTOR('',#10634,1.);
#6249=VECTOR('',#10639,1.);
#6250=VECTOR('',#10642,1.);
#6251=VECTOR('',#10645,1.);
#6252=VECTOR('',#10648,1.);
#6253=VECTOR('',#10651,1.);
#6254=VECTOR('',#10652,1.);
#6255=VECTOR('',#10653,1.);
#6256=VECTOR('',#10654,1.);
#6257=VECTOR('',#10655,1.);
#6258=VECTOR('',#10656,1.);
#6259=VECTOR('',#10659,1.);
#6260=VECTOR('',#10660,1.);
#6261=VECTOR('',#10663,1.);
#6262=VECTOR('',#10666,1.);
#6263=VECTOR('',#10667,1.);
#6264=VECTOR('',#10670,1.);
#6265=VECTOR('',#10673,1.);
#6266=VECTOR('',#10674,1.);
#6267=VECTOR('',#10677,1.);
#6268=VECTOR('',#10680,1.);
#6269=VECTOR('',#10681,1.);
#6270=VECTOR('',#10684,1.);
#6271=VECTOR('',#10701,1.);
#6272=VECTOR('',#10702,1.);
#6273=VECTOR('',#10703,1.);
#6274=VECTOR('',#10704,1.);
#6275=VECTOR('',#10705,1.);
#6276=VECTOR('',#10706,1.);
#6277=VECTOR('',#10707,1.);
#6278=VECTOR('',#10712,1.);
#6279=VECTOR('',#10715,1.);
#6280=VECTOR('',#10720,1.);
#6281=VECTOR('',#10725,1.);
#6282=VECTOR('',#10726,1.);
#6283=VECTOR('',#10727,1.);
#6284=VECTOR('',#10728,1.);
#6285=VECTOR('',#10729,1.);
#6286=VECTOR('',#10730,1.);
#6287=VECTOR('',#10731,1.);
#6288=VECTOR('',#10734,1.);
#6289=VECTOR('',#10735,1.);
#6290=VECTOR('',#10736,1.);
#6291=VECTOR('',#10737,1.);
#6292=VECTOR('',#10738,1.);
#6293=VECTOR('',#10739,1.);
#6294=VECTOR('',#10740,1.);
#6295=VECTOR('',#10745,1.);
#6296=VECTOR('',#10750,1.);
#6297=VECTOR('',#10757,1.);
#6298=VECTOR('',#10760,1.);
#6299=VECTOR('',#10763,1.);
#6300=VECTOR('',#10766,1.);
#6301=VECTOR('',#10771,1.);
#6302=VECTOR('',#10772,1.);
#6303=VECTOR('',#10773,1.);
#6304=VECTOR('',#10774,1.);
#6305=VECTOR('',#10775,1.);
#6306=VECTOR('',#10776,1.);
#6307=VECTOR('',#10777,1.);
#6308=VECTOR('',#10782,1.);
#6309=VECTOR('',#10785,1.);
#6310=VECTOR('',#10788,1.);
#6311=VECTOR('',#10793,1.);
#6312=VECTOR('',#10796,1.);
#6313=VECTOR('',#10799,1.);
#6314=VECTOR('',#10806,1.);
#6315=VECTOR('',#10807,1.);
#6316=VECTOR('',#10808,1.);
#6317=VECTOR('',#10809,1.);
#6318=VECTOR('',#10810,1.);
#6319=VECTOR('',#10811,1.);
#6320=VECTOR('',#10812,1.);
#6321=VECTOR('',#10815,1.);
#6322=VECTOR('',#10816,1.);
#6323=VECTOR('',#10817,1.);
#6324=VECTOR('',#10820,1.);
#6325=VECTOR('',#10821,1.);
#6326=VECTOR('',#10822,1.);
#6327=VECTOR('',#10823,1.);
#6328=VECTOR('',#10824,1.);
#6329=VECTOR('',#10825,1.);
#6330=VECTOR('',#10826,1.);
#6331=VECTOR('',#10829,1.);
#6332=VECTOR('',#10830,1.);
#6333=VECTOR('',#10831,1.);
#6334=VECTOR('',#10832,1.);
#6335=VECTOR('',#10833,1.);
#6336=VECTOR('',#10836,1.);
#6337=VECTOR('',#10837,1.);
#6338=VECTOR('',#10838,1.);
#6339=VECTOR('',#10839,1.);
#6340=VECTOR('',#10840,1.);
#6341=VECTOR('',#10841,1.);
#6342=VECTOR('',#10844,1.);
#6343=VECTOR('',#10845,1.);
#6344=VECTOR('',#10846,1.);
#6345=VECTOR('',#10849,1.);
#6346=VECTOR('',#10850,1.);
#6347=VECTOR('',#10851,1.);
#6348=VECTOR('',#10852,1.);
#6349=VECTOR('',#10853,1.);
#6350=VECTOR('',#10854,1.);
#6351=VECTOR('',#10855,1.);
#6352=VECTOR('',#10856,1.);
#6353=VECTOR('',#10857,1.);
#6354=VECTOR('',#10858,1.);
#6355=VECTOR('',#10861,1.);
#6356=VECTOR('',#10862,1.);
#6357=VECTOR('',#10863,1.);
#6358=VECTOR('',#10866,1.);
#6359=VECTOR('',#10867,1.);
#6360=VECTOR('',#10868,1.);
#6361=VECTOR('',#10869,1.);
#6362=VECTOR('',#10870,1.);
#6363=VECTOR('',#10871,1.);
#6364=VECTOR('',#10872,1.);
#6365=VECTOR('',#10873,1.);
#6366=VECTOR('',#10874,1.);
#6367=VECTOR('',#10877,1.);
#6368=VECTOR('',#10878,1.);
#6369=VECTOR('',#10879,1.);
#6370=VECTOR('',#10880,1.);
#6371=VECTOR('',#10881,1.);
#6372=VECTOR('',#10886,1.);
#6373=VECTOR('',#10889,1.);
#6374=VECTOR('',#10894,1.);
#6375=VECTOR('',#10895,1.);
#6376=VECTOR('',#10896,1.);
#6377=VECTOR('',#10897,1.);
#6378=VECTOR('',#10898,1.);
#6379=VECTOR('',#10899,1.);
#6380=VECTOR('',#10902,1.);
#6381=VECTOR('',#10903,1.);
#6382=VECTOR('',#10904,1.);
#6383=VECTOR('',#10907,1.);
#6384=VECTOR('',#10908,1.);
#6385=VECTOR('',#10909,1.);
#6386=VECTOR('',#10912,1.);
#6387=VECTOR('',#10913,1.);
#6388=VECTOR('',#10914,1.);
#6389=VECTOR('',#10921,1.);
#6390=VECTOR('',#10934,1.);
#6391=VECTOR('',#10945,1.);
#6392=VECTOR('',#10948,1.);
#6393=VECTOR('',#10971,1.);
#6394=VECTOR('',#10972,1.);
#6395=VECTOR('',#10975,1.);
#6396=VECTOR('',#10978,1.);
#6397=VECTOR('',#10981,1.);
#6398=VECTOR('',#10984,1.);
#6399=VECTOR('',#10987,1.);
#6400=VECTOR('',#10990,1.);
#6401=VECTOR('',#11043,1.);
#6402=VECTOR('',#11044,1.);
#6403=VECTOR('',#11045,1.);
#6404=VECTOR('',#11046,1.);
#6405=VECTOR('',#11047,1.);
#6406=VECTOR('',#11050,1.);
#6407=VECTOR('',#11051,1.);
#6408=VECTOR('',#11052,1.);
#6409=VECTOR('',#11055,1.);
#6410=VECTOR('',#11058,1.);
#6411=VECTOR('',#11067,1.);
#6412=VECTOR('',#11070,1.);
#6413=VECTOR('',#11071,1.);
#6414=VECTOR('',#11074,1.);
#6415=VECTOR('',#11075,1.);
#6416=VECTOR('',#11076,1.);
#6417=VECTOR('',#11079,1.);
#6418=VECTOR('',#11090,1.);
#6419=VECTOR('',#11097,1.);
#6420=VECTOR('',#11104,1.);
#6421=VECTOR('',#11105,1.);
#6422=VECTOR('',#11108,1.);
#6423=VECTOR('',#11109,1.);
#6424=VECTOR('',#11112,1.);
#6425=VECTOR('',#11113,1.);
#6426=VECTOR('',#11120,1.);
#6427=VECTOR('',#11125,1.);
#6428=VECTOR('',#11126,1.);
#6429=VECTOR('',#11129,1.);
#6430=VECTOR('',#11130,1.);
#6431=VECTOR('',#11131,1.);
#6432=VECTOR('',#11142,1.);
#6433=VECTOR('',#11149,1.);
#6434=VECTOR('',#11150,1.);
#6435=VECTOR('',#11153,1.);
#6436=VECTOR('',#11162,1.);
#6437=VECTOR('',#11165,1.);
#6438=VECTOR('',#11166,1.);
#6439=VECTOR('',#11171,1.);
#6440=VECTOR('',#11178,1.);
#6441=VECTOR('',#11179,1.);
#6442=VECTOR('',#11180,1.);
#6443=VECTOR('',#11183,1.);
#6444=VECTOR('',#11184,1.);
#6445=VECTOR('',#11193,1.);
#6446=VECTOR('',#11200,1.);
#6447=VECTOR('',#11201,1.);
#6448=VECTOR('',#11202,1.);
#6449=VECTOR('',#11205,1.);
#6450=VECTOR('',#11216,1.);
#6451=VECTOR('',#11217,1.);
#6452=VECTOR('',#11222,1.);
#6453=VECTOR('',#11223,1.);
#6454=VECTOR('',#11226,1.);
#6455=VECTOR('',#11227,1.);
#6456=VECTOR('',#11228,1.);
#6457=VECTOR('',#11237,1.);
#6458=VECTOR('',#11244,1.);
#6459=VECTOR('',#11245,1.);
#6460=VECTOR('',#11246,1.);
#6461=VECTOR('',#11251,1.);
#6462=VECTOR('',#11254,1.);
#6463=VECTOR('',#11255,1.);
#6464=VECTOR('',#11260,1.);
#6465=VECTOR('',#11263,1.);
#6466=VECTOR('',#11264,1.);
#6467=VECTOR('',#11267,1.);
#6468=VECTOR('',#11268,1.);
#6469=VECTOR('',#11269,1.);
#6470=VECTOR('',#11272,1.);
#6471=VECTOR('',#11277,1.);
#6472=VECTOR('',#11278,1.);
#6473=VECTOR('',#11285,1.);
#6474=VECTOR('',#11292,1.);
#6475=VECTOR('',#11295,1.);
#6476=VECTOR('',#11342,1.);
#6477=VECTOR('',#11347,1.);
#6478=VECTOR('',#11348,1.);
#6479=VECTOR('',#11351,1.);
#6480=VECTOR('',#11352,1.);
#6481=VECTOR('',#11353,1.);
#6482=VECTOR('',#11356,1.);
#6483=VECTOR('',#11357,1.);
#6484=VECTOR('',#11360,1.);
#6485=VECTOR('',#11361,1.);
#6486=VECTOR('',#11362,1.);
#6487=VECTOR('',#11363,1.);
#6488=VECTOR('',#11366,1.);
#6489=VECTOR('',#11367,1.);
#6490=VECTOR('',#11368,1.);
#6491=VECTOR('',#11369,1.);
#6492=VECTOR('',#11372,1.);
#6493=VECTOR('',#11373,1.);
#6494=VECTOR('',#11374,1.);
#6495=VECTOR('',#11375,1.);
#6496=VECTOR('',#11378,1.);
#6497=VECTOR('',#11383,1.);
#6498=VECTOR('',#11386,1.);
#6499=VECTOR('',#11387,1.);
#6500=VECTOR('',#11388,1.);
#6501=VECTOR('',#11391,1.);
#6502=VECTOR('',#11396,1.);
#6503=VECTOR('',#11399,1.);
#6504=VECTOR('',#11404,1.);
#6505=VECTOR('',#11405,1.);
#6506=VECTOR('',#11408,1.);
#6507=VECTOR('',#11409,1.);
#6508=VECTOR('',#11554,1.);
#6509=VECTOR('',#11555,1.);
#6510=VECTOR('',#11558,1.);
#6511=VECTOR('',#11561,1.);
#6512=VECTOR('',#11564,1.);
#6513=VECTOR('',#11567,1.);
#6514=VECTOR('',#11570,1.);
#6515=VECTOR('',#11573,1.);
#6516=VECTOR('',#11578,1.);
#6517=VECTOR('',#11581,1.);
#6518=VECTOR('',#11584,1.);
#6519=VECTOR('',#11587,1.);
#6520=VECTOR('',#11590,1.);
#6521=VECTOR('',#11593,1.);
#6522=VECTOR('',#11598,1.);
#6523=VECTOR('',#11601,1.);
#6524=VECTOR('',#11604,1.);
#6525=VECTOR('',#11607,1.);
#6526=VECTOR('',#11610,1.);
#6527=VECTOR('',#11613,1.);
#6528=VECTOR('',#11616,1.);
#6529=VECTOR('',#11619,1.);
#6530=VECTOR('',#11622,1.);
#6531=VECTOR('',#11625,1.);
#6532=VECTOR('',#11628,1.);
#6533=VECTOR('',#11631,1.);
#6534=VECTOR('',#11634,1.);
#6535=VECTOR('',#11637,1.);
#6536=VECTOR('',#11640,1.);
#6537=VECTOR('',#11643,1.);
#6538=VECTOR('',#11646,1.);
#6539=VECTOR('',#11649,1.);
#6540=VECTOR('',#11652,1.);
#6541=VECTOR('',#11655,1.);
#6542=VECTOR('',#11658,1.);
#6543=VECTOR('',#11661,1.);
#6544=VECTOR('',#11666,1.);
#6545=VECTOR('',#11669,1.);
#6546=VECTOR('',#11672,1.);
#6547=VECTOR('',#11675,1.);
#6548=VECTOR('',#11680,1.);
#6549=VECTOR('',#11681,1.);
#6550=VECTOR('',#11684,1.);
#6551=VECTOR('',#11687,1.);
#6552=VECTOR('',#11690,1.);
#6553=VECTOR('',#11693,1.);
#6554=VECTOR('',#11696,1.);
#6555=VECTOR('',#11699,1.);
#6556=VECTOR('',#11702,1.);
#6557=VECTOR('',#11705,1.);
#6558=VECTOR('',#11708,1.);
#6559=VECTOR('',#11711,1.);
#6560=VECTOR('',#11714,1.);
#6561=VECTOR('',#11717,1.);
#6562=VECTOR('',#11720,1.);
#6563=VECTOR('',#11723,1.);
#6564=VECTOR('',#11726,1.);
#6565=VECTOR('',#11729,1.);
#6566=VECTOR('',#11732,1.);
#6567=VECTOR('',#11735,1.);
#6568=VECTOR('',#11740,1.);
#6569=VECTOR('',#11743,1.);
#6570=VECTOR('',#11748,1.);
#6571=VECTOR('',#11757,1.);
#6572=VECTOR('',#11762,1.);
#6573=VECTOR('',#11765,1.);
#6574=VECTOR('',#11768,1.);
#6575=VECTOR('',#11775,1.);
#6576=VECTOR('',#11778,1.);
#6577=VECTOR('',#11781,1.);
#6578=VECTOR('',#11794,1.);
#6579=VECTOR('',#11797,1.);
#6580=VECTOR('',#11802,1.);
#6581=VECTOR('',#11803,1.);
#6582=VECTOR('',#11804,1.);
#6583=VECTOR('',#11809,1.);
#6584=VECTOR('',#11814,1.);
#6585=VECTOR('',#11815,1.);
#6586=VECTOR('',#11820,1.);
#6587=VECTOR('',#11823,1.);
#6588=VECTOR('',#11828,1.);
#6589=VECTOR('',#11829,1.);
#6590=VECTOR('',#11830,1.);
#6591=VECTOR('',#11835,1.);
#6592=VECTOR('',#11840,1.);
#6593=VECTOR('',#11841,1.);
#6594=VECTOR('',#11846,1.);
#6595=VECTOR('',#11847,1.);
#6596=VECTOR('',#11850,1.);
#6597=VECTOR('',#11853,1.);
#6598=VECTOR('',#11858,1.);
#6599=VECTOR('',#11859,1.);
#6600=VECTOR('',#11862,1.);
#6601=VECTOR('',#11865,1.);
#6602=VECTOR('',#11870,1.);
#6603=VECTOR('',#11871,1.);
#6604=VECTOR('',#11872,1.);
#6605=VECTOR('',#11875,1.);
#6606=VECTOR('',#11876,1.);
#6607=VECTOR('',#11879,1.);
#6608=VECTOR('',#11880,1.);
#6609=VECTOR('',#11883,1.);
#6610=VECTOR('',#11890,1.);
#6611=VECTOR('',#11891,1.);
#6612=VECTOR('',#11892,1.);
#6613=VECTOR('',#11893,1.);
#6614=VECTOR('',#11896,1.);
#6615=VECTOR('',#11897,1.);
#6616=VECTOR('',#11898,1.);
#6617=VECTOR('',#11901,1.);
#6618=VECTOR('',#11902,1.);
#6619=VECTOR('',#11903,1.);
#6620=VECTOR('',#11906,1.);
#6621=VECTOR('',#11907,1.);
#6622=VECTOR('',#11916,1.);
#6623=VECTOR('',#11917,1.);
#6624=VECTOR('',#11918,1.);
#6625=VECTOR('',#11919,1.);
#6626=VECTOR('',#11922,1.);
#6627=VECTOR('',#11923,1.);
#6628=VECTOR('',#11924,1.);
#6629=VECTOR('',#11927,1.);
#6630=VECTOR('',#11928,1.);
#6631=VECTOR('',#11929,1.);
#6632=VECTOR('',#11932,1.);
#6633=VECTOR('',#11933,1.);
#6634=VECTOR('',#11942,1.);
#6635=VECTOR('',#11943,1.);
#6636=VECTOR('',#11944,1.);
#6637=VECTOR('',#11945,1.);
#6638=VECTOR('',#11948,1.);
#6639=VECTOR('',#11949,1.);
#6640=VECTOR('',#11950,1.);
#6641=VECTOR('',#11953,1.);
#6642=VECTOR('',#11954,1.);
#6643=VECTOR('',#11955,1.);
#6644=VECTOR('',#11958,1.);
#6645=VECTOR('',#11959,1.);
#6646=VECTOR('',#11968,1.);
#6647=VECTOR('',#11969,1.);
#6648=VECTOR('',#11970,1.);
#6649=VECTOR('',#11971,1.);
#6650=VECTOR('',#11974,1.);
#6651=VECTOR('',#11975,1.);
#6652=VECTOR('',#11976,1.);
#6653=VECTOR('',#11979,1.);
#6654=VECTOR('',#11980,1.);
#6655=VECTOR('',#11981,1.);
#6656=VECTOR('',#11984,1.);
#6657=VECTOR('',#11985,1.);
#6658=VECTOR('',#11994,1.);
#6659=VECTOR('',#11995,1.);
#6660=VECTOR('',#11996,1.);
#6661=VECTOR('',#11997,1.);
#6662=VECTOR('',#12000,1.);
#6663=VECTOR('',#12001,1.);
#6664=VECTOR('',#12002,1.);
#6665=VECTOR('',#12005,1.);
#6666=VECTOR('',#12006,1.);
#6667=VECTOR('',#12007,1.);
#6668=VECTOR('',#12010,1.);
#6669=VECTOR('',#12011,1.);
#6670=VECTOR('',#12020,1.);
#6671=VECTOR('',#12021,1.);
#6672=VECTOR('',#12022,1.);
#6673=VECTOR('',#12023,1.);
#6674=VECTOR('',#12026,1.);
#6675=VECTOR('',#12027,1.);
#6676=VECTOR('',#12028,1.);
#6677=VECTOR('',#12031,1.);
#6678=VECTOR('',#12032,1.);
#6679=VECTOR('',#12033,1.);
#6680=VECTOR('',#12036,1.);
#6681=VECTOR('',#12037,1.);
#6682=VECTOR('',#12046,1.);
#6683=VECTOR('',#12047,1.);
#6684=VECTOR('',#12048,1.);
#6685=VECTOR('',#12049,1.);
#6686=VECTOR('',#12052,1.);
#6687=VECTOR('',#12053,1.);
#6688=VECTOR('',#12054,1.);
#6689=VECTOR('',#12057,1.);
#6690=VECTOR('',#12058,1.);
#6691=VECTOR('',#12059,1.);
#6692=VECTOR('',#12062,1.);
#6693=VECTOR('',#12063,1.);
#6694=VECTOR('',#12072,1.);
#6695=VECTOR('',#12073,1.);
#6696=VECTOR('',#12074,1.);
#6697=VECTOR('',#12075,1.);
#6698=VECTOR('',#12078,1.);
#6699=VECTOR('',#12079,1.);
#6700=VECTOR('',#12080,1.);
#6701=VECTOR('',#12083,1.);
#6702=VECTOR('',#12084,1.);
#6703=VECTOR('',#12085,1.);
#6704=VECTOR('',#12088,1.);
#6705=VECTOR('',#12089,1.);
#6706=VECTOR('',#12098,1.);
#6707=VECTOR('',#12099,1.);
#6708=VECTOR('',#12100,1.);
#6709=VECTOR('',#12101,1.);
#6710=VECTOR('',#12104,1.);
#6711=VECTOR('',#12105,1.);
#6712=VECTOR('',#12106,1.);
#6713=VECTOR('',#12109,1.);
#6714=VECTOR('',#12110,1.);
#6715=VECTOR('',#12111,1.);
#6716=VECTOR('',#12114,1.);
#6717=VECTOR('',#12115,1.);
#6718=VECTOR('',#12124,1.);
#6719=VECTOR('',#12125,1.);
#6720=VECTOR('',#12126,1.);
#6721=VECTOR('',#12127,1.);
#6722=VECTOR('',#12130,1.);
#6723=VECTOR('',#12131,1.);
#6724=VECTOR('',#12132,1.);
#6725=VECTOR('',#12135,1.);
#6726=VECTOR('',#12136,1.);
#6727=VECTOR('',#12137,1.);
#6728=VECTOR('',#12140,1.);
#6729=VECTOR('',#12141,1.);
#6730=VECTOR('',#12150,1.);
#6731=VECTOR('',#12151,1.);
#6732=VECTOR('',#12152,1.);
#6733=VECTOR('',#12153,1.);
#6734=VECTOR('',#12156,1.);
#6735=VECTOR('',#12157,1.);
#6736=VECTOR('',#12158,1.);
#6737=VECTOR('',#12161,1.);
#6738=VECTOR('',#12162,1.);
#6739=VECTOR('',#12163,1.);
#6740=VECTOR('',#12166,1.);
#6741=VECTOR('',#12167,1.);
#6742=VECTOR('',#12176,1.);
#6743=VECTOR('',#12177,1.);
#6744=VECTOR('',#12178,1.);
#6745=VECTOR('',#12179,1.);
#6746=VECTOR('',#12182,1.);
#6747=VECTOR('',#12183,1.);
#6748=VECTOR('',#12184,1.);
#6749=VECTOR('',#12187,1.);
#6750=VECTOR('',#12188,1.);
#6751=VECTOR('',#12189,1.);
#6752=VECTOR('',#12192,1.);
#6753=VECTOR('',#12193,1.);
#6754=VECTOR('',#12202,1.);
#6755=VECTOR('',#12203,1.);
#6756=VECTOR('',#12204,1.);
#6757=VECTOR('',#12205,1.);
#6758=VECTOR('',#12208,1.);
#6759=VECTOR('',#12209,1.);
#6760=VECTOR('',#12210,1.);
#6761=VECTOR('',#12213,1.);
#6762=VECTOR('',#12214,1.);
#6763=VECTOR('',#12215,1.);
#6764=VECTOR('',#12218,1.);
#6765=VECTOR('',#12219,1.);
#6766=VECTOR('',#12228,1.);
#6767=VECTOR('',#12229,1.);
#6768=VECTOR('',#12230,1.);
#6769=VECTOR('',#12231,1.);
#6770=VECTOR('',#12234,1.);
#6771=VECTOR('',#12235,1.);
#6772=VECTOR('',#12236,1.);
#6773=VECTOR('',#12239,1.);
#6774=VECTOR('',#12240,1.);
#6775=VECTOR('',#12241,1.);
#6776=VECTOR('',#12244,1.);
#6777=VECTOR('',#12245,1.);
#6778=VECTOR('',#12254,1.);
#6779=VECTOR('',#12255,1.);
#6780=VECTOR('',#12256,1.);
#6781=VECTOR('',#12257,1.);
#6782=VECTOR('',#12260,1.);
#6783=VECTOR('',#12261,1.);
#6784=VECTOR('',#12262,1.);
#6785=VECTOR('',#12265,1.);
#6786=VECTOR('',#12266,1.);
#6787=VECTOR('',#12267,1.);
#6788=VECTOR('',#12270,1.);
#6789=VECTOR('',#12271,1.);
#6790=VECTOR('',#12280,1.);
#6791=VECTOR('',#12281,1.);
#6792=VECTOR('',#12282,1.);
#6793=VECTOR('',#12283,1.);
#6794=VECTOR('',#12286,1.);
#6795=VECTOR('',#12287,1.);
#6796=VECTOR('',#12288,1.);
#6797=VECTOR('',#12291,1.);
#6798=VECTOR('',#12292,1.);
#6799=VECTOR('',#12293,1.);
#6800=VECTOR('',#12296,1.);
#6801=VECTOR('',#12297,1.);
#6802=VECTOR('',#12306,1.);
#6803=VECTOR('',#12307,1.);
#6804=VECTOR('',#12308,1.);
#6805=VECTOR('',#12309,1.);
#6806=VECTOR('',#12312,1.);
#6807=VECTOR('',#12313,1.);
#6808=VECTOR('',#12314,1.);
#6809=VECTOR('',#12317,1.);
#6810=VECTOR('',#12318,1.);
#6811=VECTOR('',#12319,1.);
#6812=VECTOR('',#12322,1.);
#6813=VECTOR('',#12323,1.);
#6814=VECTOR('',#12332,1.);
#6815=VECTOR('',#12333,1.);
#6816=VECTOR('',#12334,1.);
#6817=VECTOR('',#12335,1.);
#6818=VECTOR('',#12338,1.);
#6819=VECTOR('',#12339,1.);
#6820=VECTOR('',#12340,1.);
#6821=VECTOR('',#12343,1.);
#6822=VECTOR('',#12344,1.);
#6823=VECTOR('',#12345,1.);
#6824=VECTOR('',#12348,1.);
#6825=VECTOR('',#12349,1.);
#6826=VECTOR('',#12358,1.);
#6827=VECTOR('',#12359,1.);
#6828=VECTOR('',#12360,1.);
#6829=VECTOR('',#12361,1.);
#6830=VECTOR('',#12364,1.);
#6831=VECTOR('',#12365,1.);
#6832=VECTOR('',#12366,1.);
#6833=VECTOR('',#12369,1.);
#6834=VECTOR('',#12370,1.);
#6835=VECTOR('',#12371,1.);
#6836=VECTOR('',#12374,1.);
#6837=VECTOR('',#12375,1.);
#6838=VECTOR('',#12384,1.);
#6839=VECTOR('',#12385,1.);
#6840=VECTOR('',#12386,1.);
#6841=VECTOR('',#12387,1.);
#6842=VECTOR('',#12390,1.);
#6843=VECTOR('',#12391,1.);
#6844=VECTOR('',#12392,1.);
#6845=VECTOR('',#12395,1.);
#6846=VECTOR('',#12396,1.);
#6847=VECTOR('',#12397,1.);
#6848=VECTOR('',#12400,1.);
#6849=VECTOR('',#12401,1.);
#6850=VECTOR('',#12410,1.);
#6851=VECTOR('',#12411,1.);
#6852=VECTOR('',#12412,1.);
#6853=VECTOR('',#12413,1.);
#6854=VECTOR('',#12416,1.);
#6855=VECTOR('',#12417,1.);
#6856=VECTOR('',#12418,1.);
#6857=VECTOR('',#12421,1.);
#6858=VECTOR('',#12422,1.);
#6859=VECTOR('',#12423,1.);
#6860=VECTOR('',#12426,1.);
#6861=VECTOR('',#12427,1.);
#6862=VECTOR('',#12436,1.);
#6863=VECTOR('',#12437,1.);
#6864=VECTOR('',#12438,1.);
#6865=VECTOR('',#12439,1.);
#6866=VECTOR('',#12442,1.);
#6867=VECTOR('',#12443,1.);
#6868=VECTOR('',#12444,1.);
#6869=VECTOR('',#12447,1.);
#6870=VECTOR('',#12448,1.);
#6871=VECTOR('',#12449,1.);
#6872=VECTOR('',#12452,1.);
#6873=VECTOR('',#12453,1.);
#6874=VECTOR('',#12462,1.);
#6875=VECTOR('',#12463,1.);
#6876=VECTOR('',#12464,1.);
#6877=VECTOR('',#12465,1.);
#6878=VECTOR('',#12468,1.);
#6879=VECTOR('',#12469,1.);
#6880=VECTOR('',#12470,1.);
#6881=VECTOR('',#12473,1.);
#6882=VECTOR('',#12474,1.);
#6883=VECTOR('',#12475,1.);
#6884=VECTOR('',#12478,1.);
#6885=VECTOR('',#12479,1.);
#6886=VECTOR('',#12488,1.);
#6887=VECTOR('',#12489,1.);
#6888=VECTOR('',#12490,1.);
#6889=VECTOR('',#12491,1.);
#6890=VECTOR('',#12494,1.);
#6891=VECTOR('',#12495,1.);
#6892=VECTOR('',#12496,1.);
#6893=VECTOR('',#12499,1.);
#6894=VECTOR('',#12500,1.);
#6895=VECTOR('',#12501,1.);
#6896=VECTOR('',#12504,1.);
#6897=VECTOR('',#12505,1.);
#6898=VECTOR('',#12514,1.);
#6899=VECTOR('',#12515,1.);
#6900=VECTOR('',#12516,1.);
#6901=VECTOR('',#12517,1.);
#6902=VECTOR('',#12520,1.);
#6903=VECTOR('',#12521,1.);
#6904=VECTOR('',#12522,1.);
#6905=VECTOR('',#12525,1.);
#6906=VECTOR('',#12526,1.);
#6907=VECTOR('',#12527,1.);
#6908=VECTOR('',#12530,1.);
#6909=VECTOR('',#12531,1.);
#6910=VECTOR('',#12540,1.);
#6911=VECTOR('',#12541,1.);
#6912=VECTOR('',#12542,1.);
#6913=VECTOR('',#12543,1.);
#6914=VECTOR('',#12546,1.);
#6915=VECTOR('',#12547,1.);
#6916=VECTOR('',#12548,1.);
#6917=VECTOR('',#12551,1.);
#6918=VECTOR('',#12552,1.);
#6919=VECTOR('',#12553,1.);
#6920=VECTOR('',#12556,1.);
#6921=VECTOR('',#12557,1.);
#6922=VECTOR('',#12558,1.);
#6923=VECTOR('',#12559,1.);
#6924=VECTOR('',#12562,1.);
#6925=VECTOR('',#12563,1.);
#6926=VECTOR('',#12564,1.);
#6927=VECTOR('',#12567,1.);
#6928=VECTOR('',#12568,1.);
#6929=VECTOR('',#12569,1.);
#6930=VECTOR('',#12572,1.);
#6931=VECTOR('',#12573,1.);
#6932=VECTOR('',#12574,1.);
#6933=VECTOR('',#12575,1.);
#6934=VECTOR('',#12578,1.);
#6935=VECTOR('',#12579,1.);
#6936=VECTOR('',#12580,1.);
#6937=VECTOR('',#12583,1.);
#6938=VECTOR('',#12584,1.);
#6939=VECTOR('',#12585,1.);
#6940=VECTOR('',#12588,1.);
#6941=VECTOR('',#12589,1.);
#6942=VECTOR('',#12590,1.);
#6943=VECTOR('',#12591,1.);
#6944=VECTOR('',#12594,1.);
#6945=VECTOR('',#12595,1.);
#6946=VECTOR('',#12596,1.);
#6947=VECTOR('',#12599,1.);
#6948=VECTOR('',#12600,1.);
#6949=VECTOR('',#12601,1.);
#6950=VECTOR('',#12604,1.);
#6951=VECTOR('',#12605,1.);
#6952=VECTOR('',#12606,1.);
#6953=VECTOR('',#12607,1.);
#6954=VECTOR('',#12610,1.);
#6955=VECTOR('',#12611,1.);
#6956=VECTOR('',#12612,1.);
#6957=VECTOR('',#12615,1.);
#6958=VECTOR('',#12616,1.);
#6959=VECTOR('',#12617,1.);
#6960=VECTOR('',#12620,1.);
#6961=VECTOR('',#12621,1.);
#6962=VECTOR('',#12622,1.);
#6963=VECTOR('',#12623,1.);
#6964=VECTOR('',#12626,1.);
#6965=VECTOR('',#12627,1.);
#6966=VECTOR('',#12628,1.);
#6967=VECTOR('',#12631,1.);
#6968=VECTOR('',#12632,1.);
#6969=VECTOR('',#12633,1.);
#6970=VECTOR('',#12636,1.);
#6971=VECTOR('',#12637,1.);
#6972=VECTOR('',#12638,1.);
#6973=VECTOR('',#12639,1.);
#6974=VECTOR('',#12642,1.);
#6975=VECTOR('',#12643,1.);
#6976=VECTOR('',#12644,1.);
#6977=VECTOR('',#12647,1.);
#6978=VECTOR('',#12648,1.);
#6979=VECTOR('',#12649,1.);
#6980=VECTOR('',#12652,1.);
#6981=VECTOR('',#12653,1.);
#6982=VECTOR('',#12654,1.);
#6983=VECTOR('',#12655,1.);
#6984=VECTOR('',#12658,1.);
#6985=VECTOR('',#12659,1.);
#6986=VECTOR('',#12660,1.);
#6987=VECTOR('',#12663,1.);
#6988=VECTOR('',#12664,1.);
#6989=VECTOR('',#12665,1.);
#6990=VECTOR('',#12668,1.);
#6991=VECTOR('',#12669,1.);
#6992=VECTOR('',#12670,1.);
#6993=VECTOR('',#12671,1.);
#6994=VECTOR('',#12674,1.);
#6995=VECTOR('',#12675,1.);
#6996=VECTOR('',#12676,1.);
#6997=VECTOR('',#12679,1.);
#6998=VECTOR('',#12680,1.);
#6999=VECTOR('',#12681,1.);
#7000=VECTOR('',#12684,1.);
#7001=VECTOR('',#12685,1.);
#7002=VECTOR('',#12686,1.);
#7003=VECTOR('',#12687,1.);
#7004=VECTOR('',#12690,1.);
#7005=VECTOR('',#12691,1.);
#7006=VECTOR('',#12692,1.);
#7007=VECTOR('',#12695,1.);
#7008=VECTOR('',#12696,1.);
#7009=VECTOR('',#12697,1.);
#7010=VECTOR('',#12700,1.);
#7011=VECTOR('',#12701,1.);
#7012=VECTOR('',#12702,1.);
#7013=VECTOR('',#12703,1.);
#7014=VECTOR('',#12706,1.);
#7015=VECTOR('',#12707,1.);
#7016=VECTOR('',#12708,1.);
#7017=VECTOR('',#12711,1.);
#7018=VECTOR('',#12712,1.);
#7019=VECTOR('',#12713,1.);
#7020=VECTOR('',#12716,1.);
#7021=VECTOR('',#12717,1.);
#7022=VECTOR('',#12718,1.);
#7023=VECTOR('',#12719,1.);
#7024=VECTOR('',#12722,1.);
#7025=VECTOR('',#12723,1.);
#7026=VECTOR('',#12724,1.);
#7027=VECTOR('',#12727,1.);
#7028=VECTOR('',#12728,1.);
#7029=VECTOR('',#12729,1.);
#7030=VECTOR('',#12732,1.);
#7031=VECTOR('',#12733,1.);
#7032=VECTOR('',#12734,1.);
#7033=VECTOR('',#12735,1.);
#7034=VECTOR('',#12738,1.);
#7035=VECTOR('',#12739,1.);
#7036=VECTOR('',#12740,1.);
#7037=VECTOR('',#12743,1.);
#7038=VECTOR('',#12744,1.);
#7039=VECTOR('',#12745,1.);
#7040=VECTOR('',#12748,1.);
#7041=VECTOR('',#12749,1.);
#7042=VECTOR('',#12750,1.);
#7043=VECTOR('',#12751,1.);
#7044=VECTOR('',#12754,1.);
#7045=VECTOR('',#12755,1.);
#7046=VECTOR('',#12756,1.);
#7047=VECTOR('',#12759,1.);
#7048=VECTOR('',#12760,1.);
#7049=VECTOR('',#12761,1.);
#7050=VECTOR('',#12764,1.);
#7051=VECTOR('',#12765,1.);
#7052=VECTOR('',#12766,1.);
#7053=VECTOR('',#12767,1.);
#7054=VECTOR('',#12770,1.);
#7055=VECTOR('',#12771,1.);
#7056=VECTOR('',#12772,1.);
#7057=VECTOR('',#12775,1.);
#7058=VECTOR('',#12776,1.);
#7059=VECTOR('',#12777,1.);
#7060=VECTOR('',#12780,1.);
#7061=VECTOR('',#12781,1.);
#7062=VECTOR('',#12782,1.);
#7063=VECTOR('',#12783,1.);
#7064=VECTOR('',#12786,1.);
#7065=VECTOR('',#12787,1.);
#7066=VECTOR('',#12788,1.);
#7067=VECTOR('',#12791,1.);
#7068=VECTOR('',#12792,1.);
#7069=VECTOR('',#12793,1.);
#7070=VECTOR('',#12796,1.);
#7071=VECTOR('',#12797,1.);
#7072=VECTOR('',#12798,1.);
#7073=VECTOR('',#12799,1.);
#7074=VECTOR('',#12802,1.);
#7075=VECTOR('',#12803,1.);
#7076=VECTOR('',#12804,1.);
#7077=VECTOR('',#12807,1.);
#7078=VECTOR('',#12808,1.);
#7079=VECTOR('',#12809,1.);
#7080=VECTOR('',#12812,1.);
#7081=VECTOR('',#12813,1.);
#7082=VECTOR('',#12814,1.);
#7083=VECTOR('',#12815,1.);
#7084=VECTOR('',#12818,1.);
#7085=VECTOR('',#12819,1.);
#7086=VECTOR('',#12820,1.);
#7087=VECTOR('',#12823,1.);
#7088=VECTOR('',#12824,1.);
#7089=VECTOR('',#12825,1.);
#7090=VECTOR('',#12828,1.);
#7091=VECTOR('',#12829,1.);
#7092=VECTOR('',#12830,1.);
#7093=VECTOR('',#12831,1.);
#7094=VECTOR('',#12834,1.);
#7095=VECTOR('',#12835,1.);
#7096=VECTOR('',#12836,1.);
#7097=VECTOR('',#12839,1.);
#7098=VECTOR('',#12840,1.);
#7099=VECTOR('',#12841,1.);
#7100=VECTOR('',#12844,1.);
#7101=VECTOR('',#12845,1.);
#7102=VECTOR('',#12846,1.);
#7103=VECTOR('',#12847,1.);
#7104=VECTOR('',#12850,1.);
#7105=VECTOR('',#12851,1.);
#7106=VECTOR('',#12852,1.);
#7107=VECTOR('',#12855,1.);
#7108=VECTOR('',#12856,1.);
#7109=VECTOR('',#12857,1.);
#7110=VECTOR('',#12860,1.);
#7111=VECTOR('',#12861,1.);
#7112=VECTOR('',#12862,1.);
#7113=VECTOR('',#12863,1.);
#7114=VECTOR('',#12866,1.);
#7115=VECTOR('',#12867,1.);
#7116=VECTOR('',#12868,1.);
#7117=VECTOR('',#12871,1.);
#7118=VECTOR('',#12872,1.);
#7119=VECTOR('',#12873,1.);
#7120=VECTOR('',#12876,1.);
#7121=VECTOR('',#12877,1.);
#7122=VECTOR('',#12878,1.);
#7123=VECTOR('',#12879,1.);
#7124=VECTOR('',#12882,1.);
#7125=VECTOR('',#12883,1.);
#7126=VECTOR('',#12884,1.);
#7127=VECTOR('',#12887,1.);
#7128=VECTOR('',#12888,1.);
#7129=VECTOR('',#12889,1.);
#7130=VECTOR('',#12892,1.);
#7131=VECTOR('',#12893,1.);
#7132=VECTOR('',#12894,1.);
#7133=VECTOR('',#12895,1.);
#7134=VECTOR('',#12898,1.);
#7135=VECTOR('',#12899,1.);
#7136=VECTOR('',#12900,1.);
#7137=VECTOR('',#12903,1.);
#7138=VECTOR('',#12904,1.);
#7139=VECTOR('',#12905,1.);
#7140=VECTOR('',#12908,1.);
#7141=VECTOR('',#12909,1.);
#7142=VECTOR('',#12910,1.);
#7143=VECTOR('',#12911,1.);
#7144=VECTOR('',#12914,1.);
#7145=VECTOR('',#12915,1.);
#7146=VECTOR('',#12916,1.);
#7147=VECTOR('',#12919,1.);
#7148=VECTOR('',#12920,1.);
#7149=VECTOR('',#12921,1.);
#7150=VECTOR('',#12924,1.);
#7151=VECTOR('',#12925,1.);
#7152=VECTOR('',#12926,1.);
#7153=VECTOR('',#12927,1.);
#7154=VECTOR('',#12930,1.);
#7155=VECTOR('',#12931,1.);
#7156=VECTOR('',#12932,1.);
#7157=VECTOR('',#12935,1.);
#7158=VECTOR('',#12936,1.);
#7159=VECTOR('',#12937,1.);
#7160=VECTOR('',#12940,1.);
#7161=VECTOR('',#12941,1.);
#7162=VECTOR('',#12942,1.);
#7163=VECTOR('',#12943,1.);
#7164=VECTOR('',#12946,1.);
#7165=VECTOR('',#12947,1.);
#7166=VECTOR('',#12948,1.);
#7167=VECTOR('',#12951,1.);
#7168=VECTOR('',#12952,1.);
#7169=VECTOR('',#12953,1.);
#7170=VECTOR('',#12956,1.);
#7171=VECTOR('',#12957,1.);
#7172=VECTOR('',#12960,1.);
#7173=VECTOR('',#12961,1.);
#7174=VECTOR('',#12964,1.);
#7175=VECTOR('',#12965,1.);
#7176=VECTOR('',#12968,1.);
#7177=VECTOR('',#12969,1.);
#7178=VECTOR('',#12972,1.);
#7179=VECTOR('',#12973,1.);
#7180=VECTOR('',#12976,1.);
#7181=VECTOR('',#12977,1.);
#7182=VECTOR('',#12980,1.);
#7183=VECTOR('',#12981,1.);
#7184=VECTOR('',#12984,1.);
#7185=VECTOR('',#12985,1.);
#7186=VECTOR('',#12988,1.);
#7187=VECTOR('',#12989,1.);
#7188=VECTOR('',#12992,1.);
#7189=VECTOR('',#12993,1.);
#7190=VECTOR('',#12996,1.);
#7191=VECTOR('',#12997,1.);
#7192=VECTOR('',#13000,1.);
#7193=VECTOR('',#13001,1.);
#7194=VECTOR('',#13004,1.);
#7195=VECTOR('',#13005,1.);
#7196=VECTOR('',#13008,1.);
#7197=VECTOR('',#13009,1.);
#7198=VECTOR('',#13012,1.);
#7199=VECTOR('',#13013,1.);
#7200=VECTOR('',#13016,1.);
#7201=VECTOR('',#13017,1.);
#7202=VECTOR('',#13020,1.);
#7203=VECTOR('',#13021,1.);
#7204=VECTOR('',#13024,1.);
#7205=VECTOR('',#13025,1.);
#7206=VECTOR('',#13028,1.);
#7207=VECTOR('',#13029,1.);
#7208=VECTOR('',#13032,1.);
#7209=VECTOR('',#13033,1.);
#7210=VECTOR('',#13036,1.);
#7211=VECTOR('',#13037,1.);
#7212=VECTOR('',#13040,1.);
#7213=VECTOR('',#13041,1.);
#7214=VECTOR('',#13044,1.);
#7215=VECTOR('',#13045,1.);
#7216=VECTOR('',#13048,1.);
#7217=VECTOR('',#13049,1.);
#7218=VECTOR('',#13052,1.);
#7219=VECTOR('',#13053,1.);
#7220=VECTOR('',#13056,1.);
#7221=VECTOR('',#13057,1.);
#7222=EDGE_LOOP('',(#423,#424,#425,#426));
#7223=EDGE_LOOP('',(#427,#428,#429,#430,#431,#432,#433,#434,#435,#436,#437,
#438,#439,#440,#441,#442,#443,#444,#445,#446));
#7224=EDGE_LOOP('',(#447,#448,#449,#450,#451,#452,#453,#454));
#7225=EDGE_LOOP('',(#455,#456,#457,#458));
#7226=EDGE_LOOP('',(#459,#460,#461,#462,#463,#464,#465,#466,#467,#468,#469,
#470));
#7227=EDGE_LOOP('',(#471,#472,#473,#474));
#7228=EDGE_LOOP('',(#475,#476,#477,#478));
#7229=EDGE_LOOP('',(#479,#480,#481,#482,#483,#484,#485,#486));
#7230=EDGE_LOOP('',(#487,#488,#489,#490));
#7231=EDGE_LOOP('',(#491,#492,#493,#494));
#7232=EDGE_LOOP('',(#495,#496,#497,#498,#499,#500,#501,#502,#503,#504,#505,
#506));
#7233=EDGE_LOOP('',(#507,#508,#509,#510));
#7234=EDGE_LOOP('',(#511,#512,#513,#514,#515,#516,#517,#518,#519,#520,#521,
#522,#523,#524,#525,#526));
#7235=EDGE_LOOP('',(#527,#528,#529,#530));
#7236=EDGE_LOOP('',(#531,#532,#533,#534));
#7237=EDGE_LOOP('',(#535,#536,#537,#538,#539,#540,#541,#542,#543,#544,#545,
#546,#547,#548,#549,#550,#551,#552,#553,#554,#555,#556,#557,#558,#559,#560,
#561,#562,#563,#564,#565,#566,#567,#568));
#7238=EDGE_LOOP('',(#569));
#7239=EDGE_LOOP('',(#570));
#7240=EDGE_LOOP('',(#571));
#7241=EDGE_LOOP('',(#572));
#7242=EDGE_LOOP('',(#573));
#7243=EDGE_LOOP('',(#574));
#7244=EDGE_LOOP('',(#575));
#7245=EDGE_LOOP('',(#576,#577,#578,#579,#580,#581,#582));
#7246=EDGE_LOOP('',(#583));
#7247=EDGE_LOOP('',(#584,#585,#586,#587,#588,#589,#590,#591));
#7248=EDGE_LOOP('',(#592,#593,#594,#595,#596,#597,#598,#599,#600));
#7249=EDGE_LOOP('',(#601,#602,#603,#604,#605,#606,#607));
#7250=EDGE_LOOP('',(#608));
#7251=EDGE_LOOP('',(#609,#610,#611,#612,#613,#614));
#7252=EDGE_LOOP('',(#615));
#7253=EDGE_LOOP('',(#616,#617,#618,#619,#620,#621,#622,#623));
#7254=EDGE_LOOP('',(#624,#625,#626,#627,#628,#629,#630,#631));
#7255=EDGE_LOOP('',(#632));
#7256=EDGE_LOOP('',(#633,#634,#635,#636,#637,#638));
#7257=EDGE_LOOP('',(#639,#640,#641,#642,#643,#644));
#7258=EDGE_LOOP('',(#645));
#7259=EDGE_LOOP('',(#646,#647,#648,#649,#650,#651,#652,#653,#654));
#7260=EDGE_LOOP('',(#655,#656,#657,#658));
#7261=EDGE_LOOP('',(#659,#660,#661,#662,#663,#664,#665,#666));
#7262=EDGE_LOOP('',(#667,#668,#669,#670,#671,#672));
#7263=EDGE_LOOP('',(#673,#674,#675,#676,#677,#678));
#7264=EDGE_LOOP('',(#679,#680,#681,#682));
#7265=EDGE_LOOP('',(#683,#684,#685,#686,#687,#688,#689,#690,#691,#692,#693,
#694));
#7266=EDGE_LOOP('',(#695,#696,#697,#698));
#7267=EDGE_LOOP('',(#699,#700,#701,#702,#703,#704,#705,#706,#707,#708,#709));
#7268=EDGE_LOOP('',(#710,#711,#712,#713,#714,#715,#716,#717));
#7269=EDGE_LOOP('',(#718,#719,#720,#721,#722,#723,#724,#725));
#7270=EDGE_LOOP('',(#726,#727,#728,#729,#730,#731,#732,#733));
#7271=EDGE_LOOP('',(#734,#735,#736,#737));
#7272=EDGE_LOOP('',(#738,#739,#740,#741));
#7273=EDGE_LOOP('',(#742,#743,#744,#745));
#7274=EDGE_LOOP('',(#746,#747,#748,#749,#750,#751,#752,#753));
#7275=EDGE_LOOP('',(#754));
#7276=EDGE_LOOP('',(#755,#756,#757,#758,#759,#760,#761,#762));
#7277=EDGE_LOOP('',(#763));
#7278=EDGE_LOOP('',(#764,#765,#766,#767,#768,#769));
#7279=EDGE_LOOP('',(#770));
#7280=EDGE_LOOP('',(#771,#772,#773,#774));
#7281=EDGE_LOOP('',(#775,#776,#777,#778));
#7282=EDGE_LOOP('',(#779,#780,#781,#782));
#7283=EDGE_LOOP('',(#783,#784,#785,#786));
#7284=EDGE_LOOP('',(#787,#788,#789,#790));
#7285=EDGE_LOOP('',(#791,#792,#793));
#7286=EDGE_LOOP('',(#794,#795,#796));
#7287=EDGE_LOOP('',(#797,#798,#799,#800));
#7288=EDGE_LOOP('',(#801,#802,#803,#804));
#7289=EDGE_LOOP('',(#805,#806,#807));
#7290=EDGE_LOOP('',(#808,#809,#810));
#7291=EDGE_LOOP('',(#811,#812,#813,#814));
#7292=EDGE_LOOP('',(#815));
#7293=EDGE_LOOP('',(#816));
#7294=EDGE_LOOP('',(#817));
#7295=EDGE_LOOP('',(#818));
#7296=EDGE_LOOP('',(#819));
#7297=EDGE_LOOP('',(#820));
#7298=EDGE_LOOP('',(#821));
#7299=EDGE_LOOP('',(#822));
#7300=EDGE_LOOP('',(#823));
#7301=EDGE_LOOP('',(#824));
#7302=EDGE_LOOP('',(#825));
#7303=EDGE_LOOP('',(#826));
#7304=EDGE_LOOP('',(#827));
#7305=EDGE_LOOP('',(#828));
#7306=EDGE_LOOP('',(#829));
#7307=EDGE_LOOP('',(#830));
#7308=EDGE_LOOP('',(#831));
#7309=EDGE_LOOP('',(#832));
#7310=EDGE_LOOP('',(#833));
#7311=EDGE_LOOP('',(#834));
#7312=EDGE_LOOP('',(#835));
#7313=EDGE_LOOP('',(#836));
#7314=EDGE_LOOP('',(#837));
#7315=EDGE_LOOP('',(#838));
#7316=EDGE_LOOP('',(#839,#840,#841,#842));
#7317=EDGE_LOOP('',(#843,#844,#845,#846));
#7318=EDGE_LOOP('',(#847,#848,#849,#850));
#7319=EDGE_LOOP('',(#851,#852,#853,#854));
#7320=EDGE_LOOP('',(#855,#856,#857,#858));
#7321=EDGE_LOOP('',(#859,#860,#861,#862));
#7322=EDGE_LOOP('',(#863,#864,#865,#866));
#7323=EDGE_LOOP('',(#867,#868,#869,#870,#871,#872,#873));
#7324=EDGE_LOOP('',(#874,#875,#876,#877));
#7325=EDGE_LOOP('',(#878,#879,#880,#881));
#7326=EDGE_LOOP('',(#882,#883,#884,#885,#886,#887,#888));
#7327=EDGE_LOOP('',(#889,#890,#891,#892,#893,#894,#895,#896));
#7328=EDGE_LOOP('',(#897,#898,#899,#900,#901));
#7329=EDGE_LOOP('',(#902,#903,#904,#905));
#7330=EDGE_LOOP('',(#906,#907,#908,#909));
#7331=EDGE_LOOP('',(#910,#911,#912,#913,#914,#915,#916,#917,#918,#919,#920,
#921,#922,#923));
#7332=EDGE_LOOP('',(#924,#925,#926,#927));
#7333=EDGE_LOOP('',(#928,#929,#930,#931));
#7334=EDGE_LOOP('',(#932,#933,#934,#935,#936));
#7335=EDGE_LOOP('',(#937,#938,#939,#940,#941,#942,#943,#944,#945,#946,#947,
#948,#949,#950));
#7336=EDGE_LOOP('',(#951,#952,#953,#954,#955,#956,#957));
#7337=EDGE_LOOP('',(#958,#959,#960,#961));
#7338=EDGE_LOOP('',(#962,#963,#964,#965,#966,#967,#968,#969));
#7339=EDGE_LOOP('',(#970,#971,#972,#973));
#7340=EDGE_LOOP('',(#974,#975,#976,#977));
#7341=EDGE_LOOP('',(#978,#979,#980,#981,#982));
#7342=EDGE_LOOP('',(#983,#984,#985,#986,#987,#988,#989,#990));
#7343=EDGE_LOOP('',(#991,#992,#993,#994));
#7344=EDGE_LOOP('',(#995,#996,#997,#998,#999,#1000,#1001));
#7345=EDGE_LOOP('',(#1002,#1003,#1004,#1005,#1006,#1007));
#7346=EDGE_LOOP('',(#1008,#1009,#1010,#1011));
#7347=EDGE_LOOP('',(#1012,#1013,#1014,#1015));
#7348=EDGE_LOOP('',(#1016,#1017,#1018,#1019,#1020));
#7349=EDGE_LOOP('',(#1021,#1022,#1023,#1024,#1025,#1026,#1027,#1028));
#7350=EDGE_LOOP('',(#1029,#1030,#1031,#1032));
#7351=EDGE_LOOP('',(#1033,#1034,#1035,#1036));
#7352=EDGE_LOOP('',(#1037,#1038,#1039,#1040));
#7353=EDGE_LOOP('',(#1041,#1042,#1043,#1044));
#7354=EDGE_LOOP('',(#1045,#1046,#1047,#1048));
#7355=EDGE_LOOP('',(#1049,#1050,#1051,#1052));
#7356=EDGE_LOOP('',(#1053,#1054,#1055,#1056));
#7357=EDGE_LOOP('',(#1057,#1058,#1059,#1060));
#7358=EDGE_LOOP('',(#1061,#1062,#1063,#1064));
#7359=EDGE_LOOP('',(#1065,#1066,#1067));
#7360=EDGE_LOOP('',(#1068,#1069,#1070));
#7361=EDGE_LOOP('',(#1071,#1072,#1073,#1074));
#7362=EDGE_LOOP('',(#1075,#1076,#1077,#1078));
#7363=EDGE_LOOP('',(#1079,#1080,#1081,#1082));
#7364=EDGE_LOOP('',(#1083));
#7365=EDGE_LOOP('',(#1084));
#7366=EDGE_LOOP('',(#1085));
#7367=EDGE_LOOP('',(#1086));
#7368=EDGE_LOOP('',(#1087));
#7369=EDGE_LOOP('',(#1088));
#7370=EDGE_LOOP('',(#1089));
#7371=EDGE_LOOP('',(#1090));
#7372=EDGE_LOOP('',(#1091));
#7373=EDGE_LOOP('',(#1092));
#7374=EDGE_LOOP('',(#1093));
#7375=EDGE_LOOP('',(#1094));
#7376=EDGE_LOOP('',(#1095));
#7377=EDGE_LOOP('',(#1096));
#7378=EDGE_LOOP('',(#1097));
#7379=EDGE_LOOP('',(#1098));
#7380=EDGE_LOOP('',(#1099));
#7381=EDGE_LOOP('',(#1100));
#7382=EDGE_LOOP('',(#1101));
#7383=EDGE_LOOP('',(#1102));
#7384=EDGE_LOOP('',(#1103));
#7385=EDGE_LOOP('',(#1104,#1105,#1106,#1107,#1108,#1109));
#7386=EDGE_LOOP('',(#1110,#1111,#1112,#1113,#1114));
#7387=EDGE_LOOP('',(#1115,#1116,#1117,#1118));
#7388=EDGE_LOOP('',(#1119,#1120,#1121,#1122));
#7389=EDGE_LOOP('',(#1123,#1124,#1125,#1126));
#7390=EDGE_LOOP('',(#1127,#1128,#1129,#1130));
#7391=EDGE_LOOP('',(#1131,#1132,#1133,#1134,#1135,#1136,#1137,#1138,#1139,
#1140,#1141,#1142,#1143,#1144,#1145,#1146,#1147,#1148));
#7392=EDGE_LOOP('',(#1149,#1150,#1151,#1152,#1153));
#7393=EDGE_LOOP('',(#1154,#1155,#1156,#1157,#1158));
#7394=EDGE_LOOP('',(#1159,#1160,#1161,#1162));
#7395=EDGE_LOOP('',(#1163,#1164,#1165,#1166));
#7396=EDGE_LOOP('',(#1167,#1168,#1169,#1170));
#7397=EDGE_LOOP('',(#1171,#1172,#1173,#1174));
#7398=EDGE_LOOP('',(#1175,#1176,#1177,#1178));
#7399=EDGE_LOOP('',(#1179,#1180,#1181,#1182));
#7400=EDGE_LOOP('',(#1183,#1184,#1185,#1186));
#7401=EDGE_LOOP('',(#1187,#1188,#1189,#1190));
#7402=EDGE_LOOP('',(#1191,#1192,#1193,#1194));
#7403=EDGE_LOOP('',(#1195,#1196,#1197,#1198));
#7404=EDGE_LOOP('',(#1199,#1200,#1201,#1202));
#7405=EDGE_LOOP('',(#1203,#1204,#1205,#1206));
#7406=EDGE_LOOP('',(#1207,#1208,#1209,#1210));
#7407=EDGE_LOOP('',(#1211,#1212,#1213,#1214));
#7408=EDGE_LOOP('',(#1215,#1216,#1217,#1218));
#7409=EDGE_LOOP('',(#1219,#1220,#1221,#1222));
#7410=EDGE_LOOP('',(#1223,#1224,#1225,#1226));
#7411=EDGE_LOOP('',(#1227,#1228,#1229,#1230));
#7412=EDGE_LOOP('',(#1231,#1232,#1233,#1234));
#7413=EDGE_LOOP('',(#1235,#1236,#1237,#1238));
#7414=EDGE_LOOP('',(#1239,#1240,#1241,#1242));
#7415=EDGE_LOOP('',(#1243,#1244,#1245,#1246));
#7416=EDGE_LOOP('',(#1247,#1248,#1249,#1250));
#7417=EDGE_LOOP('',(#1251,#1252,#1253,#1254));
#7418=EDGE_LOOP('',(#1255,#1256,#1257,#1258));
#7419=EDGE_LOOP('',(#1259,#1260,#1261,#1262));
#7420=EDGE_LOOP('',(#1263,#1264,#1265,#1266));
#7421=EDGE_LOOP('',(#1267,#1268,#1269,#1270));
#7422=EDGE_LOOP('',(#1271,#1272,#1273,#1274));
#7423=EDGE_LOOP('',(#1275,#1276,#1277,#1278));
#7424=EDGE_LOOP('',(#1279,#1280,#1281,#1282));
#7425=EDGE_LOOP('',(#1283,#1284,#1285,#1286));
#7426=EDGE_LOOP('',(#1287,#1288,#1289,#1290));
#7427=EDGE_LOOP('',(#1291,#1292,#1293,#1294));
#7428=EDGE_LOOP('',(#1295,#1296,#1297,#1298));
#7429=EDGE_LOOP('',(#1299,#1300,#1301,#1302));
#7430=EDGE_LOOP('',(#1303,#1304,#1305,#1306));
#7431=EDGE_LOOP('',(#1307,#1308,#1309,#1310));
#7432=EDGE_LOOP('',(#1311,#1312,#1313,#1314));
#7433=EDGE_LOOP('',(#1315,#1316,#1317,#1318));
#7434=EDGE_LOOP('',(#1319,#1320,#1321,#1322));
#7435=EDGE_LOOP('',(#1323,#1324,#1325,#1326));
#7436=EDGE_LOOP('',(#1327,#1328,#1329,#1330));
#7437=EDGE_LOOP('',(#1331,#1332,#1333,#1334));
#7438=EDGE_LOOP('',(#1335,#1336,#1337,#1338));
#7439=EDGE_LOOP('',(#1339,#1340,#1341,#1342));
#7440=EDGE_LOOP('',(#1343,#1344,#1345,#1346));
#7441=EDGE_LOOP('',(#1347,#1348,#1349,#1350));
#7442=EDGE_LOOP('',(#1351,#1352,#1353,#1354));
#7443=EDGE_LOOP('',(#1355,#1356,#1357,#1358));
#7444=EDGE_LOOP('',(#1359,#1360,#1361,#1362));
#7445=EDGE_LOOP('',(#1363,#1364,#1365,#1366));
#7446=EDGE_LOOP('',(#1367,#1368,#1369,#1370));
#7447=EDGE_LOOP('',(#1371,#1372,#1373,#1374));
#7448=EDGE_LOOP('',(#1375,#1376,#1377,#1378));
#7449=EDGE_LOOP('',(#1379,#1380,#1381,#1382));
#7450=EDGE_LOOP('',(#1383,#1384,#1385,#1386));
#7451=EDGE_LOOP('',(#1387,#1388,#1389,#1390));
#7452=EDGE_LOOP('',(#1391,#1392,#1393,#1394));
#7453=EDGE_LOOP('',(#1395,#1396,#1397,#1398));
#7454=EDGE_LOOP('',(#1399,#1400,#1401,#1402));
#7455=EDGE_LOOP('',(#1403,#1404,#1405,#1406));
#7456=EDGE_LOOP('',(#1407,#1408,#1409,#1410));
#7457=EDGE_LOOP('',(#1411,#1412,#1413,#1414));
#7458=EDGE_LOOP('',(#1415,#1416,#1417,#1418));
#7459=EDGE_LOOP('',(#1419,#1420,#1421,#1422));
#7460=EDGE_LOOP('',(#1423,#1424,#1425,#1426));
#7461=EDGE_LOOP('',(#1427,#1428,#1429,#1430));
#7462=EDGE_LOOP('',(#1431,#1432,#1433,#1434));
#7463=EDGE_LOOP('',(#1435,#1436,#1437,#1438));
#7464=EDGE_LOOP('',(#1439,#1440,#1441,#1442));
#7465=EDGE_LOOP('',(#1443,#1444,#1445,#1446));
#7466=EDGE_LOOP('',(#1447,#1448,#1449,#1450));
#7467=EDGE_LOOP('',(#1451,#1452,#1453,#1454));
#7468=EDGE_LOOP('',(#1455,#1456,#1457,#1458));
#7469=EDGE_LOOP('',(#1459,#1460,#1461,#1462));
#7470=EDGE_LOOP('',(#1463,#1464,#1465,#1466));
#7471=EDGE_LOOP('',(#1467,#1468,#1469,#1470));
#7472=EDGE_LOOP('',(#1471,#1472,#1473,#1474));
#7473=EDGE_LOOP('',(#1475,#1476,#1477,#1478,#1479));
#7474=EDGE_LOOP('',(#1480,#1481,#1482,#1483));
#7475=EDGE_LOOP('',(#1484,#1485,#1486,#1487));
#7476=EDGE_LOOP('',(#1488,#1489,#1490,#1491));
#7477=EDGE_LOOP('',(#1492,#1493,#1494,#1495,#1496));
#7478=EDGE_LOOP('',(#1497,#1498,#1499,#1500));
#7479=EDGE_LOOP('',(#1501,#1502,#1503,#1504));
#7480=EDGE_LOOP('',(#1505,#1506,#1507,#1508));
#7481=EDGE_LOOP('',(#1509,#1510,#1511,#1512));
#7482=EDGE_LOOP('',(#1513,#1514,#1515,#1516));
#7483=EDGE_LOOP('',(#1517,#1518,#1519,#1520));
#7484=EDGE_LOOP('',(#1521,#1522,#1523,#1524));
#7485=EDGE_LOOP('',(#1525,#1526,#1527,#1528));
#7486=EDGE_LOOP('',(#1529,#1530,#1531,#1532));
#7487=EDGE_LOOP('',(#1533,#1534,#1535,#1536));
#7488=EDGE_LOOP('',(#1537,#1538,#1539,#1540));
#7489=EDGE_LOOP('',(#1541,#1542,#1543,#1544));
#7490=EDGE_LOOP('',(#1545,#1546,#1547,#1548));
#7491=EDGE_LOOP('',(#1549,#1550,#1551,#1552));
#7492=EDGE_LOOP('',(#1553,#1554,#1555,#1556));
#7493=EDGE_LOOP('',(#1557,#1558,#1559,#1560));
#7494=EDGE_LOOP('',(#1561,#1562,#1563,#1564));
#7495=EDGE_LOOP('',(#1565,#1566,#1567,#1568));
#7496=EDGE_LOOP('',(#1569,#1570,#1571,#1572));
#7497=EDGE_LOOP('',(#1573,#1574,#1575,#1576));
#7498=EDGE_LOOP('',(#1577,#1578,#1579,#1580));
#7499=EDGE_LOOP('',(#1581,#1582,#1583,#1584));
#7500=EDGE_LOOP('',(#1585,#1586,#1587,#1588));
#7501=EDGE_LOOP('',(#1589,#1590,#1591,#1592));
#7502=EDGE_LOOP('',(#1593,#1594,#1595,#1596));
#7503=EDGE_LOOP('',(#1597,#1598,#1599,#1600));
#7504=EDGE_LOOP('',(#1601,#1602,#1603,#1604));
#7505=EDGE_LOOP('',(#1605,#1606,#1607,#1608));
#7506=EDGE_LOOP('',(#1609,#1610,#1611,#1612));
#7507=EDGE_LOOP('',(#1613,#1614,#1615,#1616));
#7508=EDGE_LOOP('',(#1617,#1618,#1619,#1620));
#7509=EDGE_LOOP('',(#1621,#1622,#1623,#1624));
#7510=EDGE_LOOP('',(#1625,#1626,#1627,#1628));
#7511=EDGE_LOOP('',(#1629,#1630,#1631,#1632));
#7512=EDGE_LOOP('',(#1633,#1634,#1635,#1636));
#7513=EDGE_LOOP('',(#1637,#1638,#1639,#1640));
#7514=EDGE_LOOP('',(#1641,#1642,#1643,#1644));
#7515=EDGE_LOOP('',(#1645,#1646,#1647,#1648));
#7516=EDGE_LOOP('',(#1649,#1650,#1651,#1652));
#7517=EDGE_LOOP('',(#1653,#1654,#1655,#1656));
#7518=EDGE_LOOP('',(#1657,#1658,#1659,#1660));
#7519=EDGE_LOOP('',(#1661,#1662,#1663,#1664));
#7520=EDGE_LOOP('',(#1665,#1666,#1667,#1668));
#7521=EDGE_LOOP('',(#1669,#1670,#1671,#1672));
#7522=EDGE_LOOP('',(#1673,#1674,#1675,#1676));
#7523=EDGE_LOOP('',(#1677,#1678,#1679,#1680));
#7524=EDGE_LOOP('',(#1681,#1682,#1683,#1684));
#7525=EDGE_LOOP('',(#1685,#1686,#1687,#1688));
#7526=EDGE_LOOP('',(#1689,#1690,#1691,#1692));
#7527=EDGE_LOOP('',(#1693,#1694,#1695,#1696));
#7528=EDGE_LOOP('',(#1697,#1698,#1699,#1700));
#7529=EDGE_LOOP('',(#1701,#1702,#1703,#1704));
#7530=EDGE_LOOP('',(#1705,#1706,#1707,#1708));
#7531=EDGE_LOOP('',(#1709,#1710,#1711,#1712));
#7532=EDGE_LOOP('',(#1713,#1714,#1715,#1716));
#7533=EDGE_LOOP('',(#1717,#1718,#1719,#1720));
#7534=EDGE_LOOP('',(#1721,#1722,#1723,#1724));
#7535=EDGE_LOOP('',(#1725,#1726,#1727,#1728));
#7536=EDGE_LOOP('',(#1729,#1730,#1731,#1732));
#7537=EDGE_LOOP('',(#1733,#1734,#1735,#1736));
#7538=EDGE_LOOP('',(#1737,#1738,#1739,#1740));
#7539=EDGE_LOOP('',(#1741,#1742,#1743,#1744));
#7540=EDGE_LOOP('',(#1745,#1746,#1747,#1748));
#7541=EDGE_LOOP('',(#1749,#1750,#1751,#1752));
#7542=EDGE_LOOP('',(#1753,#1754,#1755,#1756));
#7543=EDGE_LOOP('',(#1757,#1758,#1759,#1760));
#7544=EDGE_LOOP('',(#1761,#1762,#1763,#1764));
#7545=EDGE_LOOP('',(#1765,#1766,#1767,#1768));
#7546=EDGE_LOOP('',(#1769,#1770,#1771,#1772));
#7547=EDGE_LOOP('',(#1773,#1774,#1775,#1776));
#7548=EDGE_LOOP('',(#1777,#1778,#1779,#1780));
#7549=EDGE_LOOP('',(#1781,#1782,#1783,#1784));
#7550=EDGE_LOOP('',(#1785,#1786,#1787,#1788));
#7551=EDGE_LOOP('',(#1789,#1790,#1791,#1792));
#7552=EDGE_LOOP('',(#1793,#1794,#1795,#1796));
#7553=EDGE_LOOP('',(#1797,#1798,#1799,#1800));
#7554=EDGE_LOOP('',(#1801,#1802,#1803,#1804));
#7555=EDGE_LOOP('',(#1805,#1806,#1807,#1808));
#7556=EDGE_LOOP('',(#1809,#1810,#1811,#1812));
#7557=EDGE_LOOP('',(#1813,#1814,#1815,#1816));
#7558=EDGE_LOOP('',(#1817,#1818,#1819,#1820));
#7559=EDGE_LOOP('',(#1821,#1822,#1823,#1824));
#7560=EDGE_LOOP('',(#1825,#1826,#1827,#1828));
#7561=EDGE_LOOP('',(#1829,#1830,#1831,#1832));
#7562=EDGE_LOOP('',(#1833,#1834,#1835,#1836));
#7563=EDGE_LOOP('',(#1837,#1838,#1839,#1840));
#7564=EDGE_LOOP('',(#1841,#1842,#1843,#1844));
#7565=EDGE_LOOP('',(#1845,#1846,#1847,#1848));
#7566=EDGE_LOOP('',(#1849,#1850,#1851,#1852));
#7567=EDGE_LOOP('',(#1853,#1854,#1855,#1856));
#7568=EDGE_LOOP('',(#1857,#1858,#1859,#1860));
#7569=EDGE_LOOP('',(#1861,#1862,#1863,#1864));
#7570=EDGE_LOOP('',(#1865,#1866,#1867,#1868));
#7571=EDGE_LOOP('',(#1869,#1870,#1871,#1872));
#7572=EDGE_LOOP('',(#1873,#1874,#1875,#1876));
#7573=EDGE_LOOP('',(#1877,#1878,#1879,#1880));
#7574=EDGE_LOOP('',(#1881,#1882,#1883,#1884));
#7575=EDGE_LOOP('',(#1885,#1886,#1887,#1888));
#7576=EDGE_LOOP('',(#1889,#1890,#1891,#1892));
#7577=EDGE_LOOP('',(#1893,#1894,#1895,#1896));
#7578=EDGE_LOOP('',(#1897,#1898,#1899,#1900));
#7579=EDGE_LOOP('',(#1901,#1902,#1903,#1904));
#7580=EDGE_LOOP('',(#1905,#1906,#1907,#1908));
#7581=EDGE_LOOP('',(#1909,#1910,#1911,#1912));
#7582=EDGE_LOOP('',(#1913,#1914,#1915,#1916));
#7583=EDGE_LOOP('',(#1917,#1918,#1919,#1920));
#7584=EDGE_LOOP('',(#1921,#1922,#1923,#1924));
#7585=EDGE_LOOP('',(#1925,#1926,#1927,#1928));
#7586=EDGE_LOOP('',(#1929,#1930,#1931,#1932));
#7587=EDGE_LOOP('',(#1933,#1934,#1935,#1936));
#7588=EDGE_LOOP('',(#1937,#1938,#1939,#1940));
#7589=EDGE_LOOP('',(#1941,#1942,#1943,#1944));
#7590=EDGE_LOOP('',(#1945,#1946,#1947,#1948));
#7591=EDGE_LOOP('',(#1949,#1950,#1951,#1952));
#7592=EDGE_LOOP('',(#1953,#1954,#1955,#1956));
#7593=EDGE_LOOP('',(#1957,#1958,#1959,#1960));
#7594=EDGE_LOOP('',(#1961,#1962,#1963,#1964));
#7595=EDGE_LOOP('',(#1965,#1966,#1967,#1968));
#7596=EDGE_LOOP('',(#1969,#1970,#1971,#1972));
#7597=EDGE_LOOP('',(#1973,#1974,#1975,#1976));
#7598=EDGE_LOOP('',(#1977,#1978,#1979,#1980));
#7599=EDGE_LOOP('',(#1981,#1982,#1983,#1984));
#7600=EDGE_LOOP('',(#1985,#1986,#1987,#1988));
#7601=EDGE_LOOP('',(#1989,#1990,#1991,#1992));
#7602=EDGE_LOOP('',(#1993,#1994,#1995,#1996));
#7603=EDGE_LOOP('',(#1997,#1998,#1999,#2000));
#7604=EDGE_LOOP('',(#2001,#2002,#2003,#2004));
#7605=EDGE_LOOP('',(#2005,#2006,#2007,#2008));
#7606=EDGE_LOOP('',(#2009,#2010,#2011,#2012));
#7607=EDGE_LOOP('',(#2013,#2014,#2015,#2016));
#7608=EDGE_LOOP('',(#2017,#2018,#2019,#2020));
#7609=EDGE_LOOP('',(#2021,#2022,#2023,#2024));
#7610=EDGE_LOOP('',(#2025,#2026,#2027,#2028));
#7611=EDGE_LOOP('',(#2029,#2030,#2031,#2032));
#7612=EDGE_LOOP('',(#2033,#2034,#2035,#2036));
#7613=EDGE_LOOP('',(#2037,#2038,#2039,#2040));
#7614=EDGE_LOOP('',(#2041,#2042,#2043,#2044));
#7615=EDGE_LOOP('',(#2045,#2046,#2047,#2048));
#7616=EDGE_LOOP('',(#2049,#2050,#2051,#2052));
#7617=EDGE_LOOP('',(#2053,#2054,#2055,#2056));
#7618=EDGE_LOOP('',(#2057,#2058,#2059,#2060));
#7619=EDGE_LOOP('',(#2061,#2062,#2063,#2064));
#7620=EDGE_LOOP('',(#2065,#2066,#2067,#2068));
#7621=EDGE_LOOP('',(#2069,#2070,#2071,#2072));
#7622=EDGE_LOOP('',(#2073,#2074,#2075,#2076));
#7623=EDGE_LOOP('',(#2077,#2078,#2079,#2080));
#7624=EDGE_LOOP('',(#2081,#2082,#2083,#2084));
#7625=EDGE_LOOP('',(#2085,#2086,#2087,#2088));
#7626=EDGE_LOOP('',(#2089,#2090,#2091,#2092));
#7627=EDGE_LOOP('',(#2093,#2094,#2095,#2096));
#7628=EDGE_LOOP('',(#2097,#2098,#2099,#2100));
#7629=EDGE_LOOP('',(#2101,#2102,#2103,#2104));
#7630=EDGE_LOOP('',(#2105,#2106,#2107,#2108));
#7631=EDGE_LOOP('',(#2109,#2110,#2111,#2112));
#7632=EDGE_LOOP('',(#2113,#2114,#2115,#2116));
#7633=EDGE_LOOP('',(#2117,#2118,#2119,#2120));
#7634=EDGE_LOOP('',(#2121,#2122,#2123,#2124));
#7635=EDGE_LOOP('',(#2125,#2126,#2127,#2128));
#7636=EDGE_LOOP('',(#2129,#2130,#2131,#2132));
#7637=EDGE_LOOP('',(#2133,#2134,#2135,#2136));
#7638=EDGE_LOOP('',(#2137,#2138,#2139,#2140));
#7639=EDGE_LOOP('',(#2141,#2142,#2143,#2144));
#7640=EDGE_LOOP('',(#2145,#2146,#2147,#2148));
#7641=EDGE_LOOP('',(#2149,#2150,#2151,#2152));
#7642=EDGE_LOOP('',(#2153,#2154,#2155,#2156));
#7643=EDGE_LOOP('',(#2157,#2158,#2159,#2160));
#7644=EDGE_LOOP('',(#2161,#2162,#2163,#2164));
#7645=EDGE_LOOP('',(#2165,#2166,#2167,#2168));
#7646=EDGE_LOOP('',(#2169,#2170,#2171,#2172));
#7647=EDGE_LOOP('',(#2173,#2174,#2175,#2176));
#7648=EDGE_LOOP('',(#2177,#2178,#2179,#2180));
#7649=EDGE_LOOP('',(#2181,#2182,#2183,#2184));
#7650=EDGE_LOOP('',(#2185,#2186,#2187,#2188));
#7651=EDGE_LOOP('',(#2189,#2190,#2191,#2192));
#7652=EDGE_LOOP('',(#2193,#2194,#2195,#2196));
#7653=EDGE_LOOP('',(#2197,#2198,#2199,#2200));
#7654=EDGE_LOOP('',(#2201,#2202,#2203,#2204));
#7655=EDGE_LOOP('',(#2205,#2206,#2207,#2208));
#7656=EDGE_LOOP('',(#2209,#2210,#2211,#2212));
#7657=EDGE_LOOP('',(#2213,#2214,#2215,#2216));
#7658=EDGE_LOOP('',(#2217,#2218,#2219,#2220));
#7659=EDGE_LOOP('',(#2221,#2222,#2223,#2224));
#7660=EDGE_LOOP('',(#2225,#2226,#2227,#2228));
#7661=EDGE_LOOP('',(#2229,#2230,#2231,#2232));
#7662=EDGE_LOOP('',(#2233,#2234,#2235,#2236));
#7663=EDGE_LOOP('',(#2237,#2238,#2239,#2240));
#7664=EDGE_LOOP('',(#2241,#2242,#2243,#2244));
#7665=EDGE_LOOP('',(#2245,#2246,#2247,#2248));
#7666=EDGE_LOOP('',(#2249,#2250,#2251,#2252));
#7667=EDGE_LOOP('',(#2253,#2254,#2255,#2256));
#7668=EDGE_LOOP('',(#2257,#2258,#2259,#2260));
#7669=EDGE_LOOP('',(#2261,#2262,#2263,#2264));
#7670=EDGE_LOOP('',(#2265,#2266,#2267,#2268));
#7671=EDGE_LOOP('',(#2269,#2270,#2271,#2272));
#7672=EDGE_LOOP('',(#2273,#2274,#2275,#2276));
#7673=EDGE_LOOP('',(#2277,#2278,#2279,#2280));
#7674=EDGE_LOOP('',(#2281,#2282,#2283,#2284));
#7675=EDGE_LOOP('',(#2285,#2286,#2287,#2288));
#7676=EDGE_LOOP('',(#2289,#2290,#2291,#2292));
#7677=EDGE_LOOP('',(#2293,#2294,#2295,#2296));
#7678=EDGE_LOOP('',(#2297,#2298,#2299,#2300));
#7679=EDGE_LOOP('',(#2301,#2302,#2303,#2304));
#7680=EDGE_LOOP('',(#2305,#2306,#2307,#2308));
#7681=EDGE_LOOP('',(#2309,#2310,#2311,#2312));
#7682=EDGE_LOOP('',(#2313,#2314,#2315,#2316));
#7683=EDGE_LOOP('',(#2317,#2318,#2319,#2320));
#7684=EDGE_LOOP('',(#2321,#2322,#2323,#2324));
#7685=EDGE_LOOP('',(#2325,#2326,#2327,#2328));
#7686=EDGE_LOOP('',(#2329,#2330,#2331,#2332));
#7687=EDGE_LOOP('',(#2333,#2334,#2335,#2336));
#7688=EDGE_LOOP('',(#2337,#2338,#2339,#2340));
#7689=EDGE_LOOP('',(#2341,#2342,#2343,#2344));
#7690=EDGE_LOOP('',(#2345,#2346,#2347,#2348));
#7691=EDGE_LOOP('',(#2349,#2350,#2351,#2352));
#7692=EDGE_LOOP('',(#2353,#2354,#2355,#2356));
#7693=EDGE_LOOP('',(#2357,#2358,#2359,#2360));
#7694=EDGE_LOOP('',(#2361,#2362,#2363,#2364));
#7695=EDGE_LOOP('',(#2365,#2366,#2367,#2368));
#7696=EDGE_LOOP('',(#2369,#2370,#2371,#2372));
#7697=EDGE_LOOP('',(#2373,#2374,#2375,#2376));
#7698=EDGE_LOOP('',(#2377,#2378,#2379,#2380));
#7699=EDGE_LOOP('',(#2381,#2382,#2383,#2384));
#7700=EDGE_LOOP('',(#2385,#2386,#2387,#2388));
#7701=EDGE_LOOP('',(#2389,#2390,#2391,#2392));
#7702=EDGE_LOOP('',(#2393,#2394,#2395,#2396));
#7703=EDGE_LOOP('',(#2397,#2398,#2399,#2400));
#7704=EDGE_LOOP('',(#2401,#2402,#2403,#2404));
#7705=EDGE_LOOP('',(#2405,#2406,#2407,#2408));
#7706=EDGE_LOOP('',(#2409,#2410,#2411,#2412));
#7707=EDGE_LOOP('',(#2413,#2414,#2415,#2416));
#7708=EDGE_LOOP('',(#2417,#2418,#2419,#2420));
#7709=EDGE_LOOP('',(#2421,#2422,#2423,#2424));
#7710=EDGE_LOOP('',(#2425,#2426,#2427,#2428));
#7711=EDGE_LOOP('',(#2429,#2430,#2431,#2432));
#7712=EDGE_LOOP('',(#2433,#2434,#2435,#2436));
#7713=EDGE_LOOP('',(#2437,#2438,#2439,#2440));
#7714=EDGE_LOOP('',(#2441,#2442,#2443,#2444));
#7715=EDGE_LOOP('',(#2445,#2446,#2447,#2448));
#7716=EDGE_LOOP('',(#2449,#2450,#2451,#2452));
#7717=EDGE_LOOP('',(#2453,#2454,#2455,#2456));
#7718=EDGE_LOOP('',(#2457,#2458,#2459,#2460));
#7719=EDGE_LOOP('',(#2461,#2462,#2463,#2464));
#7720=EDGE_LOOP('',(#2465,#2466,#2467,#2468));
#7721=EDGE_LOOP('',(#2469,#2470,#2471,#2472));
#7722=EDGE_LOOP('',(#2473,#2474,#2475,#2476));
#7723=EDGE_LOOP('',(#2477,#2478,#2479,#2480));
#7724=EDGE_LOOP('',(#2481,#2482,#2483,#2484));
#7725=EDGE_LOOP('',(#2485,#2486,#2487,#2488));
#7726=EDGE_LOOP('',(#2489,#2490,#2491,#2492));
#7727=EDGE_LOOP('',(#2493,#2494,#2495,#2496));
#7728=EDGE_LOOP('',(#2497,#2498,#2499,#2500));
#7729=EDGE_LOOP('',(#2501,#2502,#2503,#2504));
#7730=EDGE_LOOP('',(#2505,#2506,#2507,#2508));
#7731=EDGE_LOOP('',(#2509,#2510,#2511,#2512));
#7732=EDGE_LOOP('',(#2513,#2514,#2515,#2516));
#7733=EDGE_LOOP('',(#2517,#2518,#2519,#2520));
#7734=EDGE_LOOP('',(#2521,#2522,#2523,#2524));
#7735=EDGE_LOOP('',(#2525,#2526,#2527,#2528));
#7736=EDGE_LOOP('',(#2529,#2530,#2531,#2532));
#7737=EDGE_LOOP('',(#2533,#2534,#2535,#2536));
#7738=EDGE_LOOP('',(#2537,#2538,#2539,#2540));
#7739=EDGE_LOOP('',(#2541,#2542,#2543,#2544));
#7740=EDGE_LOOP('',(#2545,#2546,#2547,#2548));
#7741=EDGE_LOOP('',(#2549,#2550,#2551,#2552));
#7742=EDGE_LOOP('',(#2553,#2554,#2555,#2556));
#7743=EDGE_LOOP('',(#2557,#2558,#2559,#2560));
#7744=EDGE_LOOP('',(#2561,#2562,#2563,#2564));
#7745=EDGE_LOOP('',(#2565,#2566,#2567,#2568));
#7746=EDGE_LOOP('',(#2569,#2570,#2571,#2572));
#7747=EDGE_LOOP('',(#2573,#2574,#2575,#2576));
#7748=EDGE_LOOP('',(#2577,#2578,#2579,#2580));
#7749=EDGE_LOOP('',(#2581,#2582,#2583,#2584));
#7750=EDGE_LOOP('',(#2585,#2586,#2587,#2588));
#7751=EDGE_LOOP('',(#2589,#2590,#2591,#2592));
#7752=EDGE_LOOP('',(#2593,#2594,#2595,#2596));
#7753=EDGE_LOOP('',(#2597,#2598,#2599,#2600));
#7754=EDGE_LOOP('',(#2601,#2602,#2603,#2604));
#7755=EDGE_LOOP('',(#2605,#2606,#2607,#2608));
#7756=EDGE_LOOP('',(#2609,#2610,#2611,#2612));
#7757=EDGE_LOOP('',(#2613,#2614,#2615,#2616));
#7758=EDGE_LOOP('',(#2617,#2618,#2619,#2620));
#7759=EDGE_LOOP('',(#2621,#2622,#2623,#2624));
#7760=EDGE_LOOP('',(#2625,#2626,#2627,#2628));
#7761=EDGE_LOOP('',(#2629,#2630,#2631,#2632));
#7762=EDGE_LOOP('',(#2633,#2634,#2635,#2636));
#7763=EDGE_LOOP('',(#2637,#2638,#2639,#2640));
#7764=EDGE_LOOP('',(#2641,#2642,#2643,#2644));
#7765=EDGE_LOOP('',(#2645,#2646,#2647,#2648));
#7766=EDGE_LOOP('',(#2649,#2650,#2651,#2652));
#7767=EDGE_LOOP('',(#2653,#2654,#2655,#2656));
#7768=EDGE_LOOP('',(#2657,#2658,#2659,#2660));
#7769=EDGE_LOOP('',(#2661,#2662,#2663,#2664));
#7770=EDGE_LOOP('',(#2665,#2666,#2667,#2668));
#7771=EDGE_LOOP('',(#2669,#2670,#2671,#2672));
#7772=EDGE_LOOP('',(#2673,#2674,#2675,#2676));
#7773=EDGE_LOOP('',(#2677,#2678,#2679,#2680));
#7774=EDGE_LOOP('',(#2681,#2682,#2683,#2684));
#7775=EDGE_LOOP('',(#2685,#2686,#2687,#2688));
#7776=EDGE_LOOP('',(#2689,#2690,#2691,#2692));
#7777=EDGE_LOOP('',(#2693,#2694,#2695,#2696));
#7778=EDGE_LOOP('',(#2697,#2698,#2699,#2700));
#7779=EDGE_LOOP('',(#2701,#2702,#2703,#2704));
#7780=EDGE_LOOP('',(#2705,#2706,#2707,#2708));
#7781=EDGE_LOOP('',(#2709,#2710,#2711,#2712));
#7782=EDGE_LOOP('',(#2713,#2714,#2715,#2716));
#7783=EDGE_LOOP('',(#2717,#2718,#2719,#2720));
#7784=EDGE_LOOP('',(#2721,#2722,#2723,#2724));
#7785=EDGE_LOOP('',(#2725,#2726,#2727,#2728));
#7786=EDGE_LOOP('',(#2729,#2730,#2731,#2732));
#7787=EDGE_LOOP('',(#2733,#2734,#2735,#2736));
#7788=EDGE_LOOP('',(#2737,#2738,#2739,#2740));
#7789=EDGE_LOOP('',(#2741,#2742,#2743,#2744));
#7790=EDGE_LOOP('',(#2745,#2746,#2747,#2748));
#7791=EDGE_LOOP('',(#2749,#2750,#2751,#2752));
#7792=EDGE_LOOP('',(#2753,#2754,#2755,#2756));
#7793=EDGE_LOOP('',(#2757,#2758,#2759,#2760));
#7794=EDGE_LOOP('',(#2761,#2762,#2763,#2764));
#7795=EDGE_LOOP('',(#2765,#2766,#2767,#2768));
#7796=EDGE_LOOP('',(#2769,#2770,#2771,#2772));
#7797=EDGE_LOOP('',(#2773,#2774,#2775,#2776));
#7798=EDGE_LOOP('',(#2777,#2778,#2779,#2780));
#7799=EDGE_LOOP('',(#2781,#2782,#2783,#2784));
#7800=EDGE_LOOP('',(#2785,#2786,#2787,#2788));
#7801=EDGE_LOOP('',(#2789,#2790,#2791,#2792));
#7802=EDGE_LOOP('',(#2793,#2794,#2795,#2796));
#7803=EDGE_LOOP('',(#2797,#2798,#2799,#2800));
#7804=EDGE_LOOP('',(#2801,#2802,#2803,#2804));
#7805=EDGE_LOOP('',(#2805,#2806,#2807,#2808));
#7806=EDGE_LOOP('',(#2809,#2810,#2811,#2812));
#7807=EDGE_LOOP('',(#2813,#2814,#2815,#2816));
#7808=EDGE_LOOP('',(#2817,#2818,#2819,#2820));
#7809=EDGE_LOOP('',(#2821,#2822,#2823,#2824));
#7810=EDGE_LOOP('',(#2825,#2826,#2827,#2828));
#7811=EDGE_LOOP('',(#2829,#2830,#2831,#2832));
#7812=EDGE_LOOP('',(#2833,#2834,#2835,#2836));
#7813=EDGE_LOOP('',(#2837,#2838,#2839,#2840));
#7814=EDGE_LOOP('',(#2841,#2842,#2843,#2844));
#7815=EDGE_LOOP('',(#2845,#2846,#2847,#2848));
#7816=EDGE_LOOP('',(#2849,#2850,#2851,#2852));
#7817=EDGE_LOOP('',(#2853,#2854,#2855,#2856));
#7818=EDGE_LOOP('',(#2857,#2858,#2859,#2860));
#7819=EDGE_LOOP('',(#2861,#2862,#2863,#2864));
#7820=EDGE_LOOP('',(#2865,#2866,#2867,#2868));
#7821=EDGE_LOOP('',(#2869,#2870,#2871,#2872));
#7822=EDGE_LOOP('',(#2873,#2874,#2875,#2876));
#7823=EDGE_LOOP('',(#2877,#2878,#2879,#2880));
#7824=EDGE_LOOP('',(#2881,#2882,#2883,#2884));
#7825=EDGE_LOOP('',(#2885,#2886,#2887,#2888));
#7826=EDGE_LOOP('',(#2889,#2890,#2891,#2892));
#7827=EDGE_LOOP('',(#2893,#2894,#2895,#2896));
#7828=EDGE_LOOP('',(#2897,#2898,#2899,#2900));
#7829=EDGE_LOOP('',(#2901,#2902,#2903,#2904));
#7830=EDGE_LOOP('',(#2905,#2906,#2907,#2908));
#7831=EDGE_LOOP('',(#2909,#2910,#2911,#2912));
#7832=EDGE_LOOP('',(#2913,#2914,#2915,#2916));
#7833=EDGE_LOOP('',(#2917,#2918,#2919,#2920));
#7834=EDGE_LOOP('',(#2921,#2922,#2923,#2924));
#7835=EDGE_LOOP('',(#2925,#2926,#2927,#2928));
#7836=EDGE_LOOP('',(#2929,#2930,#2931,#2932));
#7837=EDGE_LOOP('',(#2933,#2934,#2935,#2936));
#7838=EDGE_LOOP('',(#2937,#2938,#2939,#2940));
#7839=EDGE_LOOP('',(#2941,#2942,#2943,#2944));
#7840=EDGE_LOOP('',(#2945,#2946,#2947,#2948));
#7841=EDGE_LOOP('',(#2949,#2950,#2951,#2952));
#7842=EDGE_LOOP('',(#2953,#2954,#2955,#2956));
#7843=EDGE_LOOP('',(#2957,#2958,#2959,#2960));
#7844=EDGE_LOOP('',(#2961,#2962,#2963,#2964));
#7845=EDGE_LOOP('',(#2965,#2966,#2967,#2968));
#7846=EDGE_LOOP('',(#2969,#2970,#2971,#2972));
#7847=EDGE_LOOP('',(#2973,#2974,#2975,#2976));
#7848=EDGE_LOOP('',(#2977,#2978,#2979,#2980));
#7849=EDGE_LOOP('',(#2981,#2982,#2983,#2984));
#7850=EDGE_LOOP('',(#2985,#2986,#2987,#2988));
#7851=EDGE_LOOP('',(#2989,#2990,#2991,#2992));
#7852=EDGE_LOOP('',(#2993,#2994,#2995,#2996));
#7853=FACE_BOUND('',#7222,.T.);
#7854=FACE_BOUND('',#7223,.T.);
#7855=FACE_BOUND('',#7224,.T.);
#7856=FACE_BOUND('',#7225,.T.);
#7857=FACE_BOUND('',#7226,.T.);
#7858=FACE_BOUND('',#7227,.T.);
#7859=FACE_BOUND('',#7228,.T.);
#7860=FACE_BOUND('',#7229,.T.);
#7861=FACE_BOUND('',#7230,.T.);
#7862=FACE_BOUND('',#7231,.T.);
#7863=FACE_BOUND('',#7232,.T.);
#7864=FACE_BOUND('',#7233,.T.);
#7865=FACE_BOUND('',#7234,.T.);
#7866=FACE_BOUND('',#7235,.T.);
#7867=FACE_BOUND('',#7236,.T.);
#7868=FACE_BOUND('',#7237,.T.);
#7869=FACE_BOUND('',#7238,.T.);
#7870=FACE_BOUND('',#7239,.T.);
#7871=FACE_BOUND('',#7240,.T.);
#7872=FACE_BOUND('',#7241,.T.);
#7873=FACE_BOUND('',#7242,.T.);
#7874=FACE_BOUND('',#7243,.T.);
#7875=FACE_BOUND('',#7244,.T.);
#7876=FACE_BOUND('',#7245,.T.);
#7877=FACE_BOUND('',#7246,.T.);
#7878=FACE_BOUND('',#7247,.T.);
#7879=FACE_BOUND('',#7248,.T.);
#7880=FACE_BOUND('',#7249,.T.);
#7881=FACE_BOUND('',#7250,.T.);
#7882=FACE_BOUND('',#7251,.T.);
#7883=FACE_BOUND('',#7252,.T.);
#7884=FACE_BOUND('',#7253,.T.);
#7885=FACE_BOUND('',#7254,.T.);
#7886=FACE_BOUND('',#7255,.T.);
#7887=FACE_BOUND('',#7256,.T.);
#7888=FACE_BOUND('',#7257,.T.);
#7889=FACE_BOUND('',#7258,.T.);
#7890=FACE_BOUND('',#7259,.T.);
#7891=FACE_BOUND('',#7260,.T.);
#7892=FACE_BOUND('',#7261,.T.);
#7893=FACE_BOUND('',#7262,.T.);
#7894=FACE_BOUND('',#7263,.T.);
#7895=FACE_BOUND('',#7264,.T.);
#7896=FACE_BOUND('',#7265,.T.);
#7897=FACE_BOUND('',#7266,.T.);
#7898=FACE_BOUND('',#7267,.T.);
#7899=FACE_BOUND('',#7268,.T.);
#7900=FACE_BOUND('',#7269,.T.);
#7901=FACE_BOUND('',#7270,.T.);
#7902=FACE_BOUND('',#7271,.T.);
#7903=FACE_BOUND('',#7272,.T.);
#7904=FACE_BOUND('',#7273,.T.);
#7905=FACE_BOUND('',#7274,.T.);
#7906=FACE_BOUND('',#7275,.T.);
#7907=FACE_BOUND('',#7276,.T.);
#7908=FACE_BOUND('',#7277,.T.);
#7909=FACE_BOUND('',#7278,.T.);
#7910=FACE_BOUND('',#7279,.T.);
#7911=FACE_BOUND('',#7280,.T.);
#7912=FACE_BOUND('',#7281,.T.);
#7913=FACE_BOUND('',#7282,.T.);
#7914=FACE_BOUND('',#7283,.T.);
#7915=FACE_BOUND('',#7284,.T.);
#7916=FACE_BOUND('',#7285,.T.);
#7917=FACE_BOUND('',#7286,.T.);
#7918=FACE_BOUND('',#7287,.T.);
#7919=FACE_BOUND('',#7288,.T.);
#7920=FACE_BOUND('',#7289,.T.);
#7921=FACE_BOUND('',#7290,.T.);
#7922=FACE_BOUND('',#7291,.T.);
#7923=FACE_BOUND('',#7292,.T.);
#7924=FACE_BOUND('',#7293,.T.);
#7925=FACE_BOUND('',#7294,.T.);
#7926=FACE_BOUND('',#7295,.T.);
#7927=FACE_BOUND('',#7296,.T.);
#7928=FACE_BOUND('',#7297,.T.);
#7929=FACE_BOUND('',#7298,.T.);
#7930=FACE_BOUND('',#7299,.T.);
#7931=FACE_BOUND('',#7300,.T.);
#7932=FACE_BOUND('',#7301,.T.);
#7933=FACE_BOUND('',#7302,.T.);
#7934=FACE_BOUND('',#7303,.T.);
#7935=FACE_BOUND('',#7304,.T.);
#7936=FACE_BOUND('',#7305,.T.);
#7937=FACE_BOUND('',#7306,.T.);
#7938=FACE_BOUND('',#7307,.T.);
#7939=FACE_BOUND('',#7308,.T.);
#7940=FACE_BOUND('',#7309,.T.);
#7941=FACE_BOUND('',#7310,.T.);
#7942=FACE_BOUND('',#7311,.T.);
#7943=FACE_BOUND('',#7312,.T.);
#7944=FACE_BOUND('',#7313,.T.);
#7945=FACE_BOUND('',#7314,.T.);
#7946=FACE_BOUND('',#7315,.T.);
#7947=FACE_BOUND('',#7316,.T.);
#7948=FACE_BOUND('',#7317,.T.);
#7949=FACE_BOUND('',#7318,.T.);
#7950=FACE_BOUND('',#7319,.T.);
#7951=FACE_BOUND('',#7320,.T.);
#7952=FACE_BOUND('',#7321,.T.);
#7953=FACE_BOUND('',#7322,.T.);
#7954=FACE_BOUND('',#7323,.T.);
#7955=FACE_BOUND('',#7324,.T.);
#7956=FACE_BOUND('',#7325,.T.);
#7957=FACE_BOUND('',#7326,.T.);
#7958=FACE_BOUND('',#7327,.T.);
#7959=FACE_BOUND('',#7328,.T.);
#7960=FACE_BOUND('',#7329,.T.);
#7961=FACE_BOUND('',#7330,.T.);
#7962=FACE_BOUND('',#7331,.T.);
#7963=FACE_BOUND('',#7332,.T.);
#7964=FACE_BOUND('',#7333,.T.);
#7965=FACE_BOUND('',#7334,.T.);
#7966=FACE_BOUND('',#7335,.T.);
#7967=FACE_BOUND('',#7336,.T.);
#7968=FACE_BOUND('',#7337,.T.);
#7969=FACE_BOUND('',#7338,.T.);
#7970=FACE_BOUND('',#7339,.T.);
#7971=FACE_BOUND('',#7340,.T.);
#7972=FACE_BOUND('',#7341,.T.);
#7973=FACE_BOUND('',#7342,.T.);
#7974=FACE_BOUND('',#7343,.T.);
#7975=FACE_BOUND('',#7344,.T.);
#7976=FACE_BOUND('',#7345,.T.);
#7977=FACE_BOUND('',#7346,.T.);
#7978=FACE_BOUND('',#7347,.T.);
#7979=FACE_BOUND('',#7348,.T.);
#7980=FACE_BOUND('',#7349,.T.);
#7981=FACE_BOUND('',#7350,.T.);
#7982=FACE_BOUND('',#7351,.T.);
#7983=FACE_BOUND('',#7352,.T.);
#7984=FACE_BOUND('',#7353,.T.);
#7985=FACE_BOUND('',#7354,.T.);
#7986=FACE_BOUND('',#7355,.T.);
#7987=FACE_BOUND('',#7356,.T.);
#7988=FACE_BOUND('',#7357,.T.);
#7989=FACE_BOUND('',#7358,.T.);
#7990=FACE_BOUND('',#7359,.T.);
#7991=FACE_BOUND('',#7360,.T.);
#7992=FACE_BOUND('',#7361,.T.);
#7993=FACE_BOUND('',#7362,.T.);
#7994=FACE_BOUND('',#7363,.T.);
#7995=FACE_BOUND('',#7364,.T.);
#7996=FACE_BOUND('',#7365,.T.);
#7997=FACE_BOUND('',#7366,.T.);
#7998=FACE_BOUND('',#7367,.T.);
#7999=FACE_BOUND('',#7368,.T.);
#8000=FACE_BOUND('',#7369,.T.);
#8001=FACE_BOUND('',#7370,.T.);
#8002=FACE_BOUND('',#7371,.T.);
#8003=FACE_BOUND('',#7372,.T.);
#8004=FACE_BOUND('',#7373,.T.);
#8005=FACE_BOUND('',#7374,.T.);
#8006=FACE_BOUND('',#7375,.T.);
#8007=FACE_BOUND('',#7376,.T.);
#8008=FACE_BOUND('',#7377,.T.);
#8009=FACE_BOUND('',#7378,.T.);
#8010=FACE_BOUND('',#7379,.T.);
#8011=FACE_BOUND('',#7380,.T.);
#8012=FACE_BOUND('',#7381,.T.);
#8013=FACE_BOUND('',#7382,.T.);
#8014=FACE_BOUND('',#7383,.T.);
#8015=FACE_BOUND('',#7384,.T.);
#8016=FACE_BOUND('',#7385,.T.);
#8017=FACE_BOUND('',#7386,.T.);
#8018=FACE_BOUND('',#7387,.T.);
#8019=FACE_BOUND('',#7388,.T.);
#8020=FACE_BOUND('',#7389,.T.);
#8021=FACE_BOUND('',#7390,.T.);
#8022=FACE_BOUND('',#7391,.T.);
#8023=FACE_BOUND('',#7392,.T.);
#8024=FACE_BOUND('',#7393,.T.);
#8025=FACE_BOUND('',#7394,.T.);
#8026=FACE_BOUND('',#7395,.T.);
#8027=FACE_BOUND('',#7396,.T.);
#8028=FACE_BOUND('',#7397,.T.);
#8029=FACE_BOUND('',#7398,.T.);
#8030=FACE_BOUND('',#7399,.T.);
#8031=FACE_BOUND('',#7400,.T.);
#8032=FACE_BOUND('',#7401,.T.);
#8033=FACE_BOUND('',#7402,.T.);
#8034=FACE_BOUND('',#7403,.T.);
#8035=FACE_BOUND('',#7404,.T.);
#8036=FACE_BOUND('',#7405,.T.);
#8037=FACE_BOUND('',#7406,.T.);
#8038=FACE_BOUND('',#7407,.T.);
#8039=FACE_BOUND('',#7408,.T.);
#8040=FACE_BOUND('',#7409,.T.);
#8041=FACE_BOUND('',#7410,.T.);
#8042=FACE_BOUND('',#7411,.T.);
#8043=FACE_BOUND('',#7412,.T.);
#8044=FACE_BOUND('',#7413,.T.);
#8045=FACE_BOUND('',#7414,.T.);
#8046=FACE_BOUND('',#7415,.T.);
#8047=FACE_BOUND('',#7416,.T.);
#8048=FACE_BOUND('',#7417,.T.);
#8049=FACE_BOUND('',#7418,.T.);
#8050=FACE_BOUND('',#7419,.T.);
#8051=FACE_BOUND('',#7420,.T.);
#8052=FACE_BOUND('',#7421,.T.);
#8053=FACE_BOUND('',#7422,.T.);
#8054=FACE_BOUND('',#7423,.T.);
#8055=FACE_BOUND('',#7424,.T.);
#8056=FACE_BOUND('',#7425,.T.);
#8057=FACE_BOUND('',#7426,.T.);
#8058=FACE_BOUND('',#7427,.T.);
#8059=FACE_BOUND('',#7428,.T.);
#8060=FACE_BOUND('',#7429,.T.);
#8061=FACE_BOUND('',#7430,.T.);
#8062=FACE_BOUND('',#7431,.T.);
#8063=FACE_BOUND('',#7432,.T.);
#8064=FACE_BOUND('',#7433,.T.);
#8065=FACE_BOUND('',#7434,.T.);
#8066=FACE_BOUND('',#7435,.T.);
#8067=FACE_BOUND('',#7436,.T.);
#8068=FACE_BOUND('',#7437,.T.);
#8069=FACE_BOUND('',#7438,.T.);
#8070=FACE_BOUND('',#7439,.T.);
#8071=FACE_BOUND('',#7440,.T.);
#8072=FACE_BOUND('',#7441,.T.);
#8073=FACE_BOUND('',#7442,.T.);
#8074=FACE_BOUND('',#7443,.T.);
#8075=FACE_BOUND('',#7444,.T.);
#8076=FACE_BOUND('',#7445,.T.);
#8077=FACE_BOUND('',#7446,.T.);
#8078=FACE_BOUND('',#7447,.T.);
#8079=FACE_BOUND('',#7448,.T.);
#8080=FACE_BOUND('',#7449,.T.);
#8081=FACE_BOUND('',#7450,.T.);
#8082=FACE_BOUND('',#7451,.T.);
#8083=FACE_BOUND('',#7452,.T.);
#8084=FACE_BOUND('',#7453,.T.);
#8085=FACE_BOUND('',#7454,.T.);
#8086=FACE_BOUND('',#7455,.T.);
#8087=FACE_BOUND('',#7456,.T.);
#8088=FACE_BOUND('',#7457,.T.);
#8089=FACE_BOUND('',#7458,.T.);
#8090=FACE_BOUND('',#7459,.T.);
#8091=FACE_BOUND('',#7460,.T.);
#8092=FACE_BOUND('',#7461,.T.);
#8093=FACE_BOUND('',#7462,.T.);
#8094=FACE_BOUND('',#7463,.T.);
#8095=FACE_BOUND('',#7464,.T.);
#8096=FACE_BOUND('',#7465,.T.);
#8097=FACE_BOUND('',#7466,.T.);
#8098=FACE_BOUND('',#7467,.T.);
#8099=FACE_BOUND('',#7468,.T.);
#8100=FACE_BOUND('',#7469,.T.);
#8101=FACE_BOUND('',#7470,.T.);
#8102=FACE_BOUND('',#7471,.T.);
#8103=FACE_BOUND('',#7472,.T.);
#8104=FACE_BOUND('',#7473,.T.);
#8105=FACE_BOUND('',#7474,.T.);
#8106=FACE_BOUND('',#7475,.T.);
#8107=FACE_BOUND('',#7476,.T.);
#8108=FACE_BOUND('',#7477,.T.);
#8109=FACE_BOUND('',#7478,.T.);
#8110=FACE_BOUND('',#7479,.T.);
#8111=FACE_BOUND('',#7480,.T.);
#8112=FACE_BOUND('',#7481,.T.);
#8113=FACE_BOUND('',#7482,.T.);
#8114=FACE_BOUND('',#7483,.T.);
#8115=FACE_BOUND('',#7484,.T.);
#8116=FACE_BOUND('',#7485,.T.);
#8117=FACE_BOUND('',#7486,.T.);
#8118=FACE_BOUND('',#7487,.T.);
#8119=FACE_BOUND('',#7488,.T.);
#8120=FACE_BOUND('',#7489,.T.);
#8121=FACE_BOUND('',#7490,.T.);
#8122=FACE_BOUND('',#7491,.T.);
#8123=FACE_BOUND('',#7492,.T.);
#8124=FACE_BOUND('',#7493,.T.);
#8125=FACE_BOUND('',#7494,.T.);
#8126=FACE_BOUND('',#7495,.T.);
#8127=FACE_BOUND('',#7496,.T.);
#8128=FACE_BOUND('',#7497,.T.);
#8129=FACE_BOUND('',#7498,.T.);
#8130=FACE_BOUND('',#7499,.T.);
#8131=FACE_BOUND('',#7500,.T.);
#8132=FACE_BOUND('',#7501,.T.);
#8133=FACE_BOUND('',#7502,.T.);
#8134=FACE_BOUND('',#7503,.T.);
#8135=FACE_BOUND('',#7504,.T.);
#8136=FACE_BOUND('',#7505,.T.);
#8137=FACE_BOUND('',#7506,.T.);
#8138=FACE_BOUND('',#7507,.T.);
#8139=FACE_BOUND('',#7508,.T.);
#8140=FACE_BOUND('',#7509,.T.);
#8141=FACE_BOUND('',#7510,.T.);
#8142=FACE_BOUND('',#7511,.T.);
#8143=FACE_BOUND('',#7512,.T.);
#8144=FACE_BOUND('',#7513,.T.);
#8145=FACE_BOUND('',#7514,.T.);
#8146=FACE_BOUND('',#7515,.T.);
#8147=FACE_BOUND('',#7516,.T.);
#8148=FACE_BOUND('',#7517,.T.);
#8149=FACE_BOUND('',#7518,.T.);
#8150=FACE_BOUND('',#7519,.T.);
#8151=FACE_BOUND('',#7520,.T.);
#8152=FACE_BOUND('',#7521,.T.);
#8153=FACE_BOUND('',#7522,.T.);
#8154=FACE_BOUND('',#7523,.T.);
#8155=FACE_BOUND('',#7524,.T.);
#8156=FACE_BOUND('',#7525,.T.);
#8157=FACE_BOUND('',#7526,.T.);
#8158=FACE_BOUND('',#7527,.T.);
#8159=FACE_BOUND('',#7528,.T.);
#8160=FACE_BOUND('',#7529,.T.);
#8161=FACE_BOUND('',#7530,.T.);
#8162=FACE_BOUND('',#7531,.T.);
#8163=FACE_BOUND('',#7532,.T.);
#8164=FACE_BOUND('',#7533,.T.);
#8165=FACE_BOUND('',#7534,.T.);
#8166=FACE_BOUND('',#7535,.T.);
#8167=FACE_BOUND('',#7536,.T.);
#8168=FACE_BOUND('',#7537,.T.);
#8169=FACE_BOUND('',#7538,.T.);
#8170=FACE_BOUND('',#7539,.T.);
#8171=FACE_BOUND('',#7540,.T.);
#8172=FACE_BOUND('',#7541,.T.);
#8173=FACE_BOUND('',#7542,.T.);
#8174=FACE_BOUND('',#7543,.T.);
#8175=FACE_BOUND('',#7544,.T.);
#8176=FACE_BOUND('',#7545,.T.);
#8177=FACE_BOUND('',#7546,.T.);
#8178=FACE_BOUND('',#7547,.T.);
#8179=FACE_BOUND('',#7548,.T.);
#8180=FACE_BOUND('',#7549,.T.);
#8181=FACE_BOUND('',#7550,.T.);
#8182=FACE_BOUND('',#7551,.T.);
#8183=FACE_BOUND('',#7552,.T.);
#8184=FACE_BOUND('',#7553,.T.);
#8185=FACE_BOUND('',#7554,.T.);
#8186=FACE_BOUND('',#7555,.T.);
#8187=FACE_BOUND('',#7556,.T.);
#8188=FACE_BOUND('',#7557,.T.);
#8189=FACE_BOUND('',#7558,.T.);
#8190=FACE_BOUND('',#7559,.T.);
#8191=FACE_BOUND('',#7560,.T.);
#8192=FACE_BOUND('',#7561,.T.);
#8193=FACE_BOUND('',#7562,.T.);
#8194=FACE_BOUND('',#7563,.T.);
#8195=FACE_BOUND('',#7564,.T.);
#8196=FACE_BOUND('',#7565,.T.);
#8197=FACE_BOUND('',#7566,.T.);
#8198=FACE_BOUND('',#7567,.T.);
#8199=FACE_BOUND('',#7568,.T.);
#8200=FACE_BOUND('',#7569,.T.);
#8201=FACE_BOUND('',#7570,.T.);
#8202=FACE_BOUND('',#7571,.T.);
#8203=FACE_BOUND('',#7572,.T.);
#8204=FACE_BOUND('',#7573,.T.);
#8205=FACE_BOUND('',#7574,.T.);
#8206=FACE_BOUND('',#7575,.T.);
#8207=FACE_BOUND('',#7576,.T.);
#8208=FACE_BOUND('',#7577,.T.);
#8209=FACE_BOUND('',#7578,.T.);
#8210=FACE_BOUND('',#7579,.T.);
#8211=FACE_BOUND('',#7580,.T.);
#8212=FACE_BOUND('',#7581,.T.);
#8213=FACE_BOUND('',#7582,.T.);
#8214=FACE_BOUND('',#7583,.T.);
#8215=FACE_BOUND('',#7584,.T.);
#8216=FACE_BOUND('',#7585,.T.);
#8217=FACE_BOUND('',#7586,.T.);
#8218=FACE_BOUND('',#7587,.T.);
#8219=FACE_BOUND('',#7588,.T.);
#8220=FACE_BOUND('',#7589,.T.);
#8221=FACE_BOUND('',#7590,.T.);
#8222=FACE_BOUND('',#7591,.T.);
#8223=FACE_BOUND('',#7592,.T.);
#8224=FACE_BOUND('',#7593,.T.);
#8225=FACE_BOUND('',#7594,.T.);
#8226=FACE_BOUND('',#7595,.T.);
#8227=FACE_BOUND('',#7596,.T.);
#8228=FACE_BOUND('',#7597,.T.);
#8229=FACE_BOUND('',#7598,.T.);
#8230=FACE_BOUND('',#7599,.T.);
#8231=FACE_BOUND('',#7600,.T.);
#8232=FACE_BOUND('',#7601,.T.);
#8233=FACE_BOUND('',#7602,.T.);
#8234=FACE_BOUND('',#7603,.T.);
#8235=FACE_BOUND('',#7604,.T.);
#8236=FACE_BOUND('',#7605,.T.);
#8237=FACE_BOUND('',#7606,.T.);
#8238=FACE_BOUND('',#7607,.T.);
#8239=FACE_BOUND('',#7608,.T.);
#8240=FACE_BOUND('',#7609,.T.);
#8241=FACE_BOUND('',#7610,.T.);
#8242=FACE_BOUND('',#7611,.T.);
#8243=FACE_BOUND('',#7612,.T.);
#8244=FACE_BOUND('',#7613,.T.);
#8245=FACE_BOUND('',#7614,.T.);
#8246=FACE_BOUND('',#7615,.T.);
#8247=FACE_BOUND('',#7616,.T.);
#8248=FACE_BOUND('',#7617,.T.);
#8249=FACE_BOUND('',#7618,.T.);
#8250=FACE_BOUND('',#7619,.T.);
#8251=FACE_BOUND('',#7620,.T.);
#8252=FACE_BOUND('',#7621,.T.);
#8253=FACE_BOUND('',#7622,.T.);
#8254=FACE_BOUND('',#7623,.T.);
#8255=FACE_BOUND('',#7624,.T.);
#8256=FACE_BOUND('',#7625,.T.);
#8257=FACE_BOUND('',#7626,.T.);
#8258=FACE_BOUND('',#7627,.T.);
#8259=FACE_BOUND('',#7628,.T.);
#8260=FACE_BOUND('',#7629,.T.);
#8261=FACE_BOUND('',#7630,.T.);
#8262=FACE_BOUND('',#7631,.T.);
#8263=FACE_BOUND('',#7632,.T.);
#8264=FACE_BOUND('',#7633,.T.);
#8265=FACE_BOUND('',#7634,.T.);
#8266=FACE_BOUND('',#7635,.T.);
#8267=FACE_BOUND('',#7636,.T.);
#8268=FACE_BOUND('',#7637,.T.);
#8269=FACE_BOUND('',#7638,.T.);
#8270=FACE_BOUND('',#7639,.T.);
#8271=FACE_BOUND('',#7640,.T.);
#8272=FACE_BOUND('',#7641,.T.);
#8273=FACE_BOUND('',#7642,.T.);
#8274=FACE_BOUND('',#7643,.T.);
#8275=FACE_BOUND('',#7644,.T.);
#8276=FACE_BOUND('',#7645,.T.);
#8277=FACE_BOUND('',#7646,.T.);
#8278=FACE_BOUND('',#7647,.T.);
#8279=FACE_BOUND('',#7648,.T.);
#8280=FACE_BOUND('',#7649,.T.);
#8281=FACE_BOUND('',#7650,.T.);
#8282=FACE_BOUND('',#7651,.T.);
#8283=FACE_BOUND('',#7652,.T.);
#8284=FACE_BOUND('',#7653,.T.);
#8285=FACE_BOUND('',#7654,.T.);
#8286=FACE_BOUND('',#7655,.T.);
#8287=FACE_BOUND('',#7656,.T.);
#8288=FACE_BOUND('',#7657,.T.);
#8289=FACE_BOUND('',#7658,.T.);
#8290=FACE_BOUND('',#7659,.T.);
#8291=FACE_BOUND('',#7660,.T.);
#8292=FACE_BOUND('',#7661,.T.);
#8293=FACE_BOUND('',#7662,.T.);
#8294=FACE_BOUND('',#7663,.T.);
#8295=FACE_BOUND('',#7664,.T.);
#8296=FACE_BOUND('',#7665,.T.);
#8297=FACE_BOUND('',#7666,.T.);
#8298=FACE_BOUND('',#7667,.T.);
#8299=FACE_BOUND('',#7668,.T.);
#8300=FACE_BOUND('',#7669,.T.);
#8301=FACE_BOUND('',#7670,.T.);
#8302=FACE_BOUND('',#7671,.T.);
#8303=FACE_BOUND('',#7672,.T.);
#8304=FACE_BOUND('',#7673,.T.);
#8305=FACE_BOUND('',#7674,.T.);
#8306=FACE_BOUND('',#7675,.T.);
#8307=FACE_BOUND('',#7676,.T.);
#8308=FACE_BOUND('',#7677,.T.);
#8309=FACE_BOUND('',#7678,.T.);
#8310=FACE_BOUND('',#7679,.T.);
#8311=FACE_BOUND('',#7680,.T.);
#8312=FACE_BOUND('',#7681,.T.);
#8313=FACE_BOUND('',#7682,.T.);
#8314=FACE_BOUND('',#7683,.T.);
#8315=FACE_BOUND('',#7684,.T.);
#8316=FACE_BOUND('',#7685,.T.);
#8317=FACE_BOUND('',#7686,.T.);
#8318=FACE_BOUND('',#7687,.T.);
#8319=FACE_BOUND('',#7688,.T.);
#8320=FACE_BOUND('',#7689,.T.);
#8321=FACE_BOUND('',#7690,.T.);
#8322=FACE_BOUND('',#7691,.T.);
#8323=FACE_BOUND('',#7692,.T.);
#8324=FACE_BOUND('',#7693,.T.);
#8325=FACE_BOUND('',#7694,.T.);
#8326=FACE_BOUND('',#7695,.T.);
#8327=FACE_BOUND('',#7696,.T.);
#8328=FACE_BOUND('',#7697,.T.);
#8329=FACE_BOUND('',#7698,.T.);
#8330=FACE_BOUND('',#7699,.T.);
#8331=FACE_BOUND('',#7700,.T.);
#8332=FACE_BOUND('',#7701,.T.);
#8333=FACE_BOUND('',#7702,.T.);
#8334=FACE_BOUND('',#7703,.T.);
#8335=FACE_BOUND('',#7704,.T.);
#8336=FACE_BOUND('',#7705,.T.);
#8337=FACE_BOUND('',#7706,.T.);
#8338=FACE_BOUND('',#7707,.T.);
#8339=FACE_BOUND('',#7708,.T.);
#8340=FACE_BOUND('',#7709,.T.);
#8341=FACE_BOUND('',#7710,.T.);
#8342=FACE_BOUND('',#7711,.T.);
#8343=FACE_BOUND('',#7712,.T.);
#8344=FACE_BOUND('',#7713,.T.);
#8345=FACE_BOUND('',#7714,.T.);
#8346=FACE_BOUND('',#7715,.T.);
#8347=FACE_BOUND('',#7716,.T.);
#8348=FACE_BOUND('',#7717,.T.);
#8349=FACE_BOUND('',#7718,.T.);
#8350=FACE_BOUND('',#7719,.T.);
#8351=FACE_BOUND('',#7720,.T.);
#8352=FACE_BOUND('',#7721,.T.);
#8353=FACE_BOUND('',#7722,.T.);
#8354=FACE_BOUND('',#7723,.T.);
#8355=FACE_BOUND('',#7724,.T.);
#8356=FACE_BOUND('',#7725,.T.);
#8357=FACE_BOUND('',#7726,.T.);
#8358=FACE_BOUND('',#7727,.T.);
#8359=FACE_BOUND('',#7728,.T.);
#8360=FACE_BOUND('',#7729,.T.);
#8361=FACE_BOUND('',#7730,.T.);
#8362=FACE_BOUND('',#7731,.T.);
#8363=FACE_BOUND('',#7732,.T.);
#8364=FACE_BOUND('',#7733,.T.);
#8365=FACE_BOUND('',#7734,.T.);
#8366=FACE_BOUND('',#7735,.T.);
#8367=FACE_BOUND('',#7736,.T.);
#8368=FACE_BOUND('',#7737,.T.);
#8369=FACE_BOUND('',#7738,.T.);
#8370=FACE_BOUND('',#7739,.T.);
#8371=FACE_BOUND('',#7740,.T.);
#8372=FACE_BOUND('',#7741,.T.);
#8373=FACE_BOUND('',#7742,.T.);
#8374=FACE_BOUND('',#7743,.T.);
#8375=FACE_BOUND('',#7744,.T.);
#8376=FACE_BOUND('',#7745,.T.);
#8377=FACE_BOUND('',#7746,.T.);
#8378=FACE_BOUND('',#7747,.T.);
#8379=FACE_BOUND('',#7748,.T.);
#8380=FACE_BOUND('',#7749,.T.);
#8381=FACE_BOUND('',#7750,.T.);
#8382=FACE_BOUND('',#7751,.T.);
#8383=FACE_BOUND('',#7752,.T.);
#8384=FACE_BOUND('',#7753,.T.);
#8385=FACE_BOUND('',#7754,.T.);
#8386=FACE_BOUND('',#7755,.T.);
#8387=FACE_BOUND('',#7756,.T.);
#8388=FACE_BOUND('',#7757,.T.);
#8389=FACE_BOUND('',#7758,.T.);
#8390=FACE_BOUND('',#7759,.T.);
#8391=FACE_BOUND('',#7760,.T.);
#8392=FACE_BOUND('',#7761,.T.);
#8393=FACE_BOUND('',#7762,.T.);
#8394=FACE_BOUND('',#7763,.T.);
#8395=FACE_BOUND('',#7764,.T.);
#8396=FACE_BOUND('',#7765,.T.);
#8397=FACE_BOUND('',#7766,.T.);
#8398=FACE_BOUND('',#7767,.T.);
#8399=FACE_BOUND('',#7768,.T.);
#8400=FACE_BOUND('',#7769,.T.);
#8401=FACE_BOUND('',#7770,.T.);
#8402=FACE_BOUND('',#7771,.T.);
#8403=FACE_BOUND('',#7772,.T.);
#8404=FACE_BOUND('',#7773,.T.);
#8405=FACE_BOUND('',#7774,.T.);
#8406=FACE_BOUND('',#7775,.T.);
#8407=FACE_BOUND('',#7776,.T.);
#8408=FACE_BOUND('',#7777,.T.);
#8409=FACE_BOUND('',#7778,.T.);
#8410=FACE_BOUND('',#7779,.T.);
#8411=FACE_BOUND('',#7780,.T.);
#8412=FACE_BOUND('',#7781,.T.);
#8413=FACE_BOUND('',#7782,.T.);
#8414=FACE_BOUND('',#7783,.T.);
#8415=FACE_BOUND('',#7784,.T.);
#8416=FACE_BOUND('',#7785,.T.);
#8417=FACE_BOUND('',#7786,.T.);
#8418=FACE_BOUND('',#7787,.T.);
#8419=FACE_BOUND('',#7788,.T.);
#8420=FACE_BOUND('',#7789,.T.);
#8421=FACE_BOUND('',#7790,.T.);
#8422=FACE_BOUND('',#7791,.T.);
#8423=FACE_BOUND('',#7792,.T.);
#8424=FACE_BOUND('',#7793,.T.);
#8425=FACE_BOUND('',#7794,.T.);
#8426=FACE_BOUND('',#7795,.T.);
#8427=FACE_BOUND('',#7796,.T.);
#8428=FACE_BOUND('',#7797,.T.);
#8429=FACE_BOUND('',#7798,.T.);
#8430=FACE_BOUND('',#7799,.T.);
#8431=FACE_BOUND('',#7800,.T.);
#8432=FACE_BOUND('',#7801,.T.);
#8433=FACE_BOUND('',#7802,.T.);
#8434=FACE_BOUND('',#7803,.T.);
#8435=FACE_BOUND('',#7804,.T.);
#8436=FACE_BOUND('',#7805,.T.);
#8437=FACE_BOUND('',#7806,.T.);
#8438=FACE_BOUND('',#7807,.T.);
#8439=FACE_BOUND('',#7808,.T.);
#8440=FACE_BOUND('',#7809,.T.);
#8441=FACE_BOUND('',#7810,.T.);
#8442=FACE_BOUND('',#7811,.T.);
#8443=FACE_BOUND('',#7812,.T.);
#8444=FACE_BOUND('',#7813,.T.);
#8445=FACE_BOUND('',#7814,.T.);
#8446=FACE_BOUND('',#7815,.T.);
#8447=FACE_BOUND('',#7816,.T.);
#8448=FACE_BOUND('',#7817,.T.);
#8449=FACE_BOUND('',#7818,.T.);
#8450=FACE_BOUND('',#7819,.T.);
#8451=FACE_BOUND('',#7820,.T.);
#8452=FACE_BOUND('',#7821,.T.);
#8453=FACE_BOUND('',#7822,.T.);
#8454=FACE_BOUND('',#7823,.T.);
#8455=FACE_BOUND('',#7824,.T.);
#8456=FACE_BOUND('',#7825,.T.);
#8457=FACE_BOUND('',#7826,.T.);
#8458=FACE_BOUND('',#7827,.T.);
#8459=FACE_BOUND('',#7828,.T.);
#8460=FACE_BOUND('',#7829,.T.);
#8461=FACE_BOUND('',#7830,.T.);
#8462=FACE_BOUND('',#7831,.T.);
#8463=FACE_BOUND('',#7832,.T.);
#8464=FACE_BOUND('',#7833,.T.);
#8465=FACE_BOUND('',#7834,.T.);
#8466=FACE_BOUND('',#7835,.T.);
#8467=FACE_BOUND('',#7836,.T.);
#8468=FACE_BOUND('',#7837,.T.);
#8469=FACE_BOUND('',#7838,.T.);
#8470=FACE_BOUND('',#7839,.T.);
#8471=FACE_BOUND('',#7840,.T.);
#8472=FACE_BOUND('',#7841,.T.);
#8473=FACE_BOUND('',#7842,.T.);
#8474=FACE_BOUND('',#7843,.T.);
#8475=FACE_BOUND('',#7844,.T.);
#8476=FACE_BOUND('',#7845,.T.);
#8477=FACE_BOUND('',#7846,.T.);
#8478=FACE_BOUND('',#7847,.T.);
#8479=FACE_BOUND('',#7848,.T.);
#8480=FACE_BOUND('',#7849,.T.);
#8481=FACE_BOUND('',#7850,.T.);
#8482=FACE_BOUND('',#7851,.T.);
#8483=FACE_BOUND('',#7852,.T.);
#8484=PLANE('',#9745);
#8485=PLANE('',#9758);
#8486=PLANE('',#9759);
#8487=PLANE('',#9760);
#8488=PLANE('',#9761);
#8489=PLANE('',#9762);
#8490=PLANE('',#9765);
#8491=PLANE('',#9770);
#8492=PLANE('',#9773);
#8493=PLANE('',#9793);
#8494=PLANE('',#9794);
#8495=PLANE('',#9800);
#8496=PLANE('',#9801);
#8497=PLANE('',#9802);
#8498=PLANE('',#9807);
#8499=PLANE('',#9813);
#8500=PLANE('',#9814);
#8501=PLANE('',#9819);
#8502=PLANE('',#9824);
#8503=PLANE('',#9825);
#8504=PLANE('',#9826);
#8505=PLANE('',#9827);
#8506=PLANE('',#9828);
#8507=PLANE('',#9829);
#8508=PLANE('',#9830);
#8509=PLANE('',#9831);
#8510=PLANE('',#9832);
#8511=PLANE('',#9833);
#8512=PLANE('',#9838);
#8513=PLANE('',#9839);
#8514=PLANE('',#9840);
#8515=PLANE('',#9841);
#8516=PLANE('',#9842);
#8517=PLANE('',#9848);
#8518=PLANE('',#9854);
#8519=PLANE('',#9867);
#8520=PLANE('',#9870);
#8521=PLANE('',#9871);
#8522=PLANE('',#9874);
#8523=PLANE('',#9877);
#8524=PLANE('',#9880);
#8525=PLANE('',#9883);
#8526=PLANE('',#9886);
#8527=PLANE('',#9889);
#8528=PLANE('',#9892);
#8529=PLANE('',#9895);
#8530=PLANE('',#9898);
#8531=PLANE('',#9899);
#8532=PLANE('',#9900);
#8533=PLANE('',#9901);
#8534=PLANE('',#9907);
#8535=PLANE('',#9908);
#8536=PLANE('',#9914);
#8537=PLANE('',#9920);
#8538=PLANE('',#9921);
#8539=PLANE('',#9922);
#8540=PLANE('',#9927);
#8541=PLANE('',#9928);
#8542=PLANE('',#9932);
#8543=PLANE('',#9942);
#8544=PLANE('',#9943);
#8545=PLANE('',#9947);
#8546=PLANE('',#9948);
#8547=PLANE('',#9952);
#8548=PLANE('',#9955);
#8549=PLANE('',#9961);
#8550=PLANE('',#9963);
#8551=PLANE('',#9964);
#8552=PLANE('',#9968);
#8553=PLANE('',#9971);
#8554=PLANE('',#9974);
#8555=PLANE('',#9977);
#8556=PLANE('',#9978);
#8557=PLANE('',#9981);
#8558=PLANE('',#9988);
#8559=PLANE('',#9989);
#8560=PLANE('',#9992);
#8561=PLANE('',#9995);
#8562=PLANE('',#9998);
#8563=PLANE('',#10001);
#8564=PLANE('',#10004);
#8565=PLANE('',#10007);
#8566=PLANE('',#10010);
#8567=PLANE('',#10011);
#8568=PLANE('',#10014);
#8569=PLANE('',#10015);
#8570=PLANE('',#10016);
#8571=PLANE('',#10017);
#8572=PLANE('',#10018);
#8573=PLANE('',#10019);
#8574=PLANE('',#10028);
#8575=PLANE('',#10029);
#8576=PLANE('',#10101);
#8577=PLANE('',#10104);
#8578=PLANE('',#10105);
#8579=PLANE('',#10108);
#8580=PLANE('',#10110);
#8581=PLANE('',#10112);
#8582=PLANE('',#10114);
#8583=PLANE('',#10116);
#8584=PLANE('',#10117);
#8585=PLANE('',#10119);
#8586=PLANE('',#10120);
#8587=PLANE('',#10122);
#8588=PLANE('',#10124);
#8589=PLANE('',#10125);
#8590=PLANE('',#10127);
#8591=PLANE('',#10129);
#8592=PLANE('',#10130);
#8593=PLANE('',#10132);
#8594=PLANE('',#10134);
#8595=PLANE('',#10135);
#8596=PLANE('',#10137);
#8597=PLANE('',#10138);
#8598=PLANE('',#10140);
#8599=PLANE('',#10141);
#8600=PLANE('',#10142);
#8601=PLANE('',#10145);
#8602=PLANE('',#10146);
#8603=PLANE('',#10147);
#8604=PLANE('',#10150);
#8605=PLANE('',#10151);
#8606=PLANE('',#10152);
#8607=PLANE('',#10155);
#8608=PLANE('',#10156);
#8609=PLANE('',#10159);
#8610=PLANE('',#10160);
#8611=PLANE('',#10161);
#8612=PLANE('',#10163);
#8613=PLANE('',#10164);
#8614=PLANE('',#10165);
#8615=PLANE('',#10167);
#8616=PLANE('',#10168);
#8617=PLANE('',#10169);
#8618=PLANE('',#10170);
#8619=PLANE('',#10171);
#8620=PLANE('',#10173);
#8621=PLANE('',#10174);
#8622=PLANE('',#10176);
#8623=PLANE('',#10177);
#8624=PLANE('',#10178);
#8625=PLANE('',#10180);
#8626=PLANE('',#10181);
#8627=PLANE('',#10182);
#8628=PLANE('',#10183);
#8629=PLANE('',#10184);
#8630=PLANE('',#10185);
#8631=PLANE('',#10189);
#8632=PLANE('',#10193);
#8633=PLANE('',#10194);
#8634=PLANE('',#10198);
#8635=PLANE('',#10202);
#8636=PLANE('',#10203);
#8637=PLANE('',#10205);
#8638=PLANE('',#10206);
#8639=PLANE('',#10209);
#8640=PLANE('',#10210);
#8641=PLANE('',#10212);
#8642=PLANE('',#10213);
#8643=PLANE('',#10214);
#8644=PLANE('',#10215);
#8645=PLANE('',#10216);
#8646=PLANE('',#10218);
#8647=PLANE('',#10219);
#8648=PLANE('',#10220);
#8649=PLANE('',#10221);
#8650=PLANE('',#10222);
#8651=PLANE('',#10223);
#8652=PLANE('',#10225);
#8653=PLANE('',#10226);
#8654=PLANE('',#10227);
#8655=PLANE('',#10228);
#8656=PLANE('',#10229);
#8657=PLANE('',#10230);
#8658=PLANE('',#10232);
#8659=PLANE('',#10233);
#8660=PLANE('',#10234);
#8661=PLANE('',#10235);
#8662=PLANE('',#10236);
#8663=PLANE('',#10237);
#8664=PLANE('',#10239);
#8665=PLANE('',#10240);
#8666=PLANE('',#10241);
#8667=PLANE('',#10242);
#8668=PLANE('',#10243);
#8669=PLANE('',#10244);
#8670=PLANE('',#10246);
#8671=PLANE('',#10247);
#8672=PLANE('',#10248);
#8673=PLANE('',#10249);
#8674=PLANE('',#10250);
#8675=PLANE('',#10251);
#8676=PLANE('',#10253);
#8677=PLANE('',#10254);
#8678=PLANE('',#10255);
#8679=PLANE('',#10256);
#8680=PLANE('',#10257);
#8681=PLANE('',#10258);
#8682=PLANE('',#10260);
#8683=PLANE('',#10261);
#8684=PLANE('',#10262);
#8685=PLANE('',#10263);
#8686=PLANE('',#10264);
#8687=PLANE('',#10265);
#8688=PLANE('',#10267);
#8689=PLANE('',#10268);
#8690=PLANE('',#10269);
#8691=PLANE('',#10270);
#8692=PLANE('',#10271);
#8693=PLANE('',#10272);
#8694=PLANE('',#10274);
#8695=PLANE('',#10275);
#8696=PLANE('',#10276);
#8697=PLANE('',#10277);
#8698=PLANE('',#10278);
#8699=PLANE('',#10279);
#8700=PLANE('',#10281);
#8701=PLANE('',#10282);
#8702=PLANE('',#10283);
#8703=PLANE('',#10284);
#8704=PLANE('',#10285);
#8705=PLANE('',#10286);
#8706=PLANE('',#10288);
#8707=PLANE('',#10289);
#8708=PLANE('',#10290);
#8709=PLANE('',#10291);
#8710=PLANE('',#10292);
#8711=PLANE('',#10293);
#8712=PLANE('',#10295);
#8713=PLANE('',#10296);
#8714=PLANE('',#10297);
#8715=PLANE('',#10298);
#8716=PLANE('',#10299);
#8717=PLANE('',#10300);
#8718=PLANE('',#10302);
#8719=PLANE('',#10303);
#8720=PLANE('',#10304);
#8721=PLANE('',#10305);
#8722=PLANE('',#10306);
#8723=PLANE('',#10307);
#8724=PLANE('',#10309);
#8725=PLANE('',#10310);
#8726=PLANE('',#10311);
#8727=PLANE('',#10312);
#8728=PLANE('',#10313);
#8729=PLANE('',#10314);
#8730=PLANE('',#10316);
#8731=PLANE('',#10317);
#8732=PLANE('',#10318);
#8733=PLANE('',#10319);
#8734=PLANE('',#10320);
#8735=PLANE('',#10321);
#8736=PLANE('',#10323);
#8737=PLANE('',#10324);
#8738=PLANE('',#10325);
#8739=PLANE('',#10326);
#8740=PLANE('',#10327);
#8741=PLANE('',#10328);
#8742=PLANE('',#10330);
#8743=PLANE('',#10331);
#8744=PLANE('',#10332);
#8745=PLANE('',#10333);
#8746=PLANE('',#10334);
#8747=PLANE('',#10335);
#8748=PLANE('',#10337);
#8749=PLANE('',#10338);
#8750=PLANE('',#10339);
#8751=PLANE('',#10340);
#8752=PLANE('',#10341);
#8753=PLANE('',#10342);
#8754=PLANE('',#10344);
#8755=PLANE('',#10345);
#8756=PLANE('',#10346);
#8757=PLANE('',#10347);
#8758=PLANE('',#10348);
#8759=PLANE('',#10349);
#8760=PLANE('',#10351);
#8761=PLANE('',#10352);
#8762=PLANE('',#10353);
#8763=PLANE('',#10354);
#8764=PLANE('',#10355);
#8765=PLANE('',#10356);
#8766=PLANE('',#10358);
#8767=PLANE('',#10359);
#8768=PLANE('',#10360);
#8769=PLANE('',#10361);
#8770=PLANE('',#10362);
#8771=PLANE('',#10363);
#8772=PLANE('',#10365);
#8773=PLANE('',#10366);
#8774=PLANE('',#10367);
#8775=PLANE('',#10368);
#8776=PLANE('',#10369);
#8777=PLANE('',#10370);
#8778=PLANE('',#10372);
#8779=PLANE('',#10373);
#8780=PLANE('',#10374);
#8781=PLANE('',#10375);
#8782=PLANE('',#10376);
#8783=PLANE('',#10377);
#8784=PLANE('',#10379);
#8785=PLANE('',#10380);
#8786=PLANE('',#10381);
#8787=PLANE('',#10382);
#8788=PLANE('',#10383);
#8789=PLANE('',#10384);
#8790=PLANE('',#10386);
#8791=PLANE('',#10387);
#8792=PLANE('',#10388);
#8793=PLANE('',#10389);
#8794=PLANE('',#10390);
#8795=PLANE('',#10391);
#8796=PLANE('',#10393);
#8797=PLANE('',#10394);
#8798=PLANE('',#10395);
#8799=PLANE('',#10396);
#8800=PLANE('',#10397);
#8801=PLANE('',#10398);
#8802=PLANE('',#10399);
#8803=PLANE('',#10400);
#8804=PLANE('',#10401);
#8805=PLANE('',#10402);
#8806=PLANE('',#10403);
#8807=PLANE('',#10404);
#8808=PLANE('',#10405);
#8809=PLANE('',#10406);
#8810=PLANE('',#10407);
#8811=PLANE('',#10408);
#8812=PLANE('',#10409);
#8813=PLANE('',#10410);
#8814=PLANE('',#10411);
#8815=PLANE('',#10412);
#8816=PLANE('',#10413);
#8817=PLANE('',#10414);
#8818=PLANE('',#10415);
#8819=PLANE('',#10416);
#8820=PLANE('',#10417);
#8821=PLANE('',#10418);
#8822=PLANE('',#10419);
#8823=PLANE('',#10420);
#8824=PLANE('',#10421);
#8825=PLANE('',#10422);
#8826=PLANE('',#10423);
#8827=PLANE('',#10424);
#8828=PLANE('',#10425);
#8829=PLANE('',#10426);
#8830=PLANE('',#10427);
#8831=PLANE('',#10428);
#8832=PLANE('',#10429);
#8833=PLANE('',#10430);
#8834=PLANE('',#10431);
#8835=PLANE('',#10432);
#8836=PLANE('',#10433);
#8837=PLANE('',#10434);
#8838=PLANE('',#10435);
#8839=PLANE('',#10436);
#8840=PLANE('',#10437);
#8841=PLANE('',#10438);
#8842=PLANE('',#10439);
#8843=PLANE('',#10440);
#8844=PLANE('',#10441);
#8845=PLANE('',#10442);
#8846=PLANE('',#10443);
#8847=PLANE('',#10444);
#8848=PLANE('',#10445);
#8849=PLANE('',#10446);
#8850=PLANE('',#10447);
#8851=PLANE('',#10448);
#8852=PLANE('',#10449);
#8853=PLANE('',#10450);
#8854=PLANE('',#10451);
#8855=PLANE('',#10452);
#8856=PLANE('',#10453);
#8857=PLANE('',#10454);
#8858=PLANE('',#10455);
#8859=PLANE('',#10456);
#8860=PLANE('',#10457);
#8861=PLANE('',#10458);
#8862=PLANE('',#10459);
#8863=PLANE('',#10460);
#8864=PLANE('',#10461);
#8865=PLANE('',#10462);
#8866=PLANE('',#10463);
#8867=PLANE('',#10464);
#8868=PLANE('',#10465);
#8869=PLANE('',#10466);
#8870=PLANE('',#10467);
#8871=PLANE('',#10468);
#8872=PLANE('',#10469);
#8873=PLANE('',#10470);
#8874=PLANE('',#10471);
#8875=PLANE('',#10472);
#8876=PLANE('',#10473);
#8877=PLANE('',#10474);
#8878=PLANE('',#10475);
#8879=PLANE('',#10476);
#8880=PLANE('',#10477);
#8881=PLANE('',#10478);
#8882=PLANE('',#10479);
#8883=PLANE('',#10480);
#8884=PLANE('',#10481);
#8885=PLANE('',#10482);
#8886=PLANE('',#10483);
#8887=PLANE('',#10484);
#8888=PLANE('',#10485);
#8889=PLANE('',#10486);
#8890=PLANE('',#10487);
#8891=PLANE('',#10488);
#8892=PLANE('',#10489);
#8893=PLANE('',#10490);
#8894=PLANE('',#10491);
#8895=PLANE('',#10492);
#8896=PLANE('',#10493);
#8897=PLANE('',#10494);
#8898=PLANE('',#10495);
#8899=PLANE('',#10496);
#8900=PLANE('',#10497);
#8901=PLANE('',#10498);
#8902=ADVANCED_FACE('',(#7853,#7854,#7855,#7856),#8484,.T.);
#8903=ADVANCED_FACE('',(#7857),#8485,.F.);
#8904=ADVANCED_FACE('',(#7858),#8486,.T.);
#8905=ADVANCED_FACE('',(#7859),#8487,.F.);
#8906=ADVANCED_FACE('',(#7860),#8488,.T.);
#8907=ADVANCED_FACE('',(#7861,#7862),#8489,.F.);
#8908=ADVANCED_FACE('',(#7863,#7864),#8490,.T.);
#8909=ADVANCED_FACE('',(#7865),#8491,.F.);
#8910=ADVANCED_FACE('',(#7866,#7867,#7868,#7869,#7870,#7871,#7872,#7873,
#7874,#7875),#8492,.T.);
#8911=ADVANCED_FACE('',(#7876),#8493,.T.);
#8912=ADVANCED_FACE('',(#7877,#7878),#8494,.F.);
#8913=ADVANCED_FACE('',(#7879),#8495,.F.);
#8914=ADVANCED_FACE('',(#7880),#8496,.T.);
#8915=ADVANCED_FACE('',(#7881,#7882),#8497,.F.);
#8916=ADVANCED_FACE('',(#7883,#7884),#8498,.F.);
#8917=ADVANCED_FACE('',(#7885),#8499,.F.);
#8918=ADVANCED_FACE('',(#7886,#7887),#8500,.F.);
#8919=ADVANCED_FACE('',(#7888,#7889),#8501,.F.);
#8920=ADVANCED_FACE('',(#7890),#8502,.T.);
#8921=ADVANCED_FACE('',(#7891),#8503,.T.);
#8922=ADVANCED_FACE('',(#7892),#8504,.F.);
#8923=ADVANCED_FACE('',(#7893),#8505,.T.);
#8924=ADVANCED_FACE('',(#7894),#8506,.F.);
#8925=ADVANCED_FACE('',(#7895),#8507,.F.);
#8926=ADVANCED_FACE('',(#7896),#8508,.T.);
#8927=ADVANCED_FACE('',(#7897),#8509,.T.);
#8928=ADVANCED_FACE('',(#7898),#8510,.T.);
#8929=ADVANCED_FACE('',(#7899,#7900),#8511,.F.);
#8930=ADVANCED_FACE('',(#7901),#8512,.F.);
#8931=ADVANCED_FACE('',(#7902),#8513,.T.);
#8932=ADVANCED_FACE('',(#7903),#8514,.T.);
#8933=ADVANCED_FACE('',(#7904),#8515,.F.);
#8934=ADVANCED_FACE('',(#7905,#7906),#8516,.F.);
#8935=ADVANCED_FACE('',(#7907,#7908),#8517,.F.);
#8936=ADVANCED_FACE('',(#7909,#7910),#8518,.F.);
#8937=ADVANCED_FACE('',(#7911),#115,.T.);
#8938=ADVANCED_FACE('',(#7912),#116,.T.);
#8939=ADVANCED_FACE('',(#7913),#117,.T.);
#8940=ADVANCED_FACE('',(#7914),#118,.T.);
#8941=ADVANCED_FACE('',(#7915),#8519,.F.);
#8942=ADVANCED_FACE('',(#7916),#77,.T.);
#8943=ADVANCED_FACE('',(#7917),#78,.T.);
#8944=ADVANCED_FACE('',(#7918),#8520,.T.);
#8945=ADVANCED_FACE('',(#7919),#8521,.F.);
#8946=ADVANCED_FACE('',(#7920),#79,.T.);
#8947=ADVANCED_FACE('',(#7921),#80,.T.);
#8948=ADVANCED_FACE('',(#7922),#8522,.T.);
#8949=ADVANCED_FACE('',(#7923,#7924),#119,.F.);
#8950=ADVANCED_FACE('',(#7925),#8523,.T.);
#8951=ADVANCED_FACE('',(#7926,#7927),#120,.F.);
#8952=ADVANCED_FACE('',(#7928),#8524,.T.);
#8953=ADVANCED_FACE('',(#7929,#7930),#121,.F.);
#8954=ADVANCED_FACE('',(#7931),#8525,.T.);
#8955=ADVANCED_FACE('',(#7932,#7933),#122,.F.);
#8956=ADVANCED_FACE('',(#7934),#8526,.T.);
#8957=ADVANCED_FACE('',(#7935,#7936),#123,.F.);
#8958=ADVANCED_FACE('',(#7937),#8527,.T.);
#8959=ADVANCED_FACE('',(#7938,#7939),#124,.F.);
#8960=ADVANCED_FACE('',(#7940),#8528,.T.);
#8961=ADVANCED_FACE('',(#7941,#7942),#125,.F.);
#8962=ADVANCED_FACE('',(#7943),#8529,.T.);
#8963=ADVANCED_FACE('',(#7944,#7945),#126,.F.);
#8964=ADVANCED_FACE('',(#7946),#8530,.T.);
#8965=ADVANCED_FACE('',(#7947),#8531,.T.);
#8966=ADVANCED_FACE('',(#7948),#67,.F.);
#8967=ADVANCED_FACE('',(#7949),#68,.F.);
#8968=ADVANCED_FACE('',(#7950),#8532,.F.);
#8969=ADVANCED_FACE('',(#7951),#69,.F.);
#8970=ADVANCED_FACE('',(#7952),#70,.F.);
#8971=ADVANCED_FACE('',(#7953),#8533,.F.);
#8972=ADVANCED_FACE('',(#7954),#127,.T.);
#8973=ADVANCED_FACE('',(#7955),#8534,.F.);
#8974=ADVANCED_FACE('',(#7956),#8535,.F.);
#8975=ADVANCED_FACE('',(#7957),#128,.T.);
#8976=ADVANCED_FACE('',(#7958),#8536,.T.);
#8977=ADVANCED_FACE('',(#7959),#129,.T.);
#8978=ADVANCED_FACE('',(#7960),#8537,.F.);
#8979=ADVANCED_FACE('',(#7961),#8538,.F.);
#8980=ADVANCED_FACE('',(#7962),#8539,.T.);
#8981=ADVANCED_FACE('',(#7963),#8540,.F.);
#8982=ADVANCED_FACE('',(#7964),#8541,.F.);
#8983=ADVANCED_FACE('',(#7965),#130,.T.);
#8984=ADVANCED_FACE('',(#7966),#8542,.T.);
#8985=ADVANCED_FACE('',(#7967),#131,.T.);
#8986=ADVANCED_FACE('',(#7968),#8543,.F.);
#8987=ADVANCED_FACE('',(#7969),#8544,.T.);
#8988=ADVANCED_FACE('',(#7970),#8545,.T.);
#8989=ADVANCED_FACE('',(#7971),#8546,.F.);
#8990=ADVANCED_FACE('',(#7972),#132,.T.);
#8991=ADVANCED_FACE('',(#7973),#8547,.T.);
#8992=ADVANCED_FACE('',(#7974),#8548,.T.);
#8993=ADVANCED_FACE('',(#7975),#133,.T.);
#8994=ADVANCED_FACE('',(#7976),#8549,.T.);
#8995=ADVANCED_FACE('',(#7977),#8550,.T.);
#8996=ADVANCED_FACE('',(#7978),#8551,.T.);
#8997=ADVANCED_FACE('',(#7979),#134,.T.);
#8998=ADVANCED_FACE('',(#7980),#8552,.T.);
#8999=ADVANCED_FACE('',(#7981),#8553,.F.);
#9000=ADVANCED_FACE('',(#7982),#135,.F.);
#9001=ADVANCED_FACE('',(#7983),#8554,.F.);
#9002=ADVANCED_FACE('',(#7984),#136,.F.);
#9003=ADVANCED_FACE('',(#7985),#8555,.F.);
#9004=ADVANCED_FACE('',(#7986),#8556,.T.);
#9005=ADVANCED_FACE('',(#7987),#137,.F.);
#9006=ADVANCED_FACE('',(#7988),#8557,.F.);
#9007=ADVANCED_FACE('',(#7989),#138,.F.);
#9008=ADVANCED_FACE('',(#7990),#139,.F.);
#9009=ADVANCED_FACE('',(#7991),#140,.F.);
#9010=ADVANCED_FACE('',(#7992),#8558,.T.);
#9011=ADVANCED_FACE('',(#7993,#7994),#8559,.F.);
#9012=ADVANCED_FACE('',(#7995,#7996),#141,.F.);
#9013=ADVANCED_FACE('',(#7997),#8560,.T.);
#9014=ADVANCED_FACE('',(#7998,#7999),#142,.F.);
#9015=ADVANCED_FACE('',(#8000),#8561,.T.);
#9016=ADVANCED_FACE('',(#8001,#8002),#143,.F.);
#9017=ADVANCED_FACE('',(#8003),#8562,.T.);
#9018=ADVANCED_FACE('',(#8004,#8005),#144,.F.);
#9019=ADVANCED_FACE('',(#8006),#8563,.T.);
#9020=ADVANCED_FACE('',(#8007,#8008),#145,.F.);
#9021=ADVANCED_FACE('',(#8009),#8564,.T.);
#9022=ADVANCED_FACE('',(#8010,#8011),#146,.F.);
#9023=ADVANCED_FACE('',(#8012),#8565,.T.);
#9024=ADVANCED_FACE('',(#8013,#8014),#147,.F.);
#9025=ADVANCED_FACE('',(#8015),#8566,.T.);
#9026=ADVANCED_FACE('',(#8016),#8567,.T.);
#9027=ADVANCED_FACE('',(#8017),#8568,.F.);
#9028=ADVANCED_FACE('',(#8018),#8569,.F.);
#9029=ADVANCED_FACE('',(#8019),#8570,.T.);
#9030=ADVANCED_FACE('',(#8020),#8571,.T.);
#9031=ADVANCED_FACE('',(#8021),#8572,.F.);
#9032=ADVANCED_FACE('',(#8022),#8573,.F.);
#9033=ADVANCED_FACE('',(#8023),#8574,.T.);
#9034=ADVANCED_FACE('',(#8024),#8575,.F.);
#9035=ADVANCED_FACE('',(#8025),#148,.F.);
#9036=ADVANCED_FACE('',(#8026),#65,.F.);
#9037=ADVANCED_FACE('',(#8027),#149,.F.);
#9038=ADVANCED_FACE('',(#8028),#66,.F.);
#9039=ADVANCED_FACE('',(#8029),#150,.F.);
#9040=ADVANCED_FACE('',(#8030),#151,.F.);
#9041=ADVANCED_FACE('',(#8031),#152,.F.);
#9042=ADVANCED_FACE('',(#8032),#153,.F.);
#9043=ADVANCED_FACE('',(#8033),#154,.F.);
#9044=ADVANCED_FACE('',(#8034),#155,.F.);
#9045=ADVANCED_FACE('',(#8035),#156,.F.);
#9046=ADVANCED_FACE('',(#8036),#157,.F.);
#9047=ADVANCED_FACE('',(#8037),#158,.F.);
#9048=ADVANCED_FACE('',(#8038),#159,.F.);
#9049=ADVANCED_FACE('',(#8039),#160,.F.);
#9050=ADVANCED_FACE('',(#8040),#161,.F.);
#9051=ADVANCED_FACE('',(#8041),#162,.F.);
#9052=ADVANCED_FACE('',(#8042),#163,.F.);
#9053=ADVANCED_FACE('',(#8043),#164,.F.);
#9054=ADVANCED_FACE('',(#8044),#165,.F.);
#9055=ADVANCED_FACE('',(#8045),#166,.F.);
#9056=ADVANCED_FACE('',(#8046),#167,.F.);
#9057=ADVANCED_FACE('',(#8047),#168,.F.);
#9058=ADVANCED_FACE('',(#8048),#169,.F.);
#9059=ADVANCED_FACE('',(#8049),#170,.F.);
#9060=ADVANCED_FACE('',(#8050),#171,.F.);
#9061=ADVANCED_FACE('',(#8051),#172,.F.);
#9062=ADVANCED_FACE('',(#8052),#173,.F.);
#9063=ADVANCED_FACE('',(#8053),#174,.F.);
#9064=ADVANCED_FACE('',(#8054),#175,.F.);
#9065=ADVANCED_FACE('',(#8055),#176,.F.);
#9066=ADVANCED_FACE('',(#8056),#177,.F.);
#9067=ADVANCED_FACE('',(#8057),#178,.F.);
#9068=ADVANCED_FACE('',(#8058),#179,.F.);
#9069=ADVANCED_FACE('',(#8059),#180,.F.);
#9070=ADVANCED_FACE('',(#8060),#181,.F.);
#9071=ADVANCED_FACE('',(#8061),#182,.F.);
#9072=ADVANCED_FACE('',(#8062),#183,.F.);
#9073=ADVANCED_FACE('',(#8063),#184,.F.);
#9074=ADVANCED_FACE('',(#8064),#8576,.F.);
#9075=ADVANCED_FACE('',(#8065),#81,.F.);
#9076=ADVANCED_FACE('',(#8066),#82,.F.);
#9077=ADVANCED_FACE('',(#8067),#8577,.F.);
#9078=ADVANCED_FACE('',(#8068),#8578,.T.);
#9079=ADVANCED_FACE('',(#8069),#83,.F.);
#9080=ADVANCED_FACE('',(#8070),#84,.F.);
#9081=ADVANCED_FACE('',(#8071),#8579,.T.);
#9082=ADVANCED_FACE('',(#8072),#85,.F.);
#9083=ADVANCED_FACE('',(#8073),#8580,.F.);
#9084=ADVANCED_FACE('',(#8074),#86,.F.);
#9085=ADVANCED_FACE('',(#8075),#8581,.T.);
#9086=ADVANCED_FACE('',(#8076),#87,.F.);
#9087=ADVANCED_FACE('',(#8077),#8582,.T.);
#9088=ADVANCED_FACE('',(#8078),#88,.F.);
#9089=ADVANCED_FACE('',(#8079),#71,.T.);
#9090=ADVANCED_FACE('',(#8080),#8583,.T.);
#9091=ADVANCED_FACE('',(#8081),#8584,.T.);
#9092=ADVANCED_FACE('',(#8082),#89,.F.);
#9093=ADVANCED_FACE('',(#8083),#8585,.F.);
#9094=ADVANCED_FACE('',(#8084),#8586,.T.);
#9095=ADVANCED_FACE('',(#8085),#90,.F.);
#9096=ADVANCED_FACE('',(#8086),#8587,.F.);
#9097=ADVANCED_FACE('',(#8087),#91,.F.);
#9098=ADVANCED_FACE('',(#8088),#8588,.F.);
#9099=ADVANCED_FACE('',(#8089),#8589,.F.);
#9100=ADVANCED_FACE('',(#8090),#92,.F.);
#9101=ADVANCED_FACE('',(#8091),#8590,.F.);
#9102=ADVANCED_FACE('',(#8092),#93,.F.);
#9103=ADVANCED_FACE('',(#8093),#8591,.T.);
#9104=ADVANCED_FACE('',(#8094),#8592,.T.);
#9105=ADVANCED_FACE('',(#8095),#94,.F.);
#9106=ADVANCED_FACE('',(#8096),#8593,.T.);
#9107=ADVANCED_FACE('',(#8097),#95,.F.);
#9108=ADVANCED_FACE('',(#8098),#8594,.F.);
#9109=ADVANCED_FACE('',(#8099),#8595,.T.);
#9110=ADVANCED_FACE('',(#8100),#96,.F.);
#9111=ADVANCED_FACE('',(#8101),#8596,.T.);
#9112=ADVANCED_FACE('',(#8102),#8597,.T.);
#9113=ADVANCED_FACE('',(#8103),#72,.T.);
#9114=ADVANCED_FACE('',(#8104),#97,.F.);
#9115=ADVANCED_FACE('',(#8105),#8598,.T.);
#9116=ADVANCED_FACE('',(#8106),#8599,.F.);
#9117=ADVANCED_FACE('',(#8107),#8600,.F.);
#9118=ADVANCED_FACE('',(#8108),#98,.F.);
#9119=ADVANCED_FACE('',(#8109),#99,.F.);
#9120=ADVANCED_FACE('',(#8110),#8601,.F.);
#9121=ADVANCED_FACE('',(#8111),#8602,.F.);
#9122=ADVANCED_FACE('',(#8112),#8603,.F.);
#9123=ADVANCED_FACE('',(#8113),#100,.F.);
#9124=ADVANCED_FACE('',(#8114),#101,.F.);
#9125=ADVANCED_FACE('',(#8115),#8604,.T.);
#9126=ADVANCED_FACE('',(#8116),#8605,.F.);
#9127=ADVANCED_FACE('',(#8117),#8606,.F.);
#9128=ADVANCED_FACE('',(#8118),#102,.F.);
#9129=ADVANCED_FACE('',(#8119),#103,.F.);
#9130=ADVANCED_FACE('',(#8120),#8607,.T.);
#9131=ADVANCED_FACE('',(#8121),#8608,.T.);
#9132=ADVANCED_FACE('',(#8122),#104,.F.);
#9133=ADVANCED_FACE('',(#8123),#105,.F.);
#9134=ADVANCED_FACE('',(#8124),#8609,.F.);
#9135=ADVANCED_FACE('',(#8125),#8610,.T.);
#9136=ADVANCED_FACE('',(#8126),#8611,.T.);
#9137=ADVANCED_FACE('',(#8127),#106,.F.);
#9138=ADVANCED_FACE('',(#8128),#8612,.T.);
#9139=ADVANCED_FACE('',(#8129),#8613,.F.);
#9140=ADVANCED_FACE('',(#8130),#8614,.F.);
#9141=ADVANCED_FACE('',(#8131),#107,.F.);
#9142=ADVANCED_FACE('',(#8132),#8615,.T.);
#9143=ADVANCED_FACE('',(#8133),#8616,.F.);
#9144=ADVANCED_FACE('',(#8134),#8617,.F.);
#9145=ADVANCED_FACE('',(#8135),#8618,.F.);
#9146=ADVANCED_FACE('',(#8136),#8619,.F.);
#9147=ADVANCED_FACE('',(#8137),#108,.F.);
#9148=ADVANCED_FACE('',(#8138),#8620,.T.);
#9149=ADVANCED_FACE('',(#8139),#8621,.T.);
#9150=ADVANCED_FACE('',(#8140),#109,.F.);
#9151=ADVANCED_FACE('',(#8141),#8622,.T.);
#9152=ADVANCED_FACE('',(#8142),#8623,.T.);
#9153=ADVANCED_FACE('',(#8143),#8624,.T.);
#9154=ADVANCED_FACE('',(#8144),#110,.F.);
#9155=ADVANCED_FACE('',(#8145),#8625,.F.);
#9156=ADVANCED_FACE('',(#8146),#8626,.T.);
#9157=ADVANCED_FACE('',(#8147),#73,.T.);
#9158=ADVANCED_FACE('',(#8148),#8627,.F.);
#9159=ADVANCED_FACE('',(#8149),#8628,.T.);
#9160=ADVANCED_FACE('',(#8150),#74,.T.);
#9161=ADVANCED_FACE('',(#8151),#75,.T.);
#9162=ADVANCED_FACE('',(#8152),#8629,.T.);
#9163=ADVANCED_FACE('',(#8153),#8630,.F.);
#9164=ADVANCED_FACE('',(#8154),#76,.T.);
#9165=ADVANCED_FACE('',(#8155),#185,.F.);
#9166=ADVANCED_FACE('',(#8156),#8631,.T.);
#9167=ADVANCED_FACE('',(#8157),#186,.F.);
#9168=ADVANCED_FACE('',(#8158),#8632,.F.);
#9169=ADVANCED_FACE('',(#8159),#8633,.T.);
#9170=ADVANCED_FACE('',(#8160),#187,.F.);
#9171=ADVANCED_FACE('',(#8161),#8634,.T.);
#9172=ADVANCED_FACE('',(#8162),#188,.F.);
#9173=ADVANCED_FACE('',(#8163),#8635,.F.);
#9174=ADVANCED_FACE('',(#8164),#8636,.T.);
#9175=ADVANCED_FACE('',(#8165),#111,.F.);
#9176=ADVANCED_FACE('',(#8166),#8637,.T.);
#9177=ADVANCED_FACE('',(#8167),#8638,.F.);
#9178=ADVANCED_FACE('',(#8168),#112,.F.);
#9179=ADVANCED_FACE('',(#8169),#113,.F.);
#9180=ADVANCED_FACE('',(#8170),#8639,.T.);
#9181=ADVANCED_FACE('',(#8171),#8640,.F.);
#9182=ADVANCED_FACE('',(#8172),#114,.F.);
#9183=ADVANCED_FACE('',(#8173),#8641,.T.);
#9184=ADVANCED_FACE('',(#8174),#8642,.F.);
#9185=ADVANCED_FACE('',(#8175),#8643,.F.);
#9186=ADVANCED_FACE('',(#8176),#8644,.T.);
#9187=ADVANCED_FACE('',(#8177),#8645,.T.);
#9188=ADVANCED_FACE('',(#8178),#8646,.T.);
#9189=ADVANCED_FACE('',(#8179),#8647,.T.);
#9190=ADVANCED_FACE('',(#8180),#8648,.F.);
#9191=ADVANCED_FACE('',(#8181),#8649,.F.);
#9192=ADVANCED_FACE('',(#8182),#8650,.F.);
#9193=ADVANCED_FACE('',(#8183),#8651,.T.);
#9194=ADVANCED_FACE('',(#8184),#8652,.T.);
#9195=ADVANCED_FACE('',(#8185),#8653,.T.);
#9196=ADVANCED_FACE('',(#8186),#8654,.F.);
#9197=ADVANCED_FACE('',(#8187),#8655,.F.);
#9198=ADVANCED_FACE('',(#8188),#8656,.F.);
#9199=ADVANCED_FACE('',(#8189),#8657,.T.);
#9200=ADVANCED_FACE('',(#8190),#8658,.T.);
#9201=ADVANCED_FACE('',(#8191),#8659,.T.);
#9202=ADVANCED_FACE('',(#8192),#8660,.F.);
#9203=ADVANCED_FACE('',(#8193),#8661,.F.);
#9204=ADVANCED_FACE('',(#8194),#8662,.F.);
#9205=ADVANCED_FACE('',(#8195),#8663,.T.);
#9206=ADVANCED_FACE('',(#8196),#8664,.T.);
#9207=ADVANCED_FACE('',(#8197),#8665,.T.);
#9208=ADVANCED_FACE('',(#8198),#8666,.F.);
#9209=ADVANCED_FACE('',(#8199),#8667,.F.);
#9210=ADVANCED_FACE('',(#8200),#8668,.F.);
#9211=ADVANCED_FACE('',(#8201),#8669,.T.);
#9212=ADVANCED_FACE('',(#8202),#8670,.T.);
#9213=ADVANCED_FACE('',(#8203),#8671,.T.);
#9214=ADVANCED_FACE('',(#8204),#8672,.F.);
#9215=ADVANCED_FACE('',(#8205),#8673,.F.);
#9216=ADVANCED_FACE('',(#8206),#8674,.F.);
#9217=ADVANCED_FACE('',(#8207),#8675,.T.);
#9218=ADVANCED_FACE('',(#8208),#8676,.T.);
#9219=ADVANCED_FACE('',(#8209),#8677,.T.);
#9220=ADVANCED_FACE('',(#8210),#8678,.F.);
#9221=ADVANCED_FACE('',(#8211),#8679,.F.);
#9222=ADVANCED_FACE('',(#8212),#8680,.F.);
#9223=ADVANCED_FACE('',(#8213),#8681,.T.);
#9224=ADVANCED_FACE('',(#8214),#8682,.T.);
#9225=ADVANCED_FACE('',(#8215),#8683,.T.);
#9226=ADVANCED_FACE('',(#8216),#8684,.F.);
#9227=ADVANCED_FACE('',(#8217),#8685,.F.);
#9228=ADVANCED_FACE('',(#8218),#8686,.F.);
#9229=ADVANCED_FACE('',(#8219),#8687,.T.);
#9230=ADVANCED_FACE('',(#8220),#8688,.T.);
#9231=ADVANCED_FACE('',(#8221),#8689,.T.);
#9232=ADVANCED_FACE('',(#8222),#8690,.F.);
#9233=ADVANCED_FACE('',(#8223),#8691,.F.);
#9234=ADVANCED_FACE('',(#8224),#8692,.F.);
#9235=ADVANCED_FACE('',(#8225),#8693,.T.);
#9236=ADVANCED_FACE('',(#8226),#8694,.T.);
#9237=ADVANCED_FACE('',(#8227),#8695,.T.);
#9238=ADVANCED_FACE('',(#8228),#8696,.F.);
#9239=ADVANCED_FACE('',(#8229),#8697,.F.);
#9240=ADVANCED_FACE('',(#8230),#8698,.F.);
#9241=ADVANCED_FACE('',(#8231),#8699,.T.);
#9242=ADVANCED_FACE('',(#8232),#8700,.T.);
#9243=ADVANCED_FACE('',(#8233),#8701,.T.);
#9244=ADVANCED_FACE('',(#8234),#8702,.F.);
#9245=ADVANCED_FACE('',(#8235),#8703,.F.);
#9246=ADVANCED_FACE('',(#8236),#8704,.F.);
#9247=ADVANCED_FACE('',(#8237),#8705,.T.);
#9248=ADVANCED_FACE('',(#8238),#8706,.T.);
#9249=ADVANCED_FACE('',(#8239),#8707,.T.);
#9250=ADVANCED_FACE('',(#8240),#8708,.F.);
#9251=ADVANCED_FACE('',(#8241),#8709,.F.);
#9252=ADVANCED_FACE('',(#8242),#8710,.F.);
#9253=ADVANCED_FACE('',(#8243),#8711,.T.);
#9254=ADVANCED_FACE('',(#8244),#8712,.T.);
#9255=ADVANCED_FACE('',(#8245),#8713,.T.);
#9256=ADVANCED_FACE('',(#8246),#8714,.F.);
#9257=ADVANCED_FACE('',(#8247),#8715,.F.);
#9258=ADVANCED_FACE('',(#8248),#8716,.F.);
#9259=ADVANCED_FACE('',(#8249),#8717,.T.);
#9260=ADVANCED_FACE('',(#8250),#8718,.T.);
#9261=ADVANCED_FACE('',(#8251),#8719,.T.);
#9262=ADVANCED_FACE('',(#8252),#8720,.F.);
#9263=ADVANCED_FACE('',(#8253),#8721,.F.);
#9264=ADVANCED_FACE('',(#8254),#8722,.F.);
#9265=ADVANCED_FACE('',(#8255),#8723,.T.);
#9266=ADVANCED_FACE('',(#8256),#8724,.T.);
#9267=ADVANCED_FACE('',(#8257),#8725,.T.);
#9268=ADVANCED_FACE('',(#8258),#8726,.F.);
#9269=ADVANCED_FACE('',(#8259),#8727,.F.);
#9270=ADVANCED_FACE('',(#8260),#8728,.F.);
#9271=ADVANCED_FACE('',(#8261),#8729,.T.);
#9272=ADVANCED_FACE('',(#8262),#8730,.T.);
#9273=ADVANCED_FACE('',(#8263),#8731,.T.);
#9274=ADVANCED_FACE('',(#8264),#8732,.F.);
#9275=ADVANCED_FACE('',(#8265),#8733,.F.);
#9276=ADVANCED_FACE('',(#8266),#8734,.F.);
#9277=ADVANCED_FACE('',(#8267),#8735,.T.);
#9278=ADVANCED_FACE('',(#8268),#8736,.T.);
#9279=ADVANCED_FACE('',(#8269),#8737,.T.);
#9280=ADVANCED_FACE('',(#8270),#8738,.F.);
#9281=ADVANCED_FACE('',(#8271),#8739,.F.);
#9282=ADVANCED_FACE('',(#8272),#8740,.F.);
#9283=ADVANCED_FACE('',(#8273),#8741,.T.);
#9284=ADVANCED_FACE('',(#8274),#8742,.T.);
#9285=ADVANCED_FACE('',(#8275),#8743,.T.);
#9286=ADVANCED_FACE('',(#8276),#8744,.F.);
#9287=ADVANCED_FACE('',(#8277),#8745,.F.);
#9288=ADVANCED_FACE('',(#8278),#8746,.F.);
#9289=ADVANCED_FACE('',(#8279),#8747,.T.);
#9290=ADVANCED_FACE('',(#8280),#8748,.T.);
#9291=ADVANCED_FACE('',(#8281),#8749,.T.);
#9292=ADVANCED_FACE('',(#8282),#8750,.F.);
#9293=ADVANCED_FACE('',(#8283),#8751,.F.);
#9294=ADVANCED_FACE('',(#8284),#8752,.F.);
#9295=ADVANCED_FACE('',(#8285),#8753,.T.);
#9296=ADVANCED_FACE('',(#8286),#8754,.T.);
#9297=ADVANCED_FACE('',(#8287),#8755,.T.);
#9298=ADVANCED_FACE('',(#8288),#8756,.F.);
#9299=ADVANCED_FACE('',(#8289),#8757,.F.);
#9300=ADVANCED_FACE('',(#8290),#8758,.F.);
#9301=ADVANCED_FACE('',(#8291),#8759,.T.);
#9302=ADVANCED_FACE('',(#8292),#8760,.T.);
#9303=ADVANCED_FACE('',(#8293),#8761,.T.);
#9304=ADVANCED_FACE('',(#8294),#8762,.F.);
#9305=ADVANCED_FACE('',(#8295),#8763,.F.);
#9306=ADVANCED_FACE('',(#8296),#8764,.F.);
#9307=ADVANCED_FACE('',(#8297),#8765,.T.);
#9308=ADVANCED_FACE('',(#8298),#8766,.T.);
#9309=ADVANCED_FACE('',(#8299),#8767,.T.);
#9310=ADVANCED_FACE('',(#8300),#8768,.F.);
#9311=ADVANCED_FACE('',(#8301),#8769,.F.);
#9312=ADVANCED_FACE('',(#8302),#8770,.F.);
#9313=ADVANCED_FACE('',(#8303),#8771,.T.);
#9314=ADVANCED_FACE('',(#8304),#8772,.T.);
#9315=ADVANCED_FACE('',(#8305),#8773,.T.);
#9316=ADVANCED_FACE('',(#8306),#8774,.F.);
#9317=ADVANCED_FACE('',(#8307),#8775,.F.);
#9318=ADVANCED_FACE('',(#8308),#8776,.F.);
#9319=ADVANCED_FACE('',(#8309),#8777,.T.);
#9320=ADVANCED_FACE('',(#8310),#8778,.T.);
#9321=ADVANCED_FACE('',(#8311),#8779,.T.);
#9322=ADVANCED_FACE('',(#8312),#8780,.F.);
#9323=ADVANCED_FACE('',(#8313),#8781,.F.);
#9324=ADVANCED_FACE('',(#8314),#8782,.F.);
#9325=ADVANCED_FACE('',(#8315),#8783,.T.);
#9326=ADVANCED_FACE('',(#8316),#8784,.T.);
#9327=ADVANCED_FACE('',(#8317),#8785,.T.);
#9328=ADVANCED_FACE('',(#8318),#8786,.F.);
#9329=ADVANCED_FACE('',(#8319),#8787,.F.);
#9330=ADVANCED_FACE('',(#8320),#8788,.F.);
#9331=ADVANCED_FACE('',(#8321),#8789,.T.);
#9332=ADVANCED_FACE('',(#8322),#8790,.T.);
#9333=ADVANCED_FACE('',(#8323),#8791,.T.);
#9334=ADVANCED_FACE('',(#8324),#8792,.F.);
#9335=ADVANCED_FACE('',(#8325),#8793,.F.);
#9336=ADVANCED_FACE('',(#8326),#8794,.F.);
#9337=ADVANCED_FACE('',(#8327),#8795,.T.);
#9338=ADVANCED_FACE('',(#8328),#8796,.T.);
#9339=ADVANCED_FACE('',(#8329),#8797,.F.);
#9340=ADVANCED_FACE('',(#8330),#8798,.F.);
#9341=ADVANCED_FACE('',(#8331),#8799,.T.);
#9342=ADVANCED_FACE('',(#8332),#8800,.T.);
#9343=ADVANCED_FACE('',(#8333),#8801,.T.);
#9344=ADVANCED_FACE('',(#8334),#8802,.T.);
#9345=ADVANCED_FACE('',(#8335),#8803,.T.);
#9346=ADVANCED_FACE('',(#8336),#8804,.T.);
#9347=ADVANCED_FACE('',(#8337),#8805,.T.);
#9348=ADVANCED_FACE('',(#8338),#8806,.T.);
#9349=ADVANCED_FACE('',(#8339),#8807,.T.);
#9350=ADVANCED_FACE('',(#8340),#8808,.T.);
#9351=ADVANCED_FACE('',(#8341),#8809,.T.);
#9352=ADVANCED_FACE('',(#8342),#8810,.T.);
#9353=ADVANCED_FACE('',(#8343),#8811,.T.);
#9354=ADVANCED_FACE('',(#8344),#8812,.T.);
#9355=ADVANCED_FACE('',(#8345),#8813,.T.);
#9356=ADVANCED_FACE('',(#8346),#8814,.T.);
#9357=ADVANCED_FACE('',(#8347),#8815,.T.);
#9358=ADVANCED_FACE('',(#8348),#8816,.T.);
#9359=ADVANCED_FACE('',(#8349),#8817,.T.);
#9360=ADVANCED_FACE('',(#8350),#8818,.T.);
#9361=ADVANCED_FACE('',(#8351),#8819,.T.);
#9362=ADVANCED_FACE('',(#8352),#8820,.T.);
#9363=ADVANCED_FACE('',(#8353),#8821,.T.);
#9364=ADVANCED_FACE('',(#8354),#8822,.T.);
#9365=ADVANCED_FACE('',(#8355),#8823,.T.);
#9366=ADVANCED_FACE('',(#8356),#8824,.T.);
#9367=ADVANCED_FACE('',(#8357),#8825,.T.);
#9368=ADVANCED_FACE('',(#8358),#8826,.T.);
#9369=ADVANCED_FACE('',(#8359),#8827,.T.);
#9370=ADVANCED_FACE('',(#8360),#8828,.T.);
#9371=ADVANCED_FACE('',(#8361),#8829,.T.);
#9372=ADVANCED_FACE('',(#8362),#8830,.T.);
#9373=ADVANCED_FACE('',(#8363),#8831,.T.);
#9374=ADVANCED_FACE('',(#8364),#8832,.T.);
#9375=ADVANCED_FACE('',(#8365),#8833,.T.);
#9376=ADVANCED_FACE('',(#8366),#8834,.T.);
#9377=ADVANCED_FACE('',(#8367),#8835,.T.);
#9378=ADVANCED_FACE('',(#8368),#8836,.T.);
#9379=ADVANCED_FACE('',(#8369),#8837,.T.);
#9380=ADVANCED_FACE('',(#8370),#8838,.T.);
#9381=ADVANCED_FACE('',(#8371),#8839,.T.);
#9382=ADVANCED_FACE('',(#8372),#8840,.T.);
#9383=ADVANCED_FACE('',(#8373),#8841,.T.);
#9384=ADVANCED_FACE('',(#8374),#8842,.T.);
#9385=ADVANCED_FACE('',(#8375),#8843,.T.);
#9386=ADVANCED_FACE('',(#8376),#8844,.T.);
#9387=ADVANCED_FACE('',(#8377),#8845,.T.);
#9388=ADVANCED_FACE('',(#8378),#8846,.T.);
#9389=ADVANCED_FACE('',(#8379),#8847,.T.);
#9390=ADVANCED_FACE('',(#8380),#8848,.T.);
#9391=ADVANCED_FACE('',(#8381),#8849,.T.);
#9392=ADVANCED_FACE('',(#8382),#8850,.T.);
#9393=ADVANCED_FACE('',(#8383),#8851,.T.);
#9394=ADVANCED_FACE('',(#8384),#8852,.T.);
#9395=ADVANCED_FACE('',(#8385),#8853,.T.);
#9396=ADVANCED_FACE('',(#8386),#8854,.T.);
#9397=ADVANCED_FACE('',(#8387),#8855,.T.);
#9398=ADVANCED_FACE('',(#8388),#8856,.T.);
#9399=ADVANCED_FACE('',(#8389),#8857,.T.);
#9400=ADVANCED_FACE('',(#8390),#8858,.T.);
#9401=ADVANCED_FACE('',(#8391),#8859,.T.);
#9402=ADVANCED_FACE('',(#8392),#8860,.T.);
#9403=ADVANCED_FACE('',(#8393),#8861,.T.);
#9404=ADVANCED_FACE('',(#8394),#8862,.T.);
#9405=ADVANCED_FACE('',(#8395),#8863,.T.);
#9406=ADVANCED_FACE('',(#8396),#8864,.T.);
#9407=ADVANCED_FACE('',(#8397),#8865,.T.);
#9408=ADVANCED_FACE('',(#8398),#8866,.T.);
#9409=ADVANCED_FACE('',(#8399),#8867,.T.);
#9410=ADVANCED_FACE('',(#8400),#8868,.T.);
#9411=ADVANCED_FACE('',(#8401),#8869,.T.);
#9412=ADVANCED_FACE('',(#8402),#8870,.T.);
#9413=ADVANCED_FACE('',(#8403),#8871,.T.);
#9414=ADVANCED_FACE('',(#8404),#8872,.T.);
#9415=ADVANCED_FACE('',(#8405),#8873,.T.);
#9416=ADVANCED_FACE('',(#8406),#8874,.T.);
#9417=ADVANCED_FACE('',(#8407),#8875,.T.);
#9418=ADVANCED_FACE('',(#8408),#8876,.T.);
#9419=ADVANCED_FACE('',(#8409),#8877,.T.);
#9420=ADVANCED_FACE('',(#8410),#8878,.T.);
#9421=ADVANCED_FACE('',(#8411),#8879,.T.);
#9422=ADVANCED_FACE('',(#8412),#8880,.T.);
#9423=ADVANCED_FACE('',(#8413),#8881,.T.);
#9424=ADVANCED_FACE('',(#8414),#8882,.T.);
#9425=ADVANCED_FACE('',(#8415),#8883,.T.);
#9426=ADVANCED_FACE('',(#8416),#8884,.T.);
#9427=ADVANCED_FACE('',(#8417),#8885,.T.);
#9428=ADVANCED_FACE('',(#8418),#8886,.T.);
#9429=ADVANCED_FACE('',(#8419),#8887,.T.);
#9430=ADVANCED_FACE('',(#8420),#8888,.T.);
#9431=ADVANCED_FACE('',(#8421),#8889,.T.);
#9432=ADVANCED_FACE('',(#8422),#8890,.T.);
#9433=ADVANCED_FACE('',(#8423),#8891,.T.);
#9434=ADVANCED_FACE('',(#8424),#8892,.T.);
#9435=ADVANCED_FACE('',(#8425),#8893,.T.);
#9436=ADVANCED_FACE('',(#8426),#8894,.T.);
#9437=ADVANCED_FACE('',(#8427),#8895,.T.);
#9438=ADVANCED_FACE('',(#8428),#8896,.T.);
#9439=ADVANCED_FACE('',(#8429),#8897,.T.);
#9440=ADVANCED_FACE('',(#8430),#8898,.T.);
#9441=ADVANCED_FACE('',(#8431),#8899,.T.);
#9442=ADVANCED_FACE('',(#8432,#8433,#8434,#8435,#8436,#8437,#8438,#8439,
#8440,#8441,#8442,#8443,#8444,#8445,#8446,#8447,#8448,#8449,#8450,#8451,
#8452,#8453,#8454,#8455,#8456,#8457),#8900,.T.);
#9443=ADVANCED_FACE('',(#8458,#8459,#8460,#8461,#8462,#8463,#8464,#8465,
#8466,#8467,#8468,#8469,#8470,#8471,#8472,#8473,#8474,#8475,#8476,#8477,
#8478,#8479,#8480,#8481,#8482,#8483),#8901,.F.);
#9444=CLOSED_SHELL('',(#8902,#8903,#8904,#8905,#8906,#8907,#8908,#8909,
#8910,#8911,#8912,#8913,#8914,#8915,#8916,#8917,#8918,#8919,#8920,#8921,
#8922,#8923,#8924,#8925,#8926,#8927,#8928,#8929,#8930,#8931,#8932,#8933,
#8934,#8935,#8936,#8937,#8938,#8939,#8940,#8941,#8942,#8943,#8944,#8945,
#8946,#8947,#8948,#8949,#8950,#8951,#8952,#8953,#8954,#8955,#8956,#8957,
#8958,#8959,#8960,#8961,#8962,#8963,#8964,#8965,#8966,#8967,#8968,#8969,
#8970,#8971,#8972,#8973,#8974,#8975,#8976,#8977,#8978,#8979,#8980,#8981,
#8982,#8983,#8984,#8985,#8986,#8987,#8988,#8989,#8990,#8991,#8992,#8993,
#8994,#8995,#8996,#8997,#8998,#8999,#9000,#9001,#9002,#9003,#9004,#9005,
#9006,#9007,#9008,#9009,#9010,#9011,#9012,#9013,#9014,#9015,#9016,#9017,
#9018,#9019,#9020,#9021,#9022,#9023,#9024,#9025,#9026,#9027,#9028,#9029,
#9030,#9031,#9032,#9033,#9034,#9035,#9036,#9037,#9038,#9039,#9040,#9041,
#9042,#9043,#9044,#9045,#9046,#9047,#9048,#9049,#9050,#9051,#9052,#9053,
#9054,#9055,#9056,#9057,#9058,#9059,#9060,#9061,#9062,#9063,#9064,#9065,
#9066,#9067,#9068,#9069,#9070,#9071,#9072,#9073,#9074,#9075,#9076,#9077,
#9078,#9079,#9080,#9081,#9082,#9083,#9084,#9085,#9086,#9087,#9088,#9089,
#9090,#9091,#9092,#9093,#9094,#9095,#9096,#9097,#9098,#9099,#9100,#9101,
#9102,#9103,#9104,#9105,#9106,#9107,#9108,#9109,#9110,#9111,#9112,#9113,
#9114,#9115,#9116,#9117,#9118,#9119,#9120,#9121,#9122,#9123,#9124,#9125,
#9126,#9127,#9128,#9129,#9130,#9131,#9132,#9133,#9134,#9135,#9136,#9137,
#9138,#9139,#9140,#9141,#9142,#9143,#9144,#9145,#9146,#9147,#9148,#9149,
#9150,#9151,#9152,#9153,#9154,#9155,#9156,#9157,#9158,#9159,#9160,#9161,
#9162,#9163,#9164,#9165,#9166,#9167,#9168,#9169,#9170,#9171,#9172,#9173,
#9174,#9175,#9176,#9177,#9178,#9179,#9180,#9181,#9182,#9183,#9184,#9185,
#9186,#9187));
#9445=CLOSED_SHELL('',(#9188,#9189,#9190,#9191,#9192,#9193));
#9446=CLOSED_SHELL('',(#9194,#9195,#9196,#9197,#9198,#9199));
#9447=CLOSED_SHELL('',(#9200,#9201,#9202,#9203,#9204,#9205));
#9448=CLOSED_SHELL('',(#9206,#9207,#9208,#9209,#9210,#9211));
#9449=CLOSED_SHELL('',(#9212,#9213,#9214,#9215,#9216,#9217));
#9450=CLOSED_SHELL('',(#9218,#9219,#9220,#9221,#9222,#9223));
#9451=CLOSED_SHELL('',(#9224,#9225,#9226,#9227,#9228,#9229));
#9452=CLOSED_SHELL('',(#9230,#9231,#9232,#9233,#9234,#9235));
#9453=CLOSED_SHELL('',(#9236,#9237,#9238,#9239,#9240,#9241));
#9454=CLOSED_SHELL('',(#9242,#9243,#9244,#9245,#9246,#9247));
#9455=CLOSED_SHELL('',(#9248,#9249,#9250,#9251,#9252,#9253));
#9456=CLOSED_SHELL('',(#9254,#9255,#9256,#9257,#9258,#9259));
#9457=CLOSED_SHELL('',(#9260,#9261,#9262,#9263,#9264,#9265));
#9458=CLOSED_SHELL('',(#9266,#9267,#9268,#9269,#9270,#9271));
#9459=CLOSED_SHELL('',(#9272,#9273,#9274,#9275,#9276,#9277));
#9460=CLOSED_SHELL('',(#9278,#9279,#9280,#9281,#9282,#9283));
#9461=CLOSED_SHELL('',(#9284,#9285,#9286,#9287,#9288,#9289));
#9462=CLOSED_SHELL('',(#9290,#9291,#9292,#9293,#9294,#9295));
#9463=CLOSED_SHELL('',(#9296,#9297,#9298,#9299,#9300,#9301));
#9464=CLOSED_SHELL('',(#9302,#9303,#9304,#9305,#9306,#9307));
#9465=CLOSED_SHELL('',(#9308,#9309,#9310,#9311,#9312,#9313));
#9466=CLOSED_SHELL('',(#9314,#9315,#9316,#9317,#9318,#9319));
#9467=CLOSED_SHELL('',(#9320,#9321,#9322,#9323,#9324,#9325));
#9468=CLOSED_SHELL('',(#9326,#9327,#9328,#9329,#9330,#9331));
#9469=CLOSED_SHELL('',(#9332,#9333,#9334,#9335,#9336,#9337));
#9470=CLOSED_SHELL('',(#9338,#9339,#9340,#9341,#9342,#9343,#9344,#9345,
#9346,#9347,#9348,#9349,#9350,#9351,#9352,#9353,#9354,#9355,#9356,#9357,
#9358,#9359,#9360,#9361,#9362,#9363,#9364,#9365,#9366,#9367,#9368,#9369,
#9370,#9371,#9372,#9373,#9374,#9375,#9376,#9377,#9378,#9379,#9380,#9381,
#9382,#9383,#9384,#9385,#9386,#9387,#9388,#9389,#9390,#9391,#9392,#9393,
#9394,#9395,#9396,#9397,#9398,#9399,#9400,#9401,#9402,#9403,#9404,#9405,
#9406,#9407,#9408,#9409,#9410,#9411,#9412,#9413,#9414,#9415,#9416,#9417,
#9418,#9419,#9420,#9421,#9422,#9423,#9424,#9425,#9426,#9427,#9428,#9429,
#9430,#9431,#9432,#9433,#9434,#9435,#9436,#9437,#9438,#9439,#9440,#9441,
#9442,#9443));
#9471=STYLED_ITEM('',(#9498),#9663);
#9472=STYLED_ITEM('',(#9499),#9664);
#9473=STYLED_ITEM('',(#9500),#9665);
#9474=STYLED_ITEM('',(#9501),#9666);
#9475=STYLED_ITEM('',(#9502),#9667);
#9476=STYLED_ITEM('',(#9503),#9668);
#9477=STYLED_ITEM('',(#9504),#9669);
#9478=STYLED_ITEM('',(#9505),#9670);
#9479=STYLED_ITEM('',(#9506),#9671);
#9480=STYLED_ITEM('',(#9507),#9672);
#9481=STYLED_ITEM('',(#9508),#9673);
#9482=STYLED_ITEM('',(#9509),#9674);
#9483=STYLED_ITEM('',(#9510),#9675);
#9484=STYLED_ITEM('',(#9511),#9676);
#9485=STYLED_ITEM('',(#9512),#9677);
#9486=STYLED_ITEM('',(#9513),#9678);
#9487=STYLED_ITEM('',(#9514),#9679);
#9488=STYLED_ITEM('',(#9515),#9680);
#9489=STYLED_ITEM('',(#9516),#9681);
#9490=STYLED_ITEM('',(#9517),#9682);
#9491=STYLED_ITEM('',(#9518),#9683);
#9492=STYLED_ITEM('',(#9519),#9684);
#9493=STYLED_ITEM('',(#9520),#9685);
#9494=STYLED_ITEM('',(#9521),#9686);
#9495=STYLED_ITEM('',(#9522),#9687);
#9496=STYLED_ITEM('',(#9523),#9688);
#9497=STYLED_ITEM('',(#9524),#9689);
#9498=PRESENTATION_STYLE_ASSIGNMENT((#9525));
#9499=PRESENTATION_STYLE_ASSIGNMENT((#9526));
#9500=PRESENTATION_STYLE_ASSIGNMENT((#9527));
#9501=PRESENTATION_STYLE_ASSIGNMENT((#9528));
#9502=PRESENTATION_STYLE_ASSIGNMENT((#9529));
#9503=PRESENTATION_STYLE_ASSIGNMENT((#9530));
#9504=PRESENTATION_STYLE_ASSIGNMENT((#9531));
#9505=PRESENTATION_STYLE_ASSIGNMENT((#9532));
#9506=PRESENTATION_STYLE_ASSIGNMENT((#9533));
#9507=PRESENTATION_STYLE_ASSIGNMENT((#9534));
#9508=PRESENTATION_STYLE_ASSIGNMENT((#9535));
#9509=PRESENTATION_STYLE_ASSIGNMENT((#9536));
#9510=PRESENTATION_STYLE_ASSIGNMENT((#9537));
#9511=PRESENTATION_STYLE_ASSIGNMENT((#9538));
#9512=PRESENTATION_STYLE_ASSIGNMENT((#9539));
#9513=PRESENTATION_STYLE_ASSIGNMENT((#9540));
#9514=PRESENTATION_STYLE_ASSIGNMENT((#9541));
#9515=PRESENTATION_STYLE_ASSIGNMENT((#9542));
#9516=PRESENTATION_STYLE_ASSIGNMENT((#9543));
#9517=PRESENTATION_STYLE_ASSIGNMENT((#9544));
#9518=PRESENTATION_STYLE_ASSIGNMENT((#9545));
#9519=PRESENTATION_STYLE_ASSIGNMENT((#9546));
#9520=PRESENTATION_STYLE_ASSIGNMENT((#9547));
#9521=PRESENTATION_STYLE_ASSIGNMENT((#9548));
#9522=PRESENTATION_STYLE_ASSIGNMENT((#9549));
#9523=PRESENTATION_STYLE_ASSIGNMENT((#9550));
#9524=PRESENTATION_STYLE_ASSIGNMENT((#9551));
#9525=SURFACE_STYLE_USAGE(.BOTH.,#9552);
#9526=SURFACE_STYLE_USAGE(.BOTH.,#9553);
#9527=SURFACE_STYLE_USAGE(.BOTH.,#9554);
#9528=SURFACE_STYLE_USAGE(.BOTH.,#9555);
#9529=SURFACE_STYLE_USAGE(.BOTH.,#9556);
#9530=SURFACE_STYLE_USAGE(.BOTH.,#9557);
#9531=SURFACE_STYLE_USAGE(.BOTH.,#9558);
#9532=SURFACE_STYLE_USAGE(.BOTH.,#9559);
#9533=SURFACE_STYLE_USAGE(.BOTH.,#9560);
#9534=SURFACE_STYLE_USAGE(.BOTH.,#9561);
#9535=SURFACE_STYLE_USAGE(.BOTH.,#9562);
#9536=SURFACE_STYLE_USAGE(.BOTH.,#9563);
#9537=SURFACE_STYLE_USAGE(.BOTH.,#9564);
#9538=SURFACE_STYLE_USAGE(.BOTH.,#9565);
#9539=SURFACE_STYLE_USAGE(.BOTH.,#9566);
#9540=SURFACE_STYLE_USAGE(.BOTH.,#9567);
#9541=SURFACE_STYLE_USAGE(.BOTH.,#9568);
#9542=SURFACE_STYLE_USAGE(.BOTH.,#9569);
#9543=SURFACE_STYLE_USAGE(.BOTH.,#9570);
#9544=SURFACE_STYLE_USAGE(.BOTH.,#9571);
#9545=SURFACE_STYLE_USAGE(.BOTH.,#9572);
#9546=SURFACE_STYLE_USAGE(.BOTH.,#9573);
#9547=SURFACE_STYLE_USAGE(.BOTH.,#9574);
#9548=SURFACE_STYLE_USAGE(.BOTH.,#9575);
#9549=SURFACE_STYLE_USAGE(.BOTH.,#9576);
#9550=SURFACE_STYLE_USAGE(.BOTH.,#9577);
#9551=SURFACE_STYLE_USAGE(.BOTH.,#9578);
#9552=SURFACE_SIDE_STYLE('',(#9579));
#9553=SURFACE_SIDE_STYLE('',(#9580));
#9554=SURFACE_SIDE_STYLE('',(#9581));
#9555=SURFACE_SIDE_STYLE('',(#9582));
#9556=SURFACE_SIDE_STYLE('',(#9583));
#9557=SURFACE_SIDE_STYLE('',(#9584));
#9558=SURFACE_SIDE_STYLE('',(#9585));
#9559=SURFACE_SIDE_STYLE('',(#9586));
#9560=SURFACE_SIDE_STYLE('',(#9587));
#9561=SURFACE_SIDE_STYLE('',(#9588));
#9562=SURFACE_SIDE_STYLE('',(#9589));
#9563=SURFACE_SIDE_STYLE('',(#9590));
#9564=SURFACE_SIDE_STYLE('',(#9591));
#9565=SURFACE_SIDE_STYLE('',(#9592));
#9566=SURFACE_SIDE_STYLE('',(#9593));
#9567=SURFACE_SIDE_STYLE('',(#9594));
#9568=SURFACE_SIDE_STYLE('',(#9595));
#9569=SURFACE_SIDE_STYLE('',(#9596));
#9570=SURFACE_SIDE_STYLE('',(#9597));
#9571=SURFACE_SIDE_STYLE('',(#9598));
#9572=SURFACE_SIDE_STYLE('',(#9599));
#9573=SURFACE_SIDE_STYLE('',(#9600));
#9574=SURFACE_SIDE_STYLE('',(#9601));
#9575=SURFACE_SIDE_STYLE('',(#9602));
#9576=SURFACE_SIDE_STYLE('',(#9603));
#9577=SURFACE_SIDE_STYLE('',(#9604));
#9578=SURFACE_SIDE_STYLE('',(#9605));
#9579=SURFACE_STYLE_FILL_AREA(#9606);
#9580=SURFACE_STYLE_FILL_AREA(#9607);
#9581=SURFACE_STYLE_FILL_AREA(#9608);
#9582=SURFACE_STYLE_FILL_AREA(#9609);
#9583=SURFACE_STYLE_FILL_AREA(#9610);
#9584=SURFACE_STYLE_FILL_AREA(#9611);
#9585=SURFACE_STYLE_FILL_AREA(#9612);
#9586=SURFACE_STYLE_FILL_AREA(#9613);
#9587=SURFACE_STYLE_FILL_AREA(#9614);
#9588=SURFACE_STYLE_FILL_AREA(#9615);
#9589=SURFACE_STYLE_FILL_AREA(#9616);
#9590=SURFACE_STYLE_FILL_AREA(#9617);
#9591=SURFACE_STYLE_FILL_AREA(#9618);
#9592=SURFACE_STYLE_FILL_AREA(#9619);
#9593=SURFACE_STYLE_FILL_AREA(#9620);
#9594=SURFACE_STYLE_FILL_AREA(#9621);
#9595=SURFACE_STYLE_FILL_AREA(#9622);
#9596=SURFACE_STYLE_FILL_AREA(#9623);
#9597=SURFACE_STYLE_FILL_AREA(#9624);
#9598=SURFACE_STYLE_FILL_AREA(#9625);
#9599=SURFACE_STYLE_FILL_AREA(#9626);
#9600=SURFACE_STYLE_FILL_AREA(#9627);
#9601=SURFACE_STYLE_FILL_AREA(#9628);
#9602=SURFACE_STYLE_FILL_AREA(#9629);
#9603=SURFACE_STYLE_FILL_AREA(#9630);
#9604=SURFACE_STYLE_FILL_AREA(#9631);
#9605=SURFACE_STYLE_FILL_AREA(#9632);
#9606=FILL_AREA_STYLE('',(#9633));
#9607=FILL_AREA_STYLE('',(#9634));
#9608=FILL_AREA_STYLE('',(#9635));
#9609=FILL_AREA_STYLE('',(#9636));
#9610=FILL_AREA_STYLE('',(#9637));
#9611=FILL_AREA_STYLE('',(#9638));
#9612=FILL_AREA_STYLE('',(#9639));
#9613=FILL_AREA_STYLE('',(#9640));
#9614=FILL_AREA_STYLE('',(#9641));
#9615=FILL_AREA_STYLE('',(#9642));
#9616=FILL_AREA_STYLE('',(#9643));
#9617=FILL_AREA_STYLE('',(#9644));
#9618=FILL_AREA_STYLE('',(#9645));
#9619=FILL_AREA_STYLE('',(#9646));
#9620=FILL_AREA_STYLE('',(#9647));
#9621=FILL_AREA_STYLE('',(#9648));
#9622=FILL_AREA_STYLE('',(#9649));
#9623=FILL_AREA_STYLE('',(#9650));
#9624=FILL_AREA_STYLE('',(#9651));
#9625=FILL_AREA_STYLE('',(#9652));
#9626=FILL_AREA_STYLE('',(#9653));
#9627=FILL_AREA_STYLE('',(#9654));
#9628=FILL_AREA_STYLE('',(#9655));
#9629=FILL_AREA_STYLE('',(#9656));
#9630=FILL_AREA_STYLE('',(#9657));
#9631=FILL_AREA_STYLE('',(#9658));
#9632=FILL_AREA_STYLE('',(#9659));
#9633=FILL_AREA_STYLE_COLOUR('',#9660);
#9634=FILL_AREA_STYLE_COLOUR('',#9661);
#9635=FILL_AREA_STYLE_COLOUR('',#10);
#9636=FILL_AREA_STYLE_COLOUR('',#9661);
#9637=FILL_AREA_STYLE_COLOUR('',#9661);
#9638=FILL_AREA_STYLE_COLOUR('',#10);
#9639=FILL_AREA_STYLE_COLOUR('',#9661);
#9640=FILL_AREA_STYLE_COLOUR('',#10);
#9641=FILL_AREA_STYLE_COLOUR('',#10);
#9642=FILL_AREA_STYLE_COLOUR('',#10);
#9643=FILL_AREA_STYLE_COLOUR('',#9661);
#9644=FILL_AREA_STYLE_COLOUR('',#10);
#9645=FILL_AREA_STYLE_COLOUR('',#9661);
#9646=FILL_AREA_STYLE_COLOUR('',#9661);
#9647=FILL_AREA_STYLE_COLOUR('',#9661);
#9648=FILL_AREA_STYLE_COLOUR('',#10);
#9649=FILL_AREA_STYLE_COLOUR('',#9661);
#9650=FILL_AREA_STYLE_COLOUR('',#9661);
#9651=FILL_AREA_STYLE_COLOUR('',#9661);
#9652=FILL_AREA_STYLE_COLOUR('',#9661);
#9653=FILL_AREA_STYLE_COLOUR('',#10);
#9654=FILL_AREA_STYLE_COLOUR('',#9661);
#9655=FILL_AREA_STYLE_COLOUR('',#9661);
#9656=FILL_AREA_STYLE_COLOUR('',#10);
#9657=FILL_AREA_STYLE_COLOUR('',#9661);
#9658=FILL_AREA_STYLE_COLOUR('',#10);
#9659=FILL_AREA_STYLE_COLOUR('',#9662);
#9660=COLOUR_RGB('',0.301960784313725,0.301960784313725,0.301960784313725);
#9661=COLOUR_RGB('',0.615686274509804,0.811764705882353,0.929411764705882);
#9662=COLOUR_RGB('',0.917647058823529,0.917647058823529,0.917647058823529);
#9663=MANIFOLD_SOLID_BREP('Beep_Top',#9444);
#9664=MANIFOLD_SOLID_BREP('AudioLevels',#9445);
#9665=MANIFOLD_SOLID_BREP('AudioLevels',#9446);
#9666=MANIFOLD_SOLID_BREP('AudioLevels',#9447);
#9667=MANIFOLD_SOLID_BREP('AudioLevels',#9448);
#9668=MANIFOLD_SOLID_BREP('AudioLevels',#9449);
#9669=MANIFOLD_SOLID_BREP('AudioLevels',#9450);
#9670=MANIFOLD_SOLID_BREP('AudioLevels',#9451);
#9671=MANIFOLD_SOLID_BREP('AudioLevels',#9452);
#9672=MANIFOLD_SOLID_BREP('AudioLevels',#9453);
#9673=MANIFOLD_SOLID_BREP('AudioLevels',#9454);
#9674=MANIFOLD_SOLID_BREP('AudioLevels',#9455);
#9675=MANIFOLD_SOLID_BREP('AudioLevels',#9456);
#9676=MANIFOLD_SOLID_BREP('AudioLevels',#9457);
#9677=MANIFOLD_SOLID_BREP('AudioLevels',#9458);
#9678=MANIFOLD_SOLID_BREP('AudioLevels',#9459);
#9679=MANIFOLD_SOLID_BREP('AudioLevels',#9460);
#9680=MANIFOLD_SOLID_BREP('AudioLevels',#9461);
#9681=MANIFOLD_SOLID_BREP('AudioLevels',#9462);
#9682=MANIFOLD_SOLID_BREP('AudioLevels',#9463);
#9683=MANIFOLD_SOLID_BREP('AudioLevels',#9464);
#9684=MANIFOLD_SOLID_BREP('AudioLevels',#9465);
#9685=MANIFOLD_SOLID_BREP('AudioLevels',#9466);
#9686=MANIFOLD_SOLID_BREP('AudioLevels',#9467);
#9687=MANIFOLD_SOLID_BREP('AudioLevels',#9468);
#9688=MANIFOLD_SOLID_BREP('AudioLevels',#9469);
#9689=MANIFOLD_SOLID_BREP('AudioDisplay',#9470);
#9690=SHAPE_DEFINITION_REPRESENTATION(#16166,#9717);
#9691=SHAPE_DEFINITION_REPRESENTATION(#16167,#9718);
#9692=SHAPE_DEFINITION_REPRESENTATION(#16168,#9719);
#9693=SHAPE_DEFINITION_REPRESENTATION(#16169,#9720);
#9694=SHAPE_DEFINITION_REPRESENTATION(#16170,#9721);
#9695=SHAPE_DEFINITION_REPRESENTATION(#16171,#9722);
#9696=SHAPE_DEFINITION_REPRESENTATION(#16172,#9723);
#9697=SHAPE_DEFINITION_REPRESENTATION(#16173,#9724);
#9698=SHAPE_DEFINITION_REPRESENTATION(#16174,#9725);
#9699=SHAPE_DEFINITION_REPRESENTATION(#16175,#9726);
#9700=SHAPE_DEFINITION_REPRESENTATION(#16176,#9727);
#9701=SHAPE_DEFINITION_REPRESENTATION(#16177,#9728);
#9702=SHAPE_DEFINITION_REPRESENTATION(#16178,#9729);
#9703=SHAPE_DEFINITION_REPRESENTATION(#16179,#9730);
#9704=SHAPE_DEFINITION_REPRESENTATION(#16180,#9731);
#9705=SHAPE_DEFINITION_REPRESENTATION(#16181,#9732);
#9706=SHAPE_DEFINITION_REPRESENTATION(#16182,#9733);
#9707=SHAPE_DEFINITION_REPRESENTATION(#16183,#9734);
#9708=SHAPE_DEFINITION_REPRESENTATION(#16184,#9735);
#9709=SHAPE_DEFINITION_REPRESENTATION(#16185,#9736);
#9710=SHAPE_DEFINITION_REPRESENTATION(#16186,#9737);
#9711=SHAPE_DEFINITION_REPRESENTATION(#16187,#9738);
#9712=SHAPE_DEFINITION_REPRESENTATION(#16188,#9739);
#9713=SHAPE_DEFINITION_REPRESENTATION(#16189,#9740);
#9714=SHAPE_DEFINITION_REPRESENTATION(#16190,#9741);
#9715=SHAPE_DEFINITION_REPRESENTATION(#16191,#9742);
#9716=SHAPE_DEFINITION_REPRESENTATION(#16192,#9743);
#9717=SHAPE_REPRESENTATION('Beep_Top',(#9744),#16031);
#9718=SHAPE_REPRESENTATION('AudioLevels',(#10217),#16032);
#9719=SHAPE_REPRESENTATION('AudioLevels',(#10224),#16033);
#9720=SHAPE_REPRESENTATION('AudioLevels',(#10231),#16034);
#9721=SHAPE_REPRESENTATION('AudioLevels',(#10238),#16035);
#9722=SHAPE_REPRESENTATION('AudioLevels',(#10245),#16036);
#9723=SHAPE_REPRESENTATION('AudioLevels',(#10252),#16037);
#9724=SHAPE_REPRESENTATION('AudioLevels',(#10259),#16038);
#9725=SHAPE_REPRESENTATION('AudioLevels',(#10266),#16039);
#9726=SHAPE_REPRESENTATION('AudioLevels',(#10273),#16040);
#9727=SHAPE_REPRESENTATION('AudioLevels',(#10280),#16041);
#9728=SHAPE_REPRESENTATION('AudioLevels',(#10287),#16042);
#9729=SHAPE_REPRESENTATION('AudioLevels',(#10294),#16043);
#9730=SHAPE_REPRESENTATION('AudioLevels',(#10301),#16044);
#9731=SHAPE_REPRESENTATION('AudioLevels',(#10308),#16045);
#9732=SHAPE_REPRESENTATION('AudioLevels',(#10315),#16046);
#9733=SHAPE_REPRESENTATION('AudioLevels',(#10322),#16047);
#9734=SHAPE_REPRESENTATION('AudioLevels',(#10329),#16048);
#9735=SHAPE_REPRESENTATION('AudioLevels',(#10336),#16049);
#9736=SHAPE_REPRESENTATION('AudioLevels',(#10343),#16050);
#9737=SHAPE_REPRESENTATION('AudioLevels',(#10350),#16051);
#9738=SHAPE_REPRESENTATION('AudioLevels',(#10357),#16052);
#9739=SHAPE_REPRESENTATION('AudioLevels',(#10364),#16053);
#9740=SHAPE_REPRESENTATION('AudioLevels',(#10371),#16054);
#9741=SHAPE_REPRESENTATION('AudioLevels',(#10378),#16055);
#9742=SHAPE_REPRESENTATION('AudioLevels',(#10385),#16056);
#9743=SHAPE_REPRESENTATION('AudioDisplay',(#10392),#16057);
#9744=AXIS2_PLACEMENT_3D('',#13062,#10499,#10500);
#9745=AXIS2_PLACEMENT_3D('',#13063,#10501,#10502);
#9746=AXIS2_PLACEMENT_3D('',#13072,#10507,#10508);
#9747=AXIS2_PLACEMENT_3D('',#13081,#10512,#10513);
#9748=AXIS2_PLACEMENT_3D('',#13085,#10515,#10516);
#9749=AXIS2_PLACEMENT_3D('',#13089,#10518,#10519);
#9750=AXIS2_PLACEMENT_3D('',#13095,#10522,#10523);
#9751=AXIS2_PLACEMENT_3D('',#13099,#10525,#10526);
#9752=AXIS2_PLACEMENT_3D('',#13105,#10529,#10530);
#9753=AXIS2_PLACEMENT_3D('',#13109,#10532,#10533);
#9754=AXIS2_PLACEMENT_3D('',#13112,#10535,#10536);
#9755=AXIS2_PLACEMENT_3D('',#13117,#10538,#10539);
#9756=AXIS2_PLACEMENT_3D('',#13121,#10541,#10542);
#9757=AXIS2_PLACEMENT_3D('',#13125,#10544,#10545);
#9758=AXIS2_PLACEMENT_3D('',#13136,#10551,#10552);
#9759=AXIS2_PLACEMENT_3D('',#13167,#10563,#10564);
#9760=AXIS2_PLACEMENT_3D('',#13176,#10569,#10570);
#9761=AXIS2_PLACEMENT_3D('',#13185,#10575,#10576);
#9762=AXIS2_PLACEMENT_3D('',#13202,#10585,#10586);
#9763=AXIS2_PLACEMENT_3D('',#13214,#10592,#10593);
#9764=AXIS2_PLACEMENT_3D('',#13218,#10595,#10596);
#9765=AXIS2_PLACEMENT_3D('',#13219,#10597,#10598);
#9766=AXIS2_PLACEMENT_3D('',#13236,#10604,#10605);
#9767=AXIS2_PLACEMENT_3D('',#13240,#10607,#10608);
#9768=AXIS2_PLACEMENT_3D('',#13250,#10611,#10612);
#9769=AXIS2_PLACEMENT_3D('',#13255,#10614,#10615);
#9770=AXIS2_PLACEMENT_3D('',#13258,#10617,#10618);
#9771=AXIS2_PLACEMENT_3D('',#13286,#10632,#10633);
#9772=AXIS2_PLACEMENT_3D('',#13290,#10635,#10636);
#9773=AXIS2_PLACEMENT_3D('',#13291,#10637,#10638);
#9774=AXIS2_PLACEMENT_3D('',#13295,#10640,#10641);
#9775=AXIS2_PLACEMENT_3D('',#13299,#10643,#10644);
#9776=AXIS2_PLACEMENT_3D('',#13303,#10646,#10647);
#9777=AXIS2_PLACEMENT_3D('',#13307,#10649,#10650);
#9778=AXIS2_PLACEMENT_3D('',#13353,#10657,#10658);
#9779=AXIS2_PLACEMENT_3D('',#13359,#10661,#10662);
#9780=AXIS2_PLACEMENT_3D('',#13363,#10664,#10665);
#9781=AXIS2_PLACEMENT_3D('',#13369,#10668,#10669);
#9782=AXIS2_PLACEMENT_3D('',#13373,#10671,#10672);
#9783=AXIS2_PLACEMENT_3D('',#13379,#10675,#10676);
#9784=AXIS2_PLACEMENT_3D('',#13383,#10678,#10679);
#9785=AXIS2_PLACEMENT_3D('',#13389,#10682,#10683);
#9786=AXIS2_PLACEMENT_3D('',#13392,#10685,#10686);
#9787=AXIS2_PLACEMENT_3D('',#13394,#10687,#10688);
#9788=AXIS2_PLACEMENT_3D('',#13396,#10689,#10690);
#9789=AXIS2_PLACEMENT_3D('',#13398,#10691,#10692);
#9790=AXIS2_PLACEMENT_3D('',#13400,#10693,#10694);
#9791=AXIS2_PLACEMENT_3D('',#13402,#10695,#10696);
#9792=AXIS2_PLACEMENT_3D('',#13404,#10697,#10698);
#9793=AXIS2_PLACEMENT_3D('',#13406,#10699,#10700);
#9794=AXIS2_PLACEMENT_3D('',#13421,#10708,#10709);
#9795=AXIS2_PLACEMENT_3D('',#13422,#10710,#10711);
#9796=AXIS2_PLACEMENT_3D('',#13427,#10713,#10714);
#9797=AXIS2_PLACEMENT_3D('',#13431,#10716,#10717);
#9798=AXIS2_PLACEMENT_3D('',#13432,#10718,#10719);
#9799=AXIS2_PLACEMENT_3D('',#13436,#10721,#10722);
#9800=AXIS2_PLACEMENT_3D('',#13437,#10723,#10724);
#9801=AXIS2_PLACEMENT_3D('',#13456,#10732,#10733);
#9802=AXIS2_PLACEMENT_3D('',#13471,#10741,#10742);
#9803=AXIS2_PLACEMENT_3D('',#13472,#10743,#10744);
#9804=AXIS2_PLACEMENT_3D('',#13477,#10746,#10747);
#9805=AXIS2_PLACEMENT_3D('',#13478,#10748,#10749);
#9806=AXIS2_PLACEMENT_3D('',#13482,#10751,#10752);
#9807=AXIS2_PLACEMENT_3D('',#13483,#10753,#10754);
#9808=AXIS2_PLACEMENT_3D('',#13484,#10755,#10756);
#9809=AXIS2_PLACEMENT_3D('',#13489,#10758,#10759);
#9810=AXIS2_PLACEMENT_3D('',#13493,#10761,#10762);
#9811=AXIS2_PLACEMENT_3D('',#13497,#10764,#10765);
#9812=AXIS2_PLACEMENT_3D('',#13501,#10767,#10768);
#9813=AXIS2_PLACEMENT_3D('',#13502,#10769,#10770);
#9814=AXIS2_PLACEMENT_3D('',#13522,#10778,#10779);
#9815=AXIS2_PLACEMENT_3D('',#13523,#10780,#10781);
#9816=AXIS2_PLACEMENT_3D('',#13528,#10783,#10784);
#9817=AXIS2_PLACEMENT_3D('',#13532,#10786,#10787);
#9818=AXIS2_PLACEMENT_3D('',#13536,#10789,#10790);
#9819=AXIS2_PLACEMENT_3D('',#13537,#10791,#10792);
#9820=AXIS2_PLACEMENT_3D('',#13541,#10794,#10795);
#9821=AXIS2_PLACEMENT_3D('',#13545,#10797,#10798);
#9822=AXIS2_PLACEMENT_3D('',#13549,#10800,#10801);
#9823=AXIS2_PLACEMENT_3D('',#13550,#10802,#10803);
#9824=AXIS2_PLACEMENT_3D('',#13552,#10804,#10805);
#9825=AXIS2_PLACEMENT_3D('',#13571,#10813,#10814);
#9826=AXIS2_PLACEMENT_3D('',#13577,#10818,#10819);
#9827=AXIS2_PLACEMENT_3D('',#13591,#10827,#10828);
#9828=AXIS2_PLACEMENT_3D('',#13601,#10834,#10835);
#9829=AXIS2_PLACEMENT_3D('',#13614,#10842,#10843);
#9830=AXIS2_PLACEMENT_3D('',#13620,#10847,#10848);
#9831=AXIS2_PLACEMENT_3D('',#13639,#10859,#10860);
#9832=AXIS2_PLACEMENT_3D('',#13645,#10864,#10865);
#9833=AXIS2_PLACEMENT_3D('',#13662,#10875,#10876);
#9834=AXIS2_PLACEMENT_3D('',#13698,#10882,#10883);
#9835=AXIS2_PLACEMENT_3D('',#13699,#10884,#10885);
#9836=AXIS2_PLACEMENT_3D('',#13703,#10887,#10888);
#9837=AXIS2_PLACEMENT_3D('',#13707,#10890,#10891);
#9838=AXIS2_PLACEMENT_3D('',#13708,#10892,#10893);
#9839=AXIS2_PLACEMENT_3D('',#13725,#10900,#10901);
#9840=AXIS2_PLACEMENT_3D('',#13731,#10905,#10906);
#9841=AXIS2_PLACEMENT_3D('',#13737,#10910,#10911);
#9842=AXIS2_PLACEMENT_3D('',#13743,#10915,#10916);
#9843=AXIS2_PLACEMENT_3D('',#13744,#10917,#10918);
#9844=AXIS2_PLACEMENT_3D('',#13745,#10919,#10920);
#9845=AXIS2_PLACEMENT_3D('',#13749,#10922,#10923);
#9846=AXIS2_PLACEMENT_3D('',#13750,#10924,#10925);
#9847=AXIS2_PLACEMENT_3D('',#13751,#10926,#10927);
#9848=AXIS2_PLACEMENT_3D('',#13753,#10928,#10929);
#9849=AXIS2_PLACEMENT_3D('',#13754,#10930,#10931);
#9850=AXIS2_PLACEMENT_3D('',#13755,#10932,#10933);
#9851=AXIS2_PLACEMENT_3D('',#13759,#10935,#10936);
#9852=AXIS2_PLACEMENT_3D('',#13760,#10937,#10938);
#9853=AXIS2_PLACEMENT_3D('',#13761,#10939,#10940);
#9854=AXIS2_PLACEMENT_3D('',#13763,#10941,#10942);
#9855=AXIS2_PLACEMENT_3D('',#13764,#10943,#10944);
#9856=AXIS2_PLACEMENT_3D('',#13768,#10946,#10947);
#9857=AXIS2_PLACEMENT_3D('',#13772,#10949,#10950);
#9858=AXIS2_PLACEMENT_3D('',#13773,#10951,#10952);
#9859=AXIS2_PLACEMENT_3D('',#13775,#10953,#10954);
#9860=AXIS2_PLACEMENT_3D('',#13776,#10955,#10956);
#9861=AXIS2_PLACEMENT_3D('',#13777,#10957,#10958);
#9862=AXIS2_PLACEMENT_3D('',#13778,#10959,#10960);
#9863=AXIS2_PLACEMENT_3D('',#13779,#10961,#10962);
#9864=AXIS2_PLACEMENT_3D('',#13780,#10963,#10964);
#9865=AXIS2_PLACEMENT_3D('',#13781,#10965,#10966);
#9866=AXIS2_PLACEMENT_3D('',#13782,#10967,#10968);
#9867=AXIS2_PLACEMENT_3D('',#13783,#10969,#10970);
#9868=AXIS2_PLACEMENT_3D('',#13786,#10973,#10974);
#9869=AXIS2_PLACEMENT_3D('',#13788,#10976,#10977);
#9870=AXIS2_PLACEMENT_3D('',#13790,#10979,#10980);
#9871=AXIS2_PLACEMENT_3D('',#13792,#10982,#10983);
#9872=AXIS2_PLACEMENT_3D('',#13794,#10985,#10986);
#9873=AXIS2_PLACEMENT_3D('',#13796,#10988,#10989);
#9874=AXIS2_PLACEMENT_3D('',#13798,#10991,#10992);
#9875=AXIS2_PLACEMENT_3D('',#13799,#10993,#10994);
#9876=AXIS2_PLACEMENT_3D('',#13800,#10995,#10996);
#9877=AXIS2_PLACEMENT_3D('',#13802,#10997,#10998);
#9878=AXIS2_PLACEMENT_3D('',#13803,#10999,#11000);
#9879=AXIS2_PLACEMENT_3D('',#13804,#11001,#11002);
#9880=AXIS2_PLACEMENT_3D('',#13806,#11003,#11004);
#9881=AXIS2_PLACEMENT_3D('',#13807,#11005,#11006);
#9882=AXIS2_PLACEMENT_3D('',#13808,#11007,#11008);
#9883=AXIS2_PLACEMENT_3D('',#13810,#11009,#11010);
#9884=AXIS2_PLACEMENT_3D('',#13811,#11011,#11012);
#9885=AXIS2_PLACEMENT_3D('',#13812,#11013,#11014);
#9886=AXIS2_PLACEMENT_3D('',#13814,#11015,#11016);
#9887=AXIS2_PLACEMENT_3D('',#13815,#11017,#11018);
#9888=AXIS2_PLACEMENT_3D('',#13816,#11019,#11020);
#9889=AXIS2_PLACEMENT_3D('',#13818,#11021,#11022);
#9890=AXIS2_PLACEMENT_3D('',#13819,#11023,#11024);
#9891=AXIS2_PLACEMENT_3D('',#13820,#11025,#11026);
#9892=AXIS2_PLACEMENT_3D('',#13822,#11027,#11028);
#9893=AXIS2_PLACEMENT_3D('',#13823,#11029,#11030);
#9894=AXIS2_PLACEMENT_3D('',#13824,#11031,#11032);
#9895=AXIS2_PLACEMENT_3D('',#13826,#11033,#11034);
#9896=AXIS2_PLACEMENT_3D('',#13827,#11035,#11036);
#9897=AXIS2_PLACEMENT_3D('',#13828,#11037,#11038);
#9898=AXIS2_PLACEMENT_3D('',#13830,#11039,#11040);
#9899=AXIS2_PLACEMENT_3D('',#13831,#11041,#11042);
#9900=AXIS2_PLACEMENT_3D('',#13871,#11048,#11049);
#9901=AXIS2_PLACEMENT_3D('',#13907,#11053,#11054);
#9902=AXIS2_PLACEMENT_3D('',#13909,#11056,#11057);
#9903=AXIS2_PLACEMENT_3D('',#13912,#11059,#11060);
#9904=AXIS2_PLACEMENT_3D('',#13914,#11061,#11062);
#9905=AXIS2_PLACEMENT_3D('',#13915,#11063,#11064);
#9906=AXIS2_PLACEMENT_3D('',#13917,#11065,#11066);
#9907=AXIS2_PLACEMENT_3D('',#13920,#11068,#11069);
#9908=AXIS2_PLACEMENT_3D('',#13924,#11072,#11073);
#9909=AXIS2_PLACEMENT_3D('',#13930,#11077,#11078);
#9910=AXIS2_PLACEMENT_3D('',#13933,#11080,#11081);
#9911=AXIS2_PLACEMENT_3D('',#13935,#11082,#11083);
#9912=AXIS2_PLACEMENT_3D('',#13936,#11084,#11085);
#9913=AXIS2_PLACEMENT_3D('',#13938,#11086,#11087);
#9914=AXIS2_PLACEMENT_3D('',#13939,#11088,#11089);
#9915=AXIS2_PLACEMENT_3D('',#13941,#11091,#11092);
#9916=AXIS2_PLACEMENT_3D('',#13942,#11093,#11094);
#9917=AXIS2_PLACEMENT_3D('',#13943,#11095,#11096);
#9918=AXIS2_PLACEMENT_3D('',#13946,#11098,#11099);
#9919=AXIS2_PLACEMENT_3D('',#13948,#11100,#11101);
#9920=AXIS2_PLACEMENT_3D('',#13949,#11102,#11103);
#9921=AXIS2_PLACEMENT_3D('',#13953,#11106,#11107);
#9922=AXIS2_PLACEMENT_3D('',#13957,#11110,#11111);
#9923=AXIS2_PLACEMENT_3D('',#13962,#11114,#11115);
#9924=AXIS2_PLACEMENT_3D('',#13963,#11116,#11117);
#9925=AXIS2_PLACEMENT_3D('',#13964,#11118,#11119);
#9926=AXIS2_PLACEMENT_3D('',#13967,#11121,#11122);
#9927=AXIS2_PLACEMENT_3D('',#13968,#11123,#11124);
#9928=AXIS2_PLACEMENT_3D('',#13972,#11127,#11128);
#9929=AXIS2_PLACEMENT_3D('',#13978,#11132,#11133);
#9930=AXIS2_PLACEMENT_3D('',#13979,#11134,#11135);
#9931=AXIS2_PLACEMENT_3D('',#13981,#11136,#11137);
#9932=AXIS2_PLACEMENT_3D('',#13982,#11138,#11139);
#9933=AXIS2_PLACEMENT_3D('',#13983,#11140,#11141);
#9934=AXIS2_PLACEMENT_3D('',#13987,#11143,#11144);
#9935=AXIS2_PLACEMENT_3D('',#13988,#11145,#11146);
#9936=AXIS2_PLACEMENT_3D('',#13989,#11147,#11148);
#9937=AXIS2_PLACEMENT_3D('',#13993,#11151,#11152);
#9938=AXIS2_PLACEMENT_3D('',#13996,#11154,#11155);
#9939=AXIS2_PLACEMENT_3D('',#13998,#11156,#11157);
#9940=AXIS2_PLACEMENT_3D('',#13999,#11158,#11159);
#9941=AXIS2_PLACEMENT_3D('',#14001,#11160,#11161);
#9942=AXIS2_PLACEMENT_3D('',#14004,#11163,#11164);
#9943=AXIS2_PLACEMENT_3D('',#14008,#11167,#11168);
#9944=AXIS2_PLACEMENT_3D('',#14009,#11169,#11170);
#9945=AXIS2_PLACEMENT_3D('',#14012,#11172,#11173);
#9946=AXIS2_PLACEMENT_3D('',#14013,#11174,#11175);
#9947=AXIS2_PLACEMENT_3D('',#14014,#11176,#11177);
#9948=AXIS2_PLACEMENT_3D('',#14020,#11181,#11182);
#9949=AXIS2_PLACEMENT_3D('',#14024,#11185,#11186);
#9950=AXIS2_PLACEMENT_3D('',#14025,#11187,#11188);
#9951=AXIS2_PLACEMENT_3D('',#14027,#11189,#11190);
#9952=AXIS2_PLACEMENT_3D('',#14028,#11191,#11192);
#9953=AXIS2_PLACEMENT_3D('',#14030,#11194,#11195);
#9954=AXIS2_PLACEMENT_3D('',#14031,#11196,#11197);
#9955=AXIS2_PLACEMENT_3D('',#14032,#11198,#11199);
#9956=AXIS2_PLACEMENT_3D('',#14038,#11203,#11204);
#9957=AXIS2_PLACEMENT_3D('',#14041,#11206,#11207);
#9958=AXIS2_PLACEMENT_3D('',#14043,#11208,#11209);
#9959=AXIS2_PLACEMENT_3D('',#14044,#11210,#11211);
#9960=AXIS2_PLACEMENT_3D('',#14046,#11212,#11213);
#9961=AXIS2_PLACEMENT_3D('',#14047,#11214,#11215);
#9962=AXIS2_PLACEMENT_3D('',#14051,#11218,#11219);
#9963=AXIS2_PLACEMENT_3D('',#14052,#11220,#11221);
#9964=AXIS2_PLACEMENT_3D('',#14056,#11224,#11225);
#9965=AXIS2_PLACEMENT_3D('',#14062,#11229,#11230);
#9966=AXIS2_PLACEMENT_3D('',#14063,#11231,#11232);
#9967=AXIS2_PLACEMENT_3D('',#14065,#11233,#11234);
#9968=AXIS2_PLACEMENT_3D('',#14066,#11235,#11236);
#9969=AXIS2_PLACEMENT_3D('',#14068,#11238,#11239);
#9970=AXIS2_PLACEMENT_3D('',#14069,#11240,#11241);
#9971=AXIS2_PLACEMENT_3D('',#14070,#11242,#11243);
#9972=AXIS2_PLACEMENT_3D('',#14076,#11247,#11248);
#9973=AXIS2_PLACEMENT_3D('',#14077,#11249,#11250);
#9974=AXIS2_PLACEMENT_3D('',#14080,#11252,#11253);
#9975=AXIS2_PLACEMENT_3D('',#14084,#11256,#11257);
#9976=AXIS2_PLACEMENT_3D('',#14085,#11258,#11259);
#9977=AXIS2_PLACEMENT_3D('',#14088,#11261,#11262);
#9978=AXIS2_PLACEMENT_3D('',#14092,#11265,#11266);
#9979=AXIS2_PLACEMENT_3D('',#14098,#11270,#11271);
#9980=AXIS2_PLACEMENT_3D('',#14101,#11273,#11274);
#9981=AXIS2_PLACEMENT_3D('',#14102,#11275,#11276);
#9982=AXIS2_PLACEMENT_3D('',#14106,#11279,#11280);
#9983=AXIS2_PLACEMENT_3D('',#14107,#11281,#11282);
#9984=AXIS2_PLACEMENT_3D('',#14108,#11283,#11284);
#9985=AXIS2_PLACEMENT_3D('',#14111,#11286,#11287);
#9986=AXIS2_PLACEMENT_3D('',#14112,#11288,#11289);
#9987=AXIS2_PLACEMENT_3D('',#14113,#11290,#11291);
#9988=AXIS2_PLACEMENT_3D('',#14116,#11293,#11294);
#9989=AXIS2_PLACEMENT_3D('',#14118,#11296,#11297);
#9990=AXIS2_PLACEMENT_3D('',#14119,#11298,#11299);
#9991=AXIS2_PLACEMENT_3D('',#14120,#11300,#11301);
#9992=AXIS2_PLACEMENT_3D('',#14122,#11302,#11303);
#9993=AXIS2_PLACEMENT_3D('',#14123,#11304,#11305);
#9994=AXIS2_PLACEMENT_3D('',#14124,#11306,#11307);
#9995=AXIS2_PLACEMENT_3D('',#14126,#11308,#11309);
#9996=AXIS2_PLACEMENT_3D('',#14127,#11310,#11311);
#9997=AXIS2_PLACEMENT_3D('',#14128,#11312,#11313);
#9998=AXIS2_PLACEMENT_3D('',#14130,#11314,#11315);
#9999=AXIS2_PLACEMENT_3D('',#14131,#11316,#11317);
#10000=AXIS2_PLACEMENT_3D('',#14132,#11318,#11319);
#10001=AXIS2_PLACEMENT_3D('',#14134,#11320,#11321);
#10002=AXIS2_PLACEMENT_3D('',#14135,#11322,#11323);
#10003=AXIS2_PLACEMENT_3D('',#14136,#11324,#11325);
#10004=AXIS2_PLACEMENT_3D('',#14138,#11326,#11327);
#10005=AXIS2_PLACEMENT_3D('',#14139,#11328,#11329);
#10006=AXIS2_PLACEMENT_3D('',#14140,#11330,#11331);
#10007=AXIS2_PLACEMENT_3D('',#14142,#11332,#11333);
#10008=AXIS2_PLACEMENT_3D('',#14143,#11334,#11335);
#10009=AXIS2_PLACEMENT_3D('',#14144,#11336,#11337);
#10010=AXIS2_PLACEMENT_3D('',#14146,#11338,#11339);
#10011=AXIS2_PLACEMENT_3D('',#14147,#11340,#11341);
#10012=AXIS2_PLACEMENT_3D('',#14151,#11343,#11344);
#10013=AXIS2_PLACEMENT_3D('',#14152,#11345,#11346);
#10014=AXIS2_PLACEMENT_3D('',#14157,#11349,#11350);
#10015=AXIS2_PLACEMENT_3D('',#14162,#11354,#11355);
#10016=AXIS2_PLACEMENT_3D('',#14165,#11358,#11359);
#10017=AXIS2_PLACEMENT_3D('',#14174,#11364,#11365);
#10018=AXIS2_PLACEMENT_3D('',#14183,#11370,#11371);
#10019=AXIS2_PLACEMENT_3D('',#14192,#11376,#11377);
#10020=AXIS2_PLACEMENT_3D('',#14196,#11379,#11380);
#10021=AXIS2_PLACEMENT_3D('',#14197,#11381,#11382);
#10022=AXIS2_PLACEMENT_3D('',#14201,#11384,#11385);
#10023=AXIS2_PLACEMENT_3D('',#14209,#11389,#11390);
#10024=AXIS2_PLACEMENT_3D('',#14213,#11392,#11393);
#10025=AXIS2_PLACEMENT_3D('',#14214,#11394,#11395);
#10026=AXIS2_PLACEMENT_3D('',#14218,#11397,#11398);
#10027=AXIS2_PLACEMENT_3D('',#14222,#11400,#11401);
#10028=AXIS2_PLACEMENT_3D('',#14223,#11402,#11403);
#10029=AXIS2_PLACEMENT_3D('',#14231,#11406,#11407);
#10030=AXIS2_PLACEMENT_3D('',#14239,#11410,#11411);
#10031=AXIS2_PLACEMENT_3D('',#14247,#11412,#11413);
#10032=AXIS2_PLACEMENT_3D('',#14263,#11414,#11415);
#10033=AXIS2_PLACEMENT_3D('',#14264,#11416,#11417);
#10034=AXIS2_PLACEMENT_3D('',#14265,#11418,#11419);
#10035=AXIS2_PLACEMENT_3D('',#14281,#11420,#11421);
#10036=AXIS2_PLACEMENT_3D('',#14282,#11422,#11423);
#10037=AXIS2_PLACEMENT_3D('',#14288,#11424,#11425);
#10038=AXIS2_PLACEMENT_3D('',#14289,#11426,#11427);
#10039=AXIS2_PLACEMENT_3D('',#14290,#11428,#11429);
#10040=AXIS2_PLACEMENT_3D('',#14291,#11430,#11431);
#10041=AXIS2_PLACEMENT_3D('',#14292,#11432,#11433);
#10042=AXIS2_PLACEMENT_3D('',#14293,#11434,#11435);
#10043=AXIS2_PLACEMENT_3D('',#14294,#11436,#11437);
#10044=AXIS2_PLACEMENT_3D('',#14295,#11438,#11439);
#10045=AXIS2_PLACEMENT_3D('',#14296,#11440,#11441);
#10046=AXIS2_PLACEMENT_3D('',#14297,#11442,#11443);
#10047=AXIS2_PLACEMENT_3D('',#14298,#11444,#11445);
#10048=AXIS2_PLACEMENT_3D('',#14299,#11446,#11447);
#10049=AXIS2_PLACEMENT_3D('',#14300,#11448,#11449);
#10050=AXIS2_PLACEMENT_3D('',#14301,#11450,#11451);
#10051=AXIS2_PLACEMENT_3D('',#14302,#11452,#11453);
#10052=AXIS2_PLACEMENT_3D('',#14303,#11454,#11455);
#10053=AXIS2_PLACEMENT_3D('',#14304,#11456,#11457);
#10054=AXIS2_PLACEMENT_3D('',#14305,#11458,#11459);
#10055=AXIS2_PLACEMENT_3D('',#14306,#11460,#11461);
#10056=AXIS2_PLACEMENT_3D('',#14307,#11462,#11463);
#10057=AXIS2_PLACEMENT_3D('',#14308,#11464,#11465);
#10058=AXIS2_PLACEMENT_3D('',#14309,#11466,#11467);
#10059=AXIS2_PLACEMENT_3D('',#14310,#11468,#11469);
#10060=AXIS2_PLACEMENT_3D('',#14311,#11470,#11471);
#10061=AXIS2_PLACEMENT_3D('',#14312,#11472,#11473);
#10062=AXIS2_PLACEMENT_3D('',#14313,#11474,#11475);
#10063=AXIS2_PLACEMENT_3D('',#14314,#11476,#11477);
#10064=AXIS2_PLACEMENT_3D('',#14315,#11478,#11479);
#10065=AXIS2_PLACEMENT_3D('',#14316,#11480,#11481);
#10066=AXIS2_PLACEMENT_3D('',#14317,#11482,#11483);
#10067=AXIS2_PLACEMENT_3D('',#14318,#11484,#11485);
#10068=AXIS2_PLACEMENT_3D('',#14319,#11486,#11487);
#10069=AXIS2_PLACEMENT_3D('',#14320,#11488,#11489);
#10070=AXIS2_PLACEMENT_3D('',#14321,#11490,#11491);
#10071=AXIS2_PLACEMENT_3D('',#14322,#11492,#11493);
#10072=AXIS2_PLACEMENT_3D('',#14323,#11494,#11495);
#10073=AXIS2_PLACEMENT_3D('',#14324,#11496,#11497);
#10074=AXIS2_PLACEMENT_3D('',#14325,#11498,#11499);
#10075=AXIS2_PLACEMENT_3D('',#14326,#11500,#11501);
#10076=AXIS2_PLACEMENT_3D('',#14327,#11502,#11503);
#10077=AXIS2_PLACEMENT_3D('',#14328,#11504,#11505);
#10078=AXIS2_PLACEMENT_3D('',#14329,#11506,#11507);
#10079=AXIS2_PLACEMENT_3D('',#14330,#11508,#11509);
#10080=AXIS2_PLACEMENT_3D('',#14331,#11510,#11511);
#10081=AXIS2_PLACEMENT_3D('',#14332,#11512,#11513);
#10082=AXIS2_PLACEMENT_3D('',#14333,#11514,#11515);
#10083=AXIS2_PLACEMENT_3D('',#14334,#11516,#11517);
#10084=AXIS2_PLACEMENT_3D('',#14335,#11518,#11519);
#10085=AXIS2_PLACEMENT_3D('',#14336,#11520,#11521);
#10086=AXIS2_PLACEMENT_3D('',#14337,#11522,#11523);
#10087=AXIS2_PLACEMENT_3D('',#14338,#11524,#11525);
#10088=AXIS2_PLACEMENT_3D('',#14339,#11526,#11527);
#10089=AXIS2_PLACEMENT_3D('',#14340,#11528,#11529);
#10090=AXIS2_PLACEMENT_3D('',#14341,#11530,#11531);
#10091=AXIS2_PLACEMENT_3D('',#14342,#11532,#11533);
#10092=AXIS2_PLACEMENT_3D('',#14343,#11534,#11535);
#10093=AXIS2_PLACEMENT_3D('',#14344,#11536,#11537);
#10094=AXIS2_PLACEMENT_3D('',#14345,#11538,#11539);
#10095=AXIS2_PLACEMENT_3D('',#14346,#11540,#11541);
#10096=AXIS2_PLACEMENT_3D('',#14347,#11542,#11543);
#10097=AXIS2_PLACEMENT_3D('',#14348,#11544,#11545);
#10098=AXIS2_PLACEMENT_3D('',#14349,#11546,#11547);
#10099=AXIS2_PLACEMENT_3D('',#14350,#11548,#11549);
#10100=AXIS2_PLACEMENT_3D('',#14351,#11550,#11551);
#10101=AXIS2_PLACEMENT_3D('',#14352,#11552,#11553);
#10102=AXIS2_PLACEMENT_3D('',#14355,#11556,#11557);
#10103=AXIS2_PLACEMENT_3D('',#14357,#11559,#11560);
#10104=AXIS2_PLACEMENT_3D('',#14359,#11562,#11563);
#10105=AXIS2_PLACEMENT_3D('',#14361,#11565,#11566);
#10106=AXIS2_PLACEMENT_3D('',#14363,#11568,#11569);
#10107=AXIS2_PLACEMENT_3D('',#14365,#11571,#11572);
#10108=AXIS2_PLACEMENT_3D('',#14367,#11574,#11575);
#10109=AXIS2_PLACEMENT_3D('',#14368,#11576,#11577);
#10110=AXIS2_PLACEMENT_3D('',#14370,#11579,#11580);
#10111=AXIS2_PLACEMENT_3D('',#14372,#11582,#11583);
#10112=AXIS2_PLACEMENT_3D('',#14374,#11585,#11586);
#10113=AXIS2_PLACEMENT_3D('',#14376,#11588,#11589);
#10114=AXIS2_PLACEMENT_3D('',#14378,#11591,#11592);
#10115=AXIS2_PLACEMENT_3D('',#14380,#11594,#11595);
#10116=AXIS2_PLACEMENT_3D('',#14401,#11596,#11597);
#10117=AXIS2_PLACEMENT_3D('',#14403,#11599,#11600);
#10118=AXIS2_PLACEMENT_3D('',#14405,#11602,#11603);
#10119=AXIS2_PLACEMENT_3D('',#14407,#11605,#11606);
#10120=AXIS2_PLACEMENT_3D('',#14409,#11608,#11609);
#10121=AXIS2_PLACEMENT_3D('',#14411,#11611,#11612);
#10122=AXIS2_PLACEMENT_3D('',#14413,#11614,#11615);
#10123=AXIS2_PLACEMENT_3D('',#14415,#11617,#11618);
#10124=AXIS2_PLACEMENT_3D('',#14417,#11620,#11621);
#10125=AXIS2_PLACEMENT_3D('',#14419,#11623,#11624);
#10126=AXIS2_PLACEMENT_3D('',#14421,#11626,#11627);
#10127=AXIS2_PLACEMENT_3D('',#14423,#11629,#11630);
#10128=AXIS2_PLACEMENT_3D('',#14425,#11632,#11633);
#10129=AXIS2_PLACEMENT_3D('',#14427,#11635,#11636);
#10130=AXIS2_PLACEMENT_3D('',#14429,#11638,#11639);
#10131=AXIS2_PLACEMENT_3D('',#14431,#11641,#11642);
#10132=AXIS2_PLACEMENT_3D('',#14433,#11644,#11645);
#10133=AXIS2_PLACEMENT_3D('',#14435,#11647,#11648);
#10134=AXIS2_PLACEMENT_3D('',#14437,#11650,#11651);
#10135=AXIS2_PLACEMENT_3D('',#14439,#11653,#11654);
#10136=AXIS2_PLACEMENT_3D('',#14441,#11656,#11657);
#10137=AXIS2_PLACEMENT_3D('',#14443,#11659,#11660);
#10138=AXIS2_PLACEMENT_3D('',#14445,#11662,#11663);
#10139=AXIS2_PLACEMENT_3D('',#14458,#11664,#11665);
#10140=AXIS2_PLACEMENT_3D('',#14460,#11667,#11668);
#10141=AXIS2_PLACEMENT_3D('',#14462,#11670,#11671);
#10142=AXIS2_PLACEMENT_3D('',#14464,#11673,#11674);
#10143=AXIS2_PLACEMENT_3D('',#14466,#11676,#11677);
#10144=AXIS2_PLACEMENT_3D('',#14467,#11678,#11679);
#10145=AXIS2_PLACEMENT_3D('',#14470,#11682,#11683);
#10146=AXIS2_PLACEMENT_3D('',#14472,#11685,#11686);
#10147=AXIS2_PLACEMENT_3D('',#14474,#11688,#11689);
#10148=AXIS2_PLACEMENT_3D('',#14476,#11691,#11692);
#10149=AXIS2_PLACEMENT_3D('',#14478,#11694,#11695);
#10150=AXIS2_PLACEMENT_3D('',#14480,#11697,#11698);
#10151=AXIS2_PLACEMENT_3D('',#14482,#11700,#11701);
#10152=AXIS2_PLACEMENT_3D('',#14484,#11703,#11704);
#10153=AXIS2_PLACEMENT_3D('',#14486,#11706,#11707);
#10154=AXIS2_PLACEMENT_3D('',#14488,#11709,#11710);
#10155=AXIS2_PLACEMENT_3D('',#14490,#11712,#11713);
#10156=AXIS2_PLACEMENT_3D('',#14492,#11715,#11716);
#10157=AXIS2_PLACEMENT_3D('',#14494,#11718,#11719);
#10158=AXIS2_PLACEMENT_3D('',#14496,#11721,#11722);
#10159=AXIS2_PLACEMENT_3D('',#14498,#11724,#11725);
#10160=AXIS2_PLACEMENT_3D('',#14500,#11727,#11728);
#10161=AXIS2_PLACEMENT_3D('',#14502,#11730,#11731);
#10162=AXIS2_PLACEMENT_3D('',#14504,#11733,#11734);
#10163=AXIS2_PLACEMENT_3D('',#14506,#11736,#11737);
#10164=AXIS2_PLACEMENT_3D('',#14507,#11738,#11739);
#10165=AXIS2_PLACEMENT_3D('',#14509,#11741,#11742);
#10166=AXIS2_PLACEMENT_3D('',#14511,#11744,#11745);
#10167=AXIS2_PLACEMENT_3D('',#14512,#11746,#11747);
#10168=AXIS2_PLACEMENT_3D('',#14514,#11749,#11750);
#10169=AXIS2_PLACEMENT_3D('',#14515,#11751,#11752);
#10170=AXIS2_PLACEMENT_3D('',#14516,#11753,#11754);
#10171=AXIS2_PLACEMENT_3D('',#14517,#11755,#11756);
#10172=AXIS2_PLACEMENT_3D('',#14519,#11758,#11759);
#10173=AXIS2_PLACEMENT_3D('',#14520,#11760,#11761);
#10174=AXIS2_PLACEMENT_3D('',#14522,#11763,#11764);
#10175=AXIS2_PLACEMENT_3D('',#14524,#11766,#11767);
#10176=AXIS2_PLACEMENT_3D('',#14526,#11769,#11770);
#10177=AXIS2_PLACEMENT_3D('',#14527,#11771,#11772);
#10178=AXIS2_PLACEMENT_3D('',#14528,#11773,#11774);
#10179=AXIS2_PLACEMENT_3D('',#14530,#11776,#11777);
#10180=AXIS2_PLACEMENT_3D('',#14532,#11779,#11780);
#10181=AXIS2_PLACEMENT_3D('',#14534,#11782,#11783);
#10182=AXIS2_PLACEMENT_3D('',#14555,#11784,#11785);
#10183=AXIS2_PLACEMENT_3D('',#14560,#11786,#11787);
#10184=AXIS2_PLACEMENT_3D('',#14597,#11788,#11789);
#10185=AXIS2_PLACEMENT_3D('',#14602,#11790,#11791);
#10186=AXIS2_PLACEMENT_3D('',#14619,#11792,#11793);
#10187=AXIS2_PLACEMENT_3D('',#14623,#11795,#11796);
#10188=AXIS2_PLACEMENT_3D('',#14627,#11798,#11799);
#10189=AXIS2_PLACEMENT_3D('',#14628,#11800,#11801);
#10190=AXIS2_PLACEMENT_3D('',#14634,#11805,#11806);
#10191=AXIS2_PLACEMENT_3D('',#14635,#11807,#11808);
#10192=AXIS2_PLACEMENT_3D('',#14639,#11810,#11811);
#10193=AXIS2_PLACEMENT_3D('',#14640,#11812,#11813);
#10194=AXIS2_PLACEMENT_3D('',#14643,#11816,#11817);
#10195=AXIS2_PLACEMENT_3D('',#14644,#11818,#11819);
#10196=AXIS2_PLACEMENT_3D('',#14648,#11821,#11822);
#10197=AXIS2_PLACEMENT_3D('',#14652,#11824,#11825);
#10198=AXIS2_PLACEMENT_3D('',#14653,#11826,#11827);
#10199=AXIS2_PLACEMENT_3D('',#14659,#11831,#11832);
#10200=AXIS2_PLACEMENT_3D('',#14660,#11833,#11834);
#10201=AXIS2_PLACEMENT_3D('',#14664,#11836,#11837);
#10202=AXIS2_PLACEMENT_3D('',#14665,#11838,#11839);
#10203=AXIS2_PLACEMENT_3D('',#14668,#11842,#11843);
#10204=AXIS2_PLACEMENT_3D('',#14669,#11844,#11845);
#10205=AXIS2_PLACEMENT_3D('',#14672,#11848,#11849);
#10206=AXIS2_PLACEMENT_3D('',#14674,#11851,#11852);
#10207=AXIS2_PLACEMENT_3D('',#14676,#11854,#11855);
#10208=AXIS2_PLACEMENT_3D('',#14677,#11856,#11857);
#10209=AXIS2_PLACEMENT_3D('',#14680,#11860,#11861);
#10210=AXIS2_PLACEMENT_3D('',#14682,#11863,#11864);
#10211=AXIS2_PLACEMENT_3D('',#14684,#11866,#11867);
#10212=AXIS2_PLACEMENT_3D('',#14685,#11868,#11869);
#10213=AXIS2_PLACEMENT_3D('',#14691,#11873,#11874);
#10214=AXIS2_PLACEMENT_3D('',#14695,#11877,#11878);
#10215=AXIS2_PLACEMENT_3D('',#14699,#11881,#11882);
#10216=AXIS2_PLACEMENT_3D('',#14701,#11884,#11885);
#10217=AXIS2_PLACEMENT_3D('',#14702,#11886,#11887);
#10218=AXIS2_PLACEMENT_3D('',#14703,#11888,#11889);
#10219=AXIS2_PLACEMENT_3D('',#14712,#11894,#11895);
#10220=AXIS2_PLACEMENT_3D('',#14718,#11899,#11900);
#10221=AXIS2_PLACEMENT_3D('',#14724,#11904,#11905);
#10222=AXIS2_PLACEMENT_3D('',#14727,#11908,#11909);
#10223=AXIS2_PLACEMENT_3D('',#14728,#11910,#11911);
#10224=AXIS2_PLACEMENT_3D('',#14729,#11912,#11913);
#10225=AXIS2_PLACEMENT_3D('',#14730,#11914,#11915);
#10226=AXIS2_PLACEMENT_3D('',#14739,#11920,#11921);
#10227=AXIS2_PLACEMENT_3D('',#14745,#11925,#11926);
#10228=AXIS2_PLACEMENT_3D('',#14751,#11930,#11931);
#10229=AXIS2_PLACEMENT_3D('',#14754,#11934,#11935);
#10230=AXIS2_PLACEMENT_3D('',#14755,#11936,#11937);
#10231=AXIS2_PLACEMENT_3D('',#14756,#11938,#11939);
#10232=AXIS2_PLACEMENT_3D('',#14757,#11940,#11941);
#10233=AXIS2_PLACEMENT_3D('',#14766,#11946,#11947);
#10234=AXIS2_PLACEMENT_3D('',#14772,#11951,#11952);
#10235=AXIS2_PLACEMENT_3D('',#14778,#11956,#11957);
#10236=AXIS2_PLACEMENT_3D('',#14781,#11960,#11961);
#10237=AXIS2_PLACEMENT_3D('',#14782,#11962,#11963);
#10238=AXIS2_PLACEMENT_3D('',#14783,#11964,#11965);
#10239=AXIS2_PLACEMENT_3D('',#14784,#11966,#11967);
#10240=AXIS2_PLACEMENT_3D('',#14793,#11972,#11973);
#10241=AXIS2_PLACEMENT_3D('',#14799,#11977,#11978);
#10242=AXIS2_PLACEMENT_3D('',#14805,#11982,#11983);
#10243=AXIS2_PLACEMENT_3D('',#14808,#11986,#11987);
#10244=AXIS2_PLACEMENT_3D('',#14809,#11988,#11989);
#10245=AXIS2_PLACEMENT_3D('',#14810,#11990,#11991);
#10246=AXIS2_PLACEMENT_3D('',#14811,#11992,#11993);
#10247=AXIS2_PLACEMENT_3D('',#14820,#11998,#11999);
#10248=AXIS2_PLACEMENT_3D('',#14826,#12003,#12004);
#10249=AXIS2_PLACEMENT_3D('',#14832,#12008,#12009);
#10250=AXIS2_PLACEMENT_3D('',#14835,#12012,#12013);
#10251=AXIS2_PLACEMENT_3D('',#14836,#12014,#12015);
#10252=AXIS2_PLACEMENT_3D('',#14837,#12016,#12017);
#10253=AXIS2_PLACEMENT_3D('',#14838,#12018,#12019);
#10254=AXIS2_PLACEMENT_3D('',#14847,#12024,#12025);
#10255=AXIS2_PLACEMENT_3D('',#14853,#12029,#12030);
#10256=AXIS2_PLACEMENT_3D('',#14859,#12034,#12035);
#10257=AXIS2_PLACEMENT_3D('',#14862,#12038,#12039);
#10258=AXIS2_PLACEMENT_3D('',#14863,#12040,#12041);
#10259=AXIS2_PLACEMENT_3D('',#14864,#12042,#12043);
#10260=AXIS2_PLACEMENT_3D('',#14865,#12044,#12045);
#10261=AXIS2_PLACEMENT_3D('',#14874,#12050,#12051);
#10262=AXIS2_PLACEMENT_3D('',#14880,#12055,#12056);
#10263=AXIS2_PLACEMENT_3D('',#14886,#12060,#12061);
#10264=AXIS2_PLACEMENT_3D('',#14889,#12064,#12065);
#10265=AXIS2_PLACEMENT_3D('',#14890,#12066,#12067);
#10266=AXIS2_PLACEMENT_3D('',#14891,#12068,#12069);
#10267=AXIS2_PLACEMENT_3D('',#14892,#12070,#12071);
#10268=AXIS2_PLACEMENT_3D('',#14901,#12076,#12077);
#10269=AXIS2_PLACEMENT_3D('',#14907,#12081,#12082);
#10270=AXIS2_PLACEMENT_3D('',#14913,#12086,#12087);
#10271=AXIS2_PLACEMENT_3D('',#14916,#12090,#12091);
#10272=AXIS2_PLACEMENT_3D('',#14917,#12092,#12093);
#10273=AXIS2_PLACEMENT_3D('',#14918,#12094,#12095);
#10274=AXIS2_PLACEMENT_3D('',#14919,#12096,#12097);
#10275=AXIS2_PLACEMENT_3D('',#14928,#12102,#12103);
#10276=AXIS2_PLACEMENT_3D('',#14934,#12107,#12108);
#10277=AXIS2_PLACEMENT_3D('',#14940,#12112,#12113);
#10278=AXIS2_PLACEMENT_3D('',#14943,#12116,#12117);
#10279=AXIS2_PLACEMENT_3D('',#14944,#12118,#12119);
#10280=AXIS2_PLACEMENT_3D('',#14945,#12120,#12121);
#10281=AXIS2_PLACEMENT_3D('',#14946,#12122,#12123);
#10282=AXIS2_PLACEMENT_3D('',#14955,#12128,#12129);
#10283=AXIS2_PLACEMENT_3D('',#14961,#12133,#12134);
#10284=AXIS2_PLACEMENT_3D('',#14967,#12138,#12139);
#10285=AXIS2_PLACEMENT_3D('',#14970,#12142,#12143);
#10286=AXIS2_PLACEMENT_3D('',#14971,#12144,#12145);
#10287=AXIS2_PLACEMENT_3D('',#14972,#12146,#12147);
#10288=AXIS2_PLACEMENT_3D('',#14973,#12148,#12149);
#10289=AXIS2_PLACEMENT_3D('',#14982,#12154,#12155);
#10290=AXIS2_PLACEMENT_3D('',#14988,#12159,#12160);
#10291=AXIS2_PLACEMENT_3D('',#14994,#12164,#12165);
#10292=AXIS2_PLACEMENT_3D('',#14997,#12168,#12169);
#10293=AXIS2_PLACEMENT_3D('',#14998,#12170,#12171);
#10294=AXIS2_PLACEMENT_3D('',#14999,#12172,#12173);
#10295=AXIS2_PLACEMENT_3D('',#15000,#12174,#12175);
#10296=AXIS2_PLACEMENT_3D('',#15009,#12180,#12181);
#10297=AXIS2_PLACEMENT_3D('',#15015,#12185,#12186);
#10298=AXIS2_PLACEMENT_3D('',#15021,#12190,#12191);
#10299=AXIS2_PLACEMENT_3D('',#15024,#12194,#12195);
#10300=AXIS2_PLACEMENT_3D('',#15025,#12196,#12197);
#10301=AXIS2_PLACEMENT_3D('',#15026,#12198,#12199);
#10302=AXIS2_PLACEMENT_3D('',#15027,#12200,#12201);
#10303=AXIS2_PLACEMENT_3D('',#15036,#12206,#12207);
#10304=AXIS2_PLACEMENT_3D('',#15042,#12211,#12212);
#10305=AXIS2_PLACEMENT_3D('',#15048,#12216,#12217);
#10306=AXIS2_PLACEMENT_3D('',#15051,#12220,#12221);
#10307=AXIS2_PLACEMENT_3D('',#15052,#12222,#12223);
#10308=AXIS2_PLACEMENT_3D('',#15053,#12224,#12225);
#10309=AXIS2_PLACEMENT_3D('',#15054,#12226,#12227);
#10310=AXIS2_PLACEMENT_3D('',#15063,#12232,#12233);
#10311=AXIS2_PLACEMENT_3D('',#15069,#12237,#12238);
#10312=AXIS2_PLACEMENT_3D('',#15075,#12242,#12243);
#10313=AXIS2_PLACEMENT_3D('',#15078,#12246,#12247);
#10314=AXIS2_PLACEMENT_3D('',#15079,#12248,#12249);
#10315=AXIS2_PLACEMENT_3D('',#15080,#12250,#12251);
#10316=AXIS2_PLACEMENT_3D('',#15081,#12252,#12253);
#10317=AXIS2_PLACEMENT_3D('',#15090,#12258,#12259);
#10318=AXIS2_PLACEMENT_3D('',#15096,#12263,#12264);
#10319=AXIS2_PLACEMENT_3D('',#15102,#12268,#12269);
#10320=AXIS2_PLACEMENT_3D('',#15105,#12272,#12273);
#10321=AXIS2_PLACEMENT_3D('',#15106,#12274,#12275);
#10322=AXIS2_PLACEMENT_3D('',#15107,#12276,#12277);
#10323=AXIS2_PLACEMENT_3D('',#15108,#12278,#12279);
#10324=AXIS2_PLACEMENT_3D('',#15117,#12284,#12285);
#10325=AXIS2_PLACEMENT_3D('',#15123,#12289,#12290);
#10326=AXIS2_PLACEMENT_3D('',#15129,#12294,#12295);
#10327=AXIS2_PLACEMENT_3D('',#15132,#12298,#12299);
#10328=AXIS2_PLACEMENT_3D('',#15133,#12300,#12301);
#10329=AXIS2_PLACEMENT_3D('',#15134,#12302,#12303);
#10330=AXIS2_PLACEMENT_3D('',#15135,#12304,#12305);
#10331=AXIS2_PLACEMENT_3D('',#15144,#12310,#12311);
#10332=AXIS2_PLACEMENT_3D('',#15150,#12315,#12316);
#10333=AXIS2_PLACEMENT_3D('',#15156,#12320,#12321);
#10334=AXIS2_PLACEMENT_3D('',#15159,#12324,#12325);
#10335=AXIS2_PLACEMENT_3D('',#15160,#12326,#12327);
#10336=AXIS2_PLACEMENT_3D('',#15161,#12328,#12329);
#10337=AXIS2_PLACEMENT_3D('',#15162,#12330,#12331);
#10338=AXIS2_PLACEMENT_3D('',#15171,#12336,#12337);
#10339=AXIS2_PLACEMENT_3D('',#15177,#12341,#12342);
#10340=AXIS2_PLACEMENT_3D('',#15183,#12346,#12347);
#10341=AXIS2_PLACEMENT_3D('',#15186,#12350,#12351);
#10342=AXIS2_PLACEMENT_3D('',#15187,#12352,#12353);
#10343=AXIS2_PLACEMENT_3D('',#15188,#12354,#12355);
#10344=AXIS2_PLACEMENT_3D('',#15189,#12356,#12357);
#10345=AXIS2_PLACEMENT_3D('',#15198,#12362,#12363);
#10346=AXIS2_PLACEMENT_3D('',#15204,#12367,#12368);
#10347=AXIS2_PLACEMENT_3D('',#15210,#12372,#12373);
#10348=AXIS2_PLACEMENT_3D('',#15213,#12376,#12377);
#10349=AXIS2_PLACEMENT_3D('',#15214,#12378,#12379);
#10350=AXIS2_PLACEMENT_3D('',#15215,#12380,#12381);
#10351=AXIS2_PLACEMENT_3D('',#15216,#12382,#12383);
#10352=AXIS2_PLACEMENT_3D('',#15225,#12388,#12389);
#10353=AXIS2_PLACEMENT_3D('',#15231,#12393,#12394);
#10354=AXIS2_PLACEMENT_3D('',#15237,#12398,#12399);
#10355=AXIS2_PLACEMENT_3D('',#15240,#12402,#12403);
#10356=AXIS2_PLACEMENT_3D('',#15241,#12404,#12405);
#10357=AXIS2_PLACEMENT_3D('',#15242,#12406,#12407);
#10358=AXIS2_PLACEMENT_3D('',#15243,#12408,#12409);
#10359=AXIS2_PLACEMENT_3D('',#15252,#12414,#12415);
#10360=AXIS2_PLACEMENT_3D('',#15258,#12419,#12420);
#10361=AXIS2_PLACEMENT_3D('',#15264,#12424,#12425);
#10362=AXIS2_PLACEMENT_3D('',#15267,#12428,#12429);
#10363=AXIS2_PLACEMENT_3D('',#15268,#12430,#12431);
#10364=AXIS2_PLACEMENT_3D('',#15269,#12432,#12433);
#10365=AXIS2_PLACEMENT_3D('',#15270,#12434,#12435);
#10366=AXIS2_PLACEMENT_3D('',#15279,#12440,#12441);
#10367=AXIS2_PLACEMENT_3D('',#15285,#12445,#12446);
#10368=AXIS2_PLACEMENT_3D('',#15291,#12450,#12451);
#10369=AXIS2_PLACEMENT_3D('',#15294,#12454,#12455);
#10370=AXIS2_PLACEMENT_3D('',#15295,#12456,#12457);
#10371=AXIS2_PLACEMENT_3D('',#15296,#12458,#12459);
#10372=AXIS2_PLACEMENT_3D('',#15297,#12460,#12461);
#10373=AXIS2_PLACEMENT_3D('',#15306,#12466,#12467);
#10374=AXIS2_PLACEMENT_3D('',#15312,#12471,#12472);
#10375=AXIS2_PLACEMENT_3D('',#15318,#12476,#12477);
#10376=AXIS2_PLACEMENT_3D('',#15321,#12480,#12481);
#10377=AXIS2_PLACEMENT_3D('',#15322,#12482,#12483);
#10378=AXIS2_PLACEMENT_3D('',#15323,#12484,#12485);
#10379=AXIS2_PLACEMENT_3D('',#15324,#12486,#12487);
#10380=AXIS2_PLACEMENT_3D('',#15333,#12492,#12493);
#10381=AXIS2_PLACEMENT_3D('',#15339,#12497,#12498);
#10382=AXIS2_PLACEMENT_3D('',#15345,#12502,#12503);
#10383=AXIS2_PLACEMENT_3D('',#15348,#12506,#12507);
#10384=AXIS2_PLACEMENT_3D('',#15349,#12508,#12509);
#10385=AXIS2_PLACEMENT_3D('',#15350,#12510,#12511);
#10386=AXIS2_PLACEMENT_3D('',#15351,#12512,#12513);
#10387=AXIS2_PLACEMENT_3D('',#15360,#12518,#12519);
#10388=AXIS2_PLACEMENT_3D('',#15366,#12523,#12524);
#10389=AXIS2_PLACEMENT_3D('',#15372,#12528,#12529);
#10390=AXIS2_PLACEMENT_3D('',#15375,#12532,#12533);
#10391=AXIS2_PLACEMENT_3D('',#15376,#12534,#12535);
#10392=AXIS2_PLACEMENT_3D('',#15377,#12536,#12537);
#10393=AXIS2_PLACEMENT_3D('',#15378,#12538,#12539);
#10394=AXIS2_PLACEMENT_3D('',#15387,#12544,#12545);
#10395=AXIS2_PLACEMENT_3D('',#15393,#12549,#12550);
#10396=AXIS2_PLACEMENT_3D('',#15399,#12554,#12555);
#10397=AXIS2_PLACEMENT_3D('',#15408,#12560,#12561);
#10398=AXIS2_PLACEMENT_3D('',#15414,#12565,#12566);
#10399=AXIS2_PLACEMENT_3D('',#15420,#12570,#12571);
#10400=AXIS2_PLACEMENT_3D('',#15429,#12576,#12577);
#10401=AXIS2_PLACEMENT_3D('',#15435,#12581,#12582);
#10402=AXIS2_PLACEMENT_3D('',#15441,#12586,#12587);
#10403=AXIS2_PLACEMENT_3D('',#15450,#12592,#12593);
#10404=AXIS2_PLACEMENT_3D('',#15456,#12597,#12598);
#10405=AXIS2_PLACEMENT_3D('',#15462,#12602,#12603);
#10406=AXIS2_PLACEMENT_3D('',#15471,#12608,#12609);
#10407=AXIS2_PLACEMENT_3D('',#15477,#12613,#12614);
#10408=AXIS2_PLACEMENT_3D('',#15483,#12618,#12619);
#10409=AXIS2_PLACEMENT_3D('',#15492,#12624,#12625);
#10410=AXIS2_PLACEMENT_3D('',#15498,#12629,#12630);
#10411=AXIS2_PLACEMENT_3D('',#15504,#12634,#12635);
#10412=AXIS2_PLACEMENT_3D('',#15513,#12640,#12641);
#10413=AXIS2_PLACEMENT_3D('',#15519,#12645,#12646);
#10414=AXIS2_PLACEMENT_3D('',#15525,#12650,#12651);
#10415=AXIS2_PLACEMENT_3D('',#15534,#12656,#12657);
#10416=AXIS2_PLACEMENT_3D('',#15540,#12661,#12662);
#10417=AXIS2_PLACEMENT_3D('',#15546,#12666,#12667);
#10418=AXIS2_PLACEMENT_3D('',#15555,#12672,#12673);
#10419=AXIS2_PLACEMENT_3D('',#15561,#12677,#12678);
#10420=AXIS2_PLACEMENT_3D('',#15567,#12682,#12683);
#10421=AXIS2_PLACEMENT_3D('',#15576,#12688,#12689);
#10422=AXIS2_PLACEMENT_3D('',#15582,#12693,#12694);
#10423=AXIS2_PLACEMENT_3D('',#15588,#12698,#12699);
#10424=AXIS2_PLACEMENT_3D('',#15597,#12704,#12705);
#10425=AXIS2_PLACEMENT_3D('',#15603,#12709,#12710);
#10426=AXIS2_PLACEMENT_3D('',#15609,#12714,#12715);
#10427=AXIS2_PLACEMENT_3D('',#15618,#12720,#12721);
#10428=AXIS2_PLACEMENT_3D('',#15624,#12725,#12726);
#10429=AXIS2_PLACEMENT_3D('',#15630,#12730,#12731);
#10430=AXIS2_PLACEMENT_3D('',#15639,#12736,#12737);
#10431=AXIS2_PLACEMENT_3D('',#15645,#12741,#12742);
#10432=AXIS2_PLACEMENT_3D('',#15651,#12746,#12747);
#10433=AXIS2_PLACEMENT_3D('',#15660,#12752,#12753);
#10434=AXIS2_PLACEMENT_3D('',#15666,#12757,#12758);
#10435=AXIS2_PLACEMENT_3D('',#15672,#12762,#12763);
#10436=AXIS2_PLACEMENT_3D('',#15681,#12768,#12769);
#10437=AXIS2_PLACEMENT_3D('',#15687,#12773,#12774);
#10438=AXIS2_PLACEMENT_3D('',#15693,#12778,#12779);
#10439=AXIS2_PLACEMENT_3D('',#15702,#12784,#12785);
#10440=AXIS2_PLACEMENT_3D('',#15708,#12789,#12790);
#10441=AXIS2_PLACEMENT_3D('',#15714,#12794,#12795);
#10442=AXIS2_PLACEMENT_3D('',#15723,#12800,#12801);
#10443=AXIS2_PLACEMENT_3D('',#15729,#12805,#12806);
#10444=AXIS2_PLACEMENT_3D('',#15735,#12810,#12811);
#10445=AXIS2_PLACEMENT_3D('',#15744,#12816,#12817);
#10446=AXIS2_PLACEMENT_3D('',#15750,#12821,#12822);
#10447=AXIS2_PLACEMENT_3D('',#15756,#12826,#12827);
#10448=AXIS2_PLACEMENT_3D('',#15765,#12832,#12833);
#10449=AXIS2_PLACEMENT_3D('',#15771,#12837,#12838);
#10450=AXIS2_PLACEMENT_3D('',#15777,#12842,#12843);
#10451=AXIS2_PLACEMENT_3D('',#15786,#12848,#12849);
#10452=AXIS2_PLACEMENT_3D('',#15792,#12853,#12854);
#10453=AXIS2_PLACEMENT_3D('',#15798,#12858,#12859);
#10454=AXIS2_PLACEMENT_3D('',#15807,#12864,#12865);
#10455=AXIS2_PLACEMENT_3D('',#15813,#12869,#12870);
#10456=AXIS2_PLACEMENT_3D('',#15819,#12874,#12875);
#10457=AXIS2_PLACEMENT_3D('',#15828,#12880,#12881);
#10458=AXIS2_PLACEMENT_3D('',#15834,#12885,#12886);
#10459=AXIS2_PLACEMENT_3D('',#15840,#12890,#12891);
#10460=AXIS2_PLACEMENT_3D('',#15849,#12896,#12897);
#10461=AXIS2_PLACEMENT_3D('',#15855,#12901,#12902);
#10462=AXIS2_PLACEMENT_3D('',#15861,#12906,#12907);
#10463=AXIS2_PLACEMENT_3D('',#15870,#12912,#12913);
#10464=AXIS2_PLACEMENT_3D('',#15876,#12917,#12918);
#10465=AXIS2_PLACEMENT_3D('',#15882,#12922,#12923);
#10466=AXIS2_PLACEMENT_3D('',#15891,#12928,#12929);
#10467=AXIS2_PLACEMENT_3D('',#15897,#12933,#12934);
#10468=AXIS2_PLACEMENT_3D('',#15903,#12938,#12939);
#10469=AXIS2_PLACEMENT_3D('',#15912,#12944,#12945);
#10470=AXIS2_PLACEMENT_3D('',#15918,#12949,#12950);
#10471=AXIS2_PLACEMENT_3D('',#15924,#12954,#12955);
#10472=AXIS2_PLACEMENT_3D('',#15927,#12958,#12959);
#10473=AXIS2_PLACEMENT_3D('',#15930,#12962,#12963);
#10474=AXIS2_PLACEMENT_3D('',#15933,#12966,#12967);
#10475=AXIS2_PLACEMENT_3D('',#15936,#12970,#12971);
#10476=AXIS2_PLACEMENT_3D('',#15939,#12974,#12975);
#10477=AXIS2_PLACEMENT_3D('',#15942,#12978,#12979);
#10478=AXIS2_PLACEMENT_3D('',#15945,#12982,#12983);
#10479=AXIS2_PLACEMENT_3D('',#15948,#12986,#12987);
#10480=AXIS2_PLACEMENT_3D('',#15951,#12990,#12991);
#10481=AXIS2_PLACEMENT_3D('',#15954,#12994,#12995);
#10482=AXIS2_PLACEMENT_3D('',#15957,#12998,#12999);
#10483=AXIS2_PLACEMENT_3D('',#15960,#13002,#13003);
#10484=AXIS2_PLACEMENT_3D('',#15963,#13006,#13007);
#10485=AXIS2_PLACEMENT_3D('',#15966,#13010,#13011);
#10486=AXIS2_PLACEMENT_3D('',#15969,#13014,#13015);
#10487=AXIS2_PLACEMENT_3D('',#15972,#13018,#13019);
#10488=AXIS2_PLACEMENT_3D('',#15975,#13022,#13023);
#10489=AXIS2_PLACEMENT_3D('',#15978,#13026,#13027);
#10490=AXIS2_PLACEMENT_3D('',#15981,#13030,#13031);
#10491=AXIS2_PLACEMENT_3D('',#15984,#13034,#13035);
#10492=AXIS2_PLACEMENT_3D('',#15987,#13038,#13039);
#10493=AXIS2_PLACEMENT_3D('',#15990,#13042,#13043);
#10494=AXIS2_PLACEMENT_3D('',#15993,#13046,#13047);
#10495=AXIS2_PLACEMENT_3D('',#15996,#13050,#13051);
#10496=AXIS2_PLACEMENT_3D('',#15999,#13054,#13055);
#10497=AXIS2_PLACEMENT_3D('',#16002,#13058,#13059);
#10498=AXIS2_PLACEMENT_3D('',#16003,#13060,#13061);
#10499=DIRECTION('',(0.,0.,1.));
#10500=DIRECTION('',(1.,0.,0.));
#10501=DIRECTION('',(0.,0.,1.));
#10502=DIRECTION('',(1.,0.,0.));
#10503=DIRECTION('',(1.,0.,0.));
#10504=DIRECTION('',(0.,1.,0.));
#10505=DIRECTION('',(-1.,0.,0.));
#10506=DIRECTION('',(5.71749420447604E-17,-1.,0.));
#10507=DIRECTION('',(0.,0.,1.));
#10508=DIRECTION('',(1.,0.,0.));
#10509=DIRECTION('',(0.,1.,0.));
#10510=DIRECTION('',(-1.,0.,0.));
#10511=DIRECTION('',(0.,-1.,0.));
#10512=DIRECTION('',(0.,0.,1.));
#10513=DIRECTION('',(1.,0.,0.));
#10514=DIRECTION('',(-1.,0.,0.));
#10515=DIRECTION('',(0.,0.,1.));
#10516=DIRECTION('',(1.,0.,0.));
#10517=DIRECTION('',(0.,1.,0.));
#10518=DIRECTION('',(0.,0.,1.));
#10519=DIRECTION('',(1.,0.,0.));
#10520=DIRECTION('',(1.,0.,0.));
#10521=DIRECTION('',(-1.82123199577617E-16,1.,0.));
#10522=DIRECTION('',(0.,0.,1.));
#10523=DIRECTION('',(1.,0.,0.));
#10524=DIRECTION('',(1.,0.,0.));
#10525=DIRECTION('',(0.,0.,1.));
#10526=DIRECTION('',(1.,0.,0.));
#10527=DIRECTION('',(0.,-1.,0.));
#10528=DIRECTION('',(1.,0.,0.));
#10529=DIRECTION('',(0.,0.,1.));
#10530=DIRECTION('',(1.,0.,0.));
#10531=DIRECTION('',(0.,-1.,0.));
#10532=DIRECTION('',(0.,0.,1.));
#10533=DIRECTION('',(1.,0.,0.));
#10534=DIRECTION('',(-1.,0.,0.));
#10535=DIRECTION('',(0.,0.,1.));
#10536=DIRECTION('',(1.,0.,0.));
#10537=DIRECTION('',(-1.,0.,0.));
#10538=DIRECTION('',(0.,0.,1.));
#10539=DIRECTION('',(1.,0.,0.));
#10540=DIRECTION('',(0.,1.,0.));
#10541=DIRECTION('',(0.,0.,1.));
#10542=DIRECTION('',(1.,0.,0.));
#10543=DIRECTION('',(1.,0.,0.));
#10544=DIRECTION('',(0.,0.,1.));
#10545=DIRECTION('',(1.,0.,0.));
#10546=DIRECTION('',(0.,-1.,0.));
#10547=DIRECTION('',(-1.,0.,0.));
#10548=DIRECTION('',(0.,-1.,0.));
#10549=DIRECTION('',(-1.,0.,0.));
#10550=DIRECTION('',(0.,-1.,0.));
#10551=DIRECTION('',(0.,-1.,0.));
#10552=DIRECTION('',(0.,0.,-1.));
#10553=DIRECTION('',(0.,0.,1.));
#10554=DIRECTION('',(1.,0.,0.));
#10555=DIRECTION('',(0.,0.,1.));
#10556=DIRECTION('',(1.,0.,0.));
#10557=DIRECTION('',(0.,0.,1.));
#10558=DIRECTION('',(-1.,0.,0.));
#10559=DIRECTION('',(-1.,0.,0.));
#10560=DIRECTION('',(-1.,0.,0.));
#10561=DIRECTION('',(0.,0.,1.));
#10562=DIRECTION('',(1.,0.,0.));
#10563=DIRECTION('',(-1.,0.,0.));
#10564=DIRECTION('',(0.,0.,1.));
#10565=DIRECTION('',(0.,0.,1.));
#10566=DIRECTION('',(0.,-1.,0.));
#10567=DIRECTION('',(0.,0.,1.));
#10568=DIRECTION('',(0.,1.,0.));
#10569=DIRECTION('',(-1.,0.,0.));
#10570=DIRECTION('',(0.,0.,1.));
#10571=DIRECTION('',(0.,0.,1.));
#10572=DIRECTION('',(0.,1.,0.));
#10573=DIRECTION('',(0.,0.,1.));
#10574=DIRECTION('',(0.,-1.,0.));
#10575=DIRECTION('',(1.,1.82123199577617E-16,0.));
#10576=DIRECTION('',(-1.82123199577617E-16,1.,0.));
#10577=DIRECTION('',(0.,0.,-1.));
#10578=DIRECTION('',(-1.82123199577617E-16,1.,0.));
#10579=DIRECTION('',(0.,0.,-1.));
#10580=DIRECTION('',(0.,1.,0.));
#10581=DIRECTION('',(0.,0.,1.));
#10582=DIRECTION('',(1.82123199577617E-16,-1.,0.));
#10583=DIRECTION('',(0.,0.,1.));
#10584=DIRECTION('',(-1.82123199577617E-16,1.,0.));
#10585=DIRECTION('',(0.,-1.,0.));
#10586=DIRECTION('',(0.,0.,-1.));
#10587=DIRECTION('',(0.,0.,1.));
#10588=DIRECTION('',(1.,0.,0.));
#10589=DIRECTION('',(0.,0.,1.));
#10590=DIRECTION('',(-1.,-5.71749420447604E-17,0.));
#10591=DIRECTION('',(-1.,0.,7.35761418588183E-34));
#10592=DIRECTION('',(0.,-1.,0.));
#10593=DIRECTION('',(7.18079857356011E-16,0.,1.));
#10594=DIRECTION('',(-1.,0.,7.18079857356011E-16));
#10595=DIRECTION('',(0.,-1.,0.));
#10596=DIRECTION('',(7.18079857356011E-16,0.,1.));
#10597=DIRECTION('',(6.25847833199956E-17,-0.996194698091745,0.0871557427476582));
#10598=DIRECTION('',(0.,-0.0871557427476582,-0.996194698091746));
#10599=DIRECTION('',(4.9831245404654E-18,-0.0871557427476582,-0.996194698091745));
#10600=DIRECTION('',(1.,6.27809372451287E-17,-4.90461027812968E-19));
#10601=DIRECTION('',(4.9831245404654E-18,-0.0871557427476582,-0.996194698091745));
#10602=DIRECTION('',(1.,6.28238470249636E-17,0.));
#10603=DIRECTION('',(7.70371977754895E-34,-0.0871557427476582,-0.996194698091746));
#10604=DIRECTION('',(6.25847833199956E-17,-0.996194698091745,0.0871557427476582));
#10605=DIRECTION('',(-7.15347346704535E-16,-0.0871557427476582,-0.996194698091746));
#10606=DIRECTION('',(1.,8.71068291850046E-17,2.77555756156289E-16));
#10607=DIRECTION('',(6.25847833199956E-17,-0.996194698091745,0.0871557427476582));
#10608=DIRECTION('',(-7.15347346704535E-16,-0.0871557427476582,-0.996194698091746));
#10609=DIRECTION('',(-7.70371977754895E-34,0.0871557427476582,0.996194698091746));
#10610=DIRECTION('',(1.,6.28238470249636E-17,0.));
#10611=DIRECTION('',(6.25847833199956E-17,-0.996194698091746,0.0871557427476582));
#10612=DIRECTION('',(0.,-0.0871557427476582,-0.996194698091746));
#10613=DIRECTION('',(-1.,-6.23466293246003E-17,5.45462327495547E-18));
#10614=DIRECTION('',(6.25847833199956E-17,-0.996194698091746,0.0871557427476582));
#10615=DIRECTION('',(0.,-0.0871557427476582,-0.996194698091746));
#10616=DIRECTION('',(-1.,-6.23466293246003E-17,5.45462327495547E-18));
#10617=DIRECTION('',(0.,1.,0.));
#10618=DIRECTION('',(0.,0.,1.));
#10619=DIRECTION('',(0.,0.,1.));
#10620=DIRECTION('',(1.,0.,0.));
#10621=DIRECTION('',(0.,0.,-1.));
#10622=DIRECTION('',(1.,0.,0.));
#10623=DIRECTION('',(0.,0.,-1.));
#10624=DIRECTION('',(1.,0.,0.));
#10625=DIRECTION('',(0.,0.,-1.));
#10626=DIRECTION('',(1.,0.,0.));
#10627=DIRECTION('',(0.,0.,-1.));
#10628=DIRECTION('',(1.,0.,0.));
#10629=DIRECTION('',(0.,0.,-1.));
#10630=DIRECTION('',(1.,0.,0.));
#10631=DIRECTION('',(0.,0.,-1.));
#10632=DIRECTION('',(0.,-1.,0.));
#10633=DIRECTION('',(0.,0.,-1.));
#10634=DIRECTION('',(-1.,0.,-2.77555756156289E-16));
#10635=DIRECTION('',(0.,-1.,0.));
#10636=DIRECTION('',(0.,0.,-1.));
#10637=DIRECTION('',(0.,0.,-1.));
#10638=DIRECTION('',(1.,0.,0.));
#10639=DIRECTION('',(0.,1.,0.));
#10640=DIRECTION('',(0.,0.,-1.));
#10641=DIRECTION('',(-1.,0.,0.));
#10642=DIRECTION('',(0.,-1.,0.));
#10643=DIRECTION('',(0.,0.,-1.));
#10644=DIRECTION('',(-1.,0.,0.));
#10645=DIRECTION('',(-7.65319180578003E-17,1.,0.));
#10646=DIRECTION('',(0.,0.,-1.));
#10647=DIRECTION('',(-1.,0.,0.));
#10648=DIRECTION('',(5.10212787052002E-17,-1.,0.));
#10649=DIRECTION('',(0.,0.,-1.));
#10650=DIRECTION('',(-1.,0.,0.));
#10651=DIRECTION('',(0.,1.,0.));
#10652=DIRECTION('',(-4.34307920528345E-19,1.,0.));
#10653=DIRECTION('',(-1.,-6.63095327926864E-35,0.));
#10654=DIRECTION('',(6.22700713858071E-17,-1.,0.));
#10655=DIRECTION('',(0.,-1.,0.));
#10656=DIRECTION('',(-1.,0.,0.));
#10657=DIRECTION('',(0.,0.,-1.));
#10658=DIRECTION('',(-1.,0.,0.));
#10659=DIRECTION('',(1.82123199577617E-16,-1.,0.));
#10660=DIRECTION('',(-1.,0.,0.));
#10661=DIRECTION('',(0.,0.,-1.));
#10662=DIRECTION('',(-1.,0.,0.));
#10663=DIRECTION('',(0.,-1.,0.));
#10664=DIRECTION('',(0.,0.,-1.));
#10665=DIRECTION('',(-1.,0.,0.));
#10666=DIRECTION('',(1.,0.,0.));
#10667=DIRECTION('',(0.,-1.,0.));
#10668=DIRECTION('',(0.,0.,-1.));
#10669=DIRECTION('',(-1.,0.,0.));
#10670=DIRECTION('',(1.,0.,0.));
#10671=DIRECTION('',(0.,0.,-1.));
#10672=DIRECTION('',(-1.,0.,0.));
#10673=DIRECTION('',(0.,1.,0.));
#10674=DIRECTION('',(1.,-1.21415466385078E-16,0.));
#10675=DIRECTION('',(0.,0.,-1.));
#10676=DIRECTION('',(-1.,0.,0.));
#10677=DIRECTION('',(0.,1.,0.));
#10678=DIRECTION('',(0.,0.,-1.));
#10679=DIRECTION('',(-1.,0.,0.));
#10680=DIRECTION('',(-1.,0.,0.));
#10681=DIRECTION('',(0.,1.,0.));
#10682=DIRECTION('',(0.,0.,-1.));
#10683=DIRECTION('',(-1.,0.,0.));
#10684=DIRECTION('',(-1.,0.,0.));
#10685=DIRECTION('',(0.,0.,-1.));
#10686=DIRECTION('',(-1.,0.,0.));
#10687=DIRECTION('',(0.,0.,-1.));
#10688=DIRECTION('',(-1.,0.,0.));
#10689=DIRECTION('',(0.,0.,-1.));
#10690=DIRECTION('',(-1.,0.,0.));
#10691=DIRECTION('',(0.,0.,-1.));
#10692=DIRECTION('',(-1.,0.,0.));
#10693=DIRECTION('',(0.,0.,-1.));
#10694=DIRECTION('',(-1.,0.,0.));
#10695=DIRECTION('',(0.,0.,-1.));
#10696=DIRECTION('',(-1.,0.,0.));
#10697=DIRECTION('',(0.,0.,-1.));
#10698=DIRECTION('',(-1.,0.,0.));
#10699=DIRECTION('',(0.,-1.,0.));
#10700=DIRECTION('',(0.,0.,-1.));
#10701=DIRECTION('',(0.,0.,1.));
#10702=DIRECTION('',(-1.,0.,0.));
#10703=DIRECTION('',(0.,0.,1.));
#10704=DIRECTION('',(1.,0.,0.));
#10705=DIRECTION('',(1.,0.,0.));
#10706=DIRECTION('',(0.,0.,-1.));
#10707=DIRECTION('',(1.,0.,0.));
#10708=DIRECTION('',(0.,0.,1.));
#10709=DIRECTION('',(1.,0.,0.));
#10710=DIRECTION('',(0.,0.,-1.));
#10711=DIRECTION('',(-1.,0.,0.));
#10712=DIRECTION('',(-1.,0.,0.));
#10713=DIRECTION('',(0.,0.,1.));
#10714=DIRECTION('',(1.,0.,0.));
#10715=DIRECTION('',(0.,1.,0.));
#10716=DIRECTION('',(0.,0.,1.));
#10717=DIRECTION('',(1.,0.,0.));
#10718=DIRECTION('',(0.,0.,-1.));
#10719=DIRECTION('',(-1.,0.,0.));
#10720=DIRECTION('',(0.,1.,0.));
#10721=DIRECTION('',(0.,0.,1.));
#10722=DIRECTION('',(1.,0.,0.));
#10723=DIRECTION('',(1.,0.,0.));
#10724=DIRECTION('',(0.,0.,-1.));
#10725=DIRECTION('',(0.,0.,-1.));
#10726=DIRECTION('',(0.,-1.,0.));
#10727=DIRECTION('',(0.,0.,-1.));
#10728=DIRECTION('',(0.,-1.,0.));
#10729=DIRECTION('',(0.,1.,0.));
#10730=DIRECTION('',(0.,0.,1.));
#10731=DIRECTION('',(0.,1.,0.));
#10732=DIRECTION('',(0.,-1.,0.));
#10733=DIRECTION('',(0.,0.,-1.));
#10734=DIRECTION('',(0.,0.,1.));
#10735=DIRECTION('',(-1.,0.,0.));
#10736=DIRECTION('',(0.,0.,1.));
#10737=DIRECTION('',(1.,0.,0.));
#10738=DIRECTION('',(0.,0.,-1.));
#10739=DIRECTION('',(1.,0.,0.));
#10740=DIRECTION('',(1.,0.,0.));
#10741=DIRECTION('',(0.,0.,1.));
#10742=DIRECTION('',(1.,0.,0.));
#10743=DIRECTION('',(0.,0.,-1.));
#10744=DIRECTION('',(-1.,0.,0.));
#10745=DIRECTION('',(0.,-1.,0.));
#10746=DIRECTION('',(0.,0.,1.));
#10747=DIRECTION('',(1.,0.,0.));
#10748=DIRECTION('',(0.,0.,1.));
#10749=DIRECTION('',(1.,0.,0.));
#10750=DIRECTION('',(0.,1.,0.));
#10751=DIRECTION('',(0.,0.,-1.));
#10752=DIRECTION('',(-1.,0.,0.));
#10753=DIRECTION('',(0.,0.,1.));
#10754=DIRECTION('',(1.,0.,0.));
#10755=DIRECTION('',(0.,0.,-1.));
#10756=DIRECTION('',(-1.,0.,0.));
#10757=DIRECTION('',(1.,0.,0.));
#10758=DIRECTION('',(0.,0.,1.));
#10759=DIRECTION('',(1.,0.,0.));
#10760=DIRECTION('',(0.,-1.,0.));
#10761=DIRECTION('',(0.,0.,1.));
#10762=DIRECTION('',(1.,0.,0.));
#10763=DIRECTION('',(1.,0.,0.));
#10764=DIRECTION('',(0.,0.,-1.));
#10765=DIRECTION('',(-1.,0.,0.));
#10766=DIRECTION('',(0.,1.,0.));
#10767=DIRECTION('',(0.,0.,1.));
#10768=DIRECTION('',(1.,0.,0.));
#10769=DIRECTION('',(0.,-1.,0.));
#10770=DIRECTION('',(0.,0.,-1.));
#10771=DIRECTION('',(0.,0.,1.));
#10772=DIRECTION('',(1.,0.,0.));
#10773=DIRECTION('',(0.,0.,1.));
#10774=DIRECTION('',(1.,0.,0.));
#10775=DIRECTION('',(0.,0.,-1.));
#10776=DIRECTION('',(-1.,0.,0.));
#10777=DIRECTION('',(0.,0.,1.));
#10778=DIRECTION('',(0.,0.,1.));
#10779=DIRECTION('',(1.,0.,0.));
#10780=DIRECTION('',(0.,0.,-1.));
#10781=DIRECTION('',(-1.,0.,0.));
#10782=DIRECTION('',(0.,1.,0.));
#10783=DIRECTION('',(0.,0.,1.));
#10784=DIRECTION('',(1.,0.,0.));
#10785=DIRECTION('',(1.,0.,0.));
#10786=DIRECTION('',(0.,0.,1.));
#10787=DIRECTION('',(1.,0.,0.));
#10788=DIRECTION('',(0.,-1.,0.));
#10789=DIRECTION('',(0.,0.,-1.));
#10790=DIRECTION('',(-1.,0.,0.));
#10791=DIRECTION('',(0.,0.,1.));
#10792=DIRECTION('',(1.,0.,0.));
#10793=DIRECTION('',(0.,-1.,0.));
#10794=DIRECTION('',(0.,0.,-1.));
#10795=DIRECTION('',(-1.,0.,0.));
#10796=DIRECTION('',(0.,1.,0.));
#10797=DIRECTION('',(0.,0.,1.));
#10798=DIRECTION('',(1.,0.,0.));
#10799=DIRECTION('',(1.,0.,0.));
#10800=DIRECTION('',(0.,0.,1.));
#10801=DIRECTION('',(1.,0.,0.));
#10802=DIRECTION('',(0.,0.,-1.));
#10803=DIRECTION('',(-1.,0.,0.));
#10804=DIRECTION('',(1.,0.,0.));
#10805=DIRECTION('',(0.,0.,-1.));
#10806=DIRECTION('',(0.,0.,-1.));
#10807=DIRECTION('',(0.,1.,0.));
#10808=DIRECTION('',(0.,0.,-1.));
#10809=DIRECTION('',(0.,-1.,0.));
#10810=DIRECTION('',(0.,0.,1.));
#10811=DIRECTION('',(0.,-1.,0.));
#10812=DIRECTION('',(0.,0.,1.));
#10813=DIRECTION('',(0.,-1.,0.));
#10814=DIRECTION('',(0.,0.,-1.));
#10815=DIRECTION('',(-1.,0.,0.));
#10816=DIRECTION('',(0.,0.,1.));
#10817=DIRECTION('',(1.,0.,0.));
#10818=DIRECTION('',(1.,0.,0.));
#10819=DIRECTION('',(0.,0.,-1.));
#10820=DIRECTION('',(0.,0.,-1.));
#10821=DIRECTION('',(0.,-1.,0.));
#10822=DIRECTION('',(0.,0.,-1.));
#10823=DIRECTION('',(0.,-1.,0.));
#10824=DIRECTION('',(0.,0.,1.));
#10825=DIRECTION('',(0.,1.,0.));
#10826=DIRECTION('',(0.,0.,1.));
#10827=DIRECTION('',(0.,1.,0.));
#10828=DIRECTION('',(0.,0.,1.));
#10829=DIRECTION('',(0.,0.,-1.));
#10830=DIRECTION('',(-1.,0.,0.));
#10831=DIRECTION('',(0.,0.,-1.));
#10832=DIRECTION('',(0.,0.,-1.));
#10833=DIRECTION('',(1.,0.,0.));
#10834=DIRECTION('',(-1.21415466385078E-16,-1.,0.));
#10835=DIRECTION('',(1.,-1.21415466385078E-16,0.));
#10836=DIRECTION('',(0.,0.,-1.));
#10837=DIRECTION('',(-1.,1.21415466385078E-16,0.));
#10838=DIRECTION('',(0.,0.,-1.));
#10839=DIRECTION('',(-1.,1.21415466385078E-16,0.));
#10840=DIRECTION('',(0.,0.,-1.));
#10841=DIRECTION('',(-1.,1.21415466385078E-16,0.));
#10842=DIRECTION('',(1.,0.,0.));
#10843=DIRECTION('',(0.,0.,-1.));
#10844=DIRECTION('',(0.,-1.,0.));
#10845=DIRECTION('',(0.,0.,-1.));
#10846=DIRECTION('',(0.,-1.,0.));
#10847=DIRECTION('',(0.,1.,0.));
#10848=DIRECTION('',(0.,0.,1.));
#10849=DIRECTION('',(0.,0.,-1.));
#10850=DIRECTION('',(-1.,0.,0.));
#10851=DIRECTION('',(0.,0.,-1.));
#10852=DIRECTION('',(1.,0.,0.));
#10853=DIRECTION('',(0.,0.,-1.));
#10854=DIRECTION('',(0.,0.,-1.));
#10855=DIRECTION('',(1.,0.,0.));
#10856=DIRECTION('',(0.,0.,-1.));
#10857=DIRECTION('',(0.,0.,-1.));
#10858=DIRECTION('',(1.,0.,0.));
#10859=DIRECTION('',(1.,0.,0.));
#10860=DIRECTION('',(0.,0.,-1.));
#10861=DIRECTION('',(0.,0.,-1.));
#10862=DIRECTION('',(0.,1.,0.));
#10863=DIRECTION('',(0.,-1.,0.));
#10864=DIRECTION('',(0.,-1.,0.));
#10865=DIRECTION('',(0.,0.,-1.));
#10866=DIRECTION('',(1.,0.,0.));
#10867=DIRECTION('',(0.,0.,-1.));
#10868=DIRECTION('',(0.,0.,-1.));
#10869=DIRECTION('',(-1.,0.,0.));
#10870=DIRECTION('',(0.,0.,-1.));
#10871=DIRECTION('',(-1.,0.,0.));
#10872=DIRECTION('',(0.,0.,-1.));
#10873=DIRECTION('',(-1.,0.,0.));
#10874=DIRECTION('',(-0.707106781186548,0.,0.707106781186548));
#10875=DIRECTION('',(-4.9831245404654E-18,0.0871557427476582,0.996194698091746));
#10876=DIRECTION('',(0.,-0.996194698091746,0.0871557427476582));
#10877=DIRECTION('',(6.2071966036085E-17,-0.996194698091746,0.0871557427476582));
#10878=DIRECTION('',(1.,4.34307920528345E-19,4.9641622471425E-18));
#10879=DIRECTION('',(-9.62964972193618E-35,0.996194698091746,-0.0871557427476582));
#10880=DIRECTION('',(-1.,-6.27809372451287E-17,4.90461027812969E-19));
#10881=DIRECTION('',(-5.69573741286931E-17,0.996194698091746,-0.0871557427476582));
#10882=DIRECTION('',(-4.9831245404654E-18,0.0871557427476582,0.996194698091746));
#10883=DIRECTION('',(-5.69573741286931E-17,0.996194698091746,-0.0871557427476582));
#10884=DIRECTION('',(-4.9831245404654E-18,0.0871557427476582,0.996194698091746));
#10885=DIRECTION('',(5.69573741286931E-17,-0.996194698091746,0.0871557427476582));
#10886=DIRECTION('',(0.,-0.996194698091746,0.0871557427476582));
#10887=DIRECTION('',(-4.9831245404654E-18,0.0871557427476582,0.996194698091746));
#10888=DIRECTION('',(-5.69573741286931E-17,0.996194698091746,-0.0871557427476582));
#10889=DIRECTION('',(1.,0.,0.));
#10890=DIRECTION('',(-4.9831245404654E-18,0.0871557427476582,0.996194698091746));
#10891=DIRECTION('',(5.69573741286931E-17,-0.996194698091746,0.0871557427476582));
#10892=DIRECTION('',(0.,-1.,0.));
#10893=DIRECTION('',(0.,0.,-1.));
#10894=DIRECTION('',(0.,0.,1.));
#10895=DIRECTION('',(1.,0.,0.));
#10896=DIRECTION('',(0.,0.,1.));
#10897=DIRECTION('',(0.,0.,1.));
#10898=DIRECTION('',(-1.,0.,0.));
#10899=DIRECTION('',(0.,0.,-1.));
#10900=DIRECTION('',(-1.,-5.71749420447604E-17,0.));
#10901=DIRECTION('',(5.71749420447604E-17,-1.,0.));
#10902=DIRECTION('',(0.,0.,1.));
#10903=DIRECTION('',(-5.71749420447604E-17,1.,0.));
#10904=DIRECTION('',(0.,0.,1.));
#10905=DIRECTION('',(0.,-1.,0.));
#10906=DIRECTION('',(0.,0.,-1.));
#10907=DIRECTION('',(0.,0.,1.));
#10908=DIRECTION('',(-1.,0.,0.));
#10909=DIRECTION('',(0.,0.,1.));
#10910=DIRECTION('',(-1.,0.,0.));
#10911=DIRECTION('',(0.,0.,1.));
#10912=DIRECTION('',(0.,0.,1.));
#10913=DIRECTION('',(0.,-1.,0.));
#10914=DIRECTION('',(0.,0.,1.));
#10915=DIRECTION('',(0.,0.,1.));
#10916=DIRECTION('',(1.,0.,0.));
#10917=DIRECTION('',(0.,0.,1.));
#10918=DIRECTION('',(1.,0.,0.));
#10919=DIRECTION('',(0.,0.,1.));
#10920=DIRECTION('',(1.,0.,0.));
#10921=DIRECTION('',(0.,-1.,0.));
#10922=DIRECTION('',(0.,0.,-1.));
#10923=DIRECTION('',(-1.,0.,0.));
#10924=DIRECTION('',(0.,0.,1.));
#10925=DIRECTION('',(1.,0.,0.));
#10926=DIRECTION('',(0.,0.,-1.));
#10927=DIRECTION('',(-1.,0.,0.));
#10928=DIRECTION('',(0.,0.,1.));
#10929=DIRECTION('',(1.,0.,0.));
#10930=DIRECTION('',(0.,0.,1.));
#10931=DIRECTION('',(1.,0.,0.));
#10932=DIRECTION('',(0.,0.,1.));
#10933=DIRECTION('',(1.,0.,0.));
#10934=DIRECTION('',(0.,-1.,0.));
#10935=DIRECTION('',(0.,0.,-1.));
#10936=DIRECTION('',(-1.,0.,0.));
#10937=DIRECTION('',(0.,0.,1.));
#10938=DIRECTION('',(1.,0.,0.));
#10939=DIRECTION('',(0.,0.,-1.));
#10940=DIRECTION('',(-1.,0.,0.));
#10941=DIRECTION('',(0.,0.,1.));
#10942=DIRECTION('',(1.,0.,0.));
#10943=DIRECTION('',(0.,0.,1.));
#10944=DIRECTION('',(1.,0.,0.));
#10945=DIRECTION('',(0.,-1.,0.));
#10946=DIRECTION('',(0.,0.,-1.));
#10947=DIRECTION('',(-1.,0.,0.));
#10948=DIRECTION('',(0.,1.,0.));
#10949=DIRECTION('',(0.,0.,1.));
#10950=DIRECTION('',(1.,0.,0.));
#10951=DIRECTION('',(0.,0.,-1.));
#10952=DIRECTION('',(-1.,0.,0.));
#10953=DIRECTION('',(0.,0.,-1.));
#10954=DIRECTION('',(-1.,0.,0.));
#10955=DIRECTION('',(0.,0.,1.));
#10956=DIRECTION('',(1.,0.,0.));
#10957=DIRECTION('',(0.,0.,1.));
#10958=DIRECTION('',(1.,0.,0.));
#10959=DIRECTION('',(0.,0.,1.));
#10960=DIRECTION('',(1.,0.,0.));
#10961=DIRECTION('',(0.,0.,1.));
#10962=DIRECTION('',(1.,0.,0.));
#10963=DIRECTION('',(0.,0.,1.));
#10964=DIRECTION('',(1.,0.,0.));
#10965=DIRECTION('',(0.,0.,-1.));
#10966=DIRECTION('',(-1.,0.,0.));
#10967=DIRECTION('',(0.,0.,1.));
#10968=DIRECTION('',(1.,0.,0.));
#10969=DIRECTION('',(0.707106781186548,4.04287892337979E-17,-0.707106781186547));
#10970=DIRECTION('',(5.71749420447604E-17,-1.,0.));
#10971=DIRECTION('',(0.707106781186548,0.,0.707106781186548));
#10972=DIRECTION('',(-0.707106781186547,0.,-0.707106781186548));
#10973=DIRECTION('',(0.,0.,-1.));
#10974=DIRECTION('',(-1.,0.,0.));
#10975=DIRECTION('',(0.,-0.707106781186548,0.707106781186547));
#10976=DIRECTION('',(0.,0.,-1.));
#10977=DIRECTION('',(-1.,0.,0.));
#10978=DIRECTION('',(0.,-0.707106781186548,-0.707106781186548));
#10979=DIRECTION('',(0.,0.707106781186547,0.707106781186548));
#10980=DIRECTION('',(-1.,0.,0.));
#10981=DIRECTION('',(0.,-0.707106781186548,0.707106781186547));
#10982=DIRECTION('',(0.,0.707106781186548,-0.707106781186548));
#10983=DIRECTION('',(1.,0.,0.));
#10984=DIRECTION('',(0.,-0.707106781186548,-0.707106781186548));
#10985=DIRECTION('',(0.,0.,-1.));
#10986=DIRECTION('',(-1.,0.,0.));
#10987=DIRECTION('',(-0.707106781186548,0.,0.707106781186547));
#10988=DIRECTION('',(0.,0.,-1.));
#10989=DIRECTION('',(-1.,0.,0.));
#10990=DIRECTION('',(0.707106781186548,0.,-0.707106781186547));
#10991=DIRECTION('',(0.707106781186547,0.,0.707106781186548));
#10992=DIRECTION('',(0.,1.,0.));
#10993=DIRECTION('',(0.,0.,-1.));
#10994=DIRECTION('',(-1.,0.,0.));
#10995=DIRECTION('',(0.,0.,-1.));
#10996=DIRECTION('',(-1.,0.,0.));
#10997=DIRECTION('',(0.,0.,-1.));
#10998=DIRECTION('',(1.,0.,0.));
#10999=DIRECTION('',(0.,0.,-1.));
#11000=DIRECTION('',(-1.,0.,0.));
#11001=DIRECTION('',(0.,0.,-1.));
#11002=DIRECTION('',(-1.,0.,0.));
#11003=DIRECTION('',(0.,0.,-1.));
#11004=DIRECTION('',(1.,0.,0.));
#11005=DIRECTION('',(0.,0.,-1.));
#11006=DIRECTION('',(-1.,0.,0.));
#11007=DIRECTION('',(0.,0.,-1.));
#11008=DIRECTION('',(-1.,0.,0.));
#11009=DIRECTION('',(0.,0.,-1.));
#11010=DIRECTION('',(1.,0.,0.));
#11011=DIRECTION('',(0.,0.,-1.));
#11012=DIRECTION('',(-1.,0.,0.));
#11013=DIRECTION('',(0.,0.,-1.));
#11014=DIRECTION('',(-1.,0.,0.));
#11015=DIRECTION('',(0.,0.,-1.));
#11016=DIRECTION('',(1.,0.,0.));
#11017=DIRECTION('',(0.,0.,-1.));
#11018=DIRECTION('',(-1.,0.,0.));
#11019=DIRECTION('',(0.,0.,-1.));
#11020=DIRECTION('',(-1.,0.,0.));
#11021=DIRECTION('',(0.,0.,-1.));
#11022=DIRECTION('',(1.,0.,0.));
#11023=DIRECTION('',(0.,0.,-1.));
#11024=DIRECTION('',(-1.,0.,0.));
#11025=DIRECTION('',(0.,0.,-1.));
#11026=DIRECTION('',(-1.,0.,0.));
#11027=DIRECTION('',(0.,0.,-1.));
#11028=DIRECTION('',(1.,0.,0.));
#11029=DIRECTION('',(0.,0.,-1.));
#11030=DIRECTION('',(-1.,0.,0.));
#11031=DIRECTION('',(0.,0.,-1.));
#11032=DIRECTION('',(-1.,0.,0.));
#11033=DIRECTION('',(0.,0.,-1.));
#11034=DIRECTION('',(1.,0.,0.));
#11035=DIRECTION('',(0.,0.,-1.));
#11036=DIRECTION('',(-1.,0.,0.));
#11037=DIRECTION('',(0.,0.,-1.));
#11038=DIRECTION('',(-1.,0.,0.));
#11039=DIRECTION('',(0.,0.,-1.));
#11040=DIRECTION('',(1.,0.,0.));
#11041=DIRECTION('',(-6.60572050010149E-35,0.996194698091745,-0.0871557427476582));
#11042=DIRECTION('',(0.,0.0871557427476582,0.996194698091746));
#11043=DIRECTION('',(4.9831245404654E-18,-0.0871557427476582,-0.996194698091745));
#11044=DIRECTION('',(-1.,-4.34307920528345E-19,-4.9641622471425E-18));
#11045=DIRECTION('',(4.9831245404654E-18,-0.0871557427476582,-0.996194698091745));
#11046=DIRECTION('',(4.9831245404654E-18,-0.0871557427476582,-0.996194698091745));
#11047=DIRECTION('',(4.9831245404654E-18,-0.0871557427476582,-0.996194698091745));
#11048=DIRECTION('',(1.,4.34307920528345E-19,4.9641622471425E-18));
#11049=DIRECTION('',(4.9641622471425E-18,0.,-1.));
#11050=DIRECTION('',(4.9831245404654E-18,-0.0871557427476582,-0.996194698091745));
#11051=DIRECTION('',(9.62964972193618E-35,-0.996194698091746,0.0871557427476582));
#11052=DIRECTION('',(4.9831245404654E-18,-0.0871557427476582,-0.996194698091745));
#11053=DIRECTION('',(-1.,-6.22700713858071E-17,4.45766056539905E-19));
#11054=DIRECTION('',(6.22700713858071E-17,-1.,0.));
#11055=DIRECTION('',(-6.2071966036085E-17,0.996194698091746,-0.0871557427476582));
#11056=DIRECTION('',(0.,0.,-1.));
#11057=DIRECTION('',(-1.,0.,0.));
#11058=DIRECTION('',(0.,0.,-1.));
#11059=DIRECTION('',(0.,0.,-1.));
#11060=DIRECTION('',(-1.,0.,0.));
#11061=DIRECTION('',(0.,0.707106781186548,-0.707106781186548));
#11062=DIRECTION('',(0.,-0.707106781186548,-0.707106781186548));
#11063=DIRECTION('',(0.,0.707106781186548,-0.707106781186548));
#11064=DIRECTION('',(0.,-0.707106781186548,-0.707106781186548));
#11065=DIRECTION('',(0.,0.,-1.));
#11066=DIRECTION('',(-1.,0.,0.));
#11067=DIRECTION('',(0.,0.,-1.));
#11068=DIRECTION('',(1.,0.,0.));
#11069=DIRECTION('',(0.,0.,-1.));
#11070=DIRECTION('',(0.,0.,-1.));
#11071=DIRECTION('',(0.,-1.,0.));
#11072=DIRECTION('',(-1.,0.,0.));
#11073=DIRECTION('',(0.,0.,1.));
#11074=DIRECTION('',(0.,1.,0.));
#11075=DIRECTION('',(0.,0.,-1.));
#11076=DIRECTION('',(0.,0.,-1.));
#11077=DIRECTION('',(0.,0.,-1.));
#11078=DIRECTION('',(-1.,0.,0.));
#11079=DIRECTION('',(0.,0.,-1.));
#11080=DIRECTION('',(0.,0.,-1.));
#11081=DIRECTION('',(-1.,0.,0.));
#11082=DIRECTION('',(0.,0.707106781186548,-0.707106781186548));
#11083=DIRECTION('',(0.,-0.707106781186548,-0.707106781186548));
#11084=DIRECTION('',(0.,0.707106781186548,-0.707106781186548));
#11085=DIRECTION('',(0.,-0.707106781186548,-0.707106781186548));
#11086=DIRECTION('',(0.,0.,-1.));
#11087=DIRECTION('',(-1.,0.,0.));
#11088=DIRECTION('',(0.,0.,-1.));
#11089=DIRECTION('',(1.,0.,0.));
#11090=DIRECTION('',(1.,0.,0.));
#11091=DIRECTION('',(0.,0.,-1.));
#11092=DIRECTION('',(-1.,0.,0.));
#11093=DIRECTION('',(0.,0.,-1.));
#11094=DIRECTION('',(-1.,0.,0.));
#11095=DIRECTION('',(0.,0.,-1.));
#11096=DIRECTION('',(-1.,0.,0.));
#11097=DIRECTION('',(0.,0.,-1.));
#11098=DIRECTION('',(0.,0.,-1.));
#11099=DIRECTION('',(-1.,0.,0.));
#11100=DIRECTION('',(0.,0.707106781186548,-0.707106781186548));
#11101=DIRECTION('',(0.,-0.707106781186548,-0.707106781186548));
#11102=DIRECTION('',(1.,0.,0.));
#11103=DIRECTION('',(0.,0.,-1.));
#11104=DIRECTION('',(0.,0.,-1.));
#11105=DIRECTION('',(0.,-1.,0.));
#11106=DIRECTION('',(-1.,0.,0.));
#11107=DIRECTION('',(0.,0.,1.));
#11108=DIRECTION('',(0.,1.,0.));
#11109=DIRECTION('',(0.,0.,-1.));
#11110=DIRECTION('',(0.,0.,-1.));
#11111=DIRECTION('',(1.,0.,0.));
#11112=DIRECTION('',(0.,1.,0.));
#11113=DIRECTION('',(1.,0.,0.));
#11114=DIRECTION('',(0.,0.,-1.));
#11115=DIRECTION('',(-1.,0.,0.));
#11116=DIRECTION('',(0.,0.,-1.));
#11117=DIRECTION('',(-1.,0.,0.));
#11118=DIRECTION('',(0.,0.,-1.));
#11119=DIRECTION('',(-1.,0.,0.));
#11120=DIRECTION('',(1.,0.,0.));
#11121=DIRECTION('',(0.,0.,-1.));
#11122=DIRECTION('',(-1.,0.,0.));
#11123=DIRECTION('',(1.,0.,0.));
#11124=DIRECTION('',(0.,0.,-1.));
#11125=DIRECTION('',(0.,0.,-1.));
#11126=DIRECTION('',(0.,-1.,0.));
#11127=DIRECTION('',(-1.,0.,0.));
#11128=DIRECTION('',(0.,0.,1.));
#11129=DIRECTION('',(0.,1.,0.));
#11130=DIRECTION('',(0.,0.,-1.));
#11131=DIRECTION('',(0.,0.,-1.));
#11132=DIRECTION('',(0.,0.,-1.));
#11133=DIRECTION('',(-1.,0.,0.));
#11134=DIRECTION('',(0.,0.707106781186548,-0.707106781186548));
#11135=DIRECTION('',(0.,-0.707106781186548,-0.707106781186548));
#11136=DIRECTION('',(0.,0.,-1.));
#11137=DIRECTION('',(-1.,0.,0.));
#11138=DIRECTION('',(0.,0.,-1.));
#11139=DIRECTION('',(1.,0.,0.));
#11140=DIRECTION('',(0.,0.,-1.));
#11141=DIRECTION('',(-1.,0.,0.));
#11142=DIRECTION('',(1.,0.,0.));
#11143=DIRECTION('',(0.,0.,-1.));
#11144=DIRECTION('',(-1.,0.,0.));
#11145=DIRECTION('',(0.,0.,-1.));
#11146=DIRECTION('',(-1.,0.,0.));
#11147=DIRECTION('',(0.,0.,-1.));
#11148=DIRECTION('',(-1.,0.,0.));
#11149=DIRECTION('',(1.,0.,0.));
#11150=DIRECTION('',(0.,-1.,0.));
#11151=DIRECTION('',(0.,0.,-1.));
#11152=DIRECTION('',(-1.,0.,0.));
#11153=DIRECTION('',(0.,0.,-1.));
#11154=DIRECTION('',(0.,0.,-1.));
#11155=DIRECTION('',(-1.,0.,0.));
#11156=DIRECTION('',(0.,0.707106781186548,0.707106781186548));
#11157=DIRECTION('',(0.,0.707106781186548,-0.707106781186548));
#11158=DIRECTION('',(0.,0.707106781186548,0.707106781186548));
#11159=DIRECTION('',(0.,0.707106781186548,-0.707106781186548));
#11160=DIRECTION('',(0.,0.,-1.));
#11161=DIRECTION('',(-1.,0.,0.));
#11162=DIRECTION('',(0.,0.,-1.));
#11163=DIRECTION('',(-1.,0.,0.));
#11164=DIRECTION('',(0.,0.,1.));
#11165=DIRECTION('',(0.,0.,-1.));
#11166=DIRECTION('',(0.,1.,0.));
#11167=DIRECTION('',(0.,0.,-1.));
#11168=DIRECTION('',(1.,0.,0.));
#11169=DIRECTION('',(0.,0.,-1.));
#11170=DIRECTION('',(-1.,0.,0.));
#11171=DIRECTION('',(-1.,0.,0.));
#11172=DIRECTION('',(0.,0.,-1.));
#11173=DIRECTION('',(-1.,0.,0.));
#11174=DIRECTION('',(0.,0.,-1.));
#11175=DIRECTION('',(-1.,0.,0.));
#11176=DIRECTION('',(1.,0.,0.));
#11177=DIRECTION('',(0.,0.,-1.));
#11178=DIRECTION('',(0.,0.,-1.));
#11179=DIRECTION('',(0.,-1.,0.));
#11180=DIRECTION('',(0.,0.,-1.));
#11181=DIRECTION('',(1.,0.,0.));
#11182=DIRECTION('',(0.,0.,-1.));
#11183=DIRECTION('',(0.,-1.,0.));
#11184=DIRECTION('',(0.,0.,-1.));
#11185=DIRECTION('',(0.,0.,-1.));
#11186=DIRECTION('',(-1.,0.,0.));
#11187=DIRECTION('',(0.,0.,-1.));
#11188=DIRECTION('',(-1.,0.,0.));
#11189=DIRECTION('',(0.,0.707106781186548,0.707106781186548));
#11190=DIRECTION('',(0.,0.707106781186548,-0.707106781186548));
#11191=DIRECTION('',(0.,0.,-1.));
#11192=DIRECTION('',(1.,0.,0.));
#11193=DIRECTION('',(-1.,0.,0.));
#11194=DIRECTION('',(0.,0.,-1.));
#11195=DIRECTION('',(-1.,0.,0.));
#11196=DIRECTION('',(0.,0.,-1.));
#11197=DIRECTION('',(-1.,0.,0.));
#11198=DIRECTION('',(-1.,0.,0.));
#11199=DIRECTION('',(0.,0.,1.));
#11200=DIRECTION('',(0.,1.,0.));
#11201=DIRECTION('',(0.,0.,-1.));
#11202=DIRECTION('',(0.,0.,-1.));
#11203=DIRECTION('',(0.,0.,-1.));
#11204=DIRECTION('',(-1.,0.,0.));
#11205=DIRECTION('',(0.,0.,-1.));
#11206=DIRECTION('',(0.,0.,-1.));
#11207=DIRECTION('',(-1.,0.,0.));
#11208=DIRECTION('',(0.,0.707106781186548,0.707106781186548));
#11209=DIRECTION('',(0.,0.707106781186548,-0.707106781186548));
#11210=DIRECTION('',(0.,0.707106781186548,0.707106781186548));
#11211=DIRECTION('',(0.,0.707106781186548,-0.707106781186548));
#11212=DIRECTION('',(0.,0.,-1.));
#11213=DIRECTION('',(-1.,0.,0.));
#11214=DIRECTION('',(0.,0.,-1.));
#11215=DIRECTION('',(1.,0.,0.));
#11216=DIRECTION('',(-1.,0.,0.));
#11217=DIRECTION('',(0.,1.,0.));
#11218=DIRECTION('',(0.,0.,-1.));
#11219=DIRECTION('',(-1.,0.,0.));
#11220=DIRECTION('',(1.,0.,0.));
#11221=DIRECTION('',(0.,0.,-1.));
#11222=DIRECTION('',(0.,0.,-1.));
#11223=DIRECTION('',(0.,-1.,0.));
#11224=DIRECTION('',(-1.,0.,0.));
#11225=DIRECTION('',(0.,0.,1.));
#11226=DIRECTION('',(0.,1.,0.));
#11227=DIRECTION('',(0.,0.,-1.));
#11228=DIRECTION('',(0.,0.,-1.));
#11229=DIRECTION('',(0.,0.,-1.));
#11230=DIRECTION('',(-1.,0.,0.));
#11231=DIRECTION('',(0.,0.707106781186548,0.707106781186548));
#11232=DIRECTION('',(0.,0.707106781186548,-0.707106781186548));
#11233=DIRECTION('',(0.,0.,-1.));
#11234=DIRECTION('',(-1.,0.,0.));
#11235=DIRECTION('',(0.,0.,-1.));
#11236=DIRECTION('',(1.,0.,0.));
#11237=DIRECTION('',(-1.,0.,0.));
#11238=DIRECTION('',(0.,0.,-1.));
#11239=DIRECTION('',(-1.,0.,0.));
#11240=DIRECTION('',(0.,0.,-1.));
#11241=DIRECTION('',(-1.,0.,0.));
#11242=DIRECTION('',(-1.,0.,0.));
#11243=DIRECTION('',(0.,0.,1.));
#11244=DIRECTION('',(0.,1.,0.));
#11245=DIRECTION('',(0.,0.0871557427476582,0.996194698091746));
#11246=DIRECTION('',(0.,-1.,0.));
#11247=DIRECTION('',(0.,-1.,0.));
#11248=DIRECTION('',(0.,0.,-1.));
#11249=DIRECTION('',(-5.22146173508664E-17,0.997352817253308,-0.0727142208710908));
#11250=DIRECTION('',(0.,-0.0727142208710908,-0.997352817253308));
#11251=DIRECTION('',(0.,-1.,0.));
#11252=DIRECTION('',(-2.77555756156289E-16,0.,1.));
#11253=DIRECTION('',(1.,0.,2.77555756156289E-16));
#11254=DIRECTION('',(1.,8.71068291850046E-17,2.77555756156289E-16));
#11255=DIRECTION('',(0.,-1.,0.));
#11256=DIRECTION('',(0.,-1.,0.));
#11257=DIRECTION('',(0.,0.,-1.));
#11258=DIRECTION('',(-5.22146173508662E-17,0.997352817253308,-0.0727142208710906));
#11259=DIRECTION('',(0.,-0.0727142208710906,-0.997352817253308));
#11260=DIRECTION('',(0.,-1.,0.));
#11261=DIRECTION('',(1.,0.,0.));
#11262=DIRECTION('',(0.,0.,-1.));
#11263=DIRECTION('',(0.,-0.0871557427476582,-0.996194698091746));
#11264=DIRECTION('',(0.,-1.,0.));
#11265=DIRECTION('',(0.,0.0871557427476582,0.996194698091745));
#11266=DIRECTION('',(0.,-0.996194698091746,0.0871557427476582));
#11267=DIRECTION('',(1.,6.23466293246003E-17,-5.45462327495547E-18));
#11268=DIRECTION('',(6.25847833199956E-17,-0.996194698091745,0.0871557427476582));
#11269=DIRECTION('',(6.25847833199956E-17,-0.996194698091745,0.0871557427476582));
#11270=DIRECTION('',(6.25847833199956E-17,-0.996194698091745,0.0871557427476582));
#11271=DIRECTION('',(0.,-0.0871557427476582,-0.996194698091746));
#11272=DIRECTION('',(6.25847833199956E-17,-0.996194698091745,0.0871557427476582));
#11273=DIRECTION('',(6.25847833199956E-17,-0.996194698091746,0.0871557427476582));
#11274=DIRECTION('',(0.,-0.0871557427476582,-0.996194698091746));
#11275=DIRECTION('',(0.,0.0871557427476582,0.996194698091745));
#11276=DIRECTION('',(0.,-0.996194698091746,0.0871557427476582));
#11277=DIRECTION('',(6.25847833199956E-17,-0.996194698091745,0.0871557427476582));
#11278=DIRECTION('',(1.,6.23466293246003E-17,-5.45462327495547E-18));
#11279=DIRECTION('',(6.25847833199956E-17,-0.996194698091745,0.0871557427476582));
#11280=DIRECTION('',(0.,-0.0871557427476582,-0.996194698091746));
#11281=DIRECTION('',(6.25847833199956E-17,-0.996194698091746,0.0871557427476582));
#11282=DIRECTION('',(0.,-0.0871557427476582,-0.996194698091746));
#11283=DIRECTION('',(6.25847833199956E-17,-0.996194698091746,0.0871557427476582));
#11284=DIRECTION('',(0.,-0.0871557427476582,-0.996194698091746));
#11285=DIRECTION('',(6.25847833199956E-17,-0.996194698091746,0.0871557427476582));
#11286=DIRECTION('',(6.25847833199956E-17,-0.996194698091746,0.0871557427476582));
#11287=DIRECTION('',(0.,-0.0871557427476582,-0.996194698091746));
#11288=DIRECTION('',(6.25847833199956E-17,-0.996194698091746,0.0871557427476582));
#11289=DIRECTION('',(0.,-0.0871557427476582,-0.996194698091746));
#11290=DIRECTION('',(6.25847833199956E-17,-0.996194698091746,0.0871557427476582));
#11291=DIRECTION('',(0.,-0.0871557427476582,-0.996194698091746));
#11292=DIRECTION('',(6.25847833199956E-17,-0.996194698091746,0.0871557427476582));
#11293=DIRECTION('',(7.32961624258009E-34,0.0871557427476582,0.996194698091746));
#11294=DIRECTION('',(0.,-0.996194698091746,0.0871557427476582));
#11295=DIRECTION('',(-1.,-6.23466293246003E-17,5.45462327495547E-18));
#11296=DIRECTION('',(6.25847833199956E-17,-0.996194698091746,0.0871557427476582));
#11297=DIRECTION('',(1.,6.23466293246003E-17,-5.45462327495547E-18));
#11298=DIRECTION('',(0.,0.,-1.));
#11299=DIRECTION('',(-1.,0.,0.));
#11300=DIRECTION('',(0.,0.,-1.));
#11301=DIRECTION('',(-1.,0.,0.));
#11302=DIRECTION('',(0.,0.,-1.));
#11303=DIRECTION('',(1.,0.,0.));
#11304=DIRECTION('',(0.,0.,-1.));
#11305=DIRECTION('',(-1.,0.,0.));
#11306=DIRECTION('',(0.,0.,-1.));
#11307=DIRECTION('',(-1.,0.,0.));
#11308=DIRECTION('',(0.,0.,-1.));
#11309=DIRECTION('',(1.,0.,0.));
#11310=DIRECTION('',(0.,0.,-1.));
#11311=DIRECTION('',(-1.,0.,0.));
#11312=DIRECTION('',(0.,0.,-1.));
#11313=DIRECTION('',(-1.,0.,0.));
#11314=DIRECTION('',(0.,0.,-1.));
#11315=DIRECTION('',(1.,0.,0.));
#11316=DIRECTION('',(0.,0.,-1.));
#11317=DIRECTION('',(-1.,0.,0.));
#11318=DIRECTION('',(0.,0.,-1.));
#11319=DIRECTION('',(-1.,0.,0.));
#11320=DIRECTION('',(0.,0.,-1.));
#11321=DIRECTION('',(1.,0.,0.));
#11322=DIRECTION('',(0.,0.,-1.));
#11323=DIRECTION('',(-1.,0.,0.));
#11324=DIRECTION('',(0.,0.,-1.));
#11325=DIRECTION('',(-1.,0.,0.));
#11326=DIRECTION('',(0.,0.,-1.));
#11327=DIRECTION('',(1.,0.,0.));
#11328=DIRECTION('',(0.,0.,-1.));
#11329=DIRECTION('',(-1.,0.,0.));
#11330=DIRECTION('',(0.,0.,-1.));
#11331=DIRECTION('',(-1.,0.,0.));
#11332=DIRECTION('',(0.,0.,-1.));
#11333=DIRECTION('',(1.,0.,0.));
#11334=DIRECTION('',(0.,0.,-1.));
#11335=DIRECTION('',(-1.,0.,0.));
#11336=DIRECTION('',(0.,0.,-1.));
#11337=DIRECTION('',(-1.,0.,0.));
#11338=DIRECTION('',(0.,0.,-1.));
#11339=DIRECTION('',(1.,0.,0.));
#11340=DIRECTION('',(0.,0.,-1.));
#11341=DIRECTION('',(1.,0.,0.));
#11342=DIRECTION('',(-1.,0.,0.));
#11343=DIRECTION('',(0.,0.,-1.));
#11344=DIRECTION('',(-1.,0.,0.));
#11345=DIRECTION('',(0.,0.,-1.));
#11346=DIRECTION('',(-1.,0.,0.));
#11347=DIRECTION('',(-1.,0.,0.));
#11348=DIRECTION('',(1.82123199577617E-16,-1.,0.));
#11349=DIRECTION('',(0.,1.,0.));
#11350=DIRECTION('',(0.,0.,1.));
#11351=DIRECTION('',(0.,0.,-1.));
#11352=DIRECTION('',(1.,0.,0.));
#11353=DIRECTION('',(0.707106781186547,0.,0.707106781186548));
#11354=DIRECTION('',(0.,-1.,0.));
#11355=DIRECTION('',(0.,0.,-1.));
#11356=DIRECTION('',(-1.,0.,0.));
#11357=DIRECTION('',(1.,0.,0.));
#11358=DIRECTION('',(1.,0.,0.));
#11359=DIRECTION('',(0.,0.,-1.));
#11360=DIRECTION('',(0.,0.,1.));
#11361=DIRECTION('',(0.,-1.,0.));
#11362=DIRECTION('',(0.,0.,1.));
#11363=DIRECTION('',(0.,1.,0.));
#11364=DIRECTION('',(0.,-1.,0.));
#11365=DIRECTION('',(0.,0.,-1.));
#11366=DIRECTION('',(0.,0.,1.));
#11367=DIRECTION('',(-1.,0.,0.));
#11368=DIRECTION('',(0.,0.,1.));
#11369=DIRECTION('',(1.,0.,0.));
#11370=DIRECTION('',(1.,0.,0.));
#11371=DIRECTION('',(0.,0.,-1.));
#11372=DIRECTION('',(0.,0.,1.));
#11373=DIRECTION('',(0.,1.,0.));
#11374=DIRECTION('',(0.,0.,1.));
#11375=DIRECTION('',(0.,-1.,0.));
#11376=DIRECTION('',(0.,0.,1.));
#11377=DIRECTION('',(1.,0.,0.));
#11378=DIRECTION('',(0.,-1.,0.));
#11379=DIRECTION('',(0.,0.,1.));
#11380=DIRECTION('',(1.,0.,0.));
#11381=DIRECTION('',(0.,0.,1.));
#11382=DIRECTION('',(1.,0.,0.));
#11383=DIRECTION('',(0.,-1.,0.));
#11384=DIRECTION('',(0.,0.,1.));
#11385=DIRECTION('',(1.,0.,0.));
#11386=DIRECTION('',(0.,1.,0.));
#11387=DIRECTION('',(1.,0.,0.));
#11388=DIRECTION('',(0.,-1.,0.));
#11389=DIRECTION('',(0.,0.,1.));
#11390=DIRECTION('',(1.,0.,0.));
#11391=DIRECTION('',(0.,-1.,0.));
#11392=DIRECTION('',(0.,0.,1.));
#11393=DIRECTION('',(1.,0.,0.));
#11394=DIRECTION('',(0.,0.,1.));
#11395=DIRECTION('',(1.,0.,0.));
#11396=DIRECTION('',(0.,1.,0.));
#11397=DIRECTION('',(0.,0.,1.));
#11398=DIRECTION('',(1.,0.,0.));
#11399=DIRECTION('',(-1.,0.,0.));
#11400=DIRECTION('',(0.,0.,1.));
#11401=DIRECTION('',(1.,0.,0.));
#11402=DIRECTION('',(-1.,0.,0.));
#11403=DIRECTION('',(0.,0.,1.));
#11404=DIRECTION('',(0.,-1.,0.));
#11405=DIRECTION('',(0.,0.,1.));
#11406=DIRECTION('',(-1.,0.,0.));
#11407=DIRECTION('',(0.,0.,1.));
#11408=DIRECTION('',(0.,0.,1.));
#11409=DIRECTION('',(0.,1.,0.));
#11410=DIRECTION('',(0.,-0.0871557427476582,-0.996194698091746));
#11411=DIRECTION('',(0.,0.996194698091746,-0.0871557427476582));
#11412=DIRECTION('',(0.,-0.0871557427476595,-0.996194698091745));
#11413=DIRECTION('',(0.,0.996194698091746,-0.0871557427476595));
#11414=DIRECTION('',(1.,0.,0.));
#11415=DIRECTION('',(0.,0.,-1.));
#11416=DIRECTION('',(1.,8.71068291850046E-17,2.77555756156289E-16));
#11417=DIRECTION('',(2.77555756156289E-16,0.,-1.));
#11418=DIRECTION('',(1.,0.,0.));
#11419=DIRECTION('',(0.,0.,-1.));
#11420=DIRECTION('',(0.,0.0871557427476595,0.996194698091745));
#11421=DIRECTION('',(0.,-0.996194698091746,0.0871557427476595));
#11422=DIRECTION('',(0.,0.0871557427476582,0.996194698091746));
#11423=DIRECTION('',(0.,-0.996194698091746,0.0871557427476582));
#11424=DIRECTION('',(0.,0.,1.));
#11425=DIRECTION('',(1.,0.,0.));
#11426=DIRECTION('',(0.,0.,-1.));
#11427=DIRECTION('',(-1.,0.,0.));
#11428=DIRECTION('',(0.,0.,-1.));
#11429=DIRECTION('',(-1.,0.,0.));
#11430=DIRECTION('',(0.,0.,-1.));
#11431=DIRECTION('',(-1.,0.,0.));
#11432=DIRECTION('',(0.,0.,-1.));
#11433=DIRECTION('',(-1.,0.,0.));
#11434=DIRECTION('',(0.,0.,-1.));
#11435=DIRECTION('',(-1.,0.,0.));
#11436=DIRECTION('',(0.,0.,1.));
#11437=DIRECTION('',(1.,0.,0.));
#11438=DIRECTION('',(0.,0.,1.));
#11439=DIRECTION('',(1.,0.,0.));
#11440=DIRECTION('',(0.,0.,-1.));
#11441=DIRECTION('',(-1.,0.,0.));
#11442=DIRECTION('',(0.,0.,1.));
#11443=DIRECTION('',(1.,0.,0.));
#11444=DIRECTION('',(0.,0.,1.));
#11445=DIRECTION('',(1.,0.,0.));
#11446=DIRECTION('',(0.,0.,1.));
#11447=DIRECTION('',(1.,0.,0.));
#11448=DIRECTION('',(0.,0.,-1.));
#11449=DIRECTION('',(-1.,0.,0.));
#11450=DIRECTION('',(0.,0.,-1.));
#11451=DIRECTION('',(-1.,0.,0.));
#11452=DIRECTION('',(0.,0.,-1.));
#11453=DIRECTION('',(-1.,0.,0.));
#11454=DIRECTION('',(0.,0.,-1.));
#11455=DIRECTION('',(-1.,0.,0.));
#11456=DIRECTION('',(0.,0.,1.));
#11457=DIRECTION('',(1.,0.,0.));
#11458=DIRECTION('',(0.,0.,1.));
#11459=DIRECTION('',(1.,0.,0.));
#11460=DIRECTION('',(0.,0.,-1.));
#11461=DIRECTION('',(-1.,0.,0.));
#11462=DIRECTION('',(0.,0.,1.));
#11463=DIRECTION('',(1.,0.,0.));
#11464=DIRECTION('',(0.,0.,-1.));
#11465=DIRECTION('',(-1.,0.,0.));
#11466=DIRECTION('',(0.,0.,-1.));
#11467=DIRECTION('',(-1.,0.,0.));
#11468=DIRECTION('',(0.,0.,-1.));
#11469=DIRECTION('',(-1.,0.,0.));
#11470=DIRECTION('',(0.,0.,-1.));
#11471=DIRECTION('',(-1.,0.,0.));
#11472=DIRECTION('',(0.,0.,-1.));
#11473=DIRECTION('',(-1.,0.,0.));
#11474=DIRECTION('',(0.,0.,-1.));
#11475=DIRECTION('',(-1.,0.,0.));
#11476=DIRECTION('',(0.,0.,-1.));
#11477=DIRECTION('',(-1.,0.,0.));
#11478=DIRECTION('',(0.,0.,1.));
#11479=DIRECTION('',(1.,0.,0.));
#11480=DIRECTION('',(0.,0.,-1.));
#11481=DIRECTION('',(-1.,0.,0.));
#11482=DIRECTION('',(0.,0.,-1.));
#11483=DIRECTION('',(-1.,0.,0.));
#11484=DIRECTION('',(0.,0.,1.));
#11485=DIRECTION('',(1.,0.,0.));
#11486=DIRECTION('',(0.,0.,-1.));
#11487=DIRECTION('',(-1.,0.,0.));
#11488=DIRECTION('',(0.,0.,1.));
#11489=DIRECTION('',(1.,0.,0.));
#11490=DIRECTION('',(0.,0.,1.));
#11491=DIRECTION('',(1.,0.,0.));
#11492=DIRECTION('',(0.,0.,1.));
#11493=DIRECTION('',(1.,0.,0.));
#11494=DIRECTION('',(0.,0.,1.));
#11495=DIRECTION('',(1.,0.,0.));
#11496=DIRECTION('',(0.,0.,1.));
#11497=DIRECTION('',(1.,0.,0.));
#11498=DIRECTION('',(0.,0.,1.));
#11499=DIRECTION('',(1.,0.,0.));
#11500=DIRECTION('',(0.,0.,-1.));
#11501=DIRECTION('',(-1.,0.,0.));
#11502=DIRECTION('',(0.,0.,1.));
#11503=DIRECTION('',(1.,0.,0.));
#11504=DIRECTION('',(0.,0.,1.));
#11505=DIRECTION('',(1.,0.,0.));
#11506=DIRECTION('',(0.,0.,1.));
#11507=DIRECTION('',(1.,0.,0.));
#11508=DIRECTION('',(0.,0.,1.));
#11509=DIRECTION('',(1.,0.,0.));
#11510=DIRECTION('',(0.,0.,1.));
#11511=DIRECTION('',(1.,0.,0.));
#11512=DIRECTION('',(0.,0.,1.));
#11513=DIRECTION('',(1.,0.,0.));
#11514=DIRECTION('',(0.,0.,1.));
#11515=DIRECTION('',(1.,0.,0.));
#11516=DIRECTION('',(0.,0.,-1.));
#11517=DIRECTION('',(-1.,0.,0.));
#11518=DIRECTION('',(0.,0.,1.));
#11519=DIRECTION('',(1.,0.,0.));
#11520=DIRECTION('',(0.,0.,1.));
#11521=DIRECTION('',(1.,0.,0.));
#11522=DIRECTION('',(0.,0.,-1.));
#11523=DIRECTION('',(-1.,0.,0.));
#11524=DIRECTION('',(0.,0.,1.));
#11525=DIRECTION('',(1.,0.,0.));
#11526=DIRECTION('',(0.,0.,1.));
#11527=DIRECTION('',(1.,0.,0.));
#11528=DIRECTION('',(0.,0.,1.));
#11529=DIRECTION('',(1.,0.,0.));
#11530=DIRECTION('',(0.,0.,1.));
#11531=DIRECTION('',(1.,0.,0.));
#11532=DIRECTION('',(0.,0.,1.));
#11533=DIRECTION('',(1.,0.,0.));
#11534=DIRECTION('',(0.,0.,-1.));
#11535=DIRECTION('',(-1.,0.,0.));
#11536=DIRECTION('',(0.,0.,-1.));
#11537=DIRECTION('',(-1.,0.,0.));
#11538=DIRECTION('',(0.,0.,1.));
#11539=DIRECTION('',(1.,0.,0.));
#11540=DIRECTION('',(0.,0.,1.));
#11541=DIRECTION('',(1.,0.,0.));
#11542=DIRECTION('',(0.,0.,-1.));
#11543=DIRECTION('',(-1.,0.,0.));
#11544=DIRECTION('',(0.,0.,1.));
#11545=DIRECTION('',(1.,0.,0.));
#11546=DIRECTION('',(0.,0.,-1.));
#11547=DIRECTION('',(-1.,0.,0.));
#11548=DIRECTION('',(0.,0.,-1.));
#11549=DIRECTION('',(-1.,0.,0.));
#11550=DIRECTION('',(0.,0.,1.));
#11551=DIRECTION('',(1.,0.,0.));
#11552=DIRECTION('',(0.,0.707106781186548,-0.707106781186548));
#11553=DIRECTION('',(1.,0.,0.));
#11554=DIRECTION('',(0.,-0.707106781186548,-0.707106781186548));
#11555=DIRECTION('',(0.,0.707106781186548,0.707106781186548));
#11556=DIRECTION('',(0.,0.,1.));
#11557=DIRECTION('',(1.,0.,0.));
#11558=DIRECTION('',(-0.707106781186548,0.,0.707106781186548));
#11559=DIRECTION('',(0.,0.,1.));
#11560=DIRECTION('',(1.,0.,0.));
#11561=DIRECTION('',(-0.707106781186548,0.,-0.707106781186548));
#11562=DIRECTION('',(-0.707106781186548,0.,-0.707106781186548));
#11563=DIRECTION('',(0.,1.,0.));
#11564=DIRECTION('',(-0.707106781186548,0.,0.707106781186548));
#11565=DIRECTION('',(-0.707106781186548,0.,0.707106781186548));
#11566=DIRECTION('',(0.,-1.,0.));
#11567=DIRECTION('',(-0.707106781186548,0.,-0.707106781186548));
#11568=DIRECTION('',(0.,0.,1.));
#11569=DIRECTION('',(1.,0.,0.));
#11570=DIRECTION('',(0.,-0.707106781186548,0.707106781186548));
#11571=DIRECTION('',(0.,0.,1.));
#11572=DIRECTION('',(1.,0.,0.));
#11573=DIRECTION('',(0.,0.707106781186548,-0.707106781186548));
#11574=DIRECTION('',(0.,0.70710678118655,0.707106781186545));
#11575=DIRECTION('',(-1.,0.,0.));
#11576=DIRECTION('',(0.,0.,-1.));
#11577=DIRECTION('',(-1.,0.,0.));
#11578=DIRECTION('',(-0.707106781186548,0.,0.707106781186548));
#11579=DIRECTION('',(0.707106781186548,0.,0.707106781186548));
#11580=DIRECTION('',(0.,1.,0.));
#11581=DIRECTION('',(-0.707106781186548,0.,0.707106781186548));
#11582=DIRECTION('',(0.,0.,-1.));
#11583=DIRECTION('',(-1.,0.,0.));
#11584=DIRECTION('',(0.,-0.707106781186548,0.707106781186548));
#11585=DIRECTION('',(0.,-0.707106781186548,-0.707106781186548));
#11586=DIRECTION('',(-1.,0.,0.));
#11587=DIRECTION('',(0.,-0.707106781186548,0.707106781186548));
#11588=DIRECTION('',(0.,0.,-1.));
#11589=DIRECTION('',(-1.,0.,0.));
#11590=DIRECTION('',(0.707106781186548,0.,0.707106781186548));
#11591=DIRECTION('',(0.707106781186548,0.,-0.707106781186548));
#11592=DIRECTION('',(0.,-1.,0.));
#11593=DIRECTION('',(0.707106781186548,0.,0.707106781186548));
#11594=DIRECTION('',(0.,0.,-1.));
#11595=DIRECTION('',(-1.,0.,0.));
#11596=DIRECTION('',(0.707106781186548,0.,-0.707106781186548));
#11597=DIRECTION('',(0.,1.,0.));
#11598=DIRECTION('',(-0.577350269189626,0.577350269189626,-0.577350269189626));
#11599=DIRECTION('',(0.,-0.707106781186548,-0.707106781186548));
#11600=DIRECTION('',(1.,0.,0.));
#11601=DIRECTION('',(0.,-0.707106781186548,0.707106781186548));
#11602=DIRECTION('',(0.,0.,-1.));
#11603=DIRECTION('',(-1.,0.,0.));
#11604=DIRECTION('',(0.707106781186548,0.,0.707106781186548));
#11605=DIRECTION('',(-0.707106781186541,-1.28780549432723E-16,0.707106781186554));
#11606=DIRECTION('',(-1.82123199577617E-16,1.,0.));
#11607=DIRECTION('',(0.577350269189633,-0.577350269189622,0.577350269189622));
#11608=DIRECTION('',(0.,-0.707106781186548,-0.707106781186548));
#11609=DIRECTION('',(-1.,0.,0.));
#11610=DIRECTION('',(0.,-0.707106781186548,0.707106781186548));
#11611=DIRECTION('',(0.,0.,-1.));
#11612=DIRECTION('',(-1.,0.,0.));
#11613=DIRECTION('',(0.707106781186548,0.,0.707106781186548));
#11614=DIRECTION('',(-0.707106781186555,0.,0.70710678118654));
#11615=DIRECTION('',(0.,1.,0.));
#11616=DIRECTION('',(0.70710678118654,0.,0.707106781186555));
#11617=DIRECTION('',(0.,0.,-1.));
#11618=DIRECTION('',(-1.,0.,0.));
#11619=DIRECTION('',(0.,0.707106781186548,0.707106781186548));
#11620=DIRECTION('',(0.,-0.707106781186548,0.707106781186548));
#11621=DIRECTION('',(-1.,0.,0.));
#11622=DIRECTION('',(-0.577350269189626,-0.577350269189626,-0.577350269189626));
#11623=DIRECTION('',(-0.707106781186548,0.,0.707106781186548));
#11624=DIRECTION('',(0.,1.,0.));
#11625=DIRECTION('',(0.707106781186548,0.,0.707106781186548));
#11626=DIRECTION('',(0.,0.,-1.));
#11627=DIRECTION('',(-1.,0.,0.));
#11628=DIRECTION('',(0.,0.707106781186548,0.707106781186548));
#11629=DIRECTION('',(0.,-0.707106781186548,0.707106781186548));
#11630=DIRECTION('',(-1.,0.,0.));
#11631=DIRECTION('',(0.,0.707106781186548,0.707106781186548));
#11632=DIRECTION('',(0.,0.,-1.));
#11633=DIRECTION('',(-1.,0.,0.));
#11634=DIRECTION('',(-0.707106781186548,0.,0.707106781186548));
#11635=DIRECTION('',(-0.707106781186548,0.,-0.707106781186548));
#11636=DIRECTION('',(0.,-1.,0.));
#11637=DIRECTION('',(0.577350269189626,-0.577350269189626,-0.577350269189626));
#11638=DIRECTION('',(8.58536996218163E-17,0.707106781186548,-0.707106781186547));
#11639=DIRECTION('',(-1.,1.21415466385078E-16,0.));
#11640=DIRECTION('',(0.,0.707106781186548,0.707106781186548));
#11641=DIRECTION('',(0.,0.,-1.));
#11642=DIRECTION('',(-1.,0.,0.));
#11643=DIRECTION('',(-0.707106781186548,0.,0.707106781186548));
#11644=DIRECTION('',(-0.707106781186548,0.,-0.707106781186548));
#11645=DIRECTION('',(0.,-1.,0.));
#11646=DIRECTION('',(-0.707106781186548,0.,0.707106781186548));
#11647=DIRECTION('',(0.,0.,-1.));
#11648=DIRECTION('',(-1.,0.,0.));
#11649=DIRECTION('',(0.,-0.707106781186548,0.707106781186548));
#11650=DIRECTION('',(0.,0.707106781186548,0.707106781186548));
#11651=DIRECTION('',(1.,0.,0.));
#11652=DIRECTION('',(-0.577350269189626,-0.577350269189626,0.577350269189626));
#11653=DIRECTION('',(-0.707106781186548,0.,-0.707106781186548));
#11654=DIRECTION('',(0.,-1.,0.));
#11655=DIRECTION('',(-0.707106781186548,0.,0.707106781186548));
#11656=DIRECTION('',(0.,0.,-1.));
#11657=DIRECTION('',(-1.,0.,0.));
#11658=DIRECTION('',(0.,-0.707106781186548,0.707106781186548));
#11659=DIRECTION('',(0.,-0.707106781186548,-0.707106781186548));
#11660=DIRECTION('',(1.,0.,0.));
#11661=DIRECTION('',(0.577350269189626,0.577350269189626,-0.577350269189626));
#11662=DIRECTION('',(-0.707106781186548,0.,-0.707106781186548));
#11663=DIRECTION('',(0.,1.,0.));
#11664=DIRECTION('',(0.,0.,-1.));
#11665=DIRECTION('',(-1.,0.,0.));
#11666=DIRECTION('',(-0.707106781186548,0.,0.707106781186548));
#11667=DIRECTION('',(-0.707106781186548,0.,-0.707106781186548));
#11668=DIRECTION('',(0.,1.,0.));
#11669=DIRECTION('',(-0.577350269189626,0.577350269189626,0.577350269189626));
#11670=DIRECTION('',(0.,-0.707106781186548,0.707106781186548));
#11671=DIRECTION('',(1.,0.,0.));
#11672=DIRECTION('',(-0.577350269189626,-0.577350269189626,-0.577350269189626));
#11673=DIRECTION('',(-0.707106781186548,0.,0.707106781186548));
#11674=DIRECTION('',(0.,-1.,0.));
#11675=DIRECTION('',(0.707106781186548,0.,0.707106781186548));
#11676=DIRECTION('',(0.,0.,-1.));
#11677=DIRECTION('',(-1.,0.,0.));
#11678=DIRECTION('',(0.,0.,1.));
#11679=DIRECTION('',(1.,0.,0.));
#11680=DIRECTION('',(0.,-0.707106781186548,-0.707106781186548));
#11681=DIRECTION('',(-0.707106781186548,0.,0.707106781186548));
#11682=DIRECTION('',(-0.707106781186554,-1.28780549432725E-16,-0.707106781186541));
#11683=DIRECTION('',(-1.82123199577617E-16,1.,0.));
#11684=DIRECTION('',(0.577350269189619,-0.577350269189629,-0.577350269189629));
#11685=DIRECTION('',(0.,0.707106781186548,-0.707106781186548));
#11686=DIRECTION('',(1.,0.,0.));
#11687=DIRECTION('',(0.,-0.707106781186548,-0.707106781186548));
#11688=DIRECTION('',(0.,0.707106781186548,-0.707106781186548));
#11689=DIRECTION('',(1.,0.,0.));
#11690=DIRECTION('',(0.,0.707106781186548,0.707106781186548));
#11691=DIRECTION('',(0.,0.,1.));
#11692=DIRECTION('',(1.,0.,0.));
#11693=DIRECTION('',(-0.707106781186548,0.,-0.707106781186548));
#11694=DIRECTION('',(0.,0.,1.));
#11695=DIRECTION('',(1.,0.,0.));
#11696=DIRECTION('',(-0.707106781186548,0.,0.707106781186547));
#11697=DIRECTION('',(-0.707106781186548,0.,0.707106781186548));
#11698=DIRECTION('',(0.,-1.,0.));
#11699=DIRECTION('',(0.577350269189626,0.577350269189626,0.577350269189626));
#11700=DIRECTION('',(-0.707106781186555,0.,-0.70710678118654));
#11701=DIRECTION('',(0.,1.,0.));
#11702=DIRECTION('',(-0.70710678118654,-1.83995210002006E-15,0.707106781186555));
#11703=DIRECTION('',(0.,0.707106781186548,-0.707106781186548));
#11704=DIRECTION('',(1.,0.,0.));
#11705=DIRECTION('',(0.,-0.707106781186548,-0.707106781186548));
#11706=DIRECTION('',(0.,0.,1.));
#11707=DIRECTION('',(1.,0.,0.));
#11708=DIRECTION('',(0.,-0.707106781186548,0.707106781186548));
#11709=DIRECTION('',(0.,0.,1.));
#11710=DIRECTION('',(1.,0.,0.));
#11711=DIRECTION('',(-0.707106781186548,0.,-0.707106781186548));
#11712=DIRECTION('',(0.,0.707106781186545,0.70710678118655));
#11713=DIRECTION('',(-1.,0.,0.));
#11714=DIRECTION('',(0.,-0.70710678118655,0.707106781186545));
#11715=DIRECTION('',(-0.707106781186548,0.,0.707106781186548));
#11716=DIRECTION('',(0.,-1.,0.));
#11717=DIRECTION('',(-0.707106781186548,0.,-0.707106781186548));
#11718=DIRECTION('',(0.,0.,1.));
#11719=DIRECTION('',(1.,0.,0.));
#11720=DIRECTION('',(0.707106781186548,0.,0.707106781186548));
#11721=DIRECTION('',(0.,0.,1.));
#11722=DIRECTION('',(1.,0.,0.));
#11723=DIRECTION('',(0.,0.707106781186548,-0.707106781186548));
#11724=DIRECTION('',(0.707106781186548,0.,-0.707106781186548));
#11725=DIRECTION('',(0.,-1.,0.));
#11726=DIRECTION('',(0.577350269189626,-0.577350269189626,0.577350269189626));
#11727=DIRECTION('',(0.,0.707106781186545,0.70710678118655));
#11728=DIRECTION('',(-1.,0.,0.));
#11729=DIRECTION('',(0.,0.70710678118655,-0.707106781186545));
#11730=DIRECTION('',(0.,0.707106781186548,0.707106781186548));
#11731=DIRECTION('',(-1.,0.,0.));
#11732=DIRECTION('',(0.577350269189626,0.577350269189626,-0.577350269189626));
#11733=DIRECTION('',(0.,0.,1.));
#11734=DIRECTION('',(1.,0.,0.));
#11735=DIRECTION('',(0.707106781186548,0.,-0.707106781186548));
#11736=DIRECTION('',(0.707106781186548,0.,0.707106781186548));
#11737=DIRECTION('',(0.,1.,0.));
#11738=DIRECTION('',(-0.707106781186548,-1.28780549432724E-16,0.707106781186547));
#11739=DIRECTION('',(1.82123199577617E-16,-1.,0.));
#11740=DIRECTION('',(-0.577350269189625,0.577350269189626,-0.577350269189626));
#11741=DIRECTION('',(0.,0.707106781186548,0.707106781186548));
#11742=DIRECTION('',(-1.,0.,0.));
#11743=DIRECTION('',(0.,-0.707106781186548,0.707106781186548));
#11744=DIRECTION('',(0.,0.,-1.));
#11745=DIRECTION('',(-1.,0.,0.));
#11746=DIRECTION('',(-0.707106781186548,0.,-0.707106781186548));
#11747=DIRECTION('',(0.,-1.,0.));
#11748=DIRECTION('',(0.577350269189626,0.577350269189626,-0.577350269189626));
#11749=DIRECTION('',(0.,0.707106781186548,0.707106781186548));
#11750=DIRECTION('',(1.,0.,0.));
#11751=DIRECTION('',(0.,0.707106781186548,0.707106781186548));
#11752=DIRECTION('',(1.,0.,0.));
#11753=DIRECTION('',(0.,0.707106781186548,0.707106781186548));
#11754=DIRECTION('',(1.,0.,0.));
#11755=DIRECTION('',(0.,0.707106781186548,0.707106781186548));
#11756=DIRECTION('',(1.,0.,0.));
#11757=DIRECTION('',(0.,0.707106781186548,-0.707106781186548));
#11758=DIRECTION('',(0.,0.,-1.));
#11759=DIRECTION('',(-1.,0.,0.));
#11760=DIRECTION('',(0.,0.707106781186548,-0.707106781186548));
#11761=DIRECTION('',(-1.,0.,0.));
#11762=DIRECTION('',(-0.577350269189626,-0.577350269189626,-0.577350269189626));
#11763=DIRECTION('',(0.707106781186548,0.,-0.707106781186548));
#11764=DIRECTION('',(0.,1.,0.));
#11765=DIRECTION('',(0.707106781186548,0.,0.707106781186548));
#11766=DIRECTION('',(0.,0.,-1.));
#11767=DIRECTION('',(-1.,0.,0.));
#11768=DIRECTION('',(0.,0.707106781186548,0.707106781186548));
#11769=DIRECTION('',(0.,0.707106781186548,-0.707106781186548));
#11770=DIRECTION('',(-1.,0.,0.));
#11771=DIRECTION('',(0.,0.707106781186548,-0.707106781186548));
#11772=DIRECTION('',(-1.,0.,0.));
#11773=DIRECTION('',(0.,0.707106781186548,-0.707106781186548));
#11774=DIRECTION('',(-1.,0.,0.));
#11775=DIRECTION('',(0.,0.707106781186548,0.707106781186548));
#11776=DIRECTION('',(0.,0.,-1.));
#11777=DIRECTION('',(-1.,0.,0.));
#11778=DIRECTION('',(-0.707106781186548,0.,0.707106781186548));
#11779=DIRECTION('',(0.707106781186548,0.,0.707106781186548));
#11780=DIRECTION('',(0.,-1.,0.));
#11781=DIRECTION('',(-0.577350269189626,0.577350269189626,0.577350269189626));
#11782=DIRECTION('',(0.,0.707106781186548,-0.707106781186548));
#11783=DIRECTION('',(-1.,0.,0.));
#11784=DIRECTION('',(0.707106781186539,0.0616284167162201,0.704416026402767));
#11785=DIRECTION('',(9.62964972193618E-35,-0.996194698091746,0.0871557427476582));
#11786=DIRECTION('',(4.77777258387197E-17,-0.766044443118976,-0.642787609686542));
#11787=DIRECTION('',(1.,6.27809372451287E-17,-4.90461027812967E-19));
#11788=DIRECTION('',(3.52360115406022E-18,0.642787609686532,-0.766044443118985));
#11789=DIRECTION('',(-1.,-4.34307920528345E-19,-4.9641622471425E-18));
#11790=DIRECTION('',(-0.707106781186553,0.0616284167162188,0.704416026402753));
#11791=DIRECTION('',(-6.2071966036085E-17,0.996194698091746,-0.0871557427476582));
#11792=DIRECTION('',(0.,0.,-1.));
#11793=DIRECTION('',(-1.,0.,0.));
#11794=DIRECTION('',(0.,0.,-1.));
#11795=DIRECTION('',(0.,0.,-1.));
#11796=DIRECTION('',(-1.,0.,0.));
#11797=DIRECTION('',(0.,0.,-1.));
#11798=DIRECTION('',(0.,0.,-1.));
#11799=DIRECTION('',(-1.,0.,0.));
#11800=DIRECTION('',(-1.,0.,0.));
#11801=DIRECTION('',(0.,0.,1.));
#11802=DIRECTION('',(0.,-1.,0.));
#11803=DIRECTION('',(0.,0.,-1.));
#11804=DIRECTION('',(0.,1.,0.));
#11805=DIRECTION('',(0.,0.,-1.));
#11806=DIRECTION('',(-1.,0.,0.));
#11807=DIRECTION('',(0.,0.,-1.));
#11808=DIRECTION('',(-1.,0.,0.));
#11809=DIRECTION('',(0.,0.,-1.));
#11810=DIRECTION('',(0.,0.,-1.));
#11811=DIRECTION('',(-1.,0.,0.));
#11812=DIRECTION('',(-1.,0.,0.));
#11813=DIRECTION('',(0.,0.,1.));
#11814=DIRECTION('',(0.,1.,0.));
#11815=DIRECTION('',(0.,1.,0.));
#11816=DIRECTION('',(0.,0.,-1.));
#11817=DIRECTION('',(1.,0.,0.));
#11818=DIRECTION('',(0.,0.,-1.));
#11819=DIRECTION('',(-1.,0.,0.));
#11820=DIRECTION('',(0.,0.,-1.));
#11821=DIRECTION('',(0.,0.,-1.));
#11822=DIRECTION('',(-1.,0.,0.));
#11823=DIRECTION('',(0.,0.,-1.));
#11824=DIRECTION('',(0.,0.,-1.));
#11825=DIRECTION('',(-1.,0.,0.));
#11826=DIRECTION('',(-1.,-7.65319180578003E-17,0.));
#11827=DIRECTION('',(7.65319180578003E-17,-1.,0.));
#11828=DIRECTION('',(7.65319180578003E-17,-1.,0.));
#11829=DIRECTION('',(0.,0.,-1.));
#11830=DIRECTION('',(-7.65319180578003E-17,1.,0.));
#11831=DIRECTION('',(0.,0.,-1.));
#11832=DIRECTION('',(-1.,0.,0.));
#11833=DIRECTION('',(0.,0.,-1.));
#11834=DIRECTION('',(-1.,0.,0.));
#11835=DIRECTION('',(0.,0.,-1.));
#11836=DIRECTION('',(0.,0.,-1.));
#11837=DIRECTION('',(-1.,0.,0.));
#11838=DIRECTION('',(-1.,-5.10212787052002E-17,0.));
#11839=DIRECTION('',(5.10212787052002E-17,-1.,0.));
#11840=DIRECTION('',(-5.10212787052002E-17,1.,0.));
#11841=DIRECTION('',(-5.10212787052002E-17,1.,0.));
#11842=DIRECTION('',(0.,0.,-1.));
#11843=DIRECTION('',(1.,0.,0.));
#11844=DIRECTION('',(0.,0.,-1.));
#11845=DIRECTION('',(-1.,0.,0.));
#11846=DIRECTION('',(-0.707106781186548,0.,0.707106781186548));
#11847=DIRECTION('',(-0.707106781186548,0.,-0.707106781186548));
#11848=DIRECTION('',(0.707106781186548,0.,-0.707106781186548));
#11849=DIRECTION('',(0.,-1.,0.));
#11850=DIRECTION('',(-0.707106781186548,0.,-0.707106781186548));
#11851=DIRECTION('',(0.707106781186548,0.,0.707106781186548));
#11852=DIRECTION('',(0.,1.,0.));
#11853=DIRECTION('',(-0.707106781186548,0.,0.707106781186548));
#11854=DIRECTION('',(0.,0.,-1.));
#11855=DIRECTION('',(-1.,0.,0.));
#11856=DIRECTION('',(0.,0.,-1.));
#11857=DIRECTION('',(-1.,0.,0.));
#11858=DIRECTION('',(-0.707106781186548,0.,0.707106781186548));
#11859=DIRECTION('',(-0.707106781186548,0.,-0.707106781186548));
#11860=DIRECTION('',(0.707106781186549,3.60774921572559E-17,-0.707106781186547));
#11861=DIRECTION('',(5.10212787052002E-17,-1.,0.));
#11862=DIRECTION('',(-0.707106781186548,0.,-0.707106781186548));
#11863=DIRECTION('',(0.707106781186545,5.41162382358836E-17,0.707106781186551));
#11864=DIRECTION('',(-7.65319180578003E-17,1.,0.));
#11865=DIRECTION('',(-0.707106781186551,0.,0.707106781186545));
#11866=DIRECTION('',(0.,0.,-1.));
#11867=DIRECTION('',(-1.,0.,0.));
#11868=DIRECTION('',(-1.,0.,0.));
#11869=DIRECTION('',(0.,0.,1.));
#11870=DIRECTION('',(0.,0.,1.));
#11871=DIRECTION('',(0.,-1.,0.));
#11872=DIRECTION('',(0.,0.,1.));
#11873=DIRECTION('',(0.,1.,0.));
#11874=DIRECTION('',(0.,0.,1.));
#11875=DIRECTION('',(0.,0.,1.));
#11876=DIRECTION('',(-1.,0.,0.));
#11877=DIRECTION('',(-1.,0.,0.));
#11878=DIRECTION('',(0.,0.,1.));
#11879=DIRECTION('',(0.,0.,1.));
#11880=DIRECTION('',(0.,-1.,0.));
#11881=DIRECTION('',(0.,1.,0.));
#11882=DIRECTION('',(0.,0.,1.));
#11883=DIRECTION('',(-1.,0.,0.));
#11884=DIRECTION('',(0.,0.,1.));
#11885=DIRECTION('',(1.,0.,0.));
#11886=DIRECTION('',(0.,0.,1.));
#11887=DIRECTION('',(1.,0.,0.));
#11888=DIRECTION('',(1.,0.,0.));
#11889=DIRECTION('',(0.,0.,-1.));
#11890=DIRECTION('',(0.,0.,-1.));
#11891=DIRECTION('',(0.,-1.,0.));
#11892=DIRECTION('',(0.,0.,-1.));
#11893=DIRECTION('',(0.,-1.,0.));
#11894=DIRECTION('',(0.,1.,0.));
#11895=DIRECTION('',(0.,0.,1.));
#11896=DIRECTION('',(0.,0.,-1.));
#11897=DIRECTION('',(1.,0.,0.));
#11898=DIRECTION('',(1.,0.,0.));
#11899=DIRECTION('',(1.,0.,0.));
#11900=DIRECTION('',(0.,0.,-1.));
#11901=DIRECTION('',(0.,-1.,0.));
#11902=DIRECTION('',(0.,-1.,0.));
#11903=DIRECTION('',(0.,0.,-1.));
#11904=DIRECTION('',(0.,1.,0.));
#11905=DIRECTION('',(0.,0.,1.));
#11906=DIRECTION('',(1.,0.,0.));
#11907=DIRECTION('',(1.,0.,0.));
#11908=DIRECTION('',(0.,0.,1.));
#11909=DIRECTION('',(1.,0.,0.));
#11910=DIRECTION('',(0.,0.,1.));
#11911=DIRECTION('',(1.,0.,0.));
#11912=DIRECTION('',(0.,0.,1.));
#11913=DIRECTION('',(1.,0.,0.));
#11914=DIRECTION('',(1.,0.,0.));
#11915=DIRECTION('',(0.,0.,-1.));
#11916=DIRECTION('',(0.,0.,-1.));
#11917=DIRECTION('',(0.,-1.,0.));
#11918=DIRECTION('',(0.,0.,-1.));
#11919=DIRECTION('',(0.,-1.,0.));
#11920=DIRECTION('',(0.,1.,0.));
#11921=DIRECTION('',(0.,0.,1.));
#11922=DIRECTION('',(0.,0.,-1.));
#11923=DIRECTION('',(1.,0.,0.));
#11924=DIRECTION('',(1.,0.,0.));
#11925=DIRECTION('',(1.,0.,0.));
#11926=DIRECTION('',(0.,0.,-1.));
#11927=DIRECTION('',(0.,-1.,0.));
#11928=DIRECTION('',(0.,-1.,0.));
#11929=DIRECTION('',(0.,0.,-1.));
#11930=DIRECTION('',(0.,1.,0.));
#11931=DIRECTION('',(0.,0.,1.));
#11932=DIRECTION('',(1.,0.,0.));
#11933=DIRECTION('',(1.,0.,0.));
#11934=DIRECTION('',(0.,0.,1.));
#11935=DIRECTION('',(1.,0.,0.));
#11936=DIRECTION('',(0.,0.,1.));
#11937=DIRECTION('',(1.,0.,0.));
#11938=DIRECTION('',(0.,0.,1.));
#11939=DIRECTION('',(1.,0.,0.));
#11940=DIRECTION('',(1.,0.,0.));
#11941=DIRECTION('',(0.,0.,-1.));
#11942=DIRECTION('',(0.,0.,-1.));
#11943=DIRECTION('',(0.,-1.,0.));
#11944=DIRECTION('',(0.,0.,-1.));
#11945=DIRECTION('',(0.,-1.,0.));
#11946=DIRECTION('',(0.,1.,0.));
#11947=DIRECTION('',(0.,0.,1.));
#11948=DIRECTION('',(0.,0.,-1.));
#11949=DIRECTION('',(1.,0.,0.));
#11950=DIRECTION('',(1.,0.,0.));
#11951=DIRECTION('',(1.,0.,0.));
#11952=DIRECTION('',(0.,0.,-1.));
#11953=DIRECTION('',(0.,-1.,0.));
#11954=DIRECTION('',(0.,-1.,0.));
#11955=DIRECTION('',(0.,0.,-1.));
#11956=DIRECTION('',(0.,1.,0.));
#11957=DIRECTION('',(0.,0.,1.));
#11958=DIRECTION('',(1.,0.,0.));
#11959=DIRECTION('',(1.,0.,0.));
#11960=DIRECTION('',(0.,0.,1.));
#11961=DIRECTION('',(1.,0.,0.));
#11962=DIRECTION('',(0.,0.,1.));
#11963=DIRECTION('',(1.,0.,0.));
#11964=DIRECTION('',(0.,0.,1.));
#11965=DIRECTION('',(1.,0.,0.));
#11966=DIRECTION('',(1.,0.,0.));
#11967=DIRECTION('',(0.,0.,-1.));
#11968=DIRECTION('',(0.,0.,-1.));
#11969=DIRECTION('',(0.,-1.,0.));
#11970=DIRECTION('',(0.,0.,-1.));
#11971=DIRECTION('',(0.,-1.,0.));
#11972=DIRECTION('',(0.,1.,0.));
#11973=DIRECTION('',(0.,0.,1.));
#11974=DIRECTION('',(0.,0.,-1.));
#11975=DIRECTION('',(1.,0.,0.));
#11976=DIRECTION('',(1.,0.,0.));
#11977=DIRECTION('',(1.,0.,0.));
#11978=DIRECTION('',(0.,0.,-1.));
#11979=DIRECTION('',(0.,-1.,0.));
#11980=DIRECTION('',(0.,-1.,0.));
#11981=DIRECTION('',(0.,0.,-1.));
#11982=DIRECTION('',(0.,1.,0.));
#11983=DIRECTION('',(0.,0.,1.));
#11984=DIRECTION('',(1.,0.,0.));
#11985=DIRECTION('',(1.,0.,0.));
#11986=DIRECTION('',(0.,0.,1.));
#11987=DIRECTION('',(1.,0.,0.));
#11988=DIRECTION('',(0.,0.,1.));
#11989=DIRECTION('',(1.,0.,0.));
#11990=DIRECTION('',(0.,0.,1.));
#11991=DIRECTION('',(1.,0.,0.));
#11992=DIRECTION('',(1.,0.,0.));
#11993=DIRECTION('',(0.,0.,-1.));
#11994=DIRECTION('',(0.,0.,-1.));
#11995=DIRECTION('',(0.,-1.,0.));
#11996=DIRECTION('',(0.,0.,-1.));
#11997=DIRECTION('',(0.,-1.,0.));
#11998=DIRECTION('',(0.,1.,0.));
#11999=DIRECTION('',(0.,0.,1.));
#12000=DIRECTION('',(0.,0.,-1.));
#12001=DIRECTION('',(1.,0.,0.));
#12002=DIRECTION('',(1.,0.,0.));
#12003=DIRECTION('',(1.,0.,0.));
#12004=DIRECTION('',(0.,0.,-1.));
#12005=DIRECTION('',(0.,-1.,0.));
#12006=DIRECTION('',(0.,-1.,0.));
#12007=DIRECTION('',(0.,0.,-1.));
#12008=DIRECTION('',(0.,1.,0.));
#12009=DIRECTION('',(0.,0.,1.));
#12010=DIRECTION('',(1.,0.,0.));
#12011=DIRECTION('',(1.,0.,0.));
#12012=DIRECTION('',(0.,0.,1.));
#12013=DIRECTION('',(1.,0.,0.));
#12014=DIRECTION('',(0.,0.,1.));
#12015=DIRECTION('',(1.,0.,0.));
#12016=DIRECTION('',(0.,0.,1.));
#12017=DIRECTION('',(1.,0.,0.));
#12018=DIRECTION('',(1.,0.,0.));
#12019=DIRECTION('',(0.,0.,-1.));
#12020=DIRECTION('',(0.,0.,-1.));
#12021=DIRECTION('',(0.,-1.,0.));
#12022=DIRECTION('',(0.,0.,-1.));
#12023=DIRECTION('',(0.,-1.,0.));
#12024=DIRECTION('',(0.,1.,0.));
#12025=DIRECTION('',(0.,0.,1.));
#12026=DIRECTION('',(0.,0.,-1.));
#12027=DIRECTION('',(1.,0.,0.));
#12028=DIRECTION('',(1.,0.,0.));
#12029=DIRECTION('',(1.,0.,0.));
#12030=DIRECTION('',(0.,0.,-1.));
#12031=DIRECTION('',(0.,-1.,0.));
#12032=DIRECTION('',(0.,-1.,0.));
#12033=DIRECTION('',(0.,0.,-1.));
#12034=DIRECTION('',(0.,1.,0.));
#12035=DIRECTION('',(0.,0.,1.));
#12036=DIRECTION('',(1.,0.,0.));
#12037=DIRECTION('',(1.,0.,0.));
#12038=DIRECTION('',(0.,0.,1.));
#12039=DIRECTION('',(1.,0.,0.));
#12040=DIRECTION('',(0.,0.,1.));
#12041=DIRECTION('',(1.,0.,0.));
#12042=DIRECTION('',(0.,0.,1.));
#12043=DIRECTION('',(1.,0.,0.));
#12044=DIRECTION('',(1.,0.,0.));
#12045=DIRECTION('',(0.,0.,-1.));
#12046=DIRECTION('',(0.,0.,-1.));
#12047=DIRECTION('',(0.,-1.,0.));
#12048=DIRECTION('',(0.,0.,-1.));
#12049=DIRECTION('',(0.,-1.,0.));
#12050=DIRECTION('',(0.,1.,0.));
#12051=DIRECTION('',(0.,0.,1.));
#12052=DIRECTION('',(0.,0.,-1.));
#12053=DIRECTION('',(1.,0.,0.));
#12054=DIRECTION('',(1.,0.,0.));
#12055=DIRECTION('',(1.,0.,0.));
#12056=DIRECTION('',(0.,0.,-1.));
#12057=DIRECTION('',(0.,-1.,0.));
#12058=DIRECTION('',(0.,-1.,0.));
#12059=DIRECTION('',(0.,0.,-1.));
#12060=DIRECTION('',(0.,1.,0.));
#12061=DIRECTION('',(0.,0.,1.));
#12062=DIRECTION('',(1.,0.,0.));
#12063=DIRECTION('',(1.,0.,0.));
#12064=DIRECTION('',(0.,0.,1.));
#12065=DIRECTION('',(1.,0.,0.));
#12066=DIRECTION('',(0.,0.,1.));
#12067=DIRECTION('',(1.,0.,0.));
#12068=DIRECTION('',(0.,0.,1.));
#12069=DIRECTION('',(1.,0.,0.));
#12070=DIRECTION('',(1.,0.,0.));
#12071=DIRECTION('',(0.,0.,-1.));
#12072=DIRECTION('',(0.,0.,-1.));
#12073=DIRECTION('',(0.,-1.,0.));
#12074=DIRECTION('',(0.,0.,-1.));
#12075=DIRECTION('',(0.,-1.,0.));
#12076=DIRECTION('',(0.,1.,0.));
#12077=DIRECTION('',(0.,0.,1.));
#12078=DIRECTION('',(0.,0.,-1.));
#12079=DIRECTION('',(1.,0.,0.));
#12080=DIRECTION('',(1.,0.,0.));
#12081=DIRECTION('',(1.,0.,0.));
#12082=DIRECTION('',(0.,0.,-1.));
#12083=DIRECTION('',(0.,-1.,0.));
#12084=DIRECTION('',(0.,-1.,0.));
#12085=DIRECTION('',(0.,0.,-1.));
#12086=DIRECTION('',(0.,1.,0.));
#12087=DIRECTION('',(0.,0.,1.));
#12088=DIRECTION('',(1.,0.,0.));
#12089=DIRECTION('',(1.,0.,0.));
#12090=DIRECTION('',(0.,0.,1.));
#12091=DIRECTION('',(1.,0.,0.));
#12092=DIRECTION('',(0.,0.,1.));
#12093=DIRECTION('',(1.,0.,0.));
#12094=DIRECTION('',(0.,0.,1.));
#12095=DIRECTION('',(1.,0.,0.));
#12096=DIRECTION('',(1.,0.,0.));
#12097=DIRECTION('',(0.,0.,-1.));
#12098=DIRECTION('',(0.,0.,-1.));
#12099=DIRECTION('',(0.,-1.,0.));
#12100=DIRECTION('',(0.,0.,-1.));
#12101=DIRECTION('',(0.,-1.,0.));
#12102=DIRECTION('',(0.,1.,0.));
#12103=DIRECTION('',(0.,0.,1.));
#12104=DIRECTION('',(0.,0.,-1.));
#12105=DIRECTION('',(1.,0.,0.));
#12106=DIRECTION('',(1.,0.,0.));
#12107=DIRECTION('',(1.,0.,0.));
#12108=DIRECTION('',(0.,0.,-1.));
#12109=DIRECTION('',(0.,-1.,0.));
#12110=DIRECTION('',(0.,-1.,0.));
#12111=DIRECTION('',(0.,0.,-1.));
#12112=DIRECTION('',(0.,1.,0.));
#12113=DIRECTION('',(0.,0.,1.));
#12114=DIRECTION('',(1.,0.,0.));
#12115=DIRECTION('',(1.,0.,0.));
#12116=DIRECTION('',(0.,0.,1.));
#12117=DIRECTION('',(1.,0.,0.));
#12118=DIRECTION('',(0.,0.,1.));
#12119=DIRECTION('',(1.,0.,0.));
#12120=DIRECTION('',(0.,0.,1.));
#12121=DIRECTION('',(1.,0.,0.));
#12122=DIRECTION('',(1.,0.,0.));
#12123=DIRECTION('',(0.,0.,-1.));
#12124=DIRECTION('',(0.,0.,-1.));
#12125=DIRECTION('',(0.,-1.,0.));
#12126=DIRECTION('',(0.,0.,-1.));
#12127=DIRECTION('',(0.,-1.,0.));
#12128=DIRECTION('',(0.,1.,0.));
#12129=DIRECTION('',(0.,0.,1.));
#12130=DIRECTION('',(0.,0.,-1.));
#12131=DIRECTION('',(1.,0.,0.));
#12132=DIRECTION('',(1.,0.,0.));
#12133=DIRECTION('',(1.,0.,0.));
#12134=DIRECTION('',(0.,0.,-1.));
#12135=DIRECTION('',(0.,-1.,0.));
#12136=DIRECTION('',(0.,-1.,0.));
#12137=DIRECTION('',(0.,0.,-1.));
#12138=DIRECTION('',(0.,1.,0.));
#12139=DIRECTION('',(0.,0.,1.));
#12140=DIRECTION('',(1.,0.,0.));
#12141=DIRECTION('',(1.,0.,0.));
#12142=DIRECTION('',(0.,0.,1.));
#12143=DIRECTION('',(1.,0.,0.));
#12144=DIRECTION('',(0.,0.,1.));
#12145=DIRECTION('',(1.,0.,0.));
#12146=DIRECTION('',(0.,0.,1.));
#12147=DIRECTION('',(1.,0.,0.));
#12148=DIRECTION('',(1.,0.,0.));
#12149=DIRECTION('',(0.,0.,-1.));
#12150=DIRECTION('',(0.,0.,-1.));
#12151=DIRECTION('',(0.,-1.,0.));
#12152=DIRECTION('',(0.,0.,-1.));
#12153=DIRECTION('',(0.,-1.,0.));
#12154=DIRECTION('',(0.,1.,0.));
#12155=DIRECTION('',(0.,0.,1.));
#12156=DIRECTION('',(0.,0.,-1.));
#12157=DIRECTION('',(1.,0.,0.));
#12158=DIRECTION('',(1.,0.,0.));
#12159=DIRECTION('',(1.,0.,0.));
#12160=DIRECTION('',(0.,0.,-1.));
#12161=DIRECTION('',(0.,-1.,0.));
#12162=DIRECTION('',(0.,-1.,0.));
#12163=DIRECTION('',(0.,0.,-1.));
#12164=DIRECTION('',(0.,1.,0.));
#12165=DIRECTION('',(0.,0.,1.));
#12166=DIRECTION('',(1.,0.,0.));
#12167=DIRECTION('',(1.,0.,0.));
#12168=DIRECTION('',(0.,0.,1.));
#12169=DIRECTION('',(1.,0.,0.));
#12170=DIRECTION('',(0.,0.,1.));
#12171=DIRECTION('',(1.,0.,0.));
#12172=DIRECTION('',(0.,0.,1.));
#12173=DIRECTION('',(1.,0.,0.));
#12174=DIRECTION('',(1.,0.,0.));
#12175=DIRECTION('',(0.,0.,-1.));
#12176=DIRECTION('',(0.,0.,-1.));
#12177=DIRECTION('',(0.,-1.,0.));
#12178=DIRECTION('',(0.,0.,-1.));
#12179=DIRECTION('',(0.,-1.,0.));
#12180=DIRECTION('',(0.,1.,0.));
#12181=DIRECTION('',(0.,0.,1.));
#12182=DIRECTION('',(0.,0.,-1.));
#12183=DIRECTION('',(1.,0.,0.));
#12184=DIRECTION('',(1.,0.,0.));
#12185=DIRECTION('',(1.,0.,0.));
#12186=DIRECTION('',(0.,0.,-1.));
#12187=DIRECTION('',(0.,-1.,0.));
#12188=DIRECTION('',(0.,-1.,0.));
#12189=DIRECTION('',(0.,0.,-1.));
#12190=DIRECTION('',(0.,1.,0.));
#12191=DIRECTION('',(0.,0.,1.));
#12192=DIRECTION('',(1.,0.,0.));
#12193=DIRECTION('',(1.,0.,0.));
#12194=DIRECTION('',(0.,0.,1.));
#12195=DIRECTION('',(1.,0.,0.));
#12196=DIRECTION('',(0.,0.,1.));
#12197=DIRECTION('',(1.,0.,0.));
#12198=DIRECTION('',(0.,0.,1.));
#12199=DIRECTION('',(1.,0.,0.));
#12200=DIRECTION('',(1.,0.,0.));
#12201=DIRECTION('',(0.,0.,-1.));
#12202=DIRECTION('',(0.,0.,-1.));
#12203=DIRECTION('',(0.,-1.,0.));
#12204=DIRECTION('',(0.,0.,-1.));
#12205=DIRECTION('',(0.,-1.,0.));
#12206=DIRECTION('',(0.,1.,0.));
#12207=DIRECTION('',(0.,0.,1.));
#12208=DIRECTION('',(0.,0.,-1.));
#12209=DIRECTION('',(1.,0.,0.));
#12210=DIRECTION('',(1.,0.,0.));
#12211=DIRECTION('',(1.,0.,0.));
#12212=DIRECTION('',(0.,0.,-1.));
#12213=DIRECTION('',(0.,-1.,0.));
#12214=DIRECTION('',(0.,-1.,0.));
#12215=DIRECTION('',(0.,0.,-1.));
#12216=DIRECTION('',(0.,1.,0.));
#12217=DIRECTION('',(0.,0.,1.));
#12218=DIRECTION('',(1.,0.,0.));
#12219=DIRECTION('',(1.,0.,0.));
#12220=DIRECTION('',(0.,0.,1.));
#12221=DIRECTION('',(1.,0.,0.));
#12222=DIRECTION('',(0.,0.,1.));
#12223=DIRECTION('',(1.,0.,0.));
#12224=DIRECTION('',(0.,0.,1.));
#12225=DIRECTION('',(1.,0.,0.));
#12226=DIRECTION('',(1.,0.,0.));
#12227=DIRECTION('',(0.,0.,-1.));
#12228=DIRECTION('',(0.,0.,-1.));
#12229=DIRECTION('',(0.,-1.,0.));
#12230=DIRECTION('',(0.,0.,-1.));
#12231=DIRECTION('',(0.,-1.,0.));
#12232=DIRECTION('',(0.,1.,0.));
#12233=DIRECTION('',(0.,0.,1.));
#12234=DIRECTION('',(0.,0.,-1.));
#12235=DIRECTION('',(1.,0.,0.));
#12236=DIRECTION('',(1.,0.,0.));
#12237=DIRECTION('',(1.,0.,0.));
#12238=DIRECTION('',(0.,0.,-1.));
#12239=DIRECTION('',(0.,-1.,0.));
#12240=DIRECTION('',(0.,-1.,0.));
#12241=DIRECTION('',(0.,0.,-1.));
#12242=DIRECTION('',(0.,1.,0.));
#12243=DIRECTION('',(0.,0.,1.));
#12244=DIRECTION('',(1.,0.,0.));
#12245=DIRECTION('',(1.,0.,0.));
#12246=DIRECTION('',(0.,0.,1.));
#12247=DIRECTION('',(1.,0.,0.));
#12248=DIRECTION('',(0.,0.,1.));
#12249=DIRECTION('',(1.,0.,0.));
#12250=DIRECTION('',(0.,0.,1.));
#12251=DIRECTION('',(1.,0.,0.));
#12252=DIRECTION('',(1.,0.,0.));
#12253=DIRECTION('',(0.,0.,-1.));
#12254=DIRECTION('',(0.,0.,-1.));
#12255=DIRECTION('',(0.,-1.,0.));
#12256=DIRECTION('',(0.,0.,-1.));
#12257=DIRECTION('',(0.,-1.,0.));
#12258=DIRECTION('',(0.,1.,0.));
#12259=DIRECTION('',(0.,0.,1.));
#12260=DIRECTION('',(0.,0.,-1.));
#12261=DIRECTION('',(1.,0.,0.));
#12262=DIRECTION('',(1.,0.,0.));
#12263=DIRECTION('',(1.,0.,0.));
#12264=DIRECTION('',(0.,0.,-1.));
#12265=DIRECTION('',(0.,-1.,0.));
#12266=DIRECTION('',(0.,-1.,0.));
#12267=DIRECTION('',(0.,0.,-1.));
#12268=DIRECTION('',(0.,1.,0.));
#12269=DIRECTION('',(0.,0.,1.));
#12270=DIRECTION('',(1.,0.,0.));
#12271=DIRECTION('',(1.,0.,0.));
#12272=DIRECTION('',(0.,0.,1.));
#12273=DIRECTION('',(1.,0.,0.));
#12274=DIRECTION('',(0.,0.,1.));
#12275=DIRECTION('',(1.,0.,0.));
#12276=DIRECTION('',(0.,0.,1.));
#12277=DIRECTION('',(1.,0.,0.));
#12278=DIRECTION('',(1.,0.,0.));
#12279=DIRECTION('',(0.,0.,-1.));
#12280=DIRECTION('',(0.,0.,-1.));
#12281=DIRECTION('',(0.,-1.,0.));
#12282=DIRECTION('',(0.,0.,-1.));
#12283=DIRECTION('',(0.,-1.,0.));
#12284=DIRECTION('',(0.,1.,0.));
#12285=DIRECTION('',(0.,0.,1.));
#12286=DIRECTION('',(0.,0.,-1.));
#12287=DIRECTION('',(1.,0.,0.));
#12288=DIRECTION('',(1.,0.,0.));
#12289=DIRECTION('',(1.,0.,0.));
#12290=DIRECTION('',(0.,0.,-1.));
#12291=DIRECTION('',(0.,-1.,0.));
#12292=DIRECTION('',(0.,-1.,0.));
#12293=DIRECTION('',(0.,0.,-1.));
#12294=DIRECTION('',(0.,1.,0.));
#12295=DIRECTION('',(0.,0.,1.));
#12296=DIRECTION('',(1.,0.,0.));
#12297=DIRECTION('',(1.,0.,0.));
#12298=DIRECTION('',(0.,0.,1.));
#12299=DIRECTION('',(1.,0.,0.));
#12300=DIRECTION('',(0.,0.,1.));
#12301=DIRECTION('',(1.,0.,0.));
#12302=DIRECTION('',(0.,0.,1.));
#12303=DIRECTION('',(1.,0.,0.));
#12304=DIRECTION('',(1.,0.,0.));
#12305=DIRECTION('',(0.,0.,-1.));
#12306=DIRECTION('',(0.,0.,-1.));
#12307=DIRECTION('',(0.,-1.,0.));
#12308=DIRECTION('',(0.,0.,-1.));
#12309=DIRECTION('',(0.,-1.,0.));
#12310=DIRECTION('',(0.,1.,0.));
#12311=DIRECTION('',(0.,0.,1.));
#12312=DIRECTION('',(0.,0.,-1.));
#12313=DIRECTION('',(1.,0.,0.));
#12314=DIRECTION('',(1.,0.,0.));
#12315=DIRECTION('',(1.,0.,0.));
#12316=DIRECTION('',(0.,0.,-1.));
#12317=DIRECTION('',(0.,-1.,0.));
#12318=DIRECTION('',(0.,-1.,0.));
#12319=DIRECTION('',(0.,0.,-1.));
#12320=DIRECTION('',(0.,1.,0.));
#12321=DIRECTION('',(0.,0.,1.));
#12322=DIRECTION('',(1.,0.,0.));
#12323=DIRECTION('',(1.,0.,0.));
#12324=DIRECTION('',(0.,0.,1.));
#12325=DIRECTION('',(1.,0.,0.));
#12326=DIRECTION('',(0.,0.,1.));
#12327=DIRECTION('',(1.,0.,0.));
#12328=DIRECTION('',(0.,0.,1.));
#12329=DIRECTION('',(1.,0.,0.));
#12330=DIRECTION('',(1.,0.,0.));
#12331=DIRECTION('',(0.,0.,-1.));
#12332=DIRECTION('',(0.,0.,-1.));
#12333=DIRECTION('',(0.,-1.,0.));
#12334=DIRECTION('',(0.,0.,-1.));
#12335=DIRECTION('',(0.,-1.,0.));
#12336=DIRECTION('',(0.,1.,0.));
#12337=DIRECTION('',(0.,0.,1.));
#12338=DIRECTION('',(0.,0.,-1.));
#12339=DIRECTION('',(1.,0.,0.));
#12340=DIRECTION('',(1.,0.,0.));
#12341=DIRECTION('',(1.,0.,0.));
#12342=DIRECTION('',(0.,0.,-1.));
#12343=DIRECTION('',(0.,-1.,0.));
#12344=DIRECTION('',(0.,-1.,0.));
#12345=DIRECTION('',(0.,0.,-1.));
#12346=DIRECTION('',(0.,1.,0.));
#12347=DIRECTION('',(0.,0.,1.));
#12348=DIRECTION('',(1.,0.,0.));
#12349=DIRECTION('',(1.,0.,0.));
#12350=DIRECTION('',(0.,0.,1.));
#12351=DIRECTION('',(1.,0.,0.));
#12352=DIRECTION('',(0.,0.,1.));
#12353=DIRECTION('',(1.,0.,0.));
#12354=DIRECTION('',(0.,0.,1.));
#12355=DIRECTION('',(1.,0.,0.));
#12356=DIRECTION('',(1.,0.,0.));
#12357=DIRECTION('',(0.,0.,-1.));
#12358=DIRECTION('',(0.,0.,-1.));
#12359=DIRECTION('',(0.,-1.,0.));
#12360=DIRECTION('',(0.,0.,-1.));
#12361=DIRECTION('',(0.,-1.,0.));
#12362=DIRECTION('',(0.,1.,0.));
#12363=DIRECTION('',(0.,0.,1.));
#12364=DIRECTION('',(0.,0.,-1.));
#12365=DIRECTION('',(1.,0.,0.));
#12366=DIRECTION('',(1.,0.,0.));
#12367=DIRECTION('',(1.,0.,0.));
#12368=DIRECTION('',(0.,0.,-1.));
#12369=DIRECTION('',(0.,-1.,0.));
#12370=DIRECTION('',(0.,-1.,0.));
#12371=DIRECTION('',(0.,0.,-1.));
#12372=DIRECTION('',(0.,1.,0.));
#12373=DIRECTION('',(0.,0.,1.));
#12374=DIRECTION('',(1.,0.,0.));
#12375=DIRECTION('',(1.,0.,0.));
#12376=DIRECTION('',(0.,0.,1.));
#12377=DIRECTION('',(1.,0.,0.));
#12378=DIRECTION('',(0.,0.,1.));
#12379=DIRECTION('',(1.,0.,0.));
#12380=DIRECTION('',(0.,0.,1.));
#12381=DIRECTION('',(1.,0.,0.));
#12382=DIRECTION('',(1.,0.,0.));
#12383=DIRECTION('',(0.,0.,-1.));
#12384=DIRECTION('',(0.,0.,-1.));
#12385=DIRECTION('',(0.,-1.,0.));
#12386=DIRECTION('',(0.,0.,-1.));
#12387=DIRECTION('',(0.,-1.,0.));
#12388=DIRECTION('',(0.,1.,0.));
#12389=DIRECTION('',(0.,0.,1.));
#12390=DIRECTION('',(0.,0.,-1.));
#12391=DIRECTION('',(1.,0.,0.));
#12392=DIRECTION('',(1.,0.,0.));
#12393=DIRECTION('',(1.,0.,0.));
#12394=DIRECTION('',(0.,0.,-1.));
#12395=DIRECTION('',(0.,-1.,0.));
#12396=DIRECTION('',(0.,-1.,0.));
#12397=DIRECTION('',(0.,0.,-1.));
#12398=DIRECTION('',(0.,1.,0.));
#12399=DIRECTION('',(0.,0.,1.));
#12400=DIRECTION('',(1.,0.,0.));
#12401=DIRECTION('',(1.,0.,0.));
#12402=DIRECTION('',(0.,0.,1.));
#12403=DIRECTION('',(1.,0.,0.));
#12404=DIRECTION('',(0.,0.,1.));
#12405=DIRECTION('',(1.,0.,0.));
#12406=DIRECTION('',(0.,0.,1.));
#12407=DIRECTION('',(1.,0.,0.));
#12408=DIRECTION('',(1.,0.,0.));
#12409=DIRECTION('',(0.,0.,-1.));
#12410=DIRECTION('',(0.,0.,-1.));
#12411=DIRECTION('',(0.,-1.,0.));
#12412=DIRECTION('',(0.,0.,-1.));
#12413=DIRECTION('',(0.,-1.,0.));
#12414=DIRECTION('',(0.,1.,0.));
#12415=DIRECTION('',(0.,0.,1.));
#12416=DIRECTION('',(0.,0.,-1.));
#12417=DIRECTION('',(1.,0.,0.));
#12418=DIRECTION('',(1.,0.,0.));
#12419=DIRECTION('',(1.,0.,0.));
#12420=DIRECTION('',(0.,0.,-1.));
#12421=DIRECTION('',(0.,-1.,0.));
#12422=DIRECTION('',(0.,-1.,0.));
#12423=DIRECTION('',(0.,0.,-1.));
#12424=DIRECTION('',(0.,1.,0.));
#12425=DIRECTION('',(0.,0.,1.));
#12426=DIRECTION('',(1.,0.,0.));
#12427=DIRECTION('',(1.,0.,0.));
#12428=DIRECTION('',(0.,0.,1.));
#12429=DIRECTION('',(1.,0.,0.));
#12430=DIRECTION('',(0.,0.,1.));
#12431=DIRECTION('',(1.,0.,0.));
#12432=DIRECTION('',(0.,0.,1.));
#12433=DIRECTION('',(1.,0.,0.));
#12434=DIRECTION('',(1.,0.,0.));
#12435=DIRECTION('',(0.,0.,-1.));
#12436=DIRECTION('',(0.,0.,-1.));
#12437=DIRECTION('',(0.,-1.,0.));
#12438=DIRECTION('',(0.,0.,-1.));
#12439=DIRECTION('',(0.,-1.,0.));
#12440=DIRECTION('',(0.,1.,0.));
#12441=DIRECTION('',(0.,0.,1.));
#12442=DIRECTION('',(0.,0.,-1.));
#12443=DIRECTION('',(1.,0.,0.));
#12444=DIRECTION('',(1.,0.,0.));
#12445=DIRECTION('',(1.,0.,0.));
#12446=DIRECTION('',(0.,0.,-1.));
#12447=DIRECTION('',(0.,-1.,0.));
#12448=DIRECTION('',(0.,-1.,0.));
#12449=DIRECTION('',(0.,0.,-1.));
#12450=DIRECTION('',(0.,1.,0.));
#12451=DIRECTION('',(0.,0.,1.));
#12452=DIRECTION('',(1.,0.,0.));
#12453=DIRECTION('',(1.,0.,0.));
#12454=DIRECTION('',(0.,0.,1.));
#12455=DIRECTION('',(1.,0.,0.));
#12456=DIRECTION('',(0.,0.,1.));
#12457=DIRECTION('',(1.,0.,0.));
#12458=DIRECTION('',(0.,0.,1.));
#12459=DIRECTION('',(1.,0.,0.));
#12460=DIRECTION('',(1.,0.,0.));
#12461=DIRECTION('',(0.,0.,-1.));
#12462=DIRECTION('',(0.,0.,-1.));
#12463=DIRECTION('',(0.,-1.,0.));
#12464=DIRECTION('',(0.,0.,-1.));
#12465=DIRECTION('',(0.,-1.,0.));
#12466=DIRECTION('',(0.,1.,0.));
#12467=DIRECTION('',(0.,0.,1.));
#12468=DIRECTION('',(0.,0.,-1.));
#12469=DIRECTION('',(1.,0.,0.));
#12470=DIRECTION('',(1.,0.,0.));
#12471=DIRECTION('',(1.,0.,0.));
#12472=DIRECTION('',(0.,0.,-1.));
#12473=DIRECTION('',(0.,-1.,0.));
#12474=DIRECTION('',(0.,-1.,0.));
#12475=DIRECTION('',(0.,0.,-1.));
#12476=DIRECTION('',(0.,1.,0.));
#12477=DIRECTION('',(0.,0.,1.));
#12478=DIRECTION('',(1.,0.,0.));
#12479=DIRECTION('',(1.,0.,0.));
#12480=DIRECTION('',(0.,0.,1.));
#12481=DIRECTION('',(1.,0.,0.));
#12482=DIRECTION('',(0.,0.,1.));
#12483=DIRECTION('',(1.,0.,0.));
#12484=DIRECTION('',(0.,0.,1.));
#12485=DIRECTION('',(1.,0.,0.));
#12486=DIRECTION('',(1.,0.,0.));
#12487=DIRECTION('',(0.,0.,-1.));
#12488=DIRECTION('',(0.,0.,-1.));
#12489=DIRECTION('',(0.,-1.,0.));
#12490=DIRECTION('',(0.,0.,-1.));
#12491=DIRECTION('',(0.,-1.,0.));
#12492=DIRECTION('',(0.,1.,0.));
#12493=DIRECTION('',(0.,0.,1.));
#12494=DIRECTION('',(0.,0.,-1.));
#12495=DIRECTION('',(1.,0.,0.));
#12496=DIRECTION('',(1.,0.,0.));
#12497=DIRECTION('',(1.,0.,0.));
#12498=DIRECTION('',(0.,0.,-1.));
#12499=DIRECTION('',(0.,-1.,0.));
#12500=DIRECTION('',(0.,-1.,0.));
#12501=DIRECTION('',(0.,0.,-1.));
#12502=DIRECTION('',(0.,1.,0.));
#12503=DIRECTION('',(0.,0.,1.));
#12504=DIRECTION('',(1.,0.,0.));
#12505=DIRECTION('',(1.,0.,0.));
#12506=DIRECTION('',(0.,0.,1.));
#12507=DIRECTION('',(1.,0.,0.));
#12508=DIRECTION('',(0.,0.,1.));
#12509=DIRECTION('',(1.,0.,0.));
#12510=DIRECTION('',(0.,0.,1.));
#12511=DIRECTION('',(1.,0.,0.));
#12512=DIRECTION('',(1.,0.,0.));
#12513=DIRECTION('',(0.,0.,-1.));
#12514=DIRECTION('',(0.,0.,-1.));
#12515=DIRECTION('',(0.,-1.,0.));
#12516=DIRECTION('',(0.,0.,-1.));
#12517=DIRECTION('',(0.,-1.,0.));
#12518=DIRECTION('',(0.,1.,0.));
#12519=DIRECTION('',(0.,0.,1.));
#12520=DIRECTION('',(0.,0.,-1.));
#12521=DIRECTION('',(1.,0.,0.));
#12522=DIRECTION('',(1.,0.,0.));
#12523=DIRECTION('',(1.,0.,0.));
#12524=DIRECTION('',(0.,0.,-1.));
#12525=DIRECTION('',(0.,-1.,0.));
#12526=DIRECTION('',(0.,-1.,0.));
#12527=DIRECTION('',(0.,0.,-1.));
#12528=DIRECTION('',(0.,1.,0.));
#12529=DIRECTION('',(0.,0.,1.));
#12530=DIRECTION('',(1.,0.,0.));
#12531=DIRECTION('',(1.,0.,0.));
#12532=DIRECTION('',(0.,0.,1.));
#12533=DIRECTION('',(1.,0.,0.));
#12534=DIRECTION('',(0.,0.,1.));
#12535=DIRECTION('',(1.,0.,0.));
#12536=DIRECTION('',(0.,0.,1.));
#12537=DIRECTION('',(1.,0.,0.));
#12538=DIRECTION('',(1.,0.,0.));
#12539=DIRECTION('',(0.,0.,-1.));
#12540=DIRECTION('',(0.,-1.,0.));
#12541=DIRECTION('',(0.,0.,-1.));
#12542=DIRECTION('',(0.,-1.,0.));
#12543=DIRECTION('',(0.,0.,-1.));
#12544=DIRECTION('',(0.,-1.,0.));
#12545=DIRECTION('',(0.,0.,-1.));
#12546=DIRECTION('',(-1.,0.,0.));
#12547=DIRECTION('',(0.,0.,-1.));
#12548=DIRECTION('',(-1.,0.,0.));
#12549=DIRECTION('',(1.,0.,0.));
#12550=DIRECTION('',(0.,0.,-1.));
#12551=DIRECTION('',(0.,-1.,0.));
#12552=DIRECTION('',(0.,0.,-1.));
#12553=DIRECTION('',(0.,-1.,0.));
#12554=DIRECTION('',(-1.,0.,0.));
#12555=DIRECTION('',(0.,0.,1.));
#12556=DIRECTION('',(0.,1.,0.));
#12557=DIRECTION('',(0.,0.,-1.));
#12558=DIRECTION('',(0.,1.,0.));
#12559=DIRECTION('',(0.,0.,-1.));
#12560=DIRECTION('',(0.,1.,0.));
#12561=DIRECTION('',(0.,0.,1.));
#12562=DIRECTION('',(1.,0.,0.));
#12563=DIRECTION('',(0.,0.,-1.));
#12564=DIRECTION('',(1.,0.,0.));
#12565=DIRECTION('',(1.,0.,0.));
#12566=DIRECTION('',(0.,0.,-1.));
#12567=DIRECTION('',(0.,-1.,0.));
#12568=DIRECTION('',(0.,0.,-1.));
#12569=DIRECTION('',(0.,-1.,0.));
#12570=DIRECTION('',(-1.,0.,0.));
#12571=DIRECTION('',(0.,0.,1.));
#12572=DIRECTION('',(0.,1.,0.));
#12573=DIRECTION('',(0.,0.,-1.));
#12574=DIRECTION('',(0.,1.,0.));
#12575=DIRECTION('',(0.,0.,-1.));
#12576=DIRECTION('',(0.,1.,0.));
#12577=DIRECTION('',(0.,0.,1.));
#12578=DIRECTION('',(1.,0.,0.));
#12579=DIRECTION('',(0.,0.,-1.));
#12580=DIRECTION('',(1.,0.,0.));
#12581=DIRECTION('',(1.,0.,0.));
#12582=DIRECTION('',(0.,0.,-1.));
#12583=DIRECTION('',(0.,-1.,0.));
#12584=DIRECTION('',(0.,0.,-1.));
#12585=DIRECTION('',(0.,-1.,0.));
#12586=DIRECTION('',(-1.,0.,0.));
#12587=DIRECTION('',(0.,0.,1.));
#12588=DIRECTION('',(0.,1.,0.));
#12589=DIRECTION('',(0.,0.,-1.));
#12590=DIRECTION('',(0.,1.,0.));
#12591=DIRECTION('',(0.,0.,-1.));
#12592=DIRECTION('',(0.,1.,0.));
#12593=DIRECTION('',(0.,0.,1.));
#12594=DIRECTION('',(1.,0.,0.));
#12595=DIRECTION('',(0.,0.,-1.));
#12596=DIRECTION('',(1.,0.,0.));
#12597=DIRECTION('',(1.,0.,0.));
#12598=DIRECTION('',(0.,0.,-1.));
#12599=DIRECTION('',(0.,-1.,0.));
#12600=DIRECTION('',(0.,0.,-1.));
#12601=DIRECTION('',(0.,-1.,0.));
#12602=DIRECTION('',(-1.,0.,0.));
#12603=DIRECTION('',(0.,0.,1.));
#12604=DIRECTION('',(0.,1.,0.));
#12605=DIRECTION('',(0.,0.,-1.));
#12606=DIRECTION('',(0.,1.,0.));
#12607=DIRECTION('',(0.,0.,-1.));
#12608=DIRECTION('',(0.,1.,0.));
#12609=DIRECTION('',(0.,0.,1.));
#12610=DIRECTION('',(1.,0.,0.));
#12611=DIRECTION('',(0.,0.,-1.));
#12612=DIRECTION('',(1.,0.,0.));
#12613=DIRECTION('',(1.,0.,0.));
#12614=DIRECTION('',(0.,0.,-1.));
#12615=DIRECTION('',(0.,-1.,0.));
#12616=DIRECTION('',(0.,0.,-1.));
#12617=DIRECTION('',(0.,-1.,0.));
#12618=DIRECTION('',(-1.,0.,0.));
#12619=DIRECTION('',(0.,0.,1.));
#12620=DIRECTION('',(0.,1.,0.));
#12621=DIRECTION('',(0.,0.,-1.));
#12622=DIRECTION('',(0.,1.,0.));
#12623=DIRECTION('',(0.,0.,-1.));
#12624=DIRECTION('',(0.,1.,0.));
#12625=DIRECTION('',(0.,0.,1.));
#12626=DIRECTION('',(1.,0.,0.));
#12627=DIRECTION('',(0.,0.,-1.));
#12628=DIRECTION('',(1.,0.,0.));
#12629=DIRECTION('',(1.,0.,0.));
#12630=DIRECTION('',(0.,0.,-1.));
#12631=DIRECTION('',(0.,-1.,0.));
#12632=DIRECTION('',(0.,0.,-1.));
#12633=DIRECTION('',(0.,-1.,0.));
#12634=DIRECTION('',(-1.,0.,0.));
#12635=DIRECTION('',(0.,0.,1.));
#12636=DIRECTION('',(0.,1.,0.));
#12637=DIRECTION('',(0.,0.,-1.));
#12638=DIRECTION('',(0.,1.,0.));
#12639=DIRECTION('',(0.,0.,-1.));
#12640=DIRECTION('',(0.,1.,0.));
#12641=DIRECTION('',(0.,0.,1.));
#12642=DIRECTION('',(1.,0.,0.));
#12643=DIRECTION('',(0.,0.,-1.));
#12644=DIRECTION('',(1.,0.,0.));
#12645=DIRECTION('',(1.,0.,0.));
#12646=DIRECTION('',(0.,0.,-1.));
#12647=DIRECTION('',(0.,-1.,0.));
#12648=DIRECTION('',(0.,0.,-1.));
#12649=DIRECTION('',(0.,-1.,0.));
#12650=DIRECTION('',(0.,1.,0.));
#12651=DIRECTION('',(0.,0.,1.));
#12652=DIRECTION('',(1.,0.,0.));
#12653=DIRECTION('',(0.,0.,-1.));
#12654=DIRECTION('',(1.,0.,0.));
#12655=DIRECTION('',(0.,0.,-1.));
#12656=DIRECTION('',(1.,0.,0.));
#12657=DIRECTION('',(0.,0.,-1.));
#12658=DIRECTION('',(0.,-1.,0.));
#12659=DIRECTION('',(0.,0.,-1.));
#12660=DIRECTION('',(0.,-1.,0.));
#12661=DIRECTION('',(0.,-1.,0.));
#12662=DIRECTION('',(0.,0.,-1.));
#12663=DIRECTION('',(-1.,0.,0.));
#12664=DIRECTION('',(0.,0.,-1.));
#12665=DIRECTION('',(-1.,0.,0.));
#12666=DIRECTION('',(-1.,0.,0.));
#12667=DIRECTION('',(0.,0.,1.));
#12668=DIRECTION('',(0.,1.,0.));
#12669=DIRECTION('',(0.,0.,-1.));
#12670=DIRECTION('',(0.,1.,0.));
#12671=DIRECTION('',(0.,0.,-1.));
#12672=DIRECTION('',(0.,1.,0.));
#12673=DIRECTION('',(0.,0.,1.));
#12674=DIRECTION('',(1.,0.,0.));
#12675=DIRECTION('',(0.,0.,-1.));
#12676=DIRECTION('',(1.,0.,0.));
#12677=DIRECTION('',(1.,0.,0.));
#12678=DIRECTION('',(0.,0.,-1.));
#12679=DIRECTION('',(0.,-1.,0.));
#12680=DIRECTION('',(0.,0.,-1.));
#12681=DIRECTION('',(0.,-1.,0.));
#12682=DIRECTION('',(-1.,0.,0.));
#12683=DIRECTION('',(0.,0.,1.));
#12684=DIRECTION('',(0.,1.,0.));
#12685=DIRECTION('',(0.,0.,-1.));
#12686=DIRECTION('',(0.,1.,0.));
#12687=DIRECTION('',(0.,0.,-1.));
#12688=DIRECTION('',(0.,1.,0.));
#12689=DIRECTION('',(0.,0.,1.));
#12690=DIRECTION('',(1.,0.,0.));
#12691=DIRECTION('',(0.,0.,-1.));
#12692=DIRECTION('',(1.,0.,0.));
#12693=DIRECTION('',(1.,0.,0.));
#12694=DIRECTION('',(0.,0.,-1.));
#12695=DIRECTION('',(0.,-1.,0.));
#12696=DIRECTION('',(0.,0.,-1.));
#12697=DIRECTION('',(0.,-1.,0.));
#12698=DIRECTION('',(-1.,0.,0.));
#12699=DIRECTION('',(0.,0.,1.));
#12700=DIRECTION('',(0.,1.,0.));
#12701=DIRECTION('',(0.,0.,-1.));
#12702=DIRECTION('',(0.,1.,0.));
#12703=DIRECTION('',(0.,0.,-1.));
#12704=DIRECTION('',(0.,1.,0.));
#12705=DIRECTION('',(0.,0.,1.));
#12706=DIRECTION('',(1.,0.,0.));
#12707=DIRECTION('',(0.,0.,-1.));
#12708=DIRECTION('',(1.,0.,0.));
#12709=DIRECTION('',(1.,0.,0.));
#12710=DIRECTION('',(0.,0.,-1.));
#12711=DIRECTION('',(0.,-1.,0.));
#12712=DIRECTION('',(0.,0.,-1.));
#12713=DIRECTION('',(0.,-1.,0.));
#12714=DIRECTION('',(-1.,0.,0.));
#12715=DIRECTION('',(0.,0.,1.));
#12716=DIRECTION('',(0.,1.,0.));
#12717=DIRECTION('',(0.,0.,-1.));
#12718=DIRECTION('',(0.,1.,0.));
#12719=DIRECTION('',(0.,0.,-1.));
#12720=DIRECTION('',(0.,1.,0.));
#12721=DIRECTION('',(0.,0.,1.));
#12722=DIRECTION('',(1.,0.,0.));
#12723=DIRECTION('',(0.,0.,-1.));
#12724=DIRECTION('',(1.,0.,0.));
#12725=DIRECTION('',(1.,0.,0.));
#12726=DIRECTION('',(0.,0.,-1.));
#12727=DIRECTION('',(0.,-1.,0.));
#12728=DIRECTION('',(0.,0.,-1.));
#12729=DIRECTION('',(0.,-1.,0.));
#12730=DIRECTION('',(-1.,0.,0.));
#12731=DIRECTION('',(0.,0.,1.));
#12732=DIRECTION('',(0.,1.,0.));
#12733=DIRECTION('',(0.,0.,-1.));
#12734=DIRECTION('',(0.,1.,0.));
#12735=DIRECTION('',(0.,0.,-1.));
#12736=DIRECTION('',(0.,1.,0.));
#12737=DIRECTION('',(0.,0.,1.));
#12738=DIRECTION('',(1.,0.,0.));
#12739=DIRECTION('',(0.,0.,-1.));
#12740=DIRECTION('',(1.,0.,0.));
#12741=DIRECTION('',(1.,0.,0.));
#12742=DIRECTION('',(0.,0.,-1.));
#12743=DIRECTION('',(0.,-1.,0.));
#12744=DIRECTION('',(0.,0.,-1.));
#12745=DIRECTION('',(0.,-1.,0.));
#12746=DIRECTION('',(-1.,0.,0.));
#12747=DIRECTION('',(0.,0.,1.));
#12748=DIRECTION('',(0.,1.,0.));
#12749=DIRECTION('',(0.,0.,-1.));
#12750=DIRECTION('',(0.,1.,0.));
#12751=DIRECTION('',(0.,0.,-1.));
#12752=DIRECTION('',(0.,1.,0.));
#12753=DIRECTION('',(0.,0.,1.));
#12754=DIRECTION('',(1.,0.,0.));
#12755=DIRECTION('',(0.,0.,-1.));
#12756=DIRECTION('',(1.,0.,0.));
#12757=DIRECTION('',(1.,0.,0.));
#12758=DIRECTION('',(0.,0.,-1.));
#12759=DIRECTION('',(0.,-1.,0.));
#12760=DIRECTION('',(0.,0.,-1.));
#12761=DIRECTION('',(0.,-1.,0.));
#12762=DIRECTION('',(-1.,0.,0.));
#12763=DIRECTION('',(0.,0.,1.));
#12764=DIRECTION('',(0.,1.,0.));
#12765=DIRECTION('',(0.,0.,-1.));
#12766=DIRECTION('',(0.,1.,0.));
#12767=DIRECTION('',(0.,0.,-1.));
#12768=DIRECTION('',(0.,1.,0.));
#12769=DIRECTION('',(0.,0.,1.));
#12770=DIRECTION('',(1.,0.,0.));
#12771=DIRECTION('',(0.,0.,-1.));
#12772=DIRECTION('',(1.,0.,0.));
#12773=DIRECTION('',(1.,0.,0.));
#12774=DIRECTION('',(0.,0.,-1.));
#12775=DIRECTION('',(0.,-1.,0.));
#12776=DIRECTION('',(0.,0.,-1.));
#12777=DIRECTION('',(0.,-1.,0.));
#12778=DIRECTION('',(-1.,0.,0.));
#12779=DIRECTION('',(0.,0.,1.));
#12780=DIRECTION('',(0.,1.,0.));
#12781=DIRECTION('',(0.,0.,-1.));
#12782=DIRECTION('',(0.,1.,0.));
#12783=DIRECTION('',(0.,0.,-1.));
#12784=DIRECTION('',(0.,1.,0.));
#12785=DIRECTION('',(0.,0.,1.));
#12786=DIRECTION('',(1.,0.,0.));
#12787=DIRECTION('',(0.,0.,-1.));
#12788=DIRECTION('',(1.,0.,0.));
#12789=DIRECTION('',(1.,0.,0.));
#12790=DIRECTION('',(0.,0.,-1.));
#12791=DIRECTION('',(0.,-1.,0.));
#12792=DIRECTION('',(0.,0.,-1.));
#12793=DIRECTION('',(0.,-1.,0.));
#12794=DIRECTION('',(-1.,0.,0.));
#12795=DIRECTION('',(0.,0.,1.));
#12796=DIRECTION('',(0.,1.,0.));
#12797=DIRECTION('',(0.,0.,-1.));
#12798=DIRECTION('',(0.,1.,0.));
#12799=DIRECTION('',(0.,0.,-1.));
#12800=DIRECTION('',(0.,1.,0.));
#12801=DIRECTION('',(0.,0.,1.));
#12802=DIRECTION('',(1.,0.,0.));
#12803=DIRECTION('',(0.,0.,-1.));
#12804=DIRECTION('',(1.,0.,0.));
#12805=DIRECTION('',(1.,0.,0.));
#12806=DIRECTION('',(0.,0.,-1.));
#12807=DIRECTION('',(0.,-1.,0.));
#12808=DIRECTION('',(0.,0.,-1.));
#12809=DIRECTION('',(0.,-1.,0.));
#12810=DIRECTION('',(-1.,0.,0.));
#12811=DIRECTION('',(0.,0.,1.));
#12812=DIRECTION('',(0.,1.,0.));
#12813=DIRECTION('',(0.,0.,-1.));
#12814=DIRECTION('',(0.,1.,0.));
#12815=DIRECTION('',(0.,0.,-1.));
#12816=DIRECTION('',(0.,1.,0.));
#12817=DIRECTION('',(0.,0.,1.));
#12818=DIRECTION('',(1.,0.,0.));
#12819=DIRECTION('',(0.,0.,-1.));
#12820=DIRECTION('',(1.,0.,0.));
#12821=DIRECTION('',(1.,0.,0.));
#12822=DIRECTION('',(0.,0.,-1.));
#12823=DIRECTION('',(0.,-1.,0.));
#12824=DIRECTION('',(0.,0.,-1.));
#12825=DIRECTION('',(0.,-1.,0.));
#12826=DIRECTION('',(-1.,0.,0.));
#12827=DIRECTION('',(0.,0.,1.));
#12828=DIRECTION('',(0.,1.,0.));
#12829=DIRECTION('',(0.,0.,-1.));
#12830=DIRECTION('',(0.,1.,0.));
#12831=DIRECTION('',(0.,0.,-1.));
#12832=DIRECTION('',(0.,1.,0.));
#12833=DIRECTION('',(0.,0.,1.));
#12834=DIRECTION('',(1.,0.,0.));
#12835=DIRECTION('',(0.,0.,-1.));
#12836=DIRECTION('',(1.,0.,0.));
#12837=DIRECTION('',(1.,0.,0.));
#12838=DIRECTION('',(0.,0.,-1.));
#12839=DIRECTION('',(0.,-1.,0.));
#12840=DIRECTION('',(0.,0.,-1.));
#12841=DIRECTION('',(0.,-1.,0.));
#12842=DIRECTION('',(-1.,0.,0.));
#12843=DIRECTION('',(0.,0.,1.));
#12844=DIRECTION('',(0.,1.,0.));
#12845=DIRECTION('',(0.,0.,-1.));
#12846=DIRECTION('',(0.,1.,0.));
#12847=DIRECTION('',(0.,0.,-1.));
#12848=DIRECTION('',(0.,1.,0.));
#12849=DIRECTION('',(0.,0.,1.));
#12850=DIRECTION('',(1.,0.,0.));
#12851=DIRECTION('',(0.,0.,-1.));
#12852=DIRECTION('',(1.,0.,0.));
#12853=DIRECTION('',(1.,0.,0.));
#12854=DIRECTION('',(0.,0.,-1.));
#12855=DIRECTION('',(0.,-1.,0.));
#12856=DIRECTION('',(0.,0.,-1.));
#12857=DIRECTION('',(0.,-1.,0.));
#12858=DIRECTION('',(-1.,0.,0.));
#12859=DIRECTION('',(0.,0.,1.));
#12860=DIRECTION('',(0.,1.,0.));
#12861=DIRECTION('',(0.,0.,-1.));
#12862=DIRECTION('',(0.,1.,0.));
#12863=DIRECTION('',(0.,0.,-1.));
#12864=DIRECTION('',(0.,1.,0.));
#12865=DIRECTION('',(0.,0.,1.));
#12866=DIRECTION('',(1.,0.,0.));
#12867=DIRECTION('',(0.,0.,-1.));
#12868=DIRECTION('',(1.,0.,0.));
#12869=DIRECTION('',(1.,0.,0.));
#12870=DIRECTION('',(0.,0.,-1.));
#12871=DIRECTION('',(0.,-1.,0.));
#12872=DIRECTION('',(0.,0.,-1.));
#12873=DIRECTION('',(0.,-1.,0.));
#12874=DIRECTION('',(-1.,0.,0.));
#12875=DIRECTION('',(0.,0.,1.));
#12876=DIRECTION('',(0.,1.,0.));
#12877=DIRECTION('',(0.,0.,-1.));
#12878=DIRECTION('',(0.,1.,0.));
#12879=DIRECTION('',(0.,0.,-1.));
#12880=DIRECTION('',(0.,1.,0.));
#12881=DIRECTION('',(0.,0.,1.));
#12882=DIRECTION('',(1.,0.,0.));
#12883=DIRECTION('',(0.,0.,-1.));
#12884=DIRECTION('',(1.,0.,0.));
#12885=DIRECTION('',(1.,0.,0.));
#12886=DIRECTION('',(0.,0.,-1.));
#12887=DIRECTION('',(0.,-1.,0.));
#12888=DIRECTION('',(0.,0.,-1.));
#12889=DIRECTION('',(0.,-1.,0.));
#12890=DIRECTION('',(-1.,0.,0.));
#12891=DIRECTION('',(0.,0.,1.));
#12892=DIRECTION('',(0.,1.,0.));
#12893=DIRECTION('',(0.,0.,-1.));
#12894=DIRECTION('',(0.,1.,0.));
#12895=DIRECTION('',(0.,0.,-1.));
#12896=DIRECTION('',(0.,1.,0.));
#12897=DIRECTION('',(0.,0.,1.));
#12898=DIRECTION('',(1.,0.,0.));
#12899=DIRECTION('',(0.,0.,-1.));
#12900=DIRECTION('',(1.,0.,0.));
#12901=DIRECTION('',(1.,0.,0.));
#12902=DIRECTION('',(0.,0.,-1.));
#12903=DIRECTION('',(0.,-1.,0.));
#12904=DIRECTION('',(0.,0.,-1.));
#12905=DIRECTION('',(0.,-1.,0.));
#12906=DIRECTION('',(-1.,0.,0.));
#12907=DIRECTION('',(0.,0.,1.));
#12908=DIRECTION('',(0.,1.,0.));
#12909=DIRECTION('',(0.,0.,-1.));
#12910=DIRECTION('',(0.,1.,0.));
#12911=DIRECTION('',(0.,0.,-1.));
#12912=DIRECTION('',(0.,1.,0.));
#12913=DIRECTION('',(0.,0.,1.));
#12914=DIRECTION('',(1.,0.,0.));
#12915=DIRECTION('',(0.,0.,-1.));
#12916=DIRECTION('',(1.,0.,0.));
#12917=DIRECTION('',(1.,0.,0.));
#12918=DIRECTION('',(0.,0.,-1.));
#12919=DIRECTION('',(0.,-1.,0.));
#12920=DIRECTION('',(0.,0.,-1.));
#12921=DIRECTION('',(0.,-1.,0.));
#12922=DIRECTION('',(-1.,0.,0.));
#12923=DIRECTION('',(0.,0.,1.));
#12924=DIRECTION('',(0.,1.,0.));
#12925=DIRECTION('',(0.,0.,-1.));
#12926=DIRECTION('',(0.,1.,0.));
#12927=DIRECTION('',(0.,0.,-1.));
#12928=DIRECTION('',(0.,1.,0.));
#12929=DIRECTION('',(0.,0.,1.));
#12930=DIRECTION('',(1.,0.,0.));
#12931=DIRECTION('',(0.,0.,-1.));
#12932=DIRECTION('',(1.,0.,0.));
#12933=DIRECTION('',(1.,0.,0.));
#12934=DIRECTION('',(0.,0.,-1.));
#12935=DIRECTION('',(0.,-1.,0.));
#12936=DIRECTION('',(0.,0.,-1.));
#12937=DIRECTION('',(0.,-1.,0.));
#12938=DIRECTION('',(-1.,0.,0.));
#12939=DIRECTION('',(0.,0.,1.));
#12940=DIRECTION('',(0.,1.,0.));
#12941=DIRECTION('',(0.,0.,-1.));
#12942=DIRECTION('',(0.,1.,0.));
#12943=DIRECTION('',(0.,0.,-1.));
#12944=DIRECTION('',(0.,1.,0.));
#12945=DIRECTION('',(0.,0.,1.));
#12946=DIRECTION('',(1.,0.,0.));
#12947=DIRECTION('',(0.,0.,-1.));
#12948=DIRECTION('',(1.,0.,0.));
#12949=DIRECTION('',(1.,0.,0.));
#12950=DIRECTION('',(0.,0.,-1.));
#12951=DIRECTION('',(0.,-1.,0.));
#12952=DIRECTION('',(0.,0.,-1.));
#12953=DIRECTION('',(0.,-1.,0.));
#12954=DIRECTION('',(0.,-1.,0.));
#12955=DIRECTION('',(0.,0.,-1.));
#12956=DIRECTION('',(-1.,0.,0.));
#12957=DIRECTION('',(-1.,0.,0.));
#12958=DIRECTION('',(0.,-1.,0.));
#12959=DIRECTION('',(0.,0.,-1.));
#12960=DIRECTION('',(-1.,0.,0.));
#12961=DIRECTION('',(-1.,0.,0.));
#12962=DIRECTION('',(0.,-1.,0.));
#12963=DIRECTION('',(0.,0.,-1.));
#12964=DIRECTION('',(-1.,0.,0.));
#12965=DIRECTION('',(-1.,0.,0.));
#12966=DIRECTION('',(0.,-1.,0.));
#12967=DIRECTION('',(0.,0.,-1.));
#12968=DIRECTION('',(-1.,0.,0.));
#12969=DIRECTION('',(-1.,0.,0.));
#12970=DIRECTION('',(0.,-1.,0.));
#12971=DIRECTION('',(0.,0.,-1.));
#12972=DIRECTION('',(-1.,0.,0.));
#12973=DIRECTION('',(-1.,0.,0.));
#12974=DIRECTION('',(0.,-1.,0.));
#12975=DIRECTION('',(0.,0.,-1.));
#12976=DIRECTION('',(-1.,0.,0.));
#12977=DIRECTION('',(-1.,0.,0.));
#12978=DIRECTION('',(-1.,0.,0.));
#12979=DIRECTION('',(0.,0.,1.));
#12980=DIRECTION('',(0.,1.,0.));
#12981=DIRECTION('',(0.,1.,0.));
#12982=DIRECTION('',(0.,-1.,0.));
#12983=DIRECTION('',(0.,0.,-1.));
#12984=DIRECTION('',(-1.,0.,0.));
#12985=DIRECTION('',(-1.,0.,0.));
#12986=DIRECTION('',(0.,-1.,0.));
#12987=DIRECTION('',(0.,0.,-1.));
#12988=DIRECTION('',(-1.,0.,0.));
#12989=DIRECTION('',(-1.,0.,0.));
#12990=DIRECTION('',(0.,-1.,0.));
#12991=DIRECTION('',(0.,0.,-1.));
#12992=DIRECTION('',(-1.,0.,0.));
#12993=DIRECTION('',(-1.,0.,0.));
#12994=DIRECTION('',(0.,-1.,0.));
#12995=DIRECTION('',(0.,0.,-1.));
#12996=DIRECTION('',(-1.,0.,0.));
#12997=DIRECTION('',(-1.,0.,0.));
#12998=DIRECTION('',(0.,-1.,0.));
#12999=DIRECTION('',(0.,0.,-1.));
#13000=DIRECTION('',(-1.,0.,0.));
#13001=DIRECTION('',(-1.,0.,0.));
#13002=DIRECTION('',(0.,-1.,0.));
#13003=DIRECTION('',(0.,0.,-1.));
#13004=DIRECTION('',(-1.,0.,0.));
#13005=DIRECTION('',(-1.,0.,0.));
#13006=DIRECTION('',(0.,-1.,0.));
#13007=DIRECTION('',(0.,0.,-1.));
#13008=DIRECTION('',(-1.,0.,0.));
#13009=DIRECTION('',(-1.,0.,0.));
#13010=DIRECTION('',(0.,-1.,0.));
#13011=DIRECTION('',(0.,0.,-1.));
#13012=DIRECTION('',(-1.,0.,0.));
#13013=DIRECTION('',(-1.,0.,0.));
#13014=DIRECTION('',(0.,-1.,0.));
#13015=DIRECTION('',(0.,0.,-1.));
#13016=DIRECTION('',(-1.,0.,0.));
#13017=DIRECTION('',(-1.,0.,0.));
#13018=DIRECTION('',(0.,-1.,0.));
#13019=DIRECTION('',(0.,0.,-1.));
#13020=DIRECTION('',(-1.,0.,0.));
#13021=DIRECTION('',(-1.,0.,0.));
#13022=DIRECTION('',(0.,-1.,0.));
#13023=DIRECTION('',(0.,0.,-1.));
#13024=DIRECTION('',(-1.,0.,0.));
#13025=DIRECTION('',(-1.,0.,0.));
#13026=DIRECTION('',(0.,-1.,0.));
#13027=DIRECTION('',(0.,0.,-1.));
#13028=DIRECTION('',(-1.,0.,0.));
#13029=DIRECTION('',(-1.,0.,0.));
#13030=DIRECTION('',(0.,-1.,0.));
#13031=DIRECTION('',(0.,0.,-1.));
#13032=DIRECTION('',(-1.,0.,0.));
#13033=DIRECTION('',(-1.,0.,0.));
#13034=DIRECTION('',(0.,-1.,0.));
#13035=DIRECTION('',(0.,0.,-1.));
#13036=DIRECTION('',(-1.,0.,0.));
#13037=DIRECTION('',(-1.,0.,0.));
#13038=DIRECTION('',(0.,-1.,0.));
#13039=DIRECTION('',(0.,0.,-1.));
#13040=DIRECTION('',(-1.,0.,0.));
#13041=DIRECTION('',(-1.,0.,0.));
#13042=DIRECTION('',(0.,-1.,0.));
#13043=DIRECTION('',(0.,0.,-1.));
#13044=DIRECTION('',(-1.,0.,0.));
#13045=DIRECTION('',(-1.,0.,0.));
#13046=DIRECTION('',(0.,-1.,0.));
#13047=DIRECTION('',(0.,0.,-1.));
#13048=DIRECTION('',(-1.,0.,0.));
#13049=DIRECTION('',(-1.,0.,0.));
#13050=DIRECTION('',(0.,-1.,0.));
#13051=DIRECTION('',(0.,0.,-1.));
#13052=DIRECTION('',(-1.,0.,0.));
#13053=DIRECTION('',(-1.,0.,0.));
#13054=DIRECTION('',(0.,-1.,0.));
#13055=DIRECTION('',(0.,0.,-1.));
#13056=DIRECTION('',(-1.,0.,0.));
#13057=DIRECTION('',(-1.,0.,0.));
#13058=DIRECTION('',(0.,0.,1.));
#13059=DIRECTION('',(1.,0.,0.));
#13060=DIRECTION('',(0.,0.,1.));
#13061=DIRECTION('',(1.,0.,0.));
#13062=CARTESIAN_POINT('',(0.,0.,0.));
#13063=CARTESIAN_POINT('',(0.104775,0.04524375,0.));
#13064=CARTESIAN_POINT('',(0.104775,-0.0104375,0.));
#13065=CARTESIAN_POINT('',(-0.005675,-0.0104375,0.));
#13066=CARTESIAN_POINT('',(0.215225,-0.0104375,0.));
#13067=CARTESIAN_POINT('',(0.215225,0.100925,0.));
#13068=CARTESIAN_POINT('',(0.215225,0.100925,0.));
#13069=CARTESIAN_POINT('',(-0.005675,0.100925,0.));
#13070=CARTESIAN_POINT('',(-0.005675,0.100925,0.));
#13071=CARTESIAN_POINT('',(-0.005675,0.04524375,0.));
#13072=CARTESIAN_POINT('',(0.1665125,-0.000175,0.));
#13073=CARTESIAN_POINT('',(0.1665125,-0.000925,0.));
#13074=CARTESIAN_POINT('',(0.1657625,-0.000175,0.));
#13075=CARTESIAN_POINT('',(0.1657625,0.018375,0.));
#13076=CARTESIAN_POINT('',(0.1657625,0.018125,0.));
#13077=CARTESIAN_POINT('',(0.0435375,0.018125,0.));
#13078=CARTESIAN_POINT('',(0.0437875,0.018125,0.));
#13079=CARTESIAN_POINT('',(0.0437875,0.04524375,0.));
#13080=CARTESIAN_POINT('',(0.0437875,-0.000175,0.));
#13081=CARTESIAN_POINT('',(0.0430375,-0.000175,0.));
#13082=CARTESIAN_POINT('',(0.0430375,-0.000925,0.));
#13083=CARTESIAN_POINT('',(-0.000175,-0.000925,0.));
#13084=CARTESIAN_POINT('',(-0.000175,-0.000925,0.));
#13085=CARTESIAN_POINT('',(-0.000175,-0.000175,0.));
#13086=CARTESIAN_POINT('',(-0.000925,-0.000175,0.));
#13087=CARTESIAN_POINT('',(-0.000925,0.04524375,0.));
#13088=CARTESIAN_POINT('',(-0.000925,0.076375,0.));
#13089=CARTESIAN_POINT('',(-0.000175,0.076375,0.));
#13090=CARTESIAN_POINT('',(-0.000175,0.077125,0.));
#13091=CARTESIAN_POINT('',(0.104775,0.077125,0.));
#13092=CARTESIAN_POINT('',(0.0086,0.077125,0.));
#13093=CARTESIAN_POINT('',(0.0086,0.04524375,0.));
#13094=CARTESIAN_POINT('',(0.0086,0.095425,0.));
#13095=CARTESIAN_POINT('',(0.00935,0.095425,0.));
#13096=CARTESIAN_POINT('',(0.00935,0.096175,0.));
#13097=CARTESIAN_POINT('',(0.104775,0.096175,0.));
#13098=CARTESIAN_POINT('',(0.124,0.096175,0.));
#13099=CARTESIAN_POINT('',(0.124,0.095425,0.));
#13100=CARTESIAN_POINT('',(0.12475,0.095425,0.));
#13101=CARTESIAN_POINT('',(0.12475,0.076875,0.));
#13102=CARTESIAN_POINT('',(0.12475,0.077125,0.));
#13103=CARTESIAN_POINT('',(0.104775,0.077125,0.));
#13104=CARTESIAN_POINT('',(0.209725,0.077125,0.));
#13105=CARTESIAN_POINT('',(0.209725,0.076375,0.));
#13106=CARTESIAN_POINT('',(0.210475,0.076375,0.));
#13107=CARTESIAN_POINT('',(0.210475,-0.000175,0.));
#13108=CARTESIAN_POINT('',(0.210475,-0.000175,0.));
#13109=CARTESIAN_POINT('',(0.209725,-0.000175,0.));
#13110=CARTESIAN_POINT('',(0.209725,-0.000925,0.));
#13111=CARTESIAN_POINT('',(0.1665125,-0.000925,0.));
#13112=CARTESIAN_POINT('',(0.1621,-0.0049375,0.));
#13113=CARTESIAN_POINT('',(0.16285,-0.0049375,0.));
#13114=CARTESIAN_POINT('',(0.1621,-0.0056875,0.));
#13115=CARTESIAN_POINT('',(0.04745,-0.0056875,0.));
#13116=CARTESIAN_POINT('',(0.04745,-0.0056875,0.));
#13117=CARTESIAN_POINT('',(0.04745,-0.0049375,0.));
#13118=CARTESIAN_POINT('',(0.0467,-0.0049375,0.));
#13119=CARTESIAN_POINT('',(0.0467,0.04524375,0.));
#13120=CARTESIAN_POINT('',(0.0467,0.0144625,0.));
#13121=CARTESIAN_POINT('',(0.04745,0.0144625,0.));
#13122=CARTESIAN_POINT('',(0.04745,0.0152125,0.));
#13123=CARTESIAN_POINT('',(0.104775,0.0152125,0.));
#13124=CARTESIAN_POINT('',(0.1621,0.0152125,0.));
#13125=CARTESIAN_POINT('',(0.1621,0.0144625,0.));
#13126=CARTESIAN_POINT('',(0.16285,0.0144625,0.));
#13127=CARTESIAN_POINT('',(0.16285,-0.0049375,0.));
#13128=CARTESIAN_POINT('',(0.1698625,0.095925,0.));
#13129=CARTESIAN_POINT('',(0.210225,0.095925,0.));
#13130=CARTESIAN_POINT('',(0.1295,0.095925,0.));
#13131=CARTESIAN_POINT('',(0.210225,0.0889,0.));
#13132=CARTESIAN_POINT('',(0.210225,0.081875,0.));
#13133=CARTESIAN_POINT('',(0.1698625,0.081875,0.));
#13134=CARTESIAN_POINT('',(0.1295,0.081875,0.));
#13135=CARTESIAN_POINT('',(0.1295,0.0889,0.));
#13136=CARTESIAN_POINT('',(0.104775,-0.0054375,-0.0078));
#13137=CARTESIAN_POINT('',(0.04745,-0.0054375,-0.0078));
#13138=CARTESIAN_POINT('',(0.04745,-0.0054375,-0.00675));
#13139=CARTESIAN_POINT('',(0.04745,-0.0054375,-0.00025));
#13140=CARTESIAN_POINT('',(0.1621,-0.0054375,-0.00025));
#13141=CARTESIAN_POINT('',(0.1621,-0.0054375,-0.00025));
#13142=CARTESIAN_POINT('',(0.1621,-0.0054375,-0.007));
#13143=CARTESIAN_POINT('',(0.1621,-0.0054375,-0.00675));
#13144=CARTESIAN_POINT('',(0.1621,-0.0054375,-0.00675));
#13145=CARTESIAN_POINT('',(0.162311009923567,-0.0054375,-0.00675));
#13146=CARTESIAN_POINT('',(0.162492473705979,-0.0054375,-0.00687586596198329));
#13147=CARTESIAN_POINT('',(0.162659016994375,-0.0054375,-0.007));
#13148=CARTESIAN_POINT('',(0.162659016994375,-0.0054375,-0.007));
#13149=CARTESIAN_POINT('',(0.104775,-0.0054375,-0.007));
#13150=CARTESIAN_POINT('',(0.1655125,-0.0054375,-0.007));
#13151=CARTESIAN_POINT('',(0.1655125,-0.0054375,-0.0078));
#13152=CARTESIAN_POINT('',(0.1655125,-0.0054375,-0.01155));
#13153=CARTESIAN_POINT('',(0.157886447,-0.0054375,-0.01155));
#13154=CARTESIAN_POINT('',(0.157886447,-0.0054375,-0.01155));
#13155=CARTESIAN_POINT('',(0.0515937,-0.0054375,-0.01155));
#13156=CARTESIAN_POINT('',(0.0515937,-0.0054375,-0.01155));
#13157=CARTESIAN_POINT('',(0.0440375,-0.0054375,-0.01155));
#13158=CARTESIAN_POINT('',(0.0440375,-0.0054375,-0.01155));
#13159=CARTESIAN_POINT('',(0.0440375,-0.0054375,-0.007));
#13160=CARTESIAN_POINT('',(0.0440375,-0.0054375,-0.007));
#13161=CARTESIAN_POINT('',(0.104775,-0.0054375,-0.007));
#13162=CARTESIAN_POINT('',(0.0468909830056251,-0.0054375,-0.007));
#13163=CARTESIAN_POINT('',(0.0468909830056251,-0.0054375,-0.007));
#13164=CARTESIAN_POINT('',(0.047057505998723,-0.0054375,-0.00687588108920548));
#13165=CARTESIAN_POINT('',(0.0472389373056534,-0.0054375,-0.00675));
#13166=CARTESIAN_POINT('',(0.04745,-0.0054375,-0.00675));
#13167=CARTESIAN_POINT('',(0.0435375,0.00646875,-0.007));
#13168=CARTESIAN_POINT('',(0.0435375,0.018375,-0.007));
#13169=CARTESIAN_POINT('',(0.0435375,0.018375,-0.00675));
#13170=CARTESIAN_POINT('',(0.0435375,0.018375,-0.00025));
#13171=CARTESIAN_POINT('',(0.0435375,-0.000175,-0.00675));
#13172=CARTESIAN_POINT('',(0.0435375,-0.000175,-0.00675));
#13173=CARTESIAN_POINT('',(0.0435375,-0.000175,-0.007));
#13174=CARTESIAN_POINT('',(0.0435375,-0.000175,-0.00025));
#13175=CARTESIAN_POINT('',(0.0435375,0.00646875,-0.00025));
#13176=CARTESIAN_POINT('',(0.1660125,0.00646875,-0.007));
#13177=CARTESIAN_POINT('',(0.1660125,-0.000175,-0.007));
#13178=CARTESIAN_POINT('',(0.1660125,-0.000175,-0.00025));
#13179=CARTESIAN_POINT('',(0.1660125,-0.000175,-0.00675));
#13180=CARTESIAN_POINT('',(0.1660125,0.00646875,-0.00675));
#13181=CARTESIAN_POINT('',(0.1660125,0.018375,-0.00675));
#13182=CARTESIAN_POINT('',(0.1660125,0.018375,-0.007));
#13183=CARTESIAN_POINT('',(0.1660125,0.018375,-0.00025));
#13184=CARTESIAN_POINT('',(0.1660125,-0.000175,-0.00025));
#13185=CARTESIAN_POINT('',(0.00885,0.0864,-0.0078));
#13186=CARTESIAN_POINT('',(0.00885,0.082875,-0.011798));
#13187=CARTESIAN_POINT('',(0.00885,0.082875,-0.01155));
#13188=CARTESIAN_POINT('',(0.00885,0.082875,-0.01925));
#13189=CARTESIAN_POINT('',(0.00885,0.0864,-0.01925));
#13190=CARTESIAN_POINT('',(0.00885,0.101425,-0.01925));
#13191=CARTESIAN_POINT('',(0.00885,0.101425,-0.0078));
#13192=CARTESIAN_POINT('',(0.00885,0.101425,-0.0128));
#13193=CARTESIAN_POINT('',(0.00885,0.098925,-0.0128));
#13194=CARTESIAN_POINT('',(0.00885,0.095425,-0.0128));
#13195=CARTESIAN_POINT('',(0.00885,0.095425,0.));
#13196=CARTESIAN_POINT('',(0.00885,0.095425,-0.00025));
#13197=CARTESIAN_POINT('',(0.00885,0.0864,-0.00025));
#13198=CARTESIAN_POINT('',(0.00885,0.076875,-0.00025));
#13199=CARTESIAN_POINT('',(0.00885,0.076875,-0.0078));
#13200=CARTESIAN_POINT('',(0.00885,0.076875,-0.01155));
#13201=CARTESIAN_POINT('',(0.00885,0.0864,-0.01155));
#13202=CARTESIAN_POINT('',(0.104775,0.105925,-0.0078));
#13203=CARTESIAN_POINT('',(-0.005675,0.105925,0.));
#13204=CARTESIAN_POINT('',(-0.005675,0.105925,-0.0310178429271649));
#13205=CARTESIAN_POINT('',(-0.005675,0.105925,-0.005));
#13206=CARTESIAN_POINT('',(0.215225,0.105925,-0.005));
#13207=CARTESIAN_POINT('',(0.215225,0.105925,-0.005));
#13208=CARTESIAN_POINT('',(0.215225,0.105925,-0.0078));
#13209=CARTESIAN_POINT('',(0.215225,0.105925,-0.0310178429271649));
#13210=CARTESIAN_POINT('',(0.220227,0.105925,-0.0310178429271649));
#13211=CARTESIAN_POINT('',(0.104775,0.105925,-0.0226288690544621));
#13212=CARTESIAN_POINT('',(0.107699999865278,0.105925,-0.0226288690544621));
#13213=CARTESIAN_POINT('',(0.101849999865278,0.105925,-0.0226288690544621));
#13214=CARTESIAN_POINT('',(0.107699999865278,0.105925,-0.0189147356555518));
#13215=CARTESIAN_POINT('',(0.110652085047132,0.105925,-0.016675701370078));
#13216=CARTESIAN_POINT('',(0.104775,0.105925,-0.016675701370078));
#13217=CARTESIAN_POINT('',(0.0988979146834234,0.105925,-0.016675701370078));
#13218=CARTESIAN_POINT('',(0.101849999865278,0.105925,-0.0189147356555518));
#13219=CARTESIAN_POINT('',(0.104775,0.104925215320798,-0.0194980076106038));
#13220=CARTESIAN_POINT('',(-0.005675,0.104925215320798,-0.0194980076106038));
#13221=CARTESIAN_POINT('',(-0.005675,0.104925041009312,-0.0195));
#13222=CARTESIAN_POINT('',(-0.005675,0.103954399539503,-0.0305944827671468));
#13223=CARTESIAN_POINT('',(0.215225,0.103954399539503,-0.0305944827671467));
#13224=CARTESIAN_POINT('',(0.215225,0.103954399539503,-0.0305944827671467));
#13225=CARTESIAN_POINT('',(0.215225,0.104925215320798,-0.0194980076106038));
#13226=CARTESIAN_POINT('',(0.215225,0.104925041009312,-0.0195));
#13227=CARTESIAN_POINT('',(0.104775,0.104925041009312,-0.0195));
#13228=CARTESIAN_POINT('',(0.114101413130252,0.104925021564445,-0.0195002222558513));
#13229=CARTESIAN_POINT('',(0.114101254351149,0.104925003556447,-0.0195004280882138));
#13230=CARTESIAN_POINT('',(0.113929411289509,0.104936512936197,-0.0193688752756951));
#13231=CARTESIAN_POINT('',(0.113743353498566,0.104949245773592,-0.0192233382783103));
#13232=CARTESIAN_POINT('',(0.113524975925186,0.104948901844487,-0.0192272694059625));
#13233=CARTESIAN_POINT('',(0.113524991934585,0.104949274803323,-0.0192281913717247));
#13234=CARTESIAN_POINT('',(0.113524999865278,0.104925215320798,-0.0194980076106038));
#13235=CARTESIAN_POINT('',(0.113524999865278,0.105096205766639,-0.0175435778713738));
#13236=CARTESIAN_POINT('',(0.111024999865278,0.105096205766639,-0.0175435778713738));
#13237=CARTESIAN_POINT('',(0.111024999865278,0.105314927425453,-0.0150435778713739));
#13238=CARTESIAN_POINT('',(0.104775,0.105314927425453,-0.0150435778713738));
#13239=CARTESIAN_POINT('',(0.0985249998652776,0.105314927425453,-0.0150435778713739));
#13240=CARTESIAN_POINT('',(0.0985249998652776,0.105096205766639,-0.0175435778713738));
#13241=CARTESIAN_POINT('',(0.0960249998652776,0.105096205766639,-0.0175435778713738));
#13242=CARTESIAN_POINT('',(0.0960249998652776,0.104925215320798,-0.0194980076106038));
#13243=CARTESIAN_POINT('',(0.096025015270527,0.104948860646859,-0.0192277402970048));
#13244=CARTESIAN_POINT('',(0.096025023812169,0.104948901844477,-0.0192272694060848));
#13245=CARTESIAN_POINT('',(0.0958057822010579,0.10494924713469,-0.0192233227208887));
#13246=CARTESIAN_POINT('',(0.0956209197099644,0.10493653512331,-0.0193686216758335));
#13247=CARTESIAN_POINT('',(0.0954487453781731,0.104925003556364,-0.0195004280891573));
#13248=CARTESIAN_POINT('',(0.0954484492745042,0.104924531509062,-0.0195));
#13249=CARTESIAN_POINT('',(0.104775,0.104925041009312,-0.0195));
#13250=CARTESIAN_POINT('',(0.107699999865278,0.104983451864728,-0.0188323608675515));
#13251=CARTESIAN_POINT('',(0.107699999865278,0.104835287102057,-0.0205258918543074));
#13252=CARTESIAN_POINT('',(0.107699999865278,0.105131616627399,-0.0171388298807955));
#13253=CARTESIAN_POINT('',(0.104774999865278,0.104835287102057,-0.0205258918543074));
#13254=CARTESIAN_POINT('',(0.101849999865277,0.104835287102057,-0.0205258918543074));
#13255=CARTESIAN_POINT('',(0.101849999865277,0.104983451864728,-0.0188323608675515));
#13256=CARTESIAN_POINT('',(0.101849999865277,0.105131616627399,-0.0171388298807955));
#13257=CARTESIAN_POINT('',(0.104774999865278,0.105131616627399,-0.0171388298807955));
#13258=CARTESIAN_POINT('',(0.066675,0.101925,-0.012798));
#13259=CARTESIAN_POINT('',(0.114024999865278,0.101925,-0.0185));
#13260=CARTESIAN_POINT('',(0.114024999865278,0.101925,-0.01925));
#13261=CARTESIAN_POINT('',(0.114024999865278,0.101925,-0.0175));
#13262=CARTESIAN_POINT('',(0.124,0.101925,-0.01925));
#13263=CARTESIAN_POINT('',(0.124,0.101925,-0.01925));
#13264=CARTESIAN_POINT('',(0.124,0.101925,-0.0118));
#13265=CARTESIAN_POINT('',(0.124,0.101925,-0.0118));
#13266=CARTESIAN_POINT('',(0.066675,0.101925,-0.0118));
#13267=CARTESIAN_POINT('',(0.0692780810000001,0.101925,-0.0118));
#13268=CARTESIAN_POINT('',(0.0692780810000001,0.101925,-0.0128));
#13269=CARTESIAN_POINT('',(0.0692780810000001,0.101925,-0.0128));
#13270=CARTESIAN_POINT('',(0.066675,0.101925,-0.0128));
#13271=CARTESIAN_POINT('',(0.062484319,0.101925,-0.0128));
#13272=CARTESIAN_POINT('',(0.062484319,0.101925,-0.0118));
#13273=CARTESIAN_POINT('',(0.062484319,0.101925,-0.0118));
#13274=CARTESIAN_POINT('',(0.066675,0.101925,-0.0118));
#13275=CARTESIAN_POINT('',(0.0216530810000001,0.101925,-0.0118));
#13276=CARTESIAN_POINT('',(0.0216530810000001,0.101925,-0.012798));
#13277=CARTESIAN_POINT('',(0.0216530810000001,0.101925,-0.0128));
#13278=CARTESIAN_POINT('',(0.066675,0.101925,-0.0128));
#13279=CARTESIAN_POINT('',(0.00935,0.101925,-0.0128));
#13280=CARTESIAN_POINT('',(0.00935,0.101925,-0.012798));
#13281=CARTESIAN_POINT('',(0.00935,0.101925,-0.01925));
#13282=CARTESIAN_POINT('',(0.0955249998652776,0.101925,-0.01925));
#13283=CARTESIAN_POINT('',(0.0955249998652776,0.101925,-0.01925));
#13284=CARTESIAN_POINT('',(0.0955249998652776,0.101925,-0.0185));
#13285=CARTESIAN_POINT('',(0.0955249998652776,0.101925,-0.0175));
#13286=CARTESIAN_POINT('',(0.0985249998652776,0.101925,-0.0175));
#13287=CARTESIAN_POINT('',(0.0985249998652776,0.101925,-0.0145));
#13288=CARTESIAN_POINT('',(0.104774999865278,0.101925,-0.0145));
#13289=CARTESIAN_POINT('',(0.111024999865278,0.101925,-0.0145));
#13290=CARTESIAN_POINT('',(0.111024999865278,0.101925,-0.0175));
#13291=CARTESIAN_POINT('',(0.104775,-0.00605625,-0.0195));
#13292=CARTESIAN_POINT('',(0.2161,-0.00605625,-0.0195));
#13293=CARTESIAN_POINT('',(0.2161,0.0372869602407862,-0.0195));
#13294=CARTESIAN_POINT('',(0.2161,0.0542869602407863,-0.0195));
#13295=CARTESIAN_POINT('',(0.21435,0.0542869602407863,-0.0195));
#13296=CARTESIAN_POINT('',(0.2126,0.0542869602407863,-0.0195));
#13297=CARTESIAN_POINT('',(0.2126,0.0372869602407862,-0.0195));
#13298=CARTESIAN_POINT('',(0.2126,0.0372869602407862,-0.0195));
#13299=CARTESIAN_POINT('',(0.21435,0.0372869602407862,-0.0195));
#13300=CARTESIAN_POINT('',(-0.00305,-0.00605625,-0.0195));
#13301=CARTESIAN_POINT('',(-0.00305,0.0372869602407863,-0.0195));
#13302=CARTESIAN_POINT('',(-0.00305,0.0542869602407863,-0.0195));
#13303=CARTESIAN_POINT('',(-0.0048,0.0542869602407863,-0.0195));
#13304=CARTESIAN_POINT('',(-0.00655,0.0542869602407863,-0.0195));
#13305=CARTESIAN_POINT('',(-0.00655,0.0372869602407863,-0.0195));
#13306=CARTESIAN_POINT('',(-0.00655,0.0372869602407863,-0.0195));
#13307=CARTESIAN_POINT('',(-0.0048,0.0372869602407863,-0.0195));
#13308=CARTESIAN_POINT('',(0.114274999865278,0.104423131090541,-0.0195));
#13309=CARTESIAN_POINT('',(0.114274999865278,0.102175,-0.0195));
#13310=CARTESIAN_POINT('',(0.114274999865278,0.104445003256422,-0.0195));
#13311=CARTESIAN_POINT('',(0.114274999865278,0.104445003256422,-0.0195));
#13312=CARTESIAN_POINT('',(0.114280046988204,0.104620344093071,-0.0195));
#13313=CARTESIAN_POINT('',(0.114222230518462,0.104780017010534,-0.0195));
#13314=CARTESIAN_POINT('',(0.114101550456051,0.104924022008812,-0.0195));
#13315=CARTESIAN_POINT('',(0.218225,0.101894409353171,-0.0195));
#13316=CARTESIAN_POINT('',(0.218225,0.102690746870072,-0.0195));
#13317=CARTESIAN_POINT('',(0.217581638200736,0.104254412201864,-0.0195));
#13318=CARTESIAN_POINT('',(0.216021563495816,0.104925041009312,-0.0195));
#13319=CARTESIAN_POINT('',(0.215225,0.104925041009312,-0.0195));
#13320=CARTESIAN_POINT('',(0.218225,0.101894409353171,-0.0195));
#13321=CARTESIAN_POINT('',(0.218225,0.0462363547169815,-0.0195));
#13322=CARTESIAN_POINT('',(0.218225,-0.0103204888715989,-0.0195));
#13323=CARTESIAN_POINT('',(0.215225,-0.0133511205277399,-0.0195));
#13324=CARTESIAN_POINT('',(0.216021425071591,-0.0133511205277399,-0.0195));
#13325=CARTESIAN_POINT('',(0.217578684164269,-0.0126836347325716,-0.0195));
#13326=CARTESIAN_POINT('',(0.218225,-0.0111166797619846,-0.0195));
#13327=CARTESIAN_POINT('',(0.218225,-0.0103204888715989,-0.0195));
#13328=CARTESIAN_POINT('',(0.215225,-0.0133511205277399,-0.0195));
#13329=CARTESIAN_POINT('',(0.104775,-0.0133511205277399,-0.0195));
#13330=CARTESIAN_POINT('',(-0.005675,-0.0133511205277399,-0.0195));
#13331=CARTESIAN_POINT('',(-0.008675,-0.0103204888715988,-0.0195));
#13332=CARTESIAN_POINT('',(-0.008675,-0.011116826388499,-0.0195));
#13333=CARTESIAN_POINT('',(-0.0080316382007365,-0.0126804917202912,-0.0195));
#13334=CARTESIAN_POINT('',(-0.00647156349581568,-0.0133511205277403,-0.0195));
#13335=CARTESIAN_POINT('',(-0.005675,-0.0133511205277399,-0.0195));
#13336=CARTESIAN_POINT('',(-0.008675,-0.0103204888715988,-0.0195));
#13337=CARTESIAN_POINT('',(-0.008675,0.0462363547169815,-0.0195));
#13338=CARTESIAN_POINT('',(-0.008675,0.101894409353171,-0.0195));
#13339=CARTESIAN_POINT('',(-0.005675,0.104925041009312,-0.0195));
#13340=CARTESIAN_POINT('',(-0.00647142507159107,0.104925041009312,-0.0195));
#13341=CARTESIAN_POINT('',(-0.00802868416426903,0.104257555214144,-0.0195));
#13342=CARTESIAN_POINT('',(-0.008675,0.102690600243557,-0.0195));
#13343=CARTESIAN_POINT('',(-0.008675,0.101894409353171,-0.0195));
#13344=CARTESIAN_POINT('',(0.0954484492745042,0.104924022008812,-0.0195));
#13345=CARTESIAN_POINT('',(0.0953277692120933,0.104780017010534,-0.0195));
#13346=CARTESIAN_POINT('',(0.0952699527423511,0.104620344093071,-0.0195));
#13347=CARTESIAN_POINT('',(0.0952749998652775,0.104445003256422,-0.0195));
#13348=CARTESIAN_POINT('',(0.0952749998652776,0.104445003256422,-0.0195));
#13349=CARTESIAN_POINT('',(0.0952749998652776,0.101925,-0.0195));
#13350=CARTESIAN_POINT('',(0.0952749998652776,0.102175,-0.0195));
#13351=CARTESIAN_POINT('',(0.00935,0.102175,-0.0195));
#13352=CARTESIAN_POINT('',(0.00935,0.102175,-0.0195));
#13353=CARTESIAN_POINT('',(0.00935,0.101425,-0.0195));
#13354=CARTESIAN_POINT('',(0.0086,0.101425,-0.0195));
#13355=CARTESIAN_POINT('',(0.0086,-0.00605625,-0.0195));
#13356=CARTESIAN_POINT('',(0.0086,0.083125,-0.0195));
#13357=CARTESIAN_POINT('',(-0.000175,0.083125,-0.0195));
#13358=CARTESIAN_POINT('',(-0.000175,0.083125,-0.0195));
#13359=CARTESIAN_POINT('',(-0.000175,0.082375,-0.0195));
#13360=CARTESIAN_POINT('',(-0.000925,0.082375,-0.0195));
#13361=CARTESIAN_POINT('',(-0.000925,-0.00605625,-0.0195));
#13362=CARTESIAN_POINT('',(-0.000925,-0.006175,-0.0195));
#13363=CARTESIAN_POINT('',(-0.000175,-0.006175,-0.0195));
#13364=CARTESIAN_POINT('',(-0.000175,-0.006925,-0.0195));
#13365=CARTESIAN_POINT('',(0.104775,-0.006925,-0.0195));
#13366=CARTESIAN_POINT('',(0.0419375,-0.006925,-0.0195));
#13367=CARTESIAN_POINT('',(0.0419375,-0.00605625,-0.0195));
#13368=CARTESIAN_POINT('',(0.0419375,-0.0109375,-0.0195));
#13369=CARTESIAN_POINT('',(0.0426875,-0.0109375,-0.0195));
#13370=CARTESIAN_POINT('',(0.0426875,-0.0116875,-0.0195));
#13371=CARTESIAN_POINT('',(0.104775,-0.0116875,-0.0195));
#13372=CARTESIAN_POINT('',(0.1668625,-0.0116875,-0.0195));
#13373=CARTESIAN_POINT('',(0.1668625,-0.0109375,-0.0195));
#13374=CARTESIAN_POINT('',(0.1676125,-0.0109375,-0.0195));
#13375=CARTESIAN_POINT('',(0.1676125,-0.006675,-0.0195));
#13376=CARTESIAN_POINT('',(0.1676125,-0.006925,-0.0195));
#13377=CARTESIAN_POINT('',(0.209725,-0.006925,-0.0195));
#13378=CARTESIAN_POINT('',(0.209725,-0.006925,-0.0195));
#13379=CARTESIAN_POINT('',(0.209725,-0.006175,-0.0195));
#13380=CARTESIAN_POINT('',(0.210475,-0.006175,-0.0195));
#13381=CARTESIAN_POINT('',(0.210475,0.082375,-0.0195));
#13382=CARTESIAN_POINT('',(0.210475,0.082375,-0.0195));
#13383=CARTESIAN_POINT('',(0.209725,0.082375,-0.0195));
#13384=CARTESIAN_POINT('',(0.209725,0.083125,-0.0195));
#13385=CARTESIAN_POINT('',(0.104775,0.083125,-0.0195));
#13386=CARTESIAN_POINT('',(0.12475,0.083125,-0.0195));
#13387=CARTESIAN_POINT('',(0.12475,0.101425,-0.0195));
#13388=CARTESIAN_POINT('',(0.12475,0.101425,-0.0195));
#13389=CARTESIAN_POINT('',(0.124,0.101425,-0.0195));
#13390=CARTESIAN_POINT('',(0.124,0.102175,-0.0195));
#13391=CARTESIAN_POINT('',(0.114024999865278,0.102175,-0.0195));
#13392=CARTESIAN_POINT('',(-0.004675,0.100925041009312,-0.0195));
#13393=CARTESIAN_POINT('',(-0.006125,0.100925041009312,-0.0195));
#13394=CARTESIAN_POINT('',(0.214225,0.100925041009312,-0.0195));
#13395=CARTESIAN_POINT('',(0.212775,0.100925041009312,-0.0195));
#13396=CARTESIAN_POINT('',(0.214225,-0.00935112052773995,-0.0195));
#13397=CARTESIAN_POINT('',(0.212775,-0.00935112052773995,-0.0195));
#13398=CARTESIAN_POINT('',(0.1713625,-0.00935112052773995,-0.0195));
#13399=CARTESIAN_POINT('',(0.1699125,-0.00935112052773995,-0.0195));
#13400=CARTESIAN_POINT('',(0.0381875,-0.00935112052773995,-0.0195));
#13401=CARTESIAN_POINT('',(0.0367375,-0.00935112052773995,-0.0195));
#13402=CARTESIAN_POINT('',(0.1285,0.100925041009312,-0.0195));
#13403=CARTESIAN_POINT('',(0.12705,0.100925041009312,-0.0195));
#13404=CARTESIAN_POINT('',(-0.004675,-0.00935112052773995,-0.0195));
#13405=CARTESIAN_POINT('',(-0.006125,-0.00935112052773995,-0.0195));
#13406=CARTESIAN_POINT('',(0.1673625,0.076875,-0.0078));
#13407=CARTESIAN_POINT('',(0.209725,0.076875,-0.0078));
#13408=CARTESIAN_POINT('',(0.209725,0.076875,-0.0128));
#13409=CARTESIAN_POINT('',(0.209725,0.076875,-0.00025));
#13410=CARTESIAN_POINT('',(0.1673625,0.076875,-0.00025));
#13411=CARTESIAN_POINT('',(0.1245,0.076875,-0.00025));
#13412=CARTESIAN_POINT('',(0.1245,0.076875,-0.0078));
#13413=CARTESIAN_POINT('',(0.1245,0.076875,-0.01155));
#13414=CARTESIAN_POINT('',(0.1673625,0.076875,-0.01155));
#13415=CARTESIAN_POINT('',(0.1531938,0.076875,-0.01155));
#13416=CARTESIAN_POINT('',(0.1673625,0.076875,-0.01155));
#13417=CARTESIAN_POINT('',(0.2008188,0.076875,-0.01155));
#13418=CARTESIAN_POINT('',(0.2008188,0.076875,-0.0118));
#13419=CARTESIAN_POINT('',(0.2008188,0.076875,-0.0128));
#13420=CARTESIAN_POINT('',(0.1673625,0.076875,-0.0128));
#13421=CARTESIAN_POINT('',(0.104775,0.04524375,-0.0128));
#13422=CARTESIAN_POINT('',(0.2008188,0.0797718780000001,-0.0128));
#13423=CARTESIAN_POINT('',(0.1992938,0.0797718780000001,-0.0128));
#13424=CARTESIAN_POINT('',(0.1673625,0.082875,-0.0128));
#13425=CARTESIAN_POINT('',(0.209725,0.082875,-0.0128));
#13426=CARTESIAN_POINT('',(0.197421922,0.082875,-0.0128));
#13427=CARTESIAN_POINT('',(0.209725,0.082375,-0.0128));
#13428=CARTESIAN_POINT('',(0.210225,0.082375,-0.0128));
#13429=CARTESIAN_POINT('',(0.210225,0.079875,-0.0128));
#13430=CARTESIAN_POINT('',(0.210225,0.076375,-0.0128));
#13431=CARTESIAN_POINT('',(0.209725,0.076375,-0.0128));
#13432=CARTESIAN_POINT('',(0.2008188,0.0797718780000001,-0.0128));
#13433=CARTESIAN_POINT('',(0.197921922,0.0797718780000001,-0.0128));
#13434=CARTESIAN_POINT('',(0.197921922,0.0813234390000001,-0.0128));
#13435=CARTESIAN_POINT('',(0.197921922,0.082375,-0.0128));
#13436=CARTESIAN_POINT('',(0.197421922,0.082375,-0.0128));
#13437=CARTESIAN_POINT('',(0.1245,0.0864,-0.0078));
#13438=CARTESIAN_POINT('',(0.1245,0.101425,-0.0195));
#13439=CARTESIAN_POINT('',(0.1245,0.101425,-0.0118));
#13440=CARTESIAN_POINT('',(0.1245,0.101425,-0.01925));
#13441=CARTESIAN_POINT('',(0.1245,0.082875,-0.01925));
#13442=CARTESIAN_POINT('',(0.1245,0.082875,-0.01925));
#13443=CARTESIAN_POINT('',(0.1245,0.082875,-0.012798));
#13444=CARTESIAN_POINT('',(0.1245,0.082875,-0.01155));
#13445=CARTESIAN_POINT('',(0.1245,0.076875,-0.01155));
#13446=CARTESIAN_POINT('',(0.1245,0.095425,-0.00025));
#13447=CARTESIAN_POINT('',(0.1245,0.095425,-0.00025));
#13448=CARTESIAN_POINT('',(0.1245,0.095425,-0.0078));
#13449=CARTESIAN_POINT('',(0.1245,0.095425,-0.01155));
#13450=CARTESIAN_POINT('',(0.1245,0.095425,-0.01155));
#13451=CARTESIAN_POINT('',(0.1245,0.0956360099235667,-0.01155));
#13452=CARTESIAN_POINT('',(0.1245,0.0958174737059789,-0.0116758659619833));
#13453=CARTESIAN_POINT('',(0.1245,0.095984016994375,-0.0118));
#13454=CARTESIAN_POINT('',(0.1245,0.095984016994375,-0.0118));
#13455=CARTESIAN_POINT('',(0.1245,0.098925,-0.0118));
#13456=CARTESIAN_POINT('',(0.066675,0.095925,-0.0078));
#13457=CARTESIAN_POINT('',(0.124,0.095925,-0.0078));
#13458=CARTESIAN_POINT('',(0.124,0.095925,-0.01155));
#13459=CARTESIAN_POINT('',(0.124,0.095925,-0.00025));
#13460=CARTESIAN_POINT('',(0.066675,0.095925,-0.00025));
#13461=CARTESIAN_POINT('',(0.00935,0.095925,-0.00025));
#13462=CARTESIAN_POINT('',(0.00935,0.095925,-0.0128));
#13463=CARTESIAN_POINT('',(0.00935,0.095925,-0.0128));
#13464=CARTESIAN_POINT('',(0.066675,0.095925,-0.0128));
#13465=CARTESIAN_POINT('',(0.0182562,0.095925,-0.0128));
#13466=CARTESIAN_POINT('',(0.0182562,0.095925,-0.0118));
#13467=CARTESIAN_POINT('',(0.0182562,0.095925,-0.01155));
#13468=CARTESIAN_POINT('',(0.066675,0.095925,-0.01155));
#13469=CARTESIAN_POINT('',(0.0658812,0.095925,-0.01155));
#13470=CARTESIAN_POINT('',(0.066675,0.095925,-0.01155));
#13471=CARTESIAN_POINT('',(0.104775,0.04524375,-0.0128));
#13472=CARTESIAN_POINT('',(0.0658812,0.0988218810000001,-0.0128));
#13473=CARTESIAN_POINT('',(0.0643562,0.0988218810000001,-0.0128));
#13474=CARTESIAN_POINT('',(0.062984319,0.1003734405,-0.0128));
#13475=CARTESIAN_POINT('',(0.062984319,0.101425,-0.0128));
#13476=CARTESIAN_POINT('',(0.062984319,0.0988218810000001,-0.0128));
#13477=CARTESIAN_POINT('',(0.062484319,0.101425,-0.0128));
#13478=CARTESIAN_POINT('',(0.0692780810000001,0.101425,-0.0128));
#13479=CARTESIAN_POINT('',(0.0687780810000001,0.101425,-0.0128));
#13480=CARTESIAN_POINT('',(0.0687780810000001,0.1003734405,-0.0128));
#13481=CARTESIAN_POINT('',(0.0687780810000001,0.0988218810000001,-0.0128));
#13482=CARTESIAN_POINT('',(0.0658812,0.0988218810000001,-0.0128));
#13483=CARTESIAN_POINT('',(0.104775,0.04524375,-0.0128));
#13484=CARTESIAN_POINT('',(0.00396870000000005,-0.00357187799999993,-0.0128));
#13485=CARTESIAN_POINT('',(0.00244370000000005,-0.00357187799999993,-0.0128));
#13486=CARTESIAN_POINT('',(0.02075625,-0.006675,-0.0128));
#13487=CARTESIAN_POINT('',(-0.000175,-0.006675,-0.0128));
#13488=CARTESIAN_POINT('',(0.007365578,-0.006675,-0.0128));
#13489=CARTESIAN_POINT('',(-0.000175,-0.006175,-0.0128));
#13490=CARTESIAN_POINT('',(-0.000675,-0.006175,-0.0128));
#13491=CARTESIAN_POINT('',(-0.000675,-0.003675,-0.0128));
#13492=CARTESIAN_POINT('',(-0.000675,-0.000175,-0.0128));
#13493=CARTESIAN_POINT('',(-0.000175,-0.000175,-0.0128));
#13494=CARTESIAN_POINT('',(-0.000175,-0.000675,-0.0128));
#13495=CARTESIAN_POINT('',(0.02075625,-0.000675,-0.0128));
#13496=CARTESIAN_POINT('',(0.00396870000000005,-0.000675,-0.0128));
#13497=CARTESIAN_POINT('',(0.00396870000000005,-0.00357187799999993,-0.0128));
#13498=CARTESIAN_POINT('',(0.006865578,-0.00357187799999993,-0.0128));
#13499=CARTESIAN_POINT('',(0.006865578,-0.005123439,-0.0128));
#13500=CARTESIAN_POINT('',(0.006865578,-0.006175,-0.0128));
#13501=CARTESIAN_POINT('',(0.007365578,-0.006175,-0.0128));
#13502=CARTESIAN_POINT('',(0.18879375,-0.000675,-0.0078));
#13503=CARTESIAN_POINT('',(0.1665125,-0.000675,0.));
#13504=CARTESIAN_POINT('',(0.1665125,-0.000675,-0.00675));
#13505=CARTESIAN_POINT('',(0.1665125,-0.000675,-0.00025));
#13506=CARTESIAN_POINT('',(0.209725,-0.000675,-0.00025));
#13507=CARTESIAN_POINT('',(0.209725,-0.000675,-0.00025));
#13508=CARTESIAN_POINT('',(0.209725,-0.000675,-0.0128));
#13509=CARTESIAN_POINT('',(0.209725,-0.000675,-0.0128));
#13510=CARTESIAN_POINT('',(0.18879375,-0.000675,-0.0128));
#13511=CARTESIAN_POINT('',(0.2055813,-0.000675,-0.0128));
#13512=CARTESIAN_POINT('',(0.2055813,-0.000675,-0.0118));
#13513=CARTESIAN_POINT('',(0.2055813,-0.000675,-0.01155));
#13514=CARTESIAN_POINT('',(0.1660125,-0.000675,-0.01155));
#13515=CARTESIAN_POINT('',(0.1660125,-0.000675,-0.01155));
#13516=CARTESIAN_POINT('',(0.1660125,-0.000675,-0.011802));
#13517=CARTESIAN_POINT('',(0.1660125,-0.000675,-0.00695710678118655));
#13518=CARTESIAN_POINT('',(0.1660125,-0.000675,-0.00695710678118655));
#13519=CARTESIAN_POINT('',(0.166162214902188,-0.000675,-0.00685124235860492));
#13520=CARTESIAN_POINT('',(0.166325820705491,-0.000675,-0.00675));
#13521=CARTESIAN_POINT('',(0.1665125,-0.000675,-0.00675));
#13522=CARTESIAN_POINT('',(0.104775,0.04524375,-0.0128));
#13523=CARTESIAN_POINT('',(0.157886447,-0.008334381,-0.0128));
#13524=CARTESIAN_POINT('',(0.156361447,-0.008334381,-0.0128));
#13525=CARTESIAN_POINT('',(0.160783328,-0.00988594049999997,-0.0128));
#13526=CARTESIAN_POINT('',(0.160783328,-0.0109375,-0.0128));
#13527=CARTESIAN_POINT('',(0.160783328,-0.008334381,-0.0128));
#13528=CARTESIAN_POINT('',(0.161283328,-0.0109375,-0.0128));
#13529=CARTESIAN_POINT('',(0.161283328,-0.0114375,-0.0128));
#13530=CARTESIAN_POINT('',(0.104775,-0.0114375,-0.0128));
#13531=CARTESIAN_POINT('',(0.154489566,-0.0114375,-0.0128));
#13532=CARTESIAN_POINT('',(0.154489566,-0.0109375,-0.0128));
#13533=CARTESIAN_POINT('',(0.154989566,-0.0109375,-0.0128));
#13534=CARTESIAN_POINT('',(0.154989566,-0.00988594049999997,-0.0128));
#13535=CARTESIAN_POINT('',(0.154989566,-0.008334381,-0.0128));
#13536=CARTESIAN_POINT('',(0.157886447,-0.008334381,-0.0128));
#13537=CARTESIAN_POINT('',(0.104775,0.04524375,-0.0128));
#13538=CARTESIAN_POINT('',(0.0486968220000001,-0.009885939,-0.0128));
#13539=CARTESIAN_POINT('',(0.0486968220000001,-0.008334378,-0.0128));
#13540=CARTESIAN_POINT('',(0.0486968220000001,-0.0109375,-0.0128));
#13541=CARTESIAN_POINT('',(0.0515937,-0.008334378,-0.0128));
#13542=CARTESIAN_POINT('',(0.054490578,-0.008334378,-0.0128));
#13543=CARTESIAN_POINT('',(0.054490578,-0.009885939,-0.0128));
#13544=CARTESIAN_POINT('',(0.054490578,-0.0109375,-0.0128));
#13545=CARTESIAN_POINT('',(0.054990578,-0.0109375,-0.0128));
#13546=CARTESIAN_POINT('',(0.054990578,-0.0114375,-0.0128));
#13547=CARTESIAN_POINT('',(0.104775,-0.0114375,-0.0128));
#13548=CARTESIAN_POINT('',(0.0481968220000001,-0.0114375,-0.0128));
#13549=CARTESIAN_POINT('',(0.0481968220000001,-0.0109375,-0.0128));
#13550=CARTESIAN_POINT('',(0.0515937,-0.008334378,-0.0128));
#13551=CARTESIAN_POINT('',(0.0500687,-0.008334378,-0.0128));
#13552=CARTESIAN_POINT('',(-0.000675,0.0381,-0.0078));
#13553=CARTESIAN_POINT('',(-0.000675,-0.006175,-0.0195));
#13554=CARTESIAN_POINT('',(-0.000675,-0.006175,-0.01925));
#13555=CARTESIAN_POINT('',(-0.000675,0.0381,-0.01925));
#13556=CARTESIAN_POINT('',(-0.000675,0.082375,-0.01925));
#13557=CARTESIAN_POINT('',(-0.000675,0.082375,-0.0078));
#13558=CARTESIAN_POINT('',(-0.000675000000000009,0.082375,-0.0118));
#13559=CARTESIAN_POINT('',(-0.000675000000000009,0.079875,-0.0118));
#13560=CARTESIAN_POINT('',(-0.000675000000000009,0.0769340169943749,-0.0118));
#13561=CARTESIAN_POINT('',(-0.00067500000000001,0.0769340169943749,-0.0118));
#13562=CARTESIAN_POINT('',(-0.00067500000000001,0.076767494001277,-0.0116758810892055));
#13563=CARTESIAN_POINT('',(-0.000675,0.0765860626943466,-0.01155));
#13564=CARTESIAN_POINT('',(-0.000675,0.076375,-0.01155));
#13565=CARTESIAN_POINT('',(-0.000675,0.076375,-0.01155));
#13566=CARTESIAN_POINT('',(-0.000675,0.076375,0.));
#13567=CARTESIAN_POINT('',(-0.000675,0.076375,-0.00025));
#13568=CARTESIAN_POINT('',(-0.000675,0.0381,-0.00025));
#13569=CARTESIAN_POINT('',(-0.000675,-0.000175,-0.00025));
#13570=CARTESIAN_POINT('',(-0.000675,-0.000175,-0.0078));
#13571=CARTESIAN_POINT('',(0.0040875,0.076875,-0.0078));
#13572=CARTESIAN_POINT('',(0.0040875,0.076875,-0.00025));
#13573=CARTESIAN_POINT('',(-0.000175,0.076875,-0.00025));
#13574=CARTESIAN_POINT('',(-0.000175,0.076875,-0.0118));
#13575=CARTESIAN_POINT('',(-0.000175,0.076875,-0.01155));
#13576=CARTESIAN_POINT('',(0.0040875,0.076875,-0.01155));
#13577=CARTESIAN_POINT('',(0.210225,0.0381,-0.0078));
#13578=CARTESIAN_POINT('',(0.210225,0.082375,-0.0078));
#13579=CARTESIAN_POINT('',(0.210225,0.082375,-0.01925));
#13580=CARTESIAN_POINT('',(0.210225,-0.006175,-0.01925));
#13581=CARTESIAN_POINT('',(0.210225,-0.006175,-0.01925));
#13582=CARTESIAN_POINT('',(0.210225,-0.006175,-0.0128));
#13583=CARTESIAN_POINT('',(0.210225,-0.006175,-0.0128));
#13584=CARTESIAN_POINT('',(0.210225,-0.003675,-0.0128));
#13585=CARTESIAN_POINT('',(0.210225,-0.000175,-0.0128));
#13586=CARTESIAN_POINT('',(0.210225,-0.000175,0.));
#13587=CARTESIAN_POINT('',(0.210225,-0.000175,-0.00025));
#13588=CARTESIAN_POINT('',(0.210225,0.076375,-0.00025));
#13589=CARTESIAN_POINT('',(0.210225,0.076375,-0.00025));
#13590=CARTESIAN_POINT('',(0.210225,0.076375,-0.0078));
#13591=CARTESIAN_POINT('',(0.02075625,-0.006675,-0.012798));
#13592=CARTESIAN_POINT('',(0.0421875,-0.006675,-0.012798));
#13593=CARTESIAN_POINT('',(0.0421875,-0.006675,-0.0118));
#13594=CARTESIAN_POINT('',(0.0421875,-0.006675,-0.01925));
#13595=CARTESIAN_POINT('',(0.02075625,-0.006675,-0.01925));
#13596=CARTESIAN_POINT('',(-0.000175,-0.006675,-0.01925));
#13597=CARTESIAN_POINT('',(-0.000175,-0.006675,-0.0128));
#13598=CARTESIAN_POINT('',(0.007365578,-0.006675,-0.012798));
#13599=CARTESIAN_POINT('',(0.007365578,-0.006675,-0.0118));
#13600=CARTESIAN_POINT('',(0.02075625,-0.006675,-0.0118));
#13601=CARTESIAN_POINT('',(0.18879375,-0.006675,-0.012798));
#13602=CARTESIAN_POINT('',(0.209725,-0.006675,-0.0195));
#13603=CARTESIAN_POINT('',(0.209725,-0.006675,-0.0128));
#13604=CARTESIAN_POINT('',(0.209725,-0.006675,-0.01925));
#13605=CARTESIAN_POINT('',(0.1673625,-0.006675,-0.01925));
#13606=CARTESIAN_POINT('',(0.1673625,-0.006675,-0.01925));
#13607=CARTESIAN_POINT('',(0.1673625,-0.006675,-0.012798));
#13608=CARTESIAN_POINT('',(0.1673625,-0.006675,-0.0118));
#13609=CARTESIAN_POINT('',(0.18879375,-0.006675,-0.0118));
#13610=CARTESIAN_POINT('',(0.202184419,-0.006675,-0.0118));
#13611=CARTESIAN_POINT('',(0.202184419,-0.006675,-0.0128));
#13612=CARTESIAN_POINT('',(0.202184419,-0.006675,-0.0128));
#13613=CARTESIAN_POINT('',(0.18879375,-0.006675,-0.0128));
#13614=CARTESIAN_POINT('',(0.1673625,-0.00905625,-0.012798));
#13615=CARTESIAN_POINT('',(0.1673625,-0.0109375,-0.01925));
#13616=CARTESIAN_POINT('',(0.1673625,-0.0109375,-0.01925));
#13617=CARTESIAN_POINT('',(0.1673625,-0.0109375,-0.012798));
#13618=CARTESIAN_POINT('',(0.1673625,-0.0109375,-0.0118));
#13619=CARTESIAN_POINT('',(0.1673625,-0.00905625,-0.0118));
#13620=CARTESIAN_POINT('',(0.104775,-0.0114375,-0.012798));
#13621=CARTESIAN_POINT('',(0.1668625,-0.0114375,-0.012798));
#13622=CARTESIAN_POINT('',(0.1668625,-0.0114375,-0.0118));
#13623=CARTESIAN_POINT('',(0.1668625,-0.0114375,-0.01925));
#13624=CARTESIAN_POINT('',(0.104775,-0.0114375,-0.01925));
#13625=CARTESIAN_POINT('',(0.0426875,-0.0114375,-0.01925));
#13626=CARTESIAN_POINT('',(0.0426875,-0.0114375,-0.0118));
#13627=CARTESIAN_POINT('',(0.0426875,-0.0114375,-0.0118));
#13628=CARTESIAN_POINT('',(0.104775,-0.0114375,-0.0118));
#13629=CARTESIAN_POINT('',(0.0481968220000001,-0.0114375,-0.0118));
#13630=CARTESIAN_POINT('',(0.0481968220000001,-0.0114375,-0.012798));
#13631=CARTESIAN_POINT('',(0.054990578,-0.0114375,-0.012798));
#13632=CARTESIAN_POINT('',(0.054990578,-0.0114375,-0.0118));
#13633=CARTESIAN_POINT('',(0.104775,-0.0114375,-0.0118));
#13634=CARTESIAN_POINT('',(0.154489566,-0.0114375,-0.0118));
#13635=CARTESIAN_POINT('',(0.154489566,-0.0114375,-0.012798));
#13636=CARTESIAN_POINT('',(0.161283328,-0.0114375,-0.012798));
#13637=CARTESIAN_POINT('',(0.161283328,-0.0114375,-0.0118));
#13638=CARTESIAN_POINT('',(0.104775,-0.0114375,-0.0118));
#13639=CARTESIAN_POINT('',(0.0421875,-0.00905625,-0.012798));
#13640=CARTESIAN_POINT('',(0.0421875,-0.0109375,-0.0195));
#13641=CARTESIAN_POINT('',(0.0421875,-0.0109375,-0.0118));
#13642=CARTESIAN_POINT('',(0.0421875,-0.0109375,-0.01925));
#13643=CARTESIAN_POINT('',(0.0421875,-0.00905625,-0.01925));
#13644=CARTESIAN_POINT('',(0.0421875,-0.00905625,-0.0118));
#13645=CARTESIAN_POINT('',(0.1673625,0.082875,-0.012798));
#13646=CARTESIAN_POINT('',(0.1673625,0.082875,-0.01925));
#13647=CARTESIAN_POINT('',(0.209725,0.082875,-0.01925));
#13648=CARTESIAN_POINT('',(0.209725,0.082875,-0.012798));
#13649=CARTESIAN_POINT('',(0.197421922,0.082875,-0.0118));
#13650=CARTESIAN_POINT('',(0.197421922,0.082875,-0.0118));
#13651=CARTESIAN_POINT('',(0.1673625,0.082875,-0.0118));
#13652=CARTESIAN_POINT('',(0.156590678,0.082875,-0.0118));
#13653=CARTESIAN_POINT('',(0.156590678,0.082875,-0.0128));
#13654=CARTESIAN_POINT('',(0.156590678,0.082875,-0.0128));
#13655=CARTESIAN_POINT('',(0.1673625,0.082875,-0.0128));
#13656=CARTESIAN_POINT('',(0.149796922,0.082875,-0.0128));
#13657=CARTESIAN_POINT('',(0.149796922,0.082875,-0.0118));
#13658=CARTESIAN_POINT('',(0.149796922,0.082875,-0.0118));
#13659=CARTESIAN_POINT('',(0.1673625,0.082875,-0.0118));
#13660=CARTESIAN_POINT('',(0.12475,0.082875,-0.0118));
#13661=CARTESIAN_POINT('',(0.12475,0.082875,-0.0118));
#13662=CARTESIAN_POINT('',(0.220227,0.04524375,-0.0257089214635825));
#13663=CARTESIAN_POINT('',(-0.008925,0.04524375,-0.0257089214635825));
#13664=CARTESIAN_POINT('',(-0.008925,0.100925,-0.0305803996095354));
#13665=CARTESIAN_POINT('',(-0.008925,-0.0104375,-0.0208374433176296));
#13666=CARTESIAN_POINT('',(-0.00892500000000024,-0.0104375,-0.0208374433176296));
#13667=CARTESIAN_POINT('',(-0.00892803358683889,-0.0112907960301974,-0.0207627895883557));
#13668=CARTESIAN_POINT('',(-0.00822347042029458,-0.0129813932305535,-0.0206148814987359));
#13669=CARTESIAN_POINT('',(-0.0065276078088429,-0.0136973571979872,-0.0205522427680924));
#13670=CARTESIAN_POINT('',(-0.00567500000000024,-0.0136941592783395,-0.0205525225498084));
#13671=CARTESIAN_POINT('',(-0.005675,-0.0136941592783394,-0.0205525225498084));
#13672=CARTESIAN_POINT('',(0.215225,-0.0136941592783394,-0.0205525225498084));
#13673=CARTESIAN_POINT('',(0.215225,-0.0136941592783394,-0.0205525225498084));
#13674=CARTESIAN_POINT('',(0.215225,-0.0136941592783394,-0.0205525225498084));
#13675=CARTESIAN_POINT('',(0.216081100272374,-0.0136974136287664,-0.0205522378310389));
#13676=CARTESIAN_POINT('',(0.217775102028214,-0.0129794871899634,-0.0206150482556797));
#13677=CARTESIAN_POINT('',(0.218477840377791,-0.0112879564044283,-0.0207630380234191));
#13678=CARTESIAN_POINT('',(0.218475,-0.0104375,-0.0208374433176296));
#13679=CARTESIAN_POINT('',(0.218475,-0.0104375,-0.0208374433176296));
#13680=CARTESIAN_POINT('',(0.218475,0.04524375,-0.0257089214635825));
#13681=CARTESIAN_POINT('',(0.218475,0.100925,-0.0305803996095354));
#13682=CARTESIAN_POINT('',(0.218475,0.100925,-0.0305803996095353));
#13683=CARTESIAN_POINT('',(0.218478033586838,0.10177829603016,-0.030655053338806));
#13684=CARTESIAN_POINT('',(0.217773470420308,0.103468893230572,-0.0308029614284308));
#13685=CARTESIAN_POINT('',(0.216077607808815,0.104184857197987,-0.0308656001590726));
#13686=CARTESIAN_POINT('',(0.215225,0.104181659278339,-0.0308653203773566));
#13687=CARTESIAN_POINT('',(0.215225,0.104181659278339,-0.0308653203773566));
#13688=CARTESIAN_POINT('',(-0.005675,0.104181659278339,-0.0308653203773566));
#13689=CARTESIAN_POINT('',(-0.00567500000000007,0.104181659278339,-0.0308653203773566));
#13690=CARTESIAN_POINT('',(-0.00567500000000024,0.10418165927834,-0.0308653203773566));
#13691=CARTESIAN_POINT('',(-0.0065311002724296,0.104184913628767,-0.0308656050961261));
#13692=CARTESIAN_POINT('',(-0.00822510202818725,0.103466987190024,-0.0308027946714906));
#13693=CARTESIAN_POINT('',(-0.00892784037779091,0.101775456404307,-0.0306548049037353));
#13694=CARTESIAN_POINT('',(-0.00892500000000024,0.100925,-0.0305803996095354));
#13695=CARTESIAN_POINT('',(-0.010675,0.04524375,-0.0257089214635825));
#13696=CARTESIAN_POINT('',(-0.010675,-0.0104375,-0.0208374433176296));
#13697=CARTESIAN_POINT('',(-0.010675,0.100925,-0.0305803996095354));
#13698=CARTESIAN_POINT('',(-0.005675,0.100925,-0.0305803996095354));
#13699=CARTESIAN_POINT('',(0.215225,0.100925,-0.0305803996095354));
#13700=CARTESIAN_POINT('',(0.220225,0.100925,-0.0305803996095354));
#13701=CARTESIAN_POINT('',(0.220225,0.04524375,-0.0257089214635825));
#13702=CARTESIAN_POINT('',(0.220225,-0.0104375,-0.0208374433176296));
#13703=CARTESIAN_POINT('',(0.215225,-0.0104375,-0.0208374433176296));
#13704=CARTESIAN_POINT('',(0.215225,-0.0154375,-0.0204));
#13705=CARTESIAN_POINT('',(0.104775,-0.0154375,-0.0204));
#13706=CARTESIAN_POINT('',(-0.005675,-0.0154375,-0.0204));
#13707=CARTESIAN_POINT('',(-0.005675,-0.0104375,-0.0208374433176296));
#13708=CARTESIAN_POINT('',(0.02075625,-0.000675,-0.0078));
#13709=CARTESIAN_POINT('',(-0.000175,-0.000675,-0.0078));
#13710=CARTESIAN_POINT('',(-0.000175,-0.000675,-0.00025));
#13711=CARTESIAN_POINT('',(0.0430375,-0.000675,-0.00025));
#13712=CARTESIAN_POINT('',(0.0430375,-0.000675,-0.00025));
#13713=CARTESIAN_POINT('',(0.0430375,-0.000675,-0.0078));
#13714=CARTESIAN_POINT('',(0.0430375,-0.000675,-0.00675));
#13715=CARTESIAN_POINT('',(0.0430375,-0.000675,-0.00675));
#13716=CARTESIAN_POINT('',(0.0432233035613574,-0.000675,-0.00675));
#13717=CARTESIAN_POINT('',(0.0433876343133612,-0.000675,-0.00685113573789705));
#13718=CARTESIAN_POINT('',(0.0435375,-0.000675,-0.00695710678118655));
#13719=CARTESIAN_POINT('',(0.0435375,-0.000675,-0.00695710678118655));
#13720=CARTESIAN_POINT('',(0.0435375,-0.000675,-0.011802));
#13721=CARTESIAN_POINT('',(0.0435375,-0.000675,-0.01155));
#13722=CARTESIAN_POINT('',(0.00396870000000005,-0.000675,-0.01155));
#13723=CARTESIAN_POINT('',(0.00396870000000005,-0.000675,-0.01155));
#13724=CARTESIAN_POINT('',(0.00396870000000005,-0.000675,-0.0118));
#13725=CARTESIAN_POINT('',(-0.010675,0.04524375,-0.0078));
#13726=CARTESIAN_POINT('',(-0.010675,-0.0104375,-0.0078));
#13727=CARTESIAN_POINT('',(-0.010675,-0.0104375,-0.005));
#13728=CARTESIAN_POINT('',(-0.010675,0.04524375,-0.005));
#13729=CARTESIAN_POINT('',(-0.010675,0.100925,-0.005));
#13730=CARTESIAN_POINT('',(-0.010675,0.100925,-0.0310178429271649));
#13731=CARTESIAN_POINT('',(0.104775,-0.0154375,-0.0078));
#13732=CARTESIAN_POINT('',(0.215225,-0.0154375,0.));
#13733=CARTESIAN_POINT('',(0.215225,-0.0154375,-0.005));
#13734=CARTESIAN_POINT('',(0.104775,-0.0154375,-0.005));
#13735=CARTESIAN_POINT('',(-0.005675,-0.0154375,-0.005));
#13736=CARTESIAN_POINT('',(-0.005675,-0.0154375,-0.0078));
#13737=CARTESIAN_POINT('',(0.220225,0.04524375,-0.0078));
#13738=CARTESIAN_POINT('',(0.220225,0.100925,-0.0078));
#13739=CARTESIAN_POINT('',(0.220225,0.100925,-0.005));
#13740=CARTESIAN_POINT('',(0.220225,-0.0104375,-0.005));
#13741=CARTESIAN_POINT('',(0.220225,-0.0104375,-0.005));
#13742=CARTESIAN_POINT('',(0.220225,-0.0104375,-0.0204));
#13743=CARTESIAN_POINT('',(0.104775,0.04524375,-0.0128));
#13744=CARTESIAN_POINT('',(0.209725,-0.006175,-0.0128));
#13745=CARTESIAN_POINT('',(0.202184419,-0.006175,-0.0128));
#13746=CARTESIAN_POINT('',(0.202684419,-0.006175,-0.0128));
#13747=CARTESIAN_POINT('',(0.202684419,-0.00512344049999996,-0.0128));
#13748=CARTESIAN_POINT('',(0.202684419,-0.00357188099999993,-0.0128));
#13749=CARTESIAN_POINT('',(0.2055813,-0.00357188099999993,-0.0128));
#13750=CARTESIAN_POINT('',(0.209725,-0.000175,-0.0128));
#13751=CARTESIAN_POINT('',(0.2055813,-0.00357188099999993,-0.0128));
#13752=CARTESIAN_POINT('',(0.2040563,-0.00357188099999993,-0.0128));
#13753=CARTESIAN_POINT('',(0.104775,0.04524375,-0.0128));
#13754=CARTESIAN_POINT('',(0.00935,0.101425,-0.0128));
#13755=CARTESIAN_POINT('',(0.0216530810000001,0.101425,-0.0128));
#13756=CARTESIAN_POINT('',(0.0211530810000001,0.101425,-0.0128));
#13757=CARTESIAN_POINT('',(0.0211530810000001,0.1003734405,-0.0128));
#13758=CARTESIAN_POINT('',(0.0211530810000001,0.0988218810000001,-0.0128));
#13759=CARTESIAN_POINT('',(0.0182562,0.0988218810000001,-0.0128));
#13760=CARTESIAN_POINT('',(0.00935,0.095425,-0.0128));
#13761=CARTESIAN_POINT('',(0.0182562,0.0988218810000001,-0.0128));
#13762=CARTESIAN_POINT('',(0.0167312,0.0988218810000001,-0.0128));
#13763=CARTESIAN_POINT('',(0.104775,0.04524375,-0.0128));
#13764=CARTESIAN_POINT('',(0.156590678,0.082375,-0.0128));
#13765=CARTESIAN_POINT('',(0.156090678,0.082375,-0.0128));
#13766=CARTESIAN_POINT('',(0.156090678,0.0813234390000001,-0.0128));
#13767=CARTESIAN_POINT('',(0.156090678,0.0797718780000001,-0.0128));
#13768=CARTESIAN_POINT('',(0.1531938,0.0797718780000001,-0.0128));
#13769=CARTESIAN_POINT('',(0.150296922,0.0797718780000001,-0.0128));
#13770=CARTESIAN_POINT('',(0.150296922,0.0813234390000001,-0.0128));
#13771=CARTESIAN_POINT('',(0.150296922,0.082375,-0.0128));
#13772=CARTESIAN_POINT('',(0.149796922,0.082375,-0.0128));
#13773=CARTESIAN_POINT('',(0.1531938,0.0797718780000001,-0.0128));
#13774=CARTESIAN_POINT('',(0.1516688,0.0797718780000001,-0.0128));
#13775=CARTESIAN_POINT('',(-0.005675,0.100925,-0.0078));
#13776=CARTESIAN_POINT('',(-0.005675,0.100925,-0.005));
#13777=CARTESIAN_POINT('',(0.215225,0.100925,-0.0078));
#13778=CARTESIAN_POINT('',(0.215225,0.100925,-0.005));
#13779=CARTESIAN_POINT('',(-0.005675,-0.0104375,-0.0078));
#13780=CARTESIAN_POINT('',(-0.005675,-0.0104375,-0.005));
#13781=CARTESIAN_POINT('',(0.215225,-0.0104375,-0.0078));
#13782=CARTESIAN_POINT('',(0.215225,-0.0104375,-0.005));
#13783=CARTESIAN_POINT('',(-0.005675,0.04524375,0.));
#13784=CARTESIAN_POINT('',(-0.010675,0.100925,-0.005));
#13785=CARTESIAN_POINT('',(-0.005675,-0.0104375,0.));
#13786=CARTESIAN_POINT('',(-0.005675,0.100925,-0.005));
#13787=CARTESIAN_POINT('',(-0.005675,0.105925,-0.005));
#13788=CARTESIAN_POINT('',(-0.005675,-0.0104375,-0.005));
#13789=CARTESIAN_POINT('',(-0.005675,-0.0104375,0.));
#13790=CARTESIAN_POINT('',(0.104775,0.105925,-0.005));
#13791=CARTESIAN_POINT('',(0.215225,0.105925,-0.005));
#13792=CARTESIAN_POINT('',(0.104775,-0.0104375,0.));
#13793=CARTESIAN_POINT('',(0.215225,-0.0104375,0.));
#13794=CARTESIAN_POINT('',(0.215225,0.100925,-0.005));
#13795=CARTESIAN_POINT('',(0.220225,0.100925,-0.005));
#13796=CARTESIAN_POINT('',(0.215225,-0.0104375,-0.005));
#13797=CARTESIAN_POINT('',(0.215225,-0.0104375,0.));
#13798=CARTESIAN_POINT('',(0.220225,0.04524375,-0.005));
#13799=CARTESIAN_POINT('',(0.1531938,0.0797718780000001,-0.0068));
#13800=CARTESIAN_POINT('',(0.1531938,0.0797718780000001,-0.0068));
#13801=CARTESIAN_POINT('',(0.1516688,0.0797718780000001,-0.0068));
#13802=CARTESIAN_POINT('',(0.1673625,0.079875,-0.0068));
#13803=CARTESIAN_POINT('',(0.2008188,0.0797718780000001,-0.0068));
#13804=CARTESIAN_POINT('',(0.2008188,0.0797718780000001,-0.0068));
#13805=CARTESIAN_POINT('',(0.1992938,0.0797718780000001,-0.0068));
#13806=CARTESIAN_POINT('',(0.1673625,0.079875,-0.0068));
#13807=CARTESIAN_POINT('',(0.0182562,0.0988218810000001,-0.0068));
#13808=CARTESIAN_POINT('',(0.0182562,0.0988218810000001,-0.0068));
#13809=CARTESIAN_POINT('',(0.0167312,0.0988218810000001,-0.0068));
#13810=CARTESIAN_POINT('',(0.066675,0.098925,-0.0068));
#13811=CARTESIAN_POINT('',(0.0658812,0.0988218810000001,-0.0068));
#13812=CARTESIAN_POINT('',(0.0658812,0.0988218810000001,-0.0068));
#13813=CARTESIAN_POINT('',(0.0643562,0.0988218810000001,-0.0068));
#13814=CARTESIAN_POINT('',(0.066675,0.098925,-0.0068));
#13815=CARTESIAN_POINT('',(0.157886447,-0.008334381,-0.0068));
#13816=CARTESIAN_POINT('',(0.157886447,-0.008334381,-0.0068));
#13817=CARTESIAN_POINT('',(0.156361447,-0.008334381,-0.0068));
#13818=CARTESIAN_POINT('',(0.104775,-0.00605625,-0.0068));
#13819=CARTESIAN_POINT('',(0.00396870000000005,-0.00357187799999993,-0.0068));
#13820=CARTESIAN_POINT('',(0.00396870000000005,-0.00357187799999993,-0.0068));
#13821=CARTESIAN_POINT('',(0.00244370000000005,-0.00357187799999993,-0.0068));
#13822=CARTESIAN_POINT('',(0.104775,-0.00605625,-0.0068));
#13823=CARTESIAN_POINT('',(0.0515937,-0.008334378,-0.0068));
#13824=CARTESIAN_POINT('',(0.0515937,-0.008334378,-0.0068));
#13825=CARTESIAN_POINT('',(0.0500687,-0.008334378,-0.0068));
#13826=CARTESIAN_POINT('',(0.104775,-0.00605625,-0.0068));
#13827=CARTESIAN_POINT('',(0.2055813,-0.00357188099999993,-0.0068));
#13828=CARTESIAN_POINT('',(0.2055813,-0.00357188099999993,-0.0068));
#13829=CARTESIAN_POINT('',(0.2040563,-0.00357188099999993,-0.0068));
#13830=CARTESIAN_POINT('',(0.104775,-0.00605625,-0.0068));
#13831=CARTESIAN_POINT('',(0.104775,-0.012452505886835,-0.00922878765442949));
#13832=CARTESIAN_POINT('',(0.215225,-0.012452505886835,-0.00922878765442949));
#13833=CARTESIAN_POINT('',(0.215225,-0.0134233216681296,-0.0203252628109724));
#13834=CARTESIAN_POINT('',(-0.005675,-0.0134233216681296,-0.0203252628109724));
#13835=CARTESIAN_POINT('',(-0.005675,-0.0134233216681296,-0.0203252628109724));
#13836=CARTESIAN_POINT('',(-0.005675,-0.012452505886835,-0.00922878765442949));
#13837=CARTESIAN_POINT('',(0.218225,-0.0103199175384426,-0.0194934696321413));
#13838=CARTESIAN_POINT('',(0.218225,-0.0104157110643131,-0.0205883946431067));
#13839=CARTESIAN_POINT('',(0.218225,-0.0111130791164639,-0.0194240769857201));
#13840=CARTESIAN_POINT('',(0.218225,-0.0112088726423343,-0.0205190019966854));
#13841=CARTESIAN_POINT('',(0.217568668619119,-0.0126783040814367,-0.0192871375454173));
#13842=CARTESIAN_POINT('',(0.217568668619119,-0.0127740976073072,-0.0203820625563827));
#13843=CARTESIAN_POINT('',(0.216012156031272,-0.0133275281422591,-0.019230337800007));
#13844=CARTESIAN_POINT('',(0.216012156031272,-0.0134233216681296,-0.0203252628109724));
#13845=CARTESIAN_POINT('',(0.215225,-0.0133275281422591,-0.019230337800007));
#13846=CARTESIAN_POINT('',(0.215225,-0.0134233216681296,-0.0203252628109724));
#13847=CARTESIAN_POINT('',(0.218225,-0.00944489528301853,-0.00949191948656379));
#13848=CARTESIAN_POINT('',(0.218225,-0.0104157110643131,-0.0205883946431067));
#13849=CARTESIAN_POINT('',(0.218225,-0.0104157110643131,-0.0205883946431067));
#13850=CARTESIAN_POINT('',(0.218225,-0.0112088726423343,-0.0205190019966854));
#13851=CARTESIAN_POINT('',(0.217568668619119,-0.0127740976073072,-0.0203820625563826));
#13852=CARTESIAN_POINT('',(0.216012156031272,-0.0134233216681296,-0.0203252628109724));
#13853=CARTESIAN_POINT('',(0.215225,-0.0134233216681296,-0.0203252628109724));
#13854=CARTESIAN_POINT('',(-0.005675,-0.0133275281422591,-0.019230337800007));
#13855=CARTESIAN_POINT('',(-0.005675,-0.0134233216681296,-0.0203252628109724));
#13856=CARTESIAN_POINT('',(-0.00646215603127327,-0.0133275281422594,-0.019230337800007));
#13857=CARTESIAN_POINT('',(-0.00646215603127327,-0.0134233216681299,-0.0203252628109724));
#13858=CARTESIAN_POINT('',(-0.00801866861911773,-0.0126783040814367,-0.0192871375454173));
#13859=CARTESIAN_POINT('',(-0.00801866861911773,-0.0127740976073071,-0.0203820625563826));
#13860=CARTESIAN_POINT('',(-0.008675,-0.0111130791164638,-0.0194240769857201));
#13861=CARTESIAN_POINT('',(-0.008675,-0.0112088726423343,-0.0205190019966854));
#13862=CARTESIAN_POINT('',(-0.008675,-0.0103199175384426,-0.0194934696321413));
#13863=CARTESIAN_POINT('',(-0.008675,-0.010415711064313,-0.0205883946431067));
#13864=CARTESIAN_POINT('',(-0.005675,-0.0134233216681296,-0.0203252628109724));
#13865=CARTESIAN_POINT('',(-0.00646215603127327,-0.0134233216681299,-0.0203252628109724));
#13866=CARTESIAN_POINT('',(-0.00801866861911773,-0.0127740976073071,-0.0203820625563826));
#13867=CARTESIAN_POINT('',(-0.008675,-0.0112088726423343,-0.0205190019966854));
#13868=CARTESIAN_POINT('',(-0.008675,-0.010415711064313,-0.0205883946431067));
#13869=CARTESIAN_POINT('',(-0.008675,-0.010415711064313,-0.0205883946431067));
#13870=CARTESIAN_POINT('',(-0.008675,-0.00944489528301847,-0.0094919194865638));
#13871=CARTESIAN_POINT('',(0.218225,0.0462363547169815,-0.0143633976325166));
#13872=CARTESIAN_POINT('',(0.218225,0.101917604716981,-0.0192348757784695));
#13873=CARTESIAN_POINT('',(0.218225,0.100946788935687,-0.0303313509350126));
#13874=CARTESIAN_POINT('',(0.218225,0.0452655389356869,-0.0254598727890596));
#13875=CARTESIAN_POINT('',(0.215225,0.104930864858131,-0.0194334331033971));
#13876=CARTESIAN_POINT('',(0.215225,0.103954399539503,-0.0305944827671468));
#13877=CARTESIAN_POINT('',(0.216012156031272,0.104930864858131,-0.0194334331033971));
#13878=CARTESIAN_POINT('',(0.216012156031272,0.103954399539503,-0.0305944827671468));
#13879=CARTESIAN_POINT('',(0.217568668619118,0.104281640797308,-0.0193766333579867));
#13880=CARTESIAN_POINT('',(0.217568668619118,0.103305175478681,-0.0305376830217364));
#13881=CARTESIAN_POINT('',(0.218225,0.102716415832337,-0.0192396939176844));
#13882=CARTESIAN_POINT('',(0.218225,0.101739950513709,-0.0304007435814341));
#13883=CARTESIAN_POINT('',(0.218225,0.101923254254315,-0.0191703012712628));
#13884=CARTESIAN_POINT('',(0.218225,0.100946788935687,-0.0303313509350125));
#13885=CARTESIAN_POINT('',(0.215225,0.103954399539503,-0.0305944827671467));
#13886=CARTESIAN_POINT('',(0.216012156031272,0.103954399539503,-0.0305944827671467));
#13887=CARTESIAN_POINT('',(0.217568668619118,0.103305175478681,-0.0305376830217363));
#13888=CARTESIAN_POINT('',(0.218225,0.101739950513709,-0.030400743581434));
#13889=CARTESIAN_POINT('',(0.218225,0.100946788935687,-0.0303313509350124));
#13890=CARTESIAN_POINT('',(-0.008675,0.101923254254315,-0.0191703012712628));
#13891=CARTESIAN_POINT('',(-0.008675,0.100946788935687,-0.0303313509350124));
#13892=CARTESIAN_POINT('',(-0.008675,0.102716415832337,-0.0192396939176844));
#13893=CARTESIAN_POINT('',(-0.008675,0.101739950513709,-0.030400743581434));
#13894=CARTESIAN_POINT('',(-0.00801866861911765,0.104281640797308,-0.0193766333579867));
#13895=CARTESIAN_POINT('',(-0.00801866861911765,0.10330517547868,-0.0305376830217363));
#13896=CARTESIAN_POINT('',(-0.00646215603127344,0.104930864858131,-0.0194334331033971));
#13897=CARTESIAN_POINT('',(-0.00646215603127344,0.103954399539503,-0.0305944827671467));
#13898=CARTESIAN_POINT('',(-0.005675,0.104930864858131,-0.0194334331033971));
#13899=CARTESIAN_POINT('',(-0.005675,0.103954399539503,-0.0305944827671467));
#13900=CARTESIAN_POINT('',(-0.008675,0.101917604716981,-0.0192348757784695));
#13901=CARTESIAN_POINT('',(-0.008675,0.100946788935687,-0.0303313509350124));
#13902=CARTESIAN_POINT('',(-0.008675,0.100946788935687,-0.0303313509350124));
#13903=CARTESIAN_POINT('',(-0.008675,0.101739950513709,-0.030400743581434));
#13904=CARTESIAN_POINT('',(-0.00801866861911765,0.10330517547868,-0.0305376830217363));
#13905=CARTESIAN_POINT('',(-0.00646215603127344,0.103954399539503,-0.0305944827671467));
#13906=CARTESIAN_POINT('',(-0.005675,0.103954399539503,-0.0305944827671467));
#13907=CARTESIAN_POINT('',(-0.008675,0.0462363547169815,-0.0143633976325166));
#13908=CARTESIAN_POINT('',(-0.008675,0.0452655389356869,-0.0254598727890596));
#13909=CARTESIAN_POINT('',(0.157886447,-0.008334381,-0.0118));
#13910=CARTESIAN_POINT('',(0.154989566,-0.008334381,-0.0118));
#13911=CARTESIAN_POINT('',(0.154989566,-0.008334381,-0.0118));
#13912=CARTESIAN_POINT('',(0.157886447,-0.008334381,-0.0118));
#13913=CARTESIAN_POINT('',(0.156709187258057,-0.0056875,-0.0118));
#13914=CARTESIAN_POINT('',(0.157886447,-0.008334381,-0.0144468809999999));
#13915=CARTESIAN_POINT('',(0.157886447,-0.008334381,-0.0144468809999999));
#13916=CARTESIAN_POINT('',(0.159063706741943,-0.0056875,-0.0118));
#13917=CARTESIAN_POINT('',(0.157886447,-0.008334381,-0.0118));
#13918=CARTESIAN_POINT('',(0.160783328,-0.008334381,-0.0118));
#13919=CARTESIAN_POINT('',(0.160783328,-0.008334381,-0.0118));
#13920=CARTESIAN_POINT('',(0.154989566,-0.00988594049999997,-0.0118));
#13921=CARTESIAN_POINT('',(0.154989566,-0.0109375,-0.0118));
#13922=CARTESIAN_POINT('',(0.154989566,-0.0109375,-0.0118));
#13923=CARTESIAN_POINT('',(0.154989566,-0.00988594049999997,-0.0118));
#13924=CARTESIAN_POINT('',(0.054490578,-0.009885939,-0.0118));
#13925=CARTESIAN_POINT('',(0.054490578,-0.009885939,-0.0118));
#13926=CARTESIAN_POINT('',(0.054490578,-0.0109375,-0.0118));
#13927=CARTESIAN_POINT('',(0.054490578,-0.008334378,-0.0118));
#13928=CARTESIAN_POINT('',(0.054490578,-0.0109375,-0.0118));
#13929=CARTESIAN_POINT('',(0.054490578,-0.008334378,-0.0118));
#13930=CARTESIAN_POINT('',(0.0515937,-0.008334378,-0.0118));
#13931=CARTESIAN_POINT('',(0.0486968220000001,-0.008334378,-0.0118));
#13932=CARTESIAN_POINT('',(0.0486968220000001,-0.008334378,-0.0118));
#13933=CARTESIAN_POINT('',(0.0515937,-0.008334378,-0.0118));
#13934=CARTESIAN_POINT('',(0.0504164408951298,-0.0056875,-0.0118));
#13935=CARTESIAN_POINT('',(0.0515937,-0.008334378,-0.0144468779999999));
#13936=CARTESIAN_POINT('',(0.0515937,-0.008334378,-0.0144468779999999));
#13937=CARTESIAN_POINT('',(0.0527709591048703,-0.0056875,-0.0118));
#13938=CARTESIAN_POINT('',(0.0515937,-0.008334378,-0.0118));
#13939=CARTESIAN_POINT('',(0.104775,-0.00605625,-0.0118));
#13940=CARTESIAN_POINT('',(0.157886447,-0.0056875,-0.0118));
#13941=CARTESIAN_POINT('',(0.154489566,-0.0109375,-0.0118));
#13942=CARTESIAN_POINT('',(0.054990578,-0.0109375,-0.0118));
#13943=CARTESIAN_POINT('',(0.2055813,-0.00357188099999993,-0.0118));
#13944=CARTESIAN_POINT('',(0.202684419,-0.00357188099999993,-0.0118));
#13945=CARTESIAN_POINT('',(0.202684419,-0.00357188099999993,-0.0118));
#13946=CARTESIAN_POINT('',(0.2055813,-0.00357188099999993,-0.0118));
#13947=CARTESIAN_POINT('',(0.204404040258057,-0.000925,-0.0118));
#13948=CARTESIAN_POINT('',(0.2055813,-0.00357188099999993,-0.0144468809999999));
#13949=CARTESIAN_POINT('',(0.202684419,-0.00512344049999996,-0.0118));
#13950=CARTESIAN_POINT('',(0.202684419,-0.006175,-0.0118));
#13951=CARTESIAN_POINT('',(0.202684419,-0.006175,-0.0118));
#13952=CARTESIAN_POINT('',(0.202684419,-0.00512344049999996,-0.0118));
#13953=CARTESIAN_POINT('',(0.160783328,-0.00988594049999997,-0.0118));
#13954=CARTESIAN_POINT('',(0.160783328,-0.00988594049999997,-0.0118));
#13955=CARTESIAN_POINT('',(0.160783328,-0.0109375,-0.0118));
#13956=CARTESIAN_POINT('',(0.160783328,-0.0109375,-0.0118));
#13957=CARTESIAN_POINT('',(0.104775,-0.00605625,-0.0118));
#13958=CARTESIAN_POINT('',(0.1662625,-0.00605625,-0.0118));
#13959=CARTESIAN_POINT('',(0.1662625,-0.0049375,-0.0118));
#13960=CARTESIAN_POINT('',(0.1662625,-0.000925,-0.0118));
#13961=CARTESIAN_POINT('',(0.2055813,-0.000925,-0.0118));
#13962=CARTESIAN_POINT('',(0.202184419,-0.006175,-0.0118));
#13963=CARTESIAN_POINT('',(0.1668625,-0.0109375,-0.0118));
#13964=CARTESIAN_POINT('',(0.161283328,-0.0109375,-0.0118));
#13965=CARTESIAN_POINT('',(0.1655125,-0.0056875,-0.0118));
#13966=CARTESIAN_POINT('',(0.1655125,-0.0056875,-0.0118));
#13967=CARTESIAN_POINT('',(0.1655125,-0.0049375,-0.0118));
#13968=CARTESIAN_POINT('',(0.0486968220000001,-0.009885939,-0.0118));
#13969=CARTESIAN_POINT('',(0.0486968220000001,-0.0109375,-0.0118));
#13970=CARTESIAN_POINT('',(0.0486968220000001,-0.0109375,-0.0118));
#13971=CARTESIAN_POINT('',(0.0486968220000001,-0.009885939,-0.0118));
#13972=CARTESIAN_POINT('',(0.006865578,-0.005123439,-0.0118));
#13973=CARTESIAN_POINT('',(0.006865578,-0.005123439,-0.0118));
#13974=CARTESIAN_POINT('',(0.006865578,-0.006175,-0.0118));
#13975=CARTESIAN_POINT('',(0.006865578,-0.00357187799999993,-0.0118));
#13976=CARTESIAN_POINT('',(0.006865578,-0.006175,-0.0118));
#13977=CARTESIAN_POINT('',(0.006865578,-0.00357187799999993,-0.0118));
#13978=CARTESIAN_POINT('',(0.00396870000000005,-0.00357187799999993,-0.0118));
#13979=CARTESIAN_POINT('',(0.00396870000000005,-0.00357187799999993,-0.0144468779999999));
#13980=CARTESIAN_POINT('',(0.00514595910487033,-0.000925,-0.0118));
#13981=CARTESIAN_POINT('',(0.00396870000000005,-0.00357187799999993,-0.0118));
#13982=CARTESIAN_POINT('',(0.104775,-0.00605625,-0.0118));
#13983=CARTESIAN_POINT('',(0.0440375,-0.0049375,-0.0118));
#13984=CARTESIAN_POINT('',(0.0432875,-0.0049375,-0.0118));
#13985=CARTESIAN_POINT('',(0.0440375,-0.0056875,-0.0118));
#13986=CARTESIAN_POINT('',(0.0515937,-0.0056875,-0.0118));
#13987=CARTESIAN_POINT('',(0.0481968220000001,-0.0109375,-0.0118));
#13988=CARTESIAN_POINT('',(0.0426875,-0.0109375,-0.0118));
#13989=CARTESIAN_POINT('',(0.007365578,-0.006175,-0.0118));
#13990=CARTESIAN_POINT('',(0.0435375,-0.000925,-0.0118));
#13991=CARTESIAN_POINT('',(0.0432875,-0.000925,-0.0118));
#13992=CARTESIAN_POINT('',(0.0432875,-0.0049375,-0.0118));
#13993=CARTESIAN_POINT('',(0.0658812,0.0988218810000001,-0.0118));
#13994=CARTESIAN_POINT('',(0.0687780810000001,0.0988218810000001,-0.0118));
#13995=CARTESIAN_POINT('',(0.0687780810000001,0.0988218810000001,-0.0118));
#13996=CARTESIAN_POINT('',(0.0658812,0.0988218810000001,-0.0118));
#13997=CARTESIAN_POINT('',(0.0670584597419432,0.096175,-0.0118));
#13998=CARTESIAN_POINT('',(0.0658812,0.0988218810000001,-0.0144468810000001));
#13999=CARTESIAN_POINT('',(0.0658812,0.0988218810000001,-0.0144468810000001));
#14000=CARTESIAN_POINT('',(0.0647039402580569,0.096175,-0.0118));
#14001=CARTESIAN_POINT('',(0.0658812,0.0988218810000001,-0.0118));
#14002=CARTESIAN_POINT('',(0.062984319,0.0988218810000001,-0.0118));
#14003=CARTESIAN_POINT('',(0.062984319,0.0988218810000001,-0.0118));
#14004=CARTESIAN_POINT('',(0.0687780810000001,0.1003734405,-0.0118));
#14005=CARTESIAN_POINT('',(0.0687780810000001,0.101425,-0.0118));
#14006=CARTESIAN_POINT('',(0.0687780810000001,0.101425,-0.0118));
#14007=CARTESIAN_POINT('',(0.0687780810000001,0.1003734405,-0.0118));
#14008=CARTESIAN_POINT('',(0.066675,0.098925,-0.0118));
#14009=CARTESIAN_POINT('',(0.124,0.095425,-0.0118));
#14010=CARTESIAN_POINT('',(0.124,0.096175,-0.0118));
#14011=CARTESIAN_POINT('',(0.066675,0.096175,-0.0118));
#14012=CARTESIAN_POINT('',(0.0692780810000001,0.101425,-0.0118));
#14013=CARTESIAN_POINT('',(0.124,0.101425,-0.0118));
#14014=CARTESIAN_POINT('',(0.0211530810000001,0.1003734405,-0.0118));
#14015=CARTESIAN_POINT('',(0.0211530810000001,0.101425,-0.0118));
#14016=CARTESIAN_POINT('',(0.0211530810000001,0.101425,-0.0118));
#14017=CARTESIAN_POINT('',(0.0211530810000001,0.1003734405,-0.0118));
#14018=CARTESIAN_POINT('',(0.0211530810000001,0.0988218810000001,-0.0118));
#14019=CARTESIAN_POINT('',(0.0211530810000001,0.0988218810000001,-0.0118));
#14020=CARTESIAN_POINT('',(0.062984319,0.1003734405,-0.0118));
#14021=CARTESIAN_POINT('',(0.062984319,0.1003734405,-0.0118));
#14022=CARTESIAN_POINT('',(0.062984319,0.101425,-0.0118));
#14023=CARTESIAN_POINT('',(0.062984319,0.101425,-0.0128));
#14024=CARTESIAN_POINT('',(0.0182562,0.0988218810000001,-0.0118));
#14025=CARTESIAN_POINT('',(0.0182562,0.0988218810000001,-0.0118));
#14026=CARTESIAN_POINT('',(0.0194334597419432,0.096175,-0.0118));
#14027=CARTESIAN_POINT('',(0.0182562,0.0988218810000001,-0.0144468810000001));
#14028=CARTESIAN_POINT('',(0.066675,0.098925,-0.0118));
#14029=CARTESIAN_POINT('',(0.066675,0.096175,-0.0118));
#14030=CARTESIAN_POINT('',(0.0216530810000001,0.101425,-0.0118));
#14031=CARTESIAN_POINT('',(0.062484319,0.101425,-0.0118));
#14032=CARTESIAN_POINT('',(0.150296922,0.0813234390000001,-0.0118));
#14033=CARTESIAN_POINT('',(0.150296922,0.0813234390000001,-0.0118));
#14034=CARTESIAN_POINT('',(0.150296922,0.0797718780000001,-0.0118));
#14035=CARTESIAN_POINT('',(0.150296922,0.082375,-0.0118));
#14036=CARTESIAN_POINT('',(0.150296922,0.082375,-0.0128));
#14037=CARTESIAN_POINT('',(0.150296922,0.0797718780000001,-0.0118));
#14038=CARTESIAN_POINT('',(0.1531938,0.0797718780000001,-0.0118));
#14039=CARTESIAN_POINT('',(0.156090678,0.0797718780000001,-0.0118));
#14040=CARTESIAN_POINT('',(0.156090678,0.0797718780000001,-0.0118));
#14041=CARTESIAN_POINT('',(0.1531938,0.0797718780000001,-0.0118));
#14042=CARTESIAN_POINT('',(0.154371059104871,0.077125,-0.0118));
#14043=CARTESIAN_POINT('',(0.1531938,0.0797718780000001,-0.014446878));
#14044=CARTESIAN_POINT('',(0.1531938,0.0797718780000001,-0.014446878));
#14045=CARTESIAN_POINT('',(0.15201654089513,0.077125,-0.0118));
#14046=CARTESIAN_POINT('',(0.1531938,0.0797718780000001,-0.0118));
#14047=CARTESIAN_POINT('',(0.1673625,0.079875,-0.0118));
#14048=CARTESIAN_POINT('',(0.1673625,0.077125,-0.0118));
#14049=CARTESIAN_POINT('',(0.12475,0.077125,-0.0118));
#14050=CARTESIAN_POINT('',(0.12475,0.082875,-0.0118));
#14051=CARTESIAN_POINT('',(0.149796922,0.082375,-0.0118));
#14052=CARTESIAN_POINT('',(0.156090678,0.0813234390000001,-0.0118));
#14053=CARTESIAN_POINT('',(0.156090678,0.082375,-0.0118));
#14054=CARTESIAN_POINT('',(0.156090678,0.082375,-0.0118));
#14055=CARTESIAN_POINT('',(0.156090678,0.0813234390000001,-0.0118));
#14056=CARTESIAN_POINT('',(0.197921922,0.0813234390000001,-0.0118));
#14057=CARTESIAN_POINT('',(0.197921922,0.0813234390000001,-0.0118));
#14058=CARTESIAN_POINT('',(0.197921922,0.0797718780000001,-0.0118));
#14059=CARTESIAN_POINT('',(0.197921922,0.082375,-0.0118));
#14060=CARTESIAN_POINT('',(0.197921922,0.082375,-0.0128));
#14061=CARTESIAN_POINT('',(0.197921922,0.0797718780000001,-0.0118));
#14062=CARTESIAN_POINT('',(0.2008188,0.0797718780000001,-0.0118));
#14063=CARTESIAN_POINT('',(0.2008188,0.0797718780000001,-0.014446878));
#14064=CARTESIAN_POINT('',(0.19964154089513,0.077125,-0.0118));
#14065=CARTESIAN_POINT('',(0.2008188,0.0797718780000001,-0.0118));
#14066=CARTESIAN_POINT('',(0.1673625,0.079875,-0.0118));
#14067=CARTESIAN_POINT('',(0.1673625,0.077125,-0.0118));
#14068=CARTESIAN_POINT('',(0.156590678,0.082375,-0.0118));
#14069=CARTESIAN_POINT('',(0.197421922,0.082375,-0.0118));
#14070=CARTESIAN_POINT('',(0.0955249998652776,0.105364484326942,-0.0185));
#14071=CARTESIAN_POINT('',(0.0955249998652776,0.104423131090541,-0.01925));
#14072=CARTESIAN_POINT('',(0.0955249998652776,0.104445003256422,-0.01925));
#14073=CARTESIAN_POINT('',(0.0955249998652776,0.104517105814809,-0.0184258639864729));
#14074=CARTESIAN_POINT('',(0.0955249998652776,0.104598108417593,-0.0175));
#14075=CARTESIAN_POINT('',(0.0955249998652776,0.105364484326942,-0.0175));
#14076=CARTESIAN_POINT('',(0.0985249998652776,0.105364484326942,-0.0175));
#14077=CARTESIAN_POINT('',(0.0985249998652776,0.104598108417593,-0.0175));
#14078=CARTESIAN_POINT('',(0.0985249998652776,0.104816830076407,-0.0145));
#14079=CARTESIAN_POINT('',(0.0985249998652776,0.105364484326942,-0.0145));
#14080=CARTESIAN_POINT('',(0.104774999865278,0.105364484326942,-0.0145));
#14081=CARTESIAN_POINT('',(0.104774999865278,0.104816830076407,-0.0145));
#14082=CARTESIAN_POINT('',(0.111024999865278,0.104816830076407,-0.0145));
#14083=CARTESIAN_POINT('',(0.111024999865278,0.105364484326942,-0.0145));
#14084=CARTESIAN_POINT('',(0.111024999865278,0.105364484326942,-0.0175));
#14085=CARTESIAN_POINT('',(0.111024999865278,0.104598108417593,-0.0175));
#14086=CARTESIAN_POINT('',(0.114024999865278,0.104598108417593,-0.0175));
#14087=CARTESIAN_POINT('',(0.114024999865278,0.105364484326942,-0.0175));
#14088=CARTESIAN_POINT('',(0.114024999865278,0.105364484326942,-0.0185));
#14089=CARTESIAN_POINT('',(0.114024999865278,0.104517105814809,-0.0184258639864729));
#14090=CARTESIAN_POINT('',(0.114024999865278,0.104445003256422,-0.01925));
#14091=CARTESIAN_POINT('',(0.114024999865278,0.101925,-0.01925));
#14092=CARTESIAN_POINT('',(0.104774999865277,0.366536434088069,-0.043421775447315));
#14093=CARTESIAN_POINT('',(0.104774999865278,0.105582433125626,-0.0205912586613682));
#14094=CARTESIAN_POINT('',(0.101849999865277,0.105582433125626,-0.0205912586613681));
#14095=CARTESIAN_POINT('',(0.107699999865278,0.105582433125626,-0.0205912586613682));
#14096=CARTESIAN_POINT('',(0.101849999865277,0.366536434088069,-0.043421775447315));
#14097=CARTESIAN_POINT('',(0.107699999865277,0.366536434088069,-0.043421775447315));
#14098=CARTESIAN_POINT('',(0.107699999865277,0.36668459885074,-0.0417282444605591));
#14099=CARTESIAN_POINT('',(0.107699999865278,0.366832763613411,-0.0400347134738031));
#14100=CARTESIAN_POINT('',(0.107699999865278,0.105878762650968,-0.0172041966878562));
#14101=CARTESIAN_POINT('',(0.107699999865278,0.105730597888297,-0.0188977276746122));
#14102=CARTESIAN_POINT('',(0.104774999865277,0.366832763613411,-0.0400347134738031));
#14103=CARTESIAN_POINT('',(0.101849999865277,0.366832763613411,-0.0400347134738031));
#14104=CARTESIAN_POINT('',(0.101849999865277,0.105878762650968,-0.0172041966878562));
#14105=CARTESIAN_POINT('',(0.104774999865278,0.105878762650968,-0.0172041966878562));
#14106=CARTESIAN_POINT('',(0.101849999865277,0.36668459885074,-0.0417282444605591));
#14107=CARTESIAN_POINT('',(0.101849999865277,0.105730597888297,-0.0188977276746122));
#14108=CARTESIAN_POINT('',(0.107699999865278,0.367490714106787,-0.0417987704069584));
#14109=CARTESIAN_POINT('',(0.107699999865278,0.36716823785862,-0.0454846907898979));
#14110=CARTESIAN_POINT('',(0.107699999865278,0.10540812164013,-0.0225836480575517));
#14111=CARTESIAN_POINT('',(0.107699999865278,0.105730597888297,-0.0188977276746122));
#14112=CARTESIAN_POINT('',(0.101849999865277,0.367490714106787,-0.0417987704069584));
#14113=CARTESIAN_POINT('',(0.101849999865278,0.105730597888297,-0.0188977276746122));
#14114=CARTESIAN_POINT('',(0.101849999865278,0.10540812164013,-0.0225836480575517));
#14115=CARTESIAN_POINT('',(0.101849999865277,0.36716823785862,-0.0454846907898979));
#14116=CARTESIAN_POINT('',(0.104774999865277,0.36716823785862,-0.0454846907898979));
#14117=CARTESIAN_POINT('',(0.104774999865278,0.10540812164013,-0.0225836480575517));
#14118=CARTESIAN_POINT('',(0.104774999865278,0.105730597888297,-0.0188977276746122));
#14119=CARTESIAN_POINT('',(-0.004675,-0.00935112052773995,-0.0155));
#14120=CARTESIAN_POINT('',(-0.004675,-0.00935112052773995,-0.0155));
#14121=CARTESIAN_POINT('',(-0.006125,-0.00935112052773995,-0.0155));
#14122=CARTESIAN_POINT('',(0.104775,0.045786960240787,-0.0155));
#14123=CARTESIAN_POINT('',(0.1285,0.100925041009312,-0.0155));
#14124=CARTESIAN_POINT('',(0.1285,0.100925041009312,-0.0155));
#14125=CARTESIAN_POINT('',(0.12705,0.100925041009312,-0.0155));
#14126=CARTESIAN_POINT('',(0.104775,0.045786960240787,-0.0155));
#14127=CARTESIAN_POINT('',(0.0381875,-0.00935112052773995,-0.0155));
#14128=CARTESIAN_POINT('',(0.0381875,-0.00935112052773995,-0.0155));
#14129=CARTESIAN_POINT('',(0.0367375,-0.00935112052773995,-0.0155));
#14130=CARTESIAN_POINT('',(0.104775,0.045786960240787,-0.0155));
#14131=CARTESIAN_POINT('',(0.1713625,-0.00935112052773995,-0.0155));
#14132=CARTESIAN_POINT('',(0.1713625,-0.00935112052773995,-0.0155));
#14133=CARTESIAN_POINT('',(0.1699125,-0.00935112052773995,-0.0155));
#14134=CARTESIAN_POINT('',(0.104775,0.045786960240787,-0.0155));
#14135=CARTESIAN_POINT('',(0.214225,-0.00935112052773995,-0.0155));
#14136=CARTESIAN_POINT('',(0.214225,-0.00935112052773995,-0.0155));
#14137=CARTESIAN_POINT('',(0.212775,-0.00935112052773995,-0.0155));
#14138=CARTESIAN_POINT('',(0.104775,0.045786960240787,-0.0155));
#14139=CARTESIAN_POINT('',(0.214225,0.100925041009312,-0.0155));
#14140=CARTESIAN_POINT('',(0.214225,0.100925041009312,-0.0155));
#14141=CARTESIAN_POINT('',(0.212775,0.100925041009312,-0.0155));
#14142=CARTESIAN_POINT('',(0.104775,0.045786960240787,-0.0155));
#14143=CARTESIAN_POINT('',(-0.004675,0.100925041009312,-0.0155));
#14144=CARTESIAN_POINT('',(-0.004675,0.100925041009312,-0.0155));
#14145=CARTESIAN_POINT('',(-0.006125,0.100925041009312,-0.0155));
#14146=CARTESIAN_POINT('',(0.104775,0.045786960240787,-0.0155));
#14147=CARTESIAN_POINT('',(0.066675,0.098925,-0.0118));
#14148=CARTESIAN_POINT('',(0.066675,0.077125,-0.0118));
#14149=CARTESIAN_POINT('',(0.0086,0.077125,-0.0118));
#14150=CARTESIAN_POINT('',(-0.000175,0.077125,-0.0118));
#14151=CARTESIAN_POINT('',(-0.000175,0.076375,-0.0118));
#14152=CARTESIAN_POINT('',(-0.000175,0.082375,-0.0118));
#14153=CARTESIAN_POINT('',(-0.000175,0.082875,-0.0118));
#14154=CARTESIAN_POINT('',(0.0040875,0.082875,-0.0118));
#14155=CARTESIAN_POINT('',(0.0086,0.082875,-0.0118));
#14156=CARTESIAN_POINT('',(0.0086,0.098925,-0.0118));
#14157=CARTESIAN_POINT('',(0.0040875,0.082875,-0.011798));
#14158=CARTESIAN_POINT('',(-0.000175,0.082875,-0.011798));
#14159=CARTESIAN_POINT('',(-0.000175,0.082875,-0.01925));
#14160=CARTESIAN_POINT('',(0.00885,0.082875,-0.01925));
#14161=CARTESIAN_POINT('',(0.00634475,0.082875,-0.01405525));
#14162=CARTESIAN_POINT('',(0.104775,0.018375,-0.007));
#14163=CARTESIAN_POINT('',(0.104775,0.018375,-0.00675));
#14164=CARTESIAN_POINT('',(0.1660125,0.018375,-0.00025));
#14165=CARTESIAN_POINT('',(0.04695,0.0047625,-0.007));
#14166=CARTESIAN_POINT('',(0.04695,0.0144625,0.));
#14167=CARTESIAN_POINT('',(0.04695,0.0144625,-0.00675));
#14168=CARTESIAN_POINT('',(0.04695,0.0144625,-0.00025));
#14169=CARTESIAN_POINT('',(0.04695,0.0047625,-0.00025));
#14170=CARTESIAN_POINT('',(0.04695,-0.0049375,-0.00025));
#14171=CARTESIAN_POINT('',(0.04695,-0.0049375,-0.007));
#14172=CARTESIAN_POINT('',(0.04695,-0.0049375,-0.00675));
#14173=CARTESIAN_POINT('',(0.04695,0.0144625,-0.00675));
#14174=CARTESIAN_POINT('',(0.0758625,0.0149625,-0.007));
#14175=CARTESIAN_POINT('',(0.1621,0.0149625,-0.007));
#14176=CARTESIAN_POINT('',(0.1621,0.0149625,-0.00675));
#14177=CARTESIAN_POINT('',(0.1621,0.0149625,-0.00025));
#14178=CARTESIAN_POINT('',(0.0758625,0.0149625,-0.00025));
#14179=CARTESIAN_POINT('',(0.04745,0.0149625,-0.00025));
#14180=CARTESIAN_POINT('',(0.04745,0.0149625,-0.007));
#14181=CARTESIAN_POINT('',(0.04745,0.0149625,-0.00675));
#14182=CARTESIAN_POINT('',(0.1621,0.0149625,-0.00675));
#14183=CARTESIAN_POINT('',(0.1626,0.0047625,-0.007));
#14184=CARTESIAN_POINT('',(0.1626,-0.0049375,0.));
#14185=CARTESIAN_POINT('',(0.1626,-0.0049375,-0.00675));
#14186=CARTESIAN_POINT('',(0.1626,-0.0049375,-0.00025));
#14187=CARTESIAN_POINT('',(0.1626,0.0144625,-0.00025));
#14188=CARTESIAN_POINT('',(0.1626,0.0144625,-0.00025));
#14189=CARTESIAN_POINT('',(0.1626,0.0144625,-0.007));
#14190=CARTESIAN_POINT('',(0.1626,0.0144625,-0.00675));
#14191=CARTESIAN_POINT('',(0.1626,0.0047625,-0.00675));
#14192=CARTESIAN_POINT('',(0.104775,0.04524375,-0.007));
#14193=CARTESIAN_POINT('',(0.0467,-0.0049375,-0.007));
#14194=CARTESIAN_POINT('',(0.0467,0.0144625,-0.007));
#14195=CARTESIAN_POINT('',(0.0467,-0.0049375,-0.007));
#14196=CARTESIAN_POINT('',(0.04745,-0.0049375,-0.007));
#14197=CARTESIAN_POINT('',(0.0440375,-0.0049375,-0.007));
#14198=CARTESIAN_POINT('',(0.0435375,-0.0049375,-0.007));
#14199=CARTESIAN_POINT('',(0.0435375,0.00646875,-0.007));
#14200=CARTESIAN_POINT('',(0.0435375,-0.000734016994374948,-0.007));
#14201=CARTESIAN_POINT('',(0.0430375,-0.000175,-0.007));
#14202=CARTESIAN_POINT('',(0.0437875,-0.000175,-0.007));
#14203=CARTESIAN_POINT('',(0.0437875,0.018375,-0.007));
#14204=CARTESIAN_POINT('',(0.0437875,0.018125,-0.007));
#14205=CARTESIAN_POINT('',(0.104775,0.018125,-0.007));
#14206=CARTESIAN_POINT('',(0.1657625,0.018125,-0.007));
#14207=CARTESIAN_POINT('',(0.1657625,0.04524375,-0.007));
#14208=CARTESIAN_POINT('',(0.1657625,-0.000175,-0.007));
#14209=CARTESIAN_POINT('',(0.1665125,-0.000175,-0.007));
#14210=CARTESIAN_POINT('',(0.1660125,-0.000734016994374948,-0.007));
#14211=CARTESIAN_POINT('',(0.1660125,0.00646875,-0.007));
#14212=CARTESIAN_POINT('',(0.1660125,-0.0049375,-0.007));
#14213=CARTESIAN_POINT('',(0.1655125,-0.0049375,-0.007));
#14214=CARTESIAN_POINT('',(0.1621,-0.0049375,-0.007));
#14215=CARTESIAN_POINT('',(0.16285,-0.0049375,-0.007));
#14216=CARTESIAN_POINT('',(0.16285,0.04524375,-0.007));
#14217=CARTESIAN_POINT('',(0.16285,0.0144625,-0.007));
#14218=CARTESIAN_POINT('',(0.1621,0.0144625,-0.007));
#14219=CARTESIAN_POINT('',(0.1621,0.0152125,-0.007));
#14220=CARTESIAN_POINT('',(0.04745,0.0152125,-0.007));
#14221=CARTESIAN_POINT('',(0.04745,0.0152125,-0.007));
#14222=CARTESIAN_POINT('',(0.04745,0.0144625,-0.007));
#14223=CARTESIAN_POINT('',(0.1660125,-0.00305625,-0.011802));
#14224=CARTESIAN_POINT('',(0.1660125,-0.00305625,-0.01155));
#14225=CARTESIAN_POINT('',(0.1660125,-0.0049375,-0.01155));
#14226=CARTESIAN_POINT('',(0.1660125,-0.0049375,-0.011802));
#14227=CARTESIAN_POINT('',(0.1660125,-0.000734016994374948,-0.007));
#14228=CARTESIAN_POINT('',(0.1660125,-0.000714516801345205,-0.00698546541427038));
#14229=CARTESIAN_POINT('',(0.1660125,-0.00069485826445756,-0.00697114869464709));
#14230=CARTESIAN_POINT('',(0.1660125,-0.000675,-0.00695710678118655));
#14231=CARTESIAN_POINT('',(0.0435375,-0.00305625,-0.011802));
#14232=CARTESIAN_POINT('',(0.0435375,-0.0049375,-0.0118));
#14233=CARTESIAN_POINT('',(0.0435375,-0.0049375,-0.01155));
#14234=CARTESIAN_POINT('',(0.0435375,-0.000675,-0.01155));
#14235=CARTESIAN_POINT('',(0.0435375,-0.000675,-0.00695710678118655));
#14236=CARTESIAN_POINT('',(0.0435375,-0.00069485826445756,-0.00697114869464709));
#14237=CARTESIAN_POINT('',(0.0435375,-0.000714516801345205,-0.00698546541427038));
#14238=CARTESIAN_POINT('',(0.0435375,-0.000734016994374948,-0.007));
#14239=CARTESIAN_POINT('',(0.113524999865278,0.104517105814809,-0.0184258639864729));
#14240=CARTESIAN_POINT('',(0.113524984032511,0.104948829797077,-0.0192280929087606));
#14241=CARTESIAN_POINT('',(0.113584136443614,0.104948843335701,-0.0192279596529065));
#14242=CARTESIAN_POINT('',(0.113706127563408,0.104932437768678,-0.0192290387320424));
#14243=CARTESIAN_POINT('',(0.113897327329543,0.10479756485338,-0.0192347760092584));
#14244=CARTESIAN_POINT('',(0.113974544593515,0.104686117504214,-0.0192400809904806));
#14245=CARTESIAN_POINT('',(0.114024999865278,0.104531582728367,-0.0192462556294688));
#14246=CARTESIAN_POINT('',(0.114024999865278,0.104445003256422,-0.01925));
#14247=CARTESIAN_POINT('',(0.113524999865278,0.104598108417593,-0.0175));
#14248=CARTESIAN_POINT('',(0.113524999865278,0.105096205766638,-0.0175435778713738));
#14249=CARTESIAN_POINT('',(0.114024999865278,0.105096205766638,-0.0175435778713738));
#14250=CARTESIAN_POINT('',(0.114024999865278,0.104598108417593,-0.0175));
#14251=CARTESIAN_POINT('',(0.113524999865268,0.105153466966046,-0.0168890793672325));
#14252=CARTESIAN_POINT('',(0.114036540181833,0.105165624184485,-0.0167501217247207));
#14253=CARTESIAN_POINT('',(0.114024999865278,0.104655369617005,-0.016714601795033));
#14254=CARTESIAN_POINT('',(0.112983284519017,0.105267533473809,-0.0155852932175069));
#14255=CARTESIAN_POINT('',(0.113391998279471,0.105304927094387,-0.015157882178439));
#14256=CARTESIAN_POINT('',(0.113374941449762,0.104769436124764,-0.0151500584153642));
#14257=CARTESIAN_POINT('',(0.111679498369673,0.105314927425452,-0.0150435778713836));
#14258=CARTESIAN_POINT('',(0.111822895993384,0.105362484326945,-0.014500000000004));
#14259=CARTESIAN_POINT('',(0.111810398070548,0.104816830076398,-0.0145));
#14260=CARTESIAN_POINT('',(0.111024999865278,0.105314927425453,-0.0150435778713738));
#14261=CARTESIAN_POINT('',(0.111024999865278,0.105362484326942,-0.0145));
#14262=CARTESIAN_POINT('',(0.111024999865278,0.104816830076407,-0.0145));
#14263=CARTESIAN_POINT('',(0.111024999865278,0.104816830076407,-0.015));
#14264=CARTESIAN_POINT('',(0.104774999865278,0.104816830076407,-0.015));
#14265=CARTESIAN_POINT('',(0.0985249998652776,0.104816830076407,-0.015));
#14266=CARTESIAN_POINT('',(0.0985249998652776,0.105314927425453,-0.0150435778713739));
#14267=CARTESIAN_POINT('',(0.0985249998652776,0.105362484326942,-0.0145));
#14268=CARTESIAN_POINT('',(0.0985249998652776,0.104816830076407,-0.0145));
#14269=CARTESIAN_POINT('',(0.0978705013608776,0.105314927425452,-0.0150435778713853));
#14270=CARTESIAN_POINT('',(0.0977271037371138,0.105362484326926,-0.014500000000004));
#14271=CARTESIAN_POINT('',(0.0977396016600031,0.104816830076398,-0.0145));
#14272=CARTESIAN_POINT('',(0.0965667152115403,0.105267533473809,-0.0155852932175047));
#14273=CARTESIAN_POINT('',(0.0961580014511152,0.105304927094383,-0.0151578821784784));
#14274=CARTESIAN_POINT('',(0.0961750582807956,0.104769436124764,-0.0151500584153647));
#14275=CARTESIAN_POINT('',(0.0960249998652867,0.105153466966045,-0.0168890793672352));
#14276=CARTESIAN_POINT('',(0.0955134595487001,0.105165624184507,-0.0167501217246936));
#14277=CARTESIAN_POINT('',(0.0955249998652776,0.104655369617005,-0.0167146017950322));
#14278=CARTESIAN_POINT('',(0.0960249998652776,0.105096205766638,-0.0175435778713738));
#14279=CARTESIAN_POINT('',(0.0955249998652776,0.105096205766638,-0.0175435778713738));
#14280=CARTESIAN_POINT('',(0.0955249998652776,0.104598108417593,-0.0175));
#14281=CARTESIAN_POINT('',(0.0960249998652776,0.104598108417593,-0.0175));
#14282=CARTESIAN_POINT('',(0.0960249998652776,0.104517105814809,-0.0184258639864729));
#14283=CARTESIAN_POINT('',(0.0955249998652776,0.104445003256422,-0.01925));
#14284=CARTESIAN_POINT('',(0.0955249998652776,0.10461486627376,-0.019242653800466));
#14285=CARTESIAN_POINT('',(0.0956987718573367,0.104896173522947,-0.0192340600075125));
#14286=CARTESIAN_POINT('',(0.0959317874064994,0.104948851134885,-0.019227882888317));
#14287=CARTESIAN_POINT('',(0.096025015698044,0.104948829797077,-0.0192280929087606));
#14288=CARTESIAN_POINT('',(0.062484319,0.101425,-0.0118));
#14289=CARTESIAN_POINT('',(-0.000175,0.082375,-0.011798));
#14290=CARTESIAN_POINT('',(-0.000175,0.082375,-0.01925));
#14291=CARTESIAN_POINT('',(0.00935,0.101425,-0.012798));
#14292=CARTESIAN_POINT('',(0.00935,0.101425,-0.01925));
#14293=CARTESIAN_POINT('',(0.0216530810000001,0.101425,-0.012798));
#14294=CARTESIAN_POINT('',(0.0692780810000001,0.101425,-0.012798));
#14295=CARTESIAN_POINT('',(0.124,0.101425,-0.0078));
#14296=CARTESIAN_POINT('',(0.124,0.101425,-0.01925));
#14297=CARTESIAN_POINT('',(0.156590678,0.082375,-0.012798));
#14298=CARTESIAN_POINT('',(0.149796922,0.082375,-0.0118));
#14299=CARTESIAN_POINT('',(0.197421922,0.082375,-0.0118));
#14300=CARTESIAN_POINT('',(0.209725,0.082375,-0.0078));
#14301=CARTESIAN_POINT('',(0.209725,0.082375,-0.01925));
#14302=CARTESIAN_POINT('',(0.0440375,-0.0049375,-0.0078));
#14303=CARTESIAN_POINT('',(0.0440375,-0.0049375,-0.01155));
#14304=CARTESIAN_POINT('',(0.202184419,-0.006175,-0.012798));
#14305=CARTESIAN_POINT('',(0.209725,-0.006175,-0.012798));
#14306=CARTESIAN_POINT('',(0.209725,-0.006175,-0.01925));
#14307=CARTESIAN_POINT('',(0.1655125,-0.0049375,-0.011802));
#14308=CARTESIAN_POINT('',(0.1655125,-0.0049375,-0.01155));
#14309=CARTESIAN_POINT('',(0.161283328,-0.0109375,-0.0118));
#14310=CARTESIAN_POINT('',(0.1668625,-0.0109375,-0.012798));
#14311=CARTESIAN_POINT('',(0.1668625,-0.0109375,-0.01925));
#14312=CARTESIAN_POINT('',(0.154489566,-0.0109375,-0.012798));
#14313=CARTESIAN_POINT('',(0.0481968220000001,-0.0109375,-0.012798));
#14314=CARTESIAN_POINT('',(0.054990578,-0.0109375,-0.0118));
#14315=CARTESIAN_POINT('',(0.0426875,-0.0109375,-0.012798));
#14316=CARTESIAN_POINT('',(0.0426875,-0.0109375,-0.01925));
#14317=CARTESIAN_POINT('',(0.007365578,-0.006175,-0.0118));
#14318=CARTESIAN_POINT('',(-0.000175,-0.006175,-0.0078));
#14319=CARTESIAN_POINT('',(-0.000175,-0.006175,-0.01925));
#14320=CARTESIAN_POINT('',(0.1621,0.0144625,-0.007));
#14321=CARTESIAN_POINT('',(0.1621,0.0144625,-0.00025));
#14322=CARTESIAN_POINT('',(0.1621,0.0144625,-0.00675));
#14323=CARTESIAN_POINT('',(0.04745,-0.0049375,-0.0078));
#14324=CARTESIAN_POINT('',(0.04745,-0.0049375,-0.00025));
#14325=CARTESIAN_POINT('',(0.04745,-0.0049375,-0.00675));
#14326=CARTESIAN_POINT('',(0.1665125,-0.000175,-0.0078));
#14327=CARTESIAN_POINT('',(0.1665125,-0.000175,-0.00675));
#14328=CARTESIAN_POINT('',(0.1665125,-0.000175,-0.00025));
#14329=CARTESIAN_POINT('',(-0.000175,-0.000175,-0.0078));
#14330=CARTESIAN_POINT('',(-0.000175,-0.000175,-0.00025));
#14331=CARTESIAN_POINT('',(0.0430375,-0.000175,-0.007));
#14332=CARTESIAN_POINT('',(0.0430375,-0.000175,-0.00675));
#14333=CARTESIAN_POINT('',(0.0430375,-0.000175,-0.00025));
#14334=CARTESIAN_POINT('',(0.1621,-0.0049375,-0.007));
#14335=CARTESIAN_POINT('',(0.1621,-0.0049375,-0.00025));
#14336=CARTESIAN_POINT('',(0.1621,-0.0049375,-0.00675));
#14337=CARTESIAN_POINT('',(0.209725,-0.000175,-0.0078));
#14338=CARTESIAN_POINT('',(0.209725,-0.000175,-0.00025));
#14339=CARTESIAN_POINT('',(0.209725,0.076375,-0.0078));
#14340=CARTESIAN_POINT('',(0.209725,0.076375,-0.00025));
#14341=CARTESIAN_POINT('',(0.124,0.095425,-0.0078));
#14342=CARTESIAN_POINT('',(0.124,0.095425,-0.00025));
#14343=CARTESIAN_POINT('',(0.124,0.095425,-0.01155));
#14344=CARTESIAN_POINT('',(0.04745,0.0144625,-0.007));
#14345=CARTESIAN_POINT('',(0.04745,0.0144625,-0.00025));
#14346=CARTESIAN_POINT('',(0.04745,0.0144625,-0.00675));
#14347=CARTESIAN_POINT('',(-0.000175,0.076375,-0.0078));
#14348=CARTESIAN_POINT('',(-0.000175,0.076375,-0.00025));
#14349=CARTESIAN_POINT('',(-0.000175,0.076375,-0.01155));
#14350=CARTESIAN_POINT('',(0.00935,0.095425,-0.0078));
#14351=CARTESIAN_POINT('',(0.00935,0.095425,-0.00025));
#14352=CARTESIAN_POINT('',(0.104775,0.0152125,0.));
#14353=CARTESIAN_POINT('',(0.1621,0.0152125,0.));
#14354=CARTESIAN_POINT('',(0.04745,0.0149625,-0.00025));
#14355=CARTESIAN_POINT('',(0.04745,0.0144625,0.));
#14356=CARTESIAN_POINT('',(0.04695,0.0144625,-0.00025));
#14357=CARTESIAN_POINT('',(0.1621,0.0144625,0.));
#14358=CARTESIAN_POINT('',(0.16285,0.0144625,0.));
#14359=CARTESIAN_POINT('',(0.0467,0.04524375,0.));
#14360=CARTESIAN_POINT('',(0.04695,-0.0049375,-0.00025));
#14361=CARTESIAN_POINT('',(0.1626,0.0047625,-0.00025));
#14362=CARTESIAN_POINT('',(0.16285,-0.0049375,0.));
#14363=CARTESIAN_POINT('',(0.04745,-0.0049375,0.));
#14364=CARTESIAN_POINT('',(0.04745,-0.0054375,-0.00025));
#14365=CARTESIAN_POINT('',(0.1621,-0.0049375,0.));
#14366=CARTESIAN_POINT('',(0.1621,-0.0056875,0.));
#14367=CARTESIAN_POINT('',(0.104775,-0.0054375,-0.00025));
#14368=CARTESIAN_POINT('',(0.1621,-0.0049375,-0.007));
#14369=CARTESIAN_POINT('',(0.16285,-0.0049375,-0.007));
#14370=CARTESIAN_POINT('',(0.16285,0.04524375,-0.007));
#14371=CARTESIAN_POINT('',(0.16285,0.0144625,-0.007));
#14372=CARTESIAN_POINT('',(0.1621,0.0144625,-0.007));
#14373=CARTESIAN_POINT('',(0.1621,0.0152125,-0.007));
#14374=CARTESIAN_POINT('',(0.0758625,0.0149625,-0.00675));
#14375=CARTESIAN_POINT('',(0.04745,0.0152125,-0.007));
#14376=CARTESIAN_POINT('',(0.04745,0.0144625,-0.007));
#14377=CARTESIAN_POINT('',(0.0467,0.0144625,-0.007));
#14378=CARTESIAN_POINT('',(0.04695,0.0047625,-0.00675));
#14379=CARTESIAN_POINT('',(0.0467,-0.0049375,-0.007));
#14380=CARTESIAN_POINT('',(0.04745,-0.0049375,-0.007));
#14381=CARTESIAN_POINT('',(0.0955280602604194,0.104445003256422,-0.0192469396048581));
#14382=CARTESIAN_POINT('',(0.0955199713614534,0.104727104703674,-0.0192345148047971));
#14383=CARTESIAN_POINT('',(0.0957855418488398,0.10497448651522,-0.0192236191870072));
#14384=CARTESIAN_POINT('',(0.0960639892973061,0.104944227011704,-0.0192249519284193));
#14385=CARTESIAN_POINT('',(0.0955249998652776,0.104445003256422,-0.01925));
#14386=CARTESIAN_POINT('',(0.095516861150948,0.104728822180749,-0.0192377254597128));
#14387=CARTESIAN_POINT('',(0.0957840671502184,0.104977710090877,-0.0192269616084751));
#14388=CARTESIAN_POINT('',(0.0960642294131415,0.104947266362841,-0.0192282782323301));
#14389=CARTESIAN_POINT('',(0.0952749998652776,0.104445003256422,-0.0195));
#14390=CARTESIAN_POINT('',(0.0952627917937833,0.104869120818224,-0.0195));
#14391=CARTESIAN_POINT('',(0.0956636007926889,0.105241040110978,-0.0195));
#14392=CARTESIAN_POINT('',(0.0960838441870734,0.105195547303416,-0.0195));
#14393=CARTESIAN_POINT('',(0.0952724692613261,0.104445003256422,-0.0195025306039514));
#14394=CARTESIAN_POINT('',(0.0952602199981066,0.10487054097937,-0.019502654851952));
#14395=CARTESIAN_POINT('',(0.0956623813821274,0.105243705646936,-0.0195027638081299));
#14396=CARTESIAN_POINT('',(0.0960840427359711,0.105198060506333,-0.0195027504807158));
#14397=CARTESIAN_POINT('',(0.0952749998652776,0.104445003256422,-0.0195));
#14398=CARTESIAN_POINT('',(0.0953583331986109,0.104445003256422,-0.0194166666666667));
#14399=CARTESIAN_POINT('',(0.0954416665319442,0.104445003256422,-0.0193333333333333));
#14400=CARTESIAN_POINT('',(0.0955249998652776,0.104445003256422,-0.01925));
#14401=CARTESIAN_POINT('',(0.0952749998652776,-0.00605625,-0.0195));
#14402=CARTESIAN_POINT('',(0.131352083198611,0.0660979166666667,0.0165770833333333));
#14403=CARTESIAN_POINT('',(0.104775,0.102175,-0.0195));
#14404=CARTESIAN_POINT('',(0.00935,0.102175,-0.0195));
#14405=CARTESIAN_POINT('',(0.00935,0.101425,-0.0195));
#14406=CARTESIAN_POINT('',(0.0086,0.101425,-0.0195));
#14407=CARTESIAN_POINT('',(0.00885,0.0864,-0.01925));
#14408=CARTESIAN_POINT('',(0.007675,0.08405,-0.020425));
#14409=CARTESIAN_POINT('',(0.0040875,0.082875,-0.01925));
#14410=CARTESIAN_POINT('',(-0.000175,0.083125,-0.0195));
#14411=CARTESIAN_POINT('',(-0.000175,0.082375,-0.0195));
#14412=CARTESIAN_POINT('',(-0.000925,0.082375,-0.0195));
#14413=CARTESIAN_POINT('',(-0.000675,0.0381,-0.01925));
#14414=CARTESIAN_POINT('',(-0.000925,-0.006175,-0.0195));
#14415=CARTESIAN_POINT('',(-0.000175,-0.006175,-0.0195));
#14416=CARTESIAN_POINT('',(-0.000175,-0.006925,-0.0195));
#14417=CARTESIAN_POINT('',(0.02075625,-0.006675,-0.01925));
#14418=CARTESIAN_POINT('',(0.03504375,-0.01381875,-0.02639375));
#14419=CARTESIAN_POINT('',(0.0421875,-0.00905625,-0.01925));
#14420=CARTESIAN_POINT('',(0.0419375,-0.0109375,-0.0195));
#14421=CARTESIAN_POINT('',(0.0426875,-0.0109375,-0.0195));
#14422=CARTESIAN_POINT('',(0.0426875,-0.0116875,-0.0195));
#14423=CARTESIAN_POINT('',(0.104775,-0.0114375,-0.01925));
#14424=CARTESIAN_POINT('',(0.1668625,-0.0116875,-0.0195));
#14425=CARTESIAN_POINT('',(0.1668625,-0.0109375,-0.0195));
#14426=CARTESIAN_POINT('',(0.1676125,-0.0109375,-0.0195));
#14427=CARTESIAN_POINT('',(0.1676125,-0.00605625,-0.0195));
#14428=CARTESIAN_POINT('',(0.167322916666667,-0.00663541666666666,-0.0192104166666666));
#14429=CARTESIAN_POINT('',(0.104775,-0.006925,-0.0195));
#14430=CARTESIAN_POINT('',(0.209725,-0.006925,-0.0195));
#14431=CARTESIAN_POINT('',(0.209725,-0.006175,-0.0195));
#14432=CARTESIAN_POINT('',(0.210475,-0.006175,-0.0195));
#14433=CARTESIAN_POINT('',(0.210475,-0.00605625,-0.0195));
#14434=CARTESIAN_POINT('',(0.210475,0.082375,-0.0195));
#14435=CARTESIAN_POINT('',(0.209725,0.082375,-0.0195));
#14436=CARTESIAN_POINT('',(0.209725,0.083125,-0.0195));
#14437=CARTESIAN_POINT('',(0.1673625,0.082875,-0.01925));
#14438=CARTESIAN_POINT('',(0.1387875,0.0971625,-0.0335375));
#14439=CARTESIAN_POINT('',(0.12475,-0.00605625,-0.0195));
#14440=CARTESIAN_POINT('',(0.12475,0.101425,-0.0195));
#14441=CARTESIAN_POINT('',(0.124,0.101425,-0.0195));
#14442=CARTESIAN_POINT('',(0.124,0.102175,-0.0195));
#14443=CARTESIAN_POINT('',(0.104775,0.102175,-0.0195));
#14444=CARTESIAN_POINT('',(0.111108333243518,0.0990083333782408,-0.0163333333782408));
#14445=CARTESIAN_POINT('',(0.114024999865278,0.105364484326942,-0.01925));
#14446=CARTESIAN_POINT('',(0.114024999865278,0.104445003256422,-0.01925));
#14447=CARTESIAN_POINT('',(0.114108333198611,0.104445003256422,-0.0193333333333333));
#14448=CARTESIAN_POINT('',(0.114191666531944,0.104445003256422,-0.0194166666666667));
#14449=CARTESIAN_POINT('',(0.114274999865278,0.104445003256422,-0.0195));
#14450=CARTESIAN_POINT('',(0.113485770317414,0.104947266362841,-0.0192282782323301));
#14451=CARTESIAN_POINT('',(0.113765932580337,0.104977710090877,-0.0192269616084751));
#14452=CARTESIAN_POINT('',(0.114033138579607,0.104728822180749,-0.0192377254597128));
#14453=CARTESIAN_POINT('',(0.114024999865278,0.104445003256422,-0.01925));
#14454=CARTESIAN_POINT('',(0.113466155543482,0.105195547303416,-0.0195));
#14455=CARTESIAN_POINT('',(0.113886398937866,0.105241040110978,-0.0195));
#14456=CARTESIAN_POINT('',(0.114287207936772,0.104869120818224,-0.0195));
#14457=CARTESIAN_POINT('',(0.114274999865278,0.104445003256422,-0.0195));
#14458=CARTESIAN_POINT('',(0.0430375,-0.000175,-0.007));
#14459=CARTESIAN_POINT('',(0.0437875,-0.000175,-0.007));
#14460=CARTESIAN_POINT('',(0.0435375,0.00646875,-0.00675));
#14461=CARTESIAN_POINT('',(0.04750625,0.01440625,-0.01071875));
#14462=CARTESIAN_POINT('',(0.104775,0.018125,-0.007));
#14463=CARTESIAN_POINT('',(0.145433333333333,-0.00220416666666664,-0.0273291666666667));
#14464=CARTESIAN_POINT('',(0.1657625,0.04524375,-0.007));
#14465=CARTESIAN_POINT('',(0.1657625,-0.000175,-0.007));
#14466=CARTESIAN_POINT('',(0.1665125,-0.000175,-0.007));
#14467=CARTESIAN_POINT('',(0.00935,0.095425,0.));
#14468=CARTESIAN_POINT('',(0.00935,0.096175,0.));
#14469=CARTESIAN_POINT('',(0.00885,0.095425,-0.00025));
#14470=CARTESIAN_POINT('',(0.0086,0.04524375,0.));
#14471=CARTESIAN_POINT('',(0.0192270833333333,0.0664979166666665,-0.0106270833333335));
#14472=CARTESIAN_POINT('',(0.104775,0.096175,0.));
#14473=CARTESIAN_POINT('',(0.124,0.096175,0.));
#14474=CARTESIAN_POINT('',(0.104775,0.077125,0.));
#14475=CARTESIAN_POINT('',(-0.000175,0.076875,-0.00025));
#14476=CARTESIAN_POINT('',(0.124,0.095425,0.));
#14477=CARTESIAN_POINT('',(0.12475,0.095425,0.));
#14478=CARTESIAN_POINT('',(-0.000175,0.076375,0.));
#14479=CARTESIAN_POINT('',(-0.000675,0.076375,-0.00025));
#14480=CARTESIAN_POINT('',(0.1245,0.0864,-0.00025));
#14481=CARTESIAN_POINT('',(0.118091666666667,0.0704666666666667,-0.00665833333333334));
#14482=CARTESIAN_POINT('',(-0.000925,0.04524375,0.));
#14483=CARTESIAN_POINT('',(-0.000675,-0.000175,-0.00025));
#14484=CARTESIAN_POINT('',(0.104775,0.077125,0.));
#14485=CARTESIAN_POINT('',(0.209725,0.077125,0.));
#14486=CARTESIAN_POINT('',(-0.000175,-0.000175,0.));
#14487=CARTESIAN_POINT('',(-0.000175,-0.000675,-0.00025));
#14488=CARTESIAN_POINT('',(0.209725,0.076375,0.));
#14489=CARTESIAN_POINT('',(0.210475,0.076375,0.));
#14490=CARTESIAN_POINT('',(0.02075625,-0.000675,-0.00025));
#14491=CARTESIAN_POINT('',(0.0430375,-0.000675,-0.00025));
#14492=CARTESIAN_POINT('',(0.210225,0.0381,-0.00025));
#14493=CARTESIAN_POINT('',(0.210475,-0.000175,0.));
#14494=CARTESIAN_POINT('',(0.0430375,-0.000175,0.));
#14495=CARTESIAN_POINT('',(0.0435375,-0.000175,-0.00025));
#14496=CARTESIAN_POINT('',(0.209725,-0.000175,0.));
#14497=CARTESIAN_POINT('',(0.209725,-0.000925,0.));
#14498=CARTESIAN_POINT('',(0.0437875,0.04524375,0.));
#14499=CARTESIAN_POINT('',(0.0347479166666666,0.0271645833333333,-0.00903958333333333));
#14500=CARTESIAN_POINT('',(0.18879375,-0.000675,-0.00025));
#14501=CARTESIAN_POINT('',(0.1665125,-0.000925,0.));
#14502=CARTESIAN_POINT('',(0.104775,0.018375,-0.00025));
#14503=CARTESIAN_POINT('',(0.1456,-0.00203749999999997,0.0201625));
#14504=CARTESIAN_POINT('',(0.1665125,-0.000175,0.));
#14505=CARTESIAN_POINT('',(0.1657625,-0.000175,0.));
#14506=CARTESIAN_POINT('',(0.1660125,0.00646875,-0.00025));
#14507=CARTESIAN_POINT('',(0.0086,0.098925,-0.0118));
#14508=CARTESIAN_POINT('',(0.00133333333333334,0.0843916666666667,-0.0190666666666667));
#14509=CARTESIAN_POINT('',(0.066675,0.077125,-0.0118));
#14510=CARTESIAN_POINT('',(-0.000175,0.077125,-0.0118));
#14511=CARTESIAN_POINT('',(-0.000175,0.076375,-0.0118));
#14512=CARTESIAN_POINT('',(0.12475,0.079875,-0.0118));
#14513=CARTESIAN_POINT('',(0.125666666666667,0.0780416666666667,-0.0127166666666667));
#14514=CARTESIAN_POINT('',(0.1673625,0.076875,-0.01155));
#14515=CARTESIAN_POINT('',(0.1673625,0.076875,-0.01155));
#14516=CARTESIAN_POINT('',(0.066675,0.095925,-0.01155));
#14517=CARTESIAN_POINT('',(0.066675,0.095925,-0.01155));
#14518=CARTESIAN_POINT('',(0.124,0.095925,-0.01155));
#14519=CARTESIAN_POINT('',(0.124,0.095425,-0.0118));
#14520=CARTESIAN_POINT('',(0.104775,-0.000925,-0.0118));
#14521=CARTESIAN_POINT('',(0.0637833333333333,0.0195708333333333,0.00869583333333334));
#14522=CARTESIAN_POINT('',(0.0432875,-0.00605625,-0.0118));
#14523=CARTESIAN_POINT('',(0.0432875,-0.0049375,-0.0118));
#14524=CARTESIAN_POINT('',(0.0440375,-0.0049375,-0.0118));
#14525=CARTESIAN_POINT('',(0.0440375,-0.0056875,-0.0118));
#14526=CARTESIAN_POINT('',(0.104775,-0.0056875,-0.0118));
#14527=CARTESIAN_POINT('',(0.104775,-0.0056875,-0.0118));
#14528=CARTESIAN_POINT('',(0.104775,-0.0056875,-0.0118));
#14529=CARTESIAN_POINT('',(0.1655125,-0.0056875,-0.0118));
#14530=CARTESIAN_POINT('',(0.1655125,-0.0049375,-0.0118));
#14531=CARTESIAN_POINT('',(0.1662625,-0.0049375,-0.0118));
#14532=CARTESIAN_POINT('',(0.1660125,-0.00305625,-0.01155));
#14533=CARTESIAN_POINT('',(0.16680625,-0.00146875,-0.01234375));
#14534=CARTESIAN_POINT('',(0.104775,-0.000925,-0.0118));
#14535=CARTESIAN_POINT('',(0.215225,0.103954399539503,-0.0305944827671467));
#14536=CARTESIAN_POINT('',(0.216013386255437,0.103957339331343,-0.0305947399656058));
#14537=CARTESIAN_POINT('',(0.216792964986244,0.103629550621429,-0.0305660621694565));
#14538=CARTESIAN_POINT('',(0.217903346538004,0.102513715612096,-0.0304684392557746));
#14539=CARTESIAN_POINT('',(0.218227822800604,0.101738184945392,-0.0304005891142212));
#14540=CARTESIAN_POINT('',(0.218225,0.100946788935687,-0.0303313509350124));
#14541=CARTESIAN_POINT('',(0.215225,0.104181659278339,-0.0308653203773566));
#14542=CARTESIAN_POINT('',(0.216079533193584,0.104184864419626,-0.0308656007908841));
#14543=CARTESIAN_POINT('',(0.216924362692981,0.10382950971143,-0.0308345112823864));
#14544=CARTESIAN_POINT('',(0.218126928425153,0.102620960133216,-0.0307287768949836));
#14545=CARTESIAN_POINT('',(0.218478044938582,0.101781489081356,-0.0306553326945878));
#14546=CARTESIAN_POINT('',(0.218475,0.100925,-0.0305803996095354));
#14547=CARTESIAN_POINT('',(0.215225,0.104181659278339,-0.0308653203773566));
#14548=CARTESIAN_POINT('',(0.215225,0.104105906032061,-0.0307750411739533));
#14549=CARTESIAN_POINT('',(0.215225,0.104030152785782,-0.03068476197055));
#14550=CARTESIAN_POINT('',(0.215225,0.103954399539503,-0.0305944827671467));
#14551=CARTESIAN_POINT('',(0.218225,0.100946788935687,-0.0303313509350124));
#14552=CARTESIAN_POINT('',(0.218308333333333,0.100939525957125,-0.0304143671598534));
#14553=CARTESIAN_POINT('',(0.218391666666667,0.100932262978562,-0.0304973833846944));
#14554=CARTESIAN_POINT('',(0.218475,0.100925,-0.0305803996095353));
#14555=CARTESIAN_POINT('',(0.218225,0.0452655389356869,-0.0254598727890596));
#14556=CARTESIAN_POINT('',(0.218475,-0.0104375,-0.0208374433176296));
#14557=CARTESIAN_POINT('',(0.218391666666667,-0.0104302370214377,-0.0207544270927886));
#14558=CARTESIAN_POINT('',(0.218308333333333,-0.0104229740428754,-0.0206714108679477));
#14559=CARTESIAN_POINT('',(0.218225,-0.0104157110643131,-0.0205883946431067));
#14560=CARTESIAN_POINT('',(0.220227,0.104181659278339,-0.0308653203773566));
#14561=CARTESIAN_POINT('',(-0.00567499999999999,0.103954399539503,-0.0305944827671467));
#14562=CARTESIAN_POINT('',(-0.00567499999999999,0.104030152785782,-0.03068476197055));
#14563=CARTESIAN_POINT('',(-0.00567499999999999,0.104105906032061,-0.0307750411739533));
#14564=CARTESIAN_POINT('',(-0.00567499999999999,0.104181659278339,-0.0308653203773566));
#14565=CARTESIAN_POINT('',(0.218225,-0.0104157110643131,-0.0205883946431067));
#14566=CARTESIAN_POINT('',(0.218227636621144,-0.0112021395837822,-0.0205195910629797));
#14567=CARTESIAN_POINT('',(0.217904667687974,-0.0119808883105332,-0.0204514593776537));
#14568=CARTESIAN_POINT('',(0.216794673460243,-0.0130971774111568,-0.0203537967361316));
#14569=CARTESIAN_POINT('',(0.216019022689101,-0.0134263235448502,-0.02032500018079));
#14570=CARTESIAN_POINT('',(0.215225,-0.0134233216681296,-0.0203252628109724));
#14571=CARTESIAN_POINT('',(0.218475,-0.0104375,-0.0208374433176296));
#14572=CARTESIAN_POINT('',(0.218477842573379,-0.0112886138000595,-0.0207629805087539));
#14573=CARTESIAN_POINT('',(0.218128358570945,-0.0121315662734126,-0.0206892317234444));
#14574=CARTESIAN_POINT('',(0.216926213782351,-0.0133406059331481,-0.0205834544594643));
#14575=CARTESIAN_POINT('',(0.216085643098933,-0.0136974308977125,-0.0205522363202019));
#14576=CARTESIAN_POINT('',(0.215225,-0.0136941592783394,-0.0205525225498084));
#14577=CARTESIAN_POINT('',(0.215225,-0.0134233216681296,-0.0203252628109724));
#14578=CARTESIAN_POINT('',(0.215225,-0.0135136008715329,-0.0204010160572511));
#14579=CARTESIAN_POINT('',(0.215225,-0.0136038800749361,-0.0204767693035297));
#14580=CARTESIAN_POINT('',(0.215225,-0.0136941592783394,-0.0205525225498084));
#14581=CARTESIAN_POINT('',(-0.008675,0.100946788935687,-0.0303313509350124));
#14582=CARTESIAN_POINT('',(-0.00867763662114441,0.101733217455156,-0.0304001545151394));
#14583=CARTESIAN_POINT('',(-0.0083546676879741,0.102511966181907,-0.0304682862004654));
#14584=CARTESIAN_POINT('',(-0.00724467346024311,0.103628255282531,-0.0305659488419875));
#14585=CARTESIAN_POINT('',(-0.00646902268910048,0.103957401416224,-0.0305947453973291));
#14586=CARTESIAN_POINT('',(-0.005675,0.103954399539503,-0.0305944827671467));
#14587=CARTESIAN_POINT('',(-0.008925,0.100925,-0.0305803996095354));
#14588=CARTESIAN_POINT('',(-0.00892784257337889,0.10177611380006,-0.0306548624184111));
#14589=CARTESIAN_POINT('',(-0.00857835857094518,0.102619066273413,-0.0307286112037206));
#14590=CARTESIAN_POINT('',(-0.00737621378235143,0.103828105933148,-0.0308343884677006));
#14591=CARTESIAN_POINT('',(-0.0065356430989331,0.104184930897712,-0.0308656066069631));
#14592=CARTESIAN_POINT('',(-0.00567500000000007,0.104181659278339,-0.0308653203773566));
#14593=CARTESIAN_POINT('',(-0.008925,0.100925,-0.0305803996095353));
#14594=CARTESIAN_POINT('',(-0.00884166666666666,0.100932262978562,-0.0304973833846944));
#14595=CARTESIAN_POINT('',(-0.00875833333333333,0.100939525957125,-0.0304143671598534));
#14596=CARTESIAN_POINT('',(-0.008675,0.100946788935687,-0.0303313509350124));
#14597=CARTESIAN_POINT('',(0.220227,-0.0136941592783394,-0.0205525225498084));
#14598=CARTESIAN_POINT('',(-0.00567499999999999,-0.0136941592783394,-0.0205525225498084));
#14599=CARTESIAN_POINT('',(-0.00567499999999999,-0.0136038800749361,-0.0204767693035297));
#14600=CARTESIAN_POINT('',(-0.00567499999999999,-0.0135136008715329,-0.0204010160572511));
#14601=CARTESIAN_POINT('',(-0.00567499999999999,-0.0134233216681296,-0.0203252628109724));
#14602=CARTESIAN_POINT('',(-0.008675,0.0452655389356869,-0.0254598727890596));
#14603=CARTESIAN_POINT('',(-0.008675,-0.0104157110643131,-0.0205883946431067));
#14604=CARTESIAN_POINT('',(-0.00875833333333333,-0.0104229740428754,-0.0206714108679477));
#14605=CARTESIAN_POINT('',(-0.00884166666666666,-0.0104302370214377,-0.0207544270927887));
#14606=CARTESIAN_POINT('',(-0.00892499999999999,-0.0104375,-0.0208374433176296));
#14607=CARTESIAN_POINT('',(-0.005675,-0.0134233216681296,-0.0203252628109724));
#14608=CARTESIAN_POINT('',(-0.00646338625543728,-0.0134262614599695,-0.0203250056125132));
#14609=CARTESIAN_POINT('',(-0.00724296498624416,-0.0130984727500546,-0.0203536834086626));
#14610=CARTESIAN_POINT('',(-0.00835334653800374,-0.0119826377407218,-0.0204513063223446));
#14611=CARTESIAN_POINT('',(-0.00867782280060435,-0.0112071070740183,-0.0205191564638979));
#14612=CARTESIAN_POINT('',(-0.008675,-0.010415711064313,-0.0205883946431067));
#14613=CARTESIAN_POINT('',(-0.005675,-0.0136941592783394,-0.0205525225498084));
#14614=CARTESIAN_POINT('',(-0.00652953319358381,-0.0136973644196261,-0.0205522421362808));
#14615=CARTESIAN_POINT('',(-0.00737436269298118,-0.0133420097114301,-0.0205833316447785));
#14616=CARTESIAN_POINT('',(-0.00857692842515363,-0.0121334601332156,-0.0206890660321814));
#14617=CARTESIAN_POINT('',(-0.00892804493858262,-0.0112939890813563,-0.0207625102325772));
#14618=CARTESIAN_POINT('',(-0.008925,-0.0104375,-0.0208374433176296));
#14619=CARTESIAN_POINT('',(0.21435,0.0542869602407863,-0.0175));
#14620=CARTESIAN_POINT('',(0.21285,0.0542869602407863,-0.0175));
#14621=CARTESIAN_POINT('',(0.21285,0.0542869602407863,-0.0175));
#14622=CARTESIAN_POINT('',(0.21285,0.0542869602407863,-0.01925));
#14623=CARTESIAN_POINT('',(0.21435,0.0542869602407863,-0.01925));
#14624=CARTESIAN_POINT('',(0.21585,0.0542869602407863,-0.01925));
#14625=CARTESIAN_POINT('',(0.21585,0.0542869602407863,-0.0175));
#14626=CARTESIAN_POINT('',(0.21585,0.0542869602407863,-0.0175));
#14627=CARTESIAN_POINT('',(0.21435,0.0542869602407863,-0.0175));
#14628=CARTESIAN_POINT('',(0.21585,0.0457869602407863,-0.0175));
#14629=CARTESIAN_POINT('',(0.21585,0.0457869602407863,-0.01925));
#14630=CARTESIAN_POINT('',(0.21585,0.0372869602407862,-0.01925));
#14631=CARTESIAN_POINT('',(0.21585,0.0372869602407862,-0.0175));
#14632=CARTESIAN_POINT('',(0.21585,0.0372869602407862,-0.0175));
#14633=CARTESIAN_POINT('',(0.21585,0.0457869602407863,-0.0175));
#14634=CARTESIAN_POINT('',(0.21435,0.0372869602407862,-0.0175));
#14635=CARTESIAN_POINT('',(0.21435,0.0372869602407862,-0.01925));
#14636=CARTESIAN_POINT('',(0.21285,0.0372869602407862,-0.01925));
#14637=CARTESIAN_POINT('',(0.21285,0.0372869602407862,-0.0175));
#14638=CARTESIAN_POINT('',(0.21285,0.0372869602407862,-0.0175));
#14639=CARTESIAN_POINT('',(0.21435,0.0372869602407862,-0.0175));
#14640=CARTESIAN_POINT('',(0.21285,0.0457869602407863,-0.0175));
#14641=CARTESIAN_POINT('',(0.21285,0.0542869602407863,-0.01925));
#14642=CARTESIAN_POINT('',(0.21285,0.0457869602407863,-0.0175));
#14643=CARTESIAN_POINT('',(0.104775,0.045786960240787,-0.0175));
#14644=CARTESIAN_POINT('',(-0.0048,0.0542869602407863,-0.0175));
#14645=CARTESIAN_POINT('',(-0.0063,0.0542869602407863,-0.0175));
#14646=CARTESIAN_POINT('',(-0.0063,0.0542869602407863,-0.0175));
#14647=CARTESIAN_POINT('',(-0.0063,0.0542869602407863,-0.01925));
#14648=CARTESIAN_POINT('',(-0.0048,0.0542869602407863,-0.01925));
#14649=CARTESIAN_POINT('',(-0.0033,0.0542869602407863,-0.01925));
#14650=CARTESIAN_POINT('',(-0.0033,0.0542869602407863,-0.0175));
#14651=CARTESIAN_POINT('',(-0.0033,0.0542869602407863,-0.0175));
#14652=CARTESIAN_POINT('',(-0.0048,0.0542869602407863,-0.0175));
#14653=CARTESIAN_POINT('',(-0.0033,0.0457869602407863,-0.0175));
#14654=CARTESIAN_POINT('',(-0.0033,0.0457869602407863,-0.01925));
#14655=CARTESIAN_POINT('',(-0.0033,0.0372869602407863,-0.01925));
#14656=CARTESIAN_POINT('',(-0.0033,0.0372869602407863,-0.0175));
#14657=CARTESIAN_POINT('',(-0.0033,0.0372869602407863,-0.0175));
#14658=CARTESIAN_POINT('',(-0.0033,0.0457869602407863,-0.0175));
#14659=CARTESIAN_POINT('',(-0.0048,0.0372869602407863,-0.0175));
#14660=CARTESIAN_POINT('',(-0.0048,0.0372869602407863,-0.01925));
#14661=CARTESIAN_POINT('',(-0.0063,0.0372869602407863,-0.01925));
#14662=CARTESIAN_POINT('',(-0.0063,0.0372869602407863,-0.0175));
#14663=CARTESIAN_POINT('',(-0.0063,0.0372869602407863,-0.0175));
#14664=CARTESIAN_POINT('',(-0.0048,0.0372869602407863,-0.0175));
#14665=CARTESIAN_POINT('',(-0.0063,0.0457869602407863,-0.0175));
#14666=CARTESIAN_POINT('',(-0.0063,0.0542869602407863,-0.01925));
#14667=CARTESIAN_POINT('',(-0.0063,0.0457869602407863,-0.0175));
#14668=CARTESIAN_POINT('',(0.104775,0.045786960240787,-0.0175));
#14669=CARTESIAN_POINT('',(0.21435,0.0372869602407862,-0.01925));
#14670=CARTESIAN_POINT('',(0.2161,0.0372869602407862,-0.0195));
#14671=CARTESIAN_POINT('',(0.21285,0.0372869602407862,-0.01925));
#14672=CARTESIAN_POINT('',(0.21285,0.0457869602407863,-0.01925));
#14673=CARTESIAN_POINT('',(0.21285,0.0542869602407863,-0.01925));
#14674=CARTESIAN_POINT('',(0.2161,-0.00605625,-0.0195));
#14675=CARTESIAN_POINT('',(0.2161,0.0542869602407863,-0.0195));
#14676=CARTESIAN_POINT('',(0.21435,0.0542869602407863,-0.01925));
#14677=CARTESIAN_POINT('',(-0.0048,0.0372869602407863,-0.01925));
#14678=CARTESIAN_POINT('',(-0.00305,0.0372869602407863,-0.0195));
#14679=CARTESIAN_POINT('',(-0.0063,0.0372869602407863,-0.01925));
#14680=CARTESIAN_POINT('',(-0.0063,0.0457869602407863,-0.01925));
#14681=CARTESIAN_POINT('',(-0.0063,0.0542869602407863,-0.01925));
#14682=CARTESIAN_POINT('',(-0.00305,-0.00605625,-0.0195));
#14683=CARTESIAN_POINT('',(-0.00305,0.0542869602407863,-0.0195));
#14684=CARTESIAN_POINT('',(-0.0048,0.0542869602407863,-0.01925));
#14685=CARTESIAN_POINT('',(0.210225,0.0889,-0.0004));
#14686=CARTESIAN_POINT('',(0.210225,0.095925,-0.0004));
#14687=CARTESIAN_POINT('',(0.210225,0.095925,-0.0004));
#14688=CARTESIAN_POINT('',(0.210225,0.0889,-0.0004));
#14689=CARTESIAN_POINT('',(0.210225,0.081875,-0.0004));
#14690=CARTESIAN_POINT('',(0.210225,0.081875,-0.0004));
#14691=CARTESIAN_POINT('',(0.1698625,0.095925,-0.0004));
#14692=CARTESIAN_POINT('',(0.1295,0.095925,-0.0004));
#14693=CARTESIAN_POINT('',(0.1295,0.095925,-0.0004));
#14694=CARTESIAN_POINT('',(0.1698625,0.095925,-0.0004));
#14695=CARTESIAN_POINT('',(0.1295,0.0889,-0.0004));
#14696=CARTESIAN_POINT('',(0.1295,0.081875,-0.0004));
#14697=CARTESIAN_POINT('',(0.1295,0.081875,-0.0004));
#14698=CARTESIAN_POINT('',(0.1295,0.0889,-0.0004));
#14699=CARTESIAN_POINT('',(0.1698625,0.081875,-0.0004));
#14700=CARTESIAN_POINT('',(0.1698625,0.081875,-0.0004));
#14701=CARTESIAN_POINT('',(0.104775,0.04524375,-0.0004));
#14702=CARTESIAN_POINT('',(0.,0.,0.));
#14703=CARTESIAN_POINT('',(0.1374525,0.08633,2.E-6));
#14704=CARTESIAN_POINT('',(0.1374525,0.087015,2.E-6));
#14705=CARTESIAN_POINT('',(0.1374525,0.087015,0.));
#14706=CARTESIAN_POINT('',(0.1374525,0.087015,-0.0004));
#14707=CARTESIAN_POINT('',(0.1374525,0.08633,0.));
#14708=CARTESIAN_POINT('',(0.1374525,0.085645,0.));
#14709=CARTESIAN_POINT('',(0.1374525,0.085645,2.E-6));
#14710=CARTESIAN_POINT('',(0.1374525,0.085645,-0.0004));
#14711=CARTESIAN_POINT('',(0.1374525,0.08633,-0.0004));
#14712=CARTESIAN_POINT('',(0.13407625,0.087015,2.E-6));
#14713=CARTESIAN_POINT('',(0.1307,0.087015,2.E-6));
#14714=CARTESIAN_POINT('',(0.1307,0.087015,0.));
#14715=CARTESIAN_POINT('',(0.1307,0.087015,-0.0004));
#14716=CARTESIAN_POINT('',(0.13407625,0.087015,0.));
#14717=CARTESIAN_POINT('',(0.13407625,0.087015,-0.0004));
#14718=CARTESIAN_POINT('',(0.1307,0.08633,2.E-6));
#14719=CARTESIAN_POINT('',(0.1307,0.08633,0.));
#14720=CARTESIAN_POINT('',(0.1307,0.085645,0.));
#14721=CARTESIAN_POINT('',(0.1307,0.08633,-0.0004));
#14722=CARTESIAN_POINT('',(0.1307,0.085645,-0.0004));
#14723=CARTESIAN_POINT('',(0.1307,0.085645,2.E-6));
#14724=CARTESIAN_POINT('',(0.13407625,0.085645,2.E-6));
#14725=CARTESIAN_POINT('',(0.13407625,0.085645,0.));
#14726=CARTESIAN_POINT('',(0.13407625,0.085645,-0.0004));
#14727=CARTESIAN_POINT('',(0.104775,0.04524375,-0.0004));
#14728=CARTESIAN_POINT('',(0.104775,0.04524375,0.));
#14729=CARTESIAN_POINT('',(0.,0.,0.));
#14730=CARTESIAN_POINT('',(0.1374525,0.08376,2.E-6));
#14731=CARTESIAN_POINT('',(0.1374525,0.084445,2.E-6));
#14732=CARTESIAN_POINT('',(0.1374525,0.084445,0.));
#14733=CARTESIAN_POINT('',(0.1374525,0.084445,-0.0004));
#14734=CARTESIAN_POINT('',(0.1374525,0.08376,0.));
#14735=CARTESIAN_POINT('',(0.1374525,0.083075,0.));
#14736=CARTESIAN_POINT('',(0.1374525,0.083075,2.E-6));
#14737=CARTESIAN_POINT('',(0.1374525,0.083075,-0.0004));
#14738=CARTESIAN_POINT('',(0.1374525,0.08376,-0.0004));
#14739=CARTESIAN_POINT('',(0.13407625,0.084445,2.E-6));
#14740=CARTESIAN_POINT('',(0.1307,0.084445,2.E-6));
#14741=CARTESIAN_POINT('',(0.1307,0.084445,0.));
#14742=CARTESIAN_POINT('',(0.1307,0.084445,-0.0004));
#14743=CARTESIAN_POINT('',(0.13407625,0.084445,0.));
#14744=CARTESIAN_POINT('',(0.13407625,0.084445,-0.0004));
#14745=CARTESIAN_POINT('',(0.1307,0.08376,2.E-6));
#14746=CARTESIAN_POINT('',(0.1307,0.08376,0.));
#14747=CARTESIAN_POINT('',(0.1307,0.083075,0.));
#14748=CARTESIAN_POINT('',(0.1307,0.08376,-0.0004));
#14749=CARTESIAN_POINT('',(0.1307,0.083075,-0.0004));
#14750=CARTESIAN_POINT('',(0.1307,0.083075,2.E-6));
#14751=CARTESIAN_POINT('',(0.13407625,0.083075,2.E-6));
#14752=CARTESIAN_POINT('',(0.13407625,0.083075,0.));
#14753=CARTESIAN_POINT('',(0.13407625,0.083075,-0.0004));
#14754=CARTESIAN_POINT('',(0.104775,0.04524375,-0.0004));
#14755=CARTESIAN_POINT('',(0.104775,0.04524375,0.));
#14756=CARTESIAN_POINT('',(0.,0.,0.));
#14757=CARTESIAN_POINT('',(0.145405,0.0889,2.E-6));
#14758=CARTESIAN_POINT('',(0.145405,0.089585,2.E-6));
#14759=CARTESIAN_POINT('',(0.145405,0.089585,0.));
#14760=CARTESIAN_POINT('',(0.145405,0.089585,-0.0004));
#14761=CARTESIAN_POINT('',(0.145405,0.0889,0.));
#14762=CARTESIAN_POINT('',(0.145405,0.088215,0.));
#14763=CARTESIAN_POINT('',(0.145405,0.088215,2.E-6));
#14764=CARTESIAN_POINT('',(0.145405,0.088215,-0.0004));
#14765=CARTESIAN_POINT('',(0.145405,0.0889,-0.0004));
#14766=CARTESIAN_POINT('',(0.14202875,0.089585,2.E-6));
#14767=CARTESIAN_POINT('',(0.1386525,0.089585,2.E-6));
#14768=CARTESIAN_POINT('',(0.1386525,0.089585,0.));
#14769=CARTESIAN_POINT('',(0.1386525,0.089585,-0.0004));
#14770=CARTESIAN_POINT('',(0.14202875,0.089585,0.));
#14771=CARTESIAN_POINT('',(0.14202875,0.089585,-0.0004));
#14772=CARTESIAN_POINT('',(0.1386525,0.0889,2.E-6));
#14773=CARTESIAN_POINT('',(0.1386525,0.0889,0.));
#14774=CARTESIAN_POINT('',(0.1386525,0.088215,0.));
#14775=CARTESIAN_POINT('',(0.1386525,0.0889,-0.0004));
#14776=CARTESIAN_POINT('',(0.1386525,0.088215,-0.0004));
#14777=CARTESIAN_POINT('',(0.1386525,0.088215,2.E-6));
#14778=CARTESIAN_POINT('',(0.14202875,0.088215,2.E-6));
#14779=CARTESIAN_POINT('',(0.14202875,0.088215,0.));
#14780=CARTESIAN_POINT('',(0.14202875,0.088215,-0.0004));
#14781=CARTESIAN_POINT('',(0.104775,0.04524375,-0.0004));
#14782=CARTESIAN_POINT('',(0.104775,0.04524375,0.));
#14783=CARTESIAN_POINT('',(0.,0.,0.));
#14784=CARTESIAN_POINT('',(0.145405,0.08633,2.E-6));
#14785=CARTESIAN_POINT('',(0.145405,0.087015,2.E-6));
#14786=CARTESIAN_POINT('',(0.145405,0.087015,0.));
#14787=CARTESIAN_POINT('',(0.145405,0.087015,-0.0004));
#14788=CARTESIAN_POINT('',(0.145405,0.08633,0.));
#14789=CARTESIAN_POINT('',(0.145405,0.085645,0.));
#14790=CARTESIAN_POINT('',(0.145405,0.085645,2.E-6));
#14791=CARTESIAN_POINT('',(0.145405,0.085645,-0.0004));
#14792=CARTESIAN_POINT('',(0.145405,0.08633,-0.0004));
#14793=CARTESIAN_POINT('',(0.14202875,0.087015,2.E-6));
#14794=CARTESIAN_POINT('',(0.1386525,0.087015,2.E-6));
#14795=CARTESIAN_POINT('',(0.1386525,0.087015,0.));
#14796=CARTESIAN_POINT('',(0.1386525,0.087015,-0.0004));
#14797=CARTESIAN_POINT('',(0.14202875,0.087015,0.));
#14798=CARTESIAN_POINT('',(0.14202875,0.087015,-0.0004));
#14799=CARTESIAN_POINT('',(0.1386525,0.08633,2.E-6));
#14800=CARTESIAN_POINT('',(0.1386525,0.08633,0.));
#14801=CARTESIAN_POINT('',(0.1386525,0.085645,0.));
#14802=CARTESIAN_POINT('',(0.1386525,0.08633,-0.0004));
#14803=CARTESIAN_POINT('',(0.1386525,0.085645,-0.0004));
#14804=CARTESIAN_POINT('',(0.1386525,0.085645,2.E-6));
#14805=CARTESIAN_POINT('',(0.14202875,0.085645,2.E-6));
#14806=CARTESIAN_POINT('',(0.14202875,0.085645,0.));
#14807=CARTESIAN_POINT('',(0.14202875,0.085645,-0.0004));
#14808=CARTESIAN_POINT('',(0.104775,0.04524375,-0.0004));
#14809=CARTESIAN_POINT('',(0.104775,0.04524375,0.));
#14810=CARTESIAN_POINT('',(0.,0.,0.));
#14811=CARTESIAN_POINT('',(0.145405,0.08376,2.E-6));
#14812=CARTESIAN_POINT('',(0.145405,0.084445,2.E-6));
#14813=CARTESIAN_POINT('',(0.145405,0.084445,0.));
#14814=CARTESIAN_POINT('',(0.145405,0.084445,-0.0004));
#14815=CARTESIAN_POINT('',(0.145405,0.08376,0.));
#14816=CARTESIAN_POINT('',(0.145405,0.083075,0.));
#14817=CARTESIAN_POINT('',(0.145405,0.083075,2.E-6));
#14818=CARTESIAN_POINT('',(0.145405,0.083075,-0.0004));
#14819=CARTESIAN_POINT('',(0.145405,0.08376,-0.0004));
#14820=CARTESIAN_POINT('',(0.14202875,0.084445,2.E-6));
#14821=CARTESIAN_POINT('',(0.1386525,0.084445,2.E-6));
#14822=CARTESIAN_POINT('',(0.1386525,0.084445,0.));
#14823=CARTESIAN_POINT('',(0.1386525,0.084445,-0.0004));
#14824=CARTESIAN_POINT('',(0.14202875,0.084445,0.));
#14825=CARTESIAN_POINT('',(0.14202875,0.084445,-0.0004));
#14826=CARTESIAN_POINT('',(0.1386525,0.08376,2.E-6));
#14827=CARTESIAN_POINT('',(0.1386525,0.08376,0.));
#14828=CARTESIAN_POINT('',(0.1386525,0.083075,0.));
#14829=CARTESIAN_POINT('',(0.1386525,0.08376,-0.0004));
#14830=CARTESIAN_POINT('',(0.1386525,0.083075,-0.0004));
#14831=CARTESIAN_POINT('',(0.1386525,0.083075,2.E-6));
#14832=CARTESIAN_POINT('',(0.14202875,0.083075,2.E-6));
#14833=CARTESIAN_POINT('',(0.14202875,0.083075,0.));
#14834=CARTESIAN_POINT('',(0.14202875,0.083075,-0.0004));
#14835=CARTESIAN_POINT('',(0.104775,0.04524375,-0.0004));
#14836=CARTESIAN_POINT('',(0.104775,0.04524375,0.));
#14837=CARTESIAN_POINT('',(0.,0.,0.));
#14838=CARTESIAN_POINT('',(0.1533575,0.08633,2.E-6));
#14839=CARTESIAN_POINT('',(0.1533575,0.087015,2.E-6));
#14840=CARTESIAN_POINT('',(0.1533575,0.087015,0.));
#14841=CARTESIAN_POINT('',(0.1533575,0.087015,-0.0004));
#14842=CARTESIAN_POINT('',(0.1533575,0.08633,0.));
#14843=CARTESIAN_POINT('',(0.1533575,0.085645,0.));
#14844=CARTESIAN_POINT('',(0.1533575,0.085645,2.E-6));
#14845=CARTESIAN_POINT('',(0.1533575,0.085645,-0.0004));
#14846=CARTESIAN_POINT('',(0.1533575,0.08633,-0.0004));
#14847=CARTESIAN_POINT('',(0.14998125,0.087015,2.E-6));
#14848=CARTESIAN_POINT('',(0.146605,0.087015,2.E-6));
#14849=CARTESIAN_POINT('',(0.146605,0.087015,0.));
#14850=CARTESIAN_POINT('',(0.146605,0.087015,-0.0004));
#14851=CARTESIAN_POINT('',(0.14998125,0.087015,0.));
#14852=CARTESIAN_POINT('',(0.14998125,0.087015,-0.0004));
#14853=CARTESIAN_POINT('',(0.146605,0.08633,2.E-6));
#14854=CARTESIAN_POINT('',(0.146605,0.08633,0.));
#14855=CARTESIAN_POINT('',(0.146605,0.085645,0.));
#14856=CARTESIAN_POINT('',(0.146605,0.08633,-0.0004));
#14857=CARTESIAN_POINT('',(0.146605,0.085645,-0.0004));
#14858=CARTESIAN_POINT('',(0.146605,0.085645,2.E-6));
#14859=CARTESIAN_POINT('',(0.14998125,0.085645,2.E-6));
#14860=CARTESIAN_POINT('',(0.14998125,0.085645,0.));
#14861=CARTESIAN_POINT('',(0.14998125,0.085645,-0.0004));
#14862=CARTESIAN_POINT('',(0.104775,0.04524375,-0.0004));
#14863=CARTESIAN_POINT('',(0.104775,0.04524375,0.));
#14864=CARTESIAN_POINT('',(0.,0.,0.));
#14865=CARTESIAN_POINT('',(0.1533575,0.08376,2.E-6));
#14866=CARTESIAN_POINT('',(0.1533575,0.084445,2.E-6));
#14867=CARTESIAN_POINT('',(0.1533575,0.084445,0.));
#14868=CARTESIAN_POINT('',(0.1533575,0.084445,-0.0004));
#14869=CARTESIAN_POINT('',(0.1533575,0.08376,0.));
#14870=CARTESIAN_POINT('',(0.1533575,0.083075,0.));
#14871=CARTESIAN_POINT('',(0.1533575,0.083075,2.E-6));
#14872=CARTESIAN_POINT('',(0.1533575,0.083075,-0.0004));
#14873=CARTESIAN_POINT('',(0.1533575,0.08376,-0.0004));
#14874=CARTESIAN_POINT('',(0.14998125,0.084445,2.E-6));
#14875=CARTESIAN_POINT('',(0.146605,0.084445,2.E-6));
#14876=CARTESIAN_POINT('',(0.146605,0.084445,0.));
#14877=CARTESIAN_POINT('',(0.146605,0.084445,-0.0004));
#14878=CARTESIAN_POINT('',(0.14998125,0.084445,0.));
#14879=CARTESIAN_POINT('',(0.14998125,0.084445,-0.0004));
#14880=CARTESIAN_POINT('',(0.146605,0.08376,2.E-6));
#14881=CARTESIAN_POINT('',(0.146605,0.08376,0.));
#14882=CARTESIAN_POINT('',(0.146605,0.083075,0.));
#14883=CARTESIAN_POINT('',(0.146605,0.08376,-0.0004));
#14884=CARTESIAN_POINT('',(0.146605,0.083075,-0.0004));
#14885=CARTESIAN_POINT('',(0.146605,0.083075,2.E-6));
#14886=CARTESIAN_POINT('',(0.14998125,0.083075,2.E-6));
#14887=CARTESIAN_POINT('',(0.14998125,0.083075,0.));
#14888=CARTESIAN_POINT('',(0.14998125,0.083075,-0.0004));
#14889=CARTESIAN_POINT('',(0.104775,0.04524375,-0.0004));
#14890=CARTESIAN_POINT('',(0.104775,0.04524375,0.));
#14891=CARTESIAN_POINT('',(0.,0.,0.));
#14892=CARTESIAN_POINT('',(0.16131,0.08376,2.E-6));
#14893=CARTESIAN_POINT('',(0.16131,0.084445,2.E-6));
#14894=CARTESIAN_POINT('',(0.16131,0.084445,0.));
#14895=CARTESIAN_POINT('',(0.16131,0.084445,-0.0004));
#14896=CARTESIAN_POINT('',(0.16131,0.08376,0.));
#14897=CARTESIAN_POINT('',(0.16131,0.083075,0.));
#14898=CARTESIAN_POINT('',(0.16131,0.083075,2.E-6));
#14899=CARTESIAN_POINT('',(0.16131,0.083075,-0.0004));
#14900=CARTESIAN_POINT('',(0.16131,0.08376,-0.0004));
#14901=CARTESIAN_POINT('',(0.15793375,0.084445,2.E-6));
#14902=CARTESIAN_POINT('',(0.1545575,0.084445,2.E-6));
#14903=CARTESIAN_POINT('',(0.1545575,0.084445,0.));
#14904=CARTESIAN_POINT('',(0.1545575,0.084445,-0.0004));
#14905=CARTESIAN_POINT('',(0.15793375,0.084445,0.));
#14906=CARTESIAN_POINT('',(0.15793375,0.084445,-0.0004));
#14907=CARTESIAN_POINT('',(0.1545575,0.08376,2.E-6));
#14908=CARTESIAN_POINT('',(0.1545575,0.08376,0.));
#14909=CARTESIAN_POINT('',(0.1545575,0.083075,0.));
#14910=CARTESIAN_POINT('',(0.1545575,0.08376,-0.0004));
#14911=CARTESIAN_POINT('',(0.1545575,0.083075,-0.0004));
#14912=CARTESIAN_POINT('',(0.1545575,0.083075,2.E-6));
#14913=CARTESIAN_POINT('',(0.15793375,0.083075,2.E-6));
#14914=CARTESIAN_POINT('',(0.15793375,0.083075,0.));
#14915=CARTESIAN_POINT('',(0.15793375,0.083075,-0.0004));
#14916=CARTESIAN_POINT('',(0.104775,0.04524375,-0.0004));
#14917=CARTESIAN_POINT('',(0.104775,0.04524375,0.));
#14918=CARTESIAN_POINT('',(0.,0.,0.));
#14919=CARTESIAN_POINT('',(0.1692625,0.08376,2.E-6));
#14920=CARTESIAN_POINT('',(0.1692625,0.084445,2.E-6));
#14921=CARTESIAN_POINT('',(0.1692625,0.084445,0.));
#14922=CARTESIAN_POINT('',(0.1692625,0.084445,-0.0004));
#14923=CARTESIAN_POINT('',(0.1692625,0.08376,0.));
#14924=CARTESIAN_POINT('',(0.1692625,0.083075,0.));
#14925=CARTESIAN_POINT('',(0.1692625,0.083075,2.E-6));
#14926=CARTESIAN_POINT('',(0.1692625,0.083075,-0.0004));
#14927=CARTESIAN_POINT('',(0.1692625,0.08376,-0.0004));
#14928=CARTESIAN_POINT('',(0.16588625,0.084445,2.E-6));
#14929=CARTESIAN_POINT('',(0.16251,0.084445,2.E-6));
#14930=CARTESIAN_POINT('',(0.16251,0.084445,0.));
#14931=CARTESIAN_POINT('',(0.16251,0.084445,-0.0004));
#14932=CARTESIAN_POINT('',(0.16588625,0.084445,0.));
#14933=CARTESIAN_POINT('',(0.16588625,0.084445,-0.0004));
#14934=CARTESIAN_POINT('',(0.16251,0.08376,2.E-6));
#14935=CARTESIAN_POINT('',(0.16251,0.08376,0.));
#14936=CARTESIAN_POINT('',(0.16251,0.083075,0.));
#14937=CARTESIAN_POINT('',(0.16251,0.08376,-0.0004));
#14938=CARTESIAN_POINT('',(0.16251,0.083075,-0.0004));
#14939=CARTESIAN_POINT('',(0.16251,0.083075,2.E-6));
#14940=CARTESIAN_POINT('',(0.16588625,0.083075,2.E-6));
#14941=CARTESIAN_POINT('',(0.16588625,0.083075,0.));
#14942=CARTESIAN_POINT('',(0.16588625,0.083075,-0.0004));
#14943=CARTESIAN_POINT('',(0.104775,0.04524375,-0.0004));
#14944=CARTESIAN_POINT('',(0.104775,0.04524375,0.));
#14945=CARTESIAN_POINT('',(0.,0.,0.));
#14946=CARTESIAN_POINT('',(0.177215,0.08633,2.E-6));
#14947=CARTESIAN_POINT('',(0.177215,0.087015,2.E-6));
#14948=CARTESIAN_POINT('',(0.177215,0.087015,0.));
#14949=CARTESIAN_POINT('',(0.177215,0.087015,-0.0004));
#14950=CARTESIAN_POINT('',(0.177215,0.08633,0.));
#14951=CARTESIAN_POINT('',(0.177215,0.085645,0.));
#14952=CARTESIAN_POINT('',(0.177215,0.085645,2.E-6));
#14953=CARTESIAN_POINT('',(0.177215,0.085645,-0.0004));
#14954=CARTESIAN_POINT('',(0.177215,0.08633,-0.0004));
#14955=CARTESIAN_POINT('',(0.17383875,0.087015,2.E-6));
#14956=CARTESIAN_POINT('',(0.1704625,0.087015,2.E-6));
#14957=CARTESIAN_POINT('',(0.1704625,0.087015,0.));
#14958=CARTESIAN_POINT('',(0.1704625,0.087015,-0.0004));
#14959=CARTESIAN_POINT('',(0.17383875,0.087015,0.));
#14960=CARTESIAN_POINT('',(0.17383875,0.087015,-0.0004));
#14961=CARTESIAN_POINT('',(0.1704625,0.08633,2.E-6));
#14962=CARTESIAN_POINT('',(0.1704625,0.08633,0.));
#14963=CARTESIAN_POINT('',(0.1704625,0.085645,0.));
#14964=CARTESIAN_POINT('',(0.1704625,0.08633,-0.0004));
#14965=CARTESIAN_POINT('',(0.1704625,0.085645,-0.0004));
#14966=CARTESIAN_POINT('',(0.1704625,0.085645,2.E-6));
#14967=CARTESIAN_POINT('',(0.17383875,0.085645,2.E-6));
#14968=CARTESIAN_POINT('',(0.17383875,0.085645,0.));
#14969=CARTESIAN_POINT('',(0.17383875,0.085645,-0.0004));
#14970=CARTESIAN_POINT('',(0.104775,0.04524375,-0.0004));
#14971=CARTESIAN_POINT('',(0.104775,0.04524375,0.));
#14972=CARTESIAN_POINT('',(0.,0.,0.));
#14973=CARTESIAN_POINT('',(0.177215,0.08376,2.E-6));
#14974=CARTESIAN_POINT('',(0.177215,0.084445,2.E-6));
#14975=CARTESIAN_POINT('',(0.177215,0.084445,0.));
#14976=CARTESIAN_POINT('',(0.177215,0.084445,-0.0004));
#14977=CARTESIAN_POINT('',(0.177215,0.08376,0.));
#14978=CARTESIAN_POINT('',(0.177215,0.083075,0.));
#14979=CARTESIAN_POINT('',(0.177215,0.083075,2.E-6));
#14980=CARTESIAN_POINT('',(0.177215,0.083075,-0.0004));
#14981=CARTESIAN_POINT('',(0.177215,0.08376,-0.0004));
#14982=CARTESIAN_POINT('',(0.17383875,0.084445,2.E-6));
#14983=CARTESIAN_POINT('',(0.1704625,0.084445,2.E-6));
#14984=CARTESIAN_POINT('',(0.1704625,0.084445,0.));
#14985=CARTESIAN_POINT('',(0.1704625,0.084445,-0.0004));
#14986=CARTESIAN_POINT('',(0.17383875,0.084445,0.));
#14987=CARTESIAN_POINT('',(0.17383875,0.084445,-0.0004));
#14988=CARTESIAN_POINT('',(0.1704625,0.08376,2.E-6));
#14989=CARTESIAN_POINT('',(0.1704625,0.08376,0.));
#14990=CARTESIAN_POINT('',(0.1704625,0.083075,0.));
#14991=CARTESIAN_POINT('',(0.1704625,0.08376,-0.0004));
#14992=CARTESIAN_POINT('',(0.1704625,0.083075,-0.0004));
#14993=CARTESIAN_POINT('',(0.1704625,0.083075,2.E-6));
#14994=CARTESIAN_POINT('',(0.17383875,0.083075,2.E-6));
#14995=CARTESIAN_POINT('',(0.17383875,0.083075,0.));
#14996=CARTESIAN_POINT('',(0.17383875,0.083075,-0.0004));
#14997=CARTESIAN_POINT('',(0.104775,0.04524375,-0.0004));
#14998=CARTESIAN_POINT('',(0.104775,0.04524375,0.));
#14999=CARTESIAN_POINT('',(0.,0.,0.));
#15000=CARTESIAN_POINT('',(0.1851675,0.09147,2.E-6));
#15001=CARTESIAN_POINT('',(0.1851675,0.092155,2.E-6));
#15002=CARTESIAN_POINT('',(0.1851675,0.092155,0.));
#15003=CARTESIAN_POINT('',(0.1851675,0.092155,-0.0004));
#15004=CARTESIAN_POINT('',(0.1851675,0.09147,0.));
#15005=CARTESIAN_POINT('',(0.1851675,0.090785,0.));
#15006=CARTESIAN_POINT('',(0.1851675,0.090785,2.E-6));
#15007=CARTESIAN_POINT('',(0.1851675,0.090785,-0.0004));
#15008=CARTESIAN_POINT('',(0.1851675,0.09147,-0.0004));
#15009=CARTESIAN_POINT('',(0.18179125,0.092155,2.E-6));
#15010=CARTESIAN_POINT('',(0.178415,0.092155,2.E-6));
#15011=CARTESIAN_POINT('',(0.178415,0.092155,0.));
#15012=CARTESIAN_POINT('',(0.178415,0.092155,-0.0004));
#15013=CARTESIAN_POINT('',(0.18179125,0.092155,0.));
#15014=CARTESIAN_POINT('',(0.18179125,0.092155,-0.0004));
#15015=CARTESIAN_POINT('',(0.178415,0.09147,2.E-6));
#15016=CARTESIAN_POINT('',(0.178415,0.09147,0.));
#15017=CARTESIAN_POINT('',(0.178415,0.090785,0.));
#15018=CARTESIAN_POINT('',(0.178415,0.09147,-0.0004));
#15019=CARTESIAN_POINT('',(0.178415,0.090785,-0.0004));
#15020=CARTESIAN_POINT('',(0.178415,0.090785,2.E-6));
#15021=CARTESIAN_POINT('',(0.18179125,0.090785,2.E-6));
#15022=CARTESIAN_POINT('',(0.18179125,0.090785,0.));
#15023=CARTESIAN_POINT('',(0.18179125,0.090785,-0.0004));
#15024=CARTESIAN_POINT('',(0.104775,0.04524375,-0.0004));
#15025=CARTESIAN_POINT('',(0.104775,0.04524375,0.));
#15026=CARTESIAN_POINT('',(0.,0.,0.));
#15027=CARTESIAN_POINT('',(0.1851675,0.0889,2.E-6));
#15028=CARTESIAN_POINT('',(0.1851675,0.089585,2.E-6));
#15029=CARTESIAN_POINT('',(0.1851675,0.089585,0.));
#15030=CARTESIAN_POINT('',(0.1851675,0.089585,-0.0004));
#15031=CARTESIAN_POINT('',(0.1851675,0.0889,0.));
#15032=CARTESIAN_POINT('',(0.1851675,0.088215,0.));
#15033=CARTESIAN_POINT('',(0.1851675,0.088215,2.E-6));
#15034=CARTESIAN_POINT('',(0.1851675,0.088215,-0.0004));
#15035=CARTESIAN_POINT('',(0.1851675,0.0889,-0.0004));
#15036=CARTESIAN_POINT('',(0.18179125,0.089585,2.E-6));
#15037=CARTESIAN_POINT('',(0.178415,0.089585,2.E-6));
#15038=CARTESIAN_POINT('',(0.178415,0.089585,0.));
#15039=CARTESIAN_POINT('',(0.178415,0.089585,-0.0004));
#15040=CARTESIAN_POINT('',(0.18179125,0.089585,0.));
#15041=CARTESIAN_POINT('',(0.18179125,0.089585,-0.0004));
#15042=CARTESIAN_POINT('',(0.178415,0.0889,2.E-6));
#15043=CARTESIAN_POINT('',(0.178415,0.0889,0.));
#15044=CARTESIAN_POINT('',(0.178415,0.088215,0.));
#15045=CARTESIAN_POINT('',(0.178415,0.0889,-0.0004));
#15046=CARTESIAN_POINT('',(0.178415,0.088215,-0.0004));
#15047=CARTESIAN_POINT('',(0.178415,0.088215,2.E-6));
#15048=CARTESIAN_POINT('',(0.18179125,0.088215,2.E-6));
#15049=CARTESIAN_POINT('',(0.18179125,0.088215,0.));
#15050=CARTESIAN_POINT('',(0.18179125,0.088215,-0.0004));
#15051=CARTESIAN_POINT('',(0.104775,0.04524375,-0.0004));
#15052=CARTESIAN_POINT('',(0.104775,0.04524375,0.));
#15053=CARTESIAN_POINT('',(0.,0.,0.));
#15054=CARTESIAN_POINT('',(0.1851675,0.08633,2.E-6));
#15055=CARTESIAN_POINT('',(0.1851675,0.087015,2.E-6));
#15056=CARTESIAN_POINT('',(0.1851675,0.087015,0.));
#15057=CARTESIAN_POINT('',(0.1851675,0.087015,-0.0004));
#15058=CARTESIAN_POINT('',(0.1851675,0.08633,0.));
#15059=CARTESIAN_POINT('',(0.1851675,0.085645,0.));
#15060=CARTESIAN_POINT('',(0.1851675,0.085645,2.E-6));
#15061=CARTESIAN_POINT('',(0.1851675,0.085645,-0.0004));
#15062=CARTESIAN_POINT('',(0.1851675,0.08633,-0.0004));
#15063=CARTESIAN_POINT('',(0.18179125,0.087015,2.E-6));
#15064=CARTESIAN_POINT('',(0.178415,0.087015,2.E-6));
#15065=CARTESIAN_POINT('',(0.178415,0.087015,0.));
#15066=CARTESIAN_POINT('',(0.178415,0.087015,-0.0004));
#15067=CARTESIAN_POINT('',(0.18179125,0.087015,0.));
#15068=CARTESIAN_POINT('',(0.18179125,0.087015,-0.0004));
#15069=CARTESIAN_POINT('',(0.178415,0.08633,2.E-6));
#15070=CARTESIAN_POINT('',(0.178415,0.08633,0.));
#15071=CARTESIAN_POINT('',(0.178415,0.085645,0.));
#15072=CARTESIAN_POINT('',(0.178415,0.08633,-0.0004));
#15073=CARTESIAN_POINT('',(0.178415,0.085645,-0.0004));
#15074=CARTESIAN_POINT('',(0.178415,0.085645,2.E-6));
#15075=CARTESIAN_POINT('',(0.18179125,0.085645,2.E-6));
#15076=CARTESIAN_POINT('',(0.18179125,0.085645,0.));
#15077=CARTESIAN_POINT('',(0.18179125,0.085645,-0.0004));
#15078=CARTESIAN_POINT('',(0.104775,0.04524375,-0.0004));
#15079=CARTESIAN_POINT('',(0.104775,0.04524375,0.));
#15080=CARTESIAN_POINT('',(0.,0.,0.));
#15081=CARTESIAN_POINT('',(0.1851675,0.08376,2.E-6));
#15082=CARTESIAN_POINT('',(0.1851675,0.084445,2.E-6));
#15083=CARTESIAN_POINT('',(0.1851675,0.084445,0.));
#15084=CARTESIAN_POINT('',(0.1851675,0.084445,-0.0004));
#15085=CARTESIAN_POINT('',(0.1851675,0.08376,0.));
#15086=CARTESIAN_POINT('',(0.1851675,0.083075,0.));
#15087=CARTESIAN_POINT('',(0.1851675,0.083075,2.E-6));
#15088=CARTESIAN_POINT('',(0.1851675,0.083075,-0.0004));
#15089=CARTESIAN_POINT('',(0.1851675,0.08376,-0.0004));
#15090=CARTESIAN_POINT('',(0.18179125,0.084445,2.E-6));
#15091=CARTESIAN_POINT('',(0.178415,0.084445,2.E-6));
#15092=CARTESIAN_POINT('',(0.178415,0.084445,0.));
#15093=CARTESIAN_POINT('',(0.178415,0.084445,-0.0004));
#15094=CARTESIAN_POINT('',(0.18179125,0.084445,0.));
#15095=CARTESIAN_POINT('',(0.18179125,0.084445,-0.0004));
#15096=CARTESIAN_POINT('',(0.178415,0.08376,2.E-6));
#15097=CARTESIAN_POINT('',(0.178415,0.08376,0.));
#15098=CARTESIAN_POINT('',(0.178415,0.083075,0.));
#15099=CARTESIAN_POINT('',(0.178415,0.08376,-0.0004));
#15100=CARTESIAN_POINT('',(0.178415,0.083075,-0.0004));
#15101=CARTESIAN_POINT('',(0.178415,0.083075,2.E-6));
#15102=CARTESIAN_POINT('',(0.18179125,0.083075,2.E-6));
#15103=CARTESIAN_POINT('',(0.18179125,0.083075,0.));
#15104=CARTESIAN_POINT('',(0.18179125,0.083075,-0.0004));
#15105=CARTESIAN_POINT('',(0.104775,0.04524375,-0.0004));
#15106=CARTESIAN_POINT('',(0.104775,0.04524375,0.));
#15107=CARTESIAN_POINT('',(0.,0.,0.));
#15108=CARTESIAN_POINT('',(0.19312,0.09404,2.E-6));
#15109=CARTESIAN_POINT('',(0.19312,0.094725,2.E-6));
#15110=CARTESIAN_POINT('',(0.19312,0.094725,0.));
#15111=CARTESIAN_POINT('',(0.19312,0.094725,-0.0004));
#15112=CARTESIAN_POINT('',(0.19312,0.09404,0.));
#15113=CARTESIAN_POINT('',(0.19312,0.093355,0.));
#15114=CARTESIAN_POINT('',(0.19312,0.093355,2.E-6));
#15115=CARTESIAN_POINT('',(0.19312,0.093355,-0.0004));
#15116=CARTESIAN_POINT('',(0.19312,0.09404,-0.0004));
#15117=CARTESIAN_POINT('',(0.18974375,0.094725,2.E-6));
#15118=CARTESIAN_POINT('',(0.1863675,0.094725,2.E-6));
#15119=CARTESIAN_POINT('',(0.1863675,0.094725,0.));
#15120=CARTESIAN_POINT('',(0.1863675,0.094725,-0.0004));
#15121=CARTESIAN_POINT('',(0.18974375,0.094725,0.));
#15122=CARTESIAN_POINT('',(0.18974375,0.094725,-0.0004));
#15123=CARTESIAN_POINT('',(0.1863675,0.09404,2.E-6));
#15124=CARTESIAN_POINT('',(0.1863675,0.09404,0.));
#15125=CARTESIAN_POINT('',(0.1863675,0.093355,0.));
#15126=CARTESIAN_POINT('',(0.1863675,0.09404,-0.0004));
#15127=CARTESIAN_POINT('',(0.1863675,0.093355,-0.0004));
#15128=CARTESIAN_POINT('',(0.1863675,0.093355,2.E-6));
#15129=CARTESIAN_POINT('',(0.18974375,0.093355,2.E-6));
#15130=CARTESIAN_POINT('',(0.18974375,0.093355,0.));
#15131=CARTESIAN_POINT('',(0.18974375,0.093355,-0.0004));
#15132=CARTESIAN_POINT('',(0.104775,0.04524375,-0.0004));
#15133=CARTESIAN_POINT('',(0.104775,0.04524375,0.));
#15134=CARTESIAN_POINT('',(0.,0.,0.));
#15135=CARTESIAN_POINT('',(0.19312,0.09147,2.E-6));
#15136=CARTESIAN_POINT('',(0.19312,0.092155,2.E-6));
#15137=CARTESIAN_POINT('',(0.19312,0.092155,0.));
#15138=CARTESIAN_POINT('',(0.19312,0.092155,-0.0004));
#15139=CARTESIAN_POINT('',(0.19312,0.09147,0.));
#15140=CARTESIAN_POINT('',(0.19312,0.090785,0.));
#15141=CARTESIAN_POINT('',(0.19312,0.090785,2.E-6));
#15142=CARTESIAN_POINT('',(0.19312,0.090785,-0.0004));
#15143=CARTESIAN_POINT('',(0.19312,0.09147,-0.0004));
#15144=CARTESIAN_POINT('',(0.18974375,0.092155,2.E-6));
#15145=CARTESIAN_POINT('',(0.1863675,0.092155,2.E-6));
#15146=CARTESIAN_POINT('',(0.1863675,0.092155,0.));
#15147=CARTESIAN_POINT('',(0.1863675,0.092155,-0.0004));
#15148=CARTESIAN_POINT('',(0.18974375,0.092155,0.));
#15149=CARTESIAN_POINT('',(0.18974375,0.092155,-0.0004));
#15150=CARTESIAN_POINT('',(0.1863675,0.09147,2.E-6));
#15151=CARTESIAN_POINT('',(0.1863675,0.09147,0.));
#15152=CARTESIAN_POINT('',(0.1863675,0.090785,0.));
#15153=CARTESIAN_POINT('',(0.1863675,0.09147,-0.0004));
#15154=CARTESIAN_POINT('',(0.1863675,0.090785,-0.0004));
#15155=CARTESIAN_POINT('',(0.1863675,0.090785,2.E-6));
#15156=CARTESIAN_POINT('',(0.18974375,0.090785,2.E-6));
#15157=CARTESIAN_POINT('',(0.18974375,0.090785,0.));
#15158=CARTESIAN_POINT('',(0.18974375,0.090785,-0.0004));
#15159=CARTESIAN_POINT('',(0.104775,0.04524375,-0.0004));
#15160=CARTESIAN_POINT('',(0.104775,0.04524375,0.));
#15161=CARTESIAN_POINT('',(0.,0.,0.));
#15162=CARTESIAN_POINT('',(0.19312,0.0889,2.E-6));
#15163=CARTESIAN_POINT('',(0.19312,0.089585,2.E-6));
#15164=CARTESIAN_POINT('',(0.19312,0.089585,0.));
#15165=CARTESIAN_POINT('',(0.19312,0.089585,-0.0004));
#15166=CARTESIAN_POINT('',(0.19312,0.0889,0.));
#15167=CARTESIAN_POINT('',(0.19312,0.088215,0.));
#15168=CARTESIAN_POINT('',(0.19312,0.088215,2.E-6));
#15169=CARTESIAN_POINT('',(0.19312,0.088215,-0.0004));
#15170=CARTESIAN_POINT('',(0.19312,0.0889,-0.0004));
#15171=CARTESIAN_POINT('',(0.18974375,0.089585,2.E-6));
#15172=CARTESIAN_POINT('',(0.1863675,0.089585,2.E-6));
#15173=CARTESIAN_POINT('',(0.1863675,0.089585,0.));
#15174=CARTESIAN_POINT('',(0.1863675,0.089585,-0.0004));
#15175=CARTESIAN_POINT('',(0.18974375,0.089585,0.));
#15176=CARTESIAN_POINT('',(0.18974375,0.089585,-0.0004));
#15177=CARTESIAN_POINT('',(0.1863675,0.0889,2.E-6));
#15178=CARTESIAN_POINT('',(0.1863675,0.0889,0.));
#15179=CARTESIAN_POINT('',(0.1863675,0.088215,0.));
#15180=CARTESIAN_POINT('',(0.1863675,0.0889,-0.0004));
#15181=CARTESIAN_POINT('',(0.1863675,0.088215,-0.0004));
#15182=CARTESIAN_POINT('',(0.1863675,0.088215,2.E-6));
#15183=CARTESIAN_POINT('',(0.18974375,0.088215,2.E-6));
#15184=CARTESIAN_POINT('',(0.18974375,0.088215,0.));
#15185=CARTESIAN_POINT('',(0.18974375,0.088215,-0.0004));
#15186=CARTESIAN_POINT('',(0.104775,0.04524375,-0.0004));
#15187=CARTESIAN_POINT('',(0.104775,0.04524375,0.));
#15188=CARTESIAN_POINT('',(0.,0.,0.));
#15189=CARTESIAN_POINT('',(0.19312,0.08633,2.E-6));
#15190=CARTESIAN_POINT('',(0.19312,0.087015,2.E-6));
#15191=CARTESIAN_POINT('',(0.19312,0.087015,0.));
#15192=CARTESIAN_POINT('',(0.19312,0.087015,-0.0004));
#15193=CARTESIAN_POINT('',(0.19312,0.08633,0.));
#15194=CARTESIAN_POINT('',(0.19312,0.085645,0.));
#15195=CARTESIAN_POINT('',(0.19312,0.085645,2.E-6));
#15196=CARTESIAN_POINT('',(0.19312,0.085645,-0.0004));
#15197=CARTESIAN_POINT('',(0.19312,0.08633,-0.0004));
#15198=CARTESIAN_POINT('',(0.18974375,0.087015,2.E-6));
#15199=CARTESIAN_POINT('',(0.1863675,0.087015,2.E-6));
#15200=CARTESIAN_POINT('',(0.1863675,0.087015,0.));
#15201=CARTESIAN_POINT('',(0.1863675,0.087015,-0.0004));
#15202=CARTESIAN_POINT('',(0.18974375,0.087015,0.));
#15203=CARTESIAN_POINT('',(0.18974375,0.087015,-0.0004));
#15204=CARTESIAN_POINT('',(0.1863675,0.08633,2.E-6));
#15205=CARTESIAN_POINT('',(0.1863675,0.08633,0.));
#15206=CARTESIAN_POINT('',(0.1863675,0.085645,0.));
#15207=CARTESIAN_POINT('',(0.1863675,0.08633,-0.0004));
#15208=CARTESIAN_POINT('',(0.1863675,0.085645,-0.0004));
#15209=CARTESIAN_POINT('',(0.1863675,0.085645,2.E-6));
#15210=CARTESIAN_POINT('',(0.18974375,0.085645,2.E-6));
#15211=CARTESIAN_POINT('',(0.18974375,0.085645,0.));
#15212=CARTESIAN_POINT('',(0.18974375,0.085645,-0.0004));
#15213=CARTESIAN_POINT('',(0.104775,0.04524375,-0.0004));
#15214=CARTESIAN_POINT('',(0.104775,0.04524375,0.));
#15215=CARTESIAN_POINT('',(0.,0.,0.));
#15216=CARTESIAN_POINT('',(0.19312,0.08376,2.E-6));
#15217=CARTESIAN_POINT('',(0.19312,0.084445,2.E-6));
#15218=CARTESIAN_POINT('',(0.19312,0.084445,0.));
#15219=CARTESIAN_POINT('',(0.19312,0.084445,-0.0004));
#15220=CARTESIAN_POINT('',(0.19312,0.08376,0.));
#15221=CARTESIAN_POINT('',(0.19312,0.083075,0.));
#15222=CARTESIAN_POINT('',(0.19312,0.083075,2.E-6));
#15223=CARTESIAN_POINT('',(0.19312,0.083075,-0.0004));
#15224=CARTESIAN_POINT('',(0.19312,0.08376,-0.0004));
#15225=CARTESIAN_POINT('',(0.18974375,0.084445,2.E-6));
#15226=CARTESIAN_POINT('',(0.1863675,0.084445,2.E-6));
#15227=CARTESIAN_POINT('',(0.1863675,0.084445,0.));
#15228=CARTESIAN_POINT('',(0.1863675,0.084445,-0.0004));
#15229=CARTESIAN_POINT('',(0.18974375,0.084445,0.));
#15230=CARTESIAN_POINT('',(0.18974375,0.084445,-0.0004));
#15231=CARTESIAN_POINT('',(0.1863675,0.08376,2.E-6));
#15232=CARTESIAN_POINT('',(0.1863675,0.08376,0.));
#15233=CARTESIAN_POINT('',(0.1863675,0.083075,0.));
#15234=CARTESIAN_POINT('',(0.1863675,0.08376,-0.0004));
#15235=CARTESIAN_POINT('',(0.1863675,0.083075,-0.0004));
#15236=CARTESIAN_POINT('',(0.1863675,0.083075,2.E-6));
#15237=CARTESIAN_POINT('',(0.18974375,0.083075,2.E-6));
#15238=CARTESIAN_POINT('',(0.18974375,0.083075,0.));
#15239=CARTESIAN_POINT('',(0.18974375,0.083075,-0.0004));
#15240=CARTESIAN_POINT('',(0.104775,0.04524375,-0.0004));
#15241=CARTESIAN_POINT('',(0.104775,0.04524375,0.));
#15242=CARTESIAN_POINT('',(0.,0.,0.));
#15243=CARTESIAN_POINT('',(0.2010725,0.0889,2.E-6));
#15244=CARTESIAN_POINT('',(0.2010725,0.089585,2.E-6));
#15245=CARTESIAN_POINT('',(0.2010725,0.089585,0.));
#15246=CARTESIAN_POINT('',(0.2010725,0.089585,-0.0004));
#15247=CARTESIAN_POINT('',(0.2010725,0.0889,0.));
#15248=CARTESIAN_POINT('',(0.2010725,0.088215,0.));
#15249=CARTESIAN_POINT('',(0.2010725,0.088215,2.E-6));
#15250=CARTESIAN_POINT('',(0.2010725,0.088215,-0.0004));
#15251=CARTESIAN_POINT('',(0.2010725,0.0889,-0.0004));
#15252=CARTESIAN_POINT('',(0.19769625,0.089585,2.E-6));
#15253=CARTESIAN_POINT('',(0.19432,0.089585,2.E-6));
#15254=CARTESIAN_POINT('',(0.19432,0.089585,0.));
#15255=CARTESIAN_POINT('',(0.19432,0.089585,-0.0004));
#15256=CARTESIAN_POINT('',(0.19769625,0.089585,0.));
#15257=CARTESIAN_POINT('',(0.19769625,0.089585,-0.0004));
#15258=CARTESIAN_POINT('',(0.19432,0.0889,2.E-6));
#15259=CARTESIAN_POINT('',(0.19432,0.0889,0.));
#15260=CARTESIAN_POINT('',(0.19432,0.088215,0.));
#15261=CARTESIAN_POINT('',(0.19432,0.0889,-0.0004));
#15262=CARTESIAN_POINT('',(0.19432,0.088215,-0.0004));
#15263=CARTESIAN_POINT('',(0.19432,0.088215,2.E-6));
#15264=CARTESIAN_POINT('',(0.19769625,0.088215,2.E-6));
#15265=CARTESIAN_POINT('',(0.19769625,0.088215,0.));
#15266=CARTESIAN_POINT('',(0.19769625,0.088215,-0.0004));
#15267=CARTESIAN_POINT('',(0.104775,0.04524375,-0.0004));
#15268=CARTESIAN_POINT('',(0.104775,0.04524375,0.));
#15269=CARTESIAN_POINT('',(0.,0.,0.));
#15270=CARTESIAN_POINT('',(0.2010725,0.08633,2.E-6));
#15271=CARTESIAN_POINT('',(0.2010725,0.087015,2.E-6));
#15272=CARTESIAN_POINT('',(0.2010725,0.087015,0.));
#15273=CARTESIAN_POINT('',(0.2010725,0.087015,-0.0004));
#15274=CARTESIAN_POINT('',(0.2010725,0.08633,0.));
#15275=CARTESIAN_POINT('',(0.2010725,0.085645,0.));
#15276=CARTESIAN_POINT('',(0.2010725,0.085645,2.E-6));
#15277=CARTESIAN_POINT('',(0.2010725,0.085645,-0.0004));
#15278=CARTESIAN_POINT('',(0.2010725,0.08633,-0.0004));
#15279=CARTESIAN_POINT('',(0.19769625,0.087015,2.E-6));
#15280=CARTESIAN_POINT('',(0.19432,0.087015,2.E-6));
#15281=CARTESIAN_POINT('',(0.19432,0.087015,0.));
#15282=CARTESIAN_POINT('',(0.19432,0.087015,-0.0004));
#15283=CARTESIAN_POINT('',(0.19769625,0.087015,0.));
#15284=CARTESIAN_POINT('',(0.19769625,0.087015,-0.0004));
#15285=CARTESIAN_POINT('',(0.19432,0.08633,2.E-6));
#15286=CARTESIAN_POINT('',(0.19432,0.08633,0.));
#15287=CARTESIAN_POINT('',(0.19432,0.085645,0.));
#15288=CARTESIAN_POINT('',(0.19432,0.08633,-0.0004));
#15289=CARTESIAN_POINT('',(0.19432,0.085645,-0.0004));
#15290=CARTESIAN_POINT('',(0.19432,0.085645,2.E-6));
#15291=CARTESIAN_POINT('',(0.19769625,0.085645,2.E-6));
#15292=CARTESIAN_POINT('',(0.19769625,0.085645,0.));
#15293=CARTESIAN_POINT('',(0.19769625,0.085645,-0.0004));
#15294=CARTESIAN_POINT('',(0.104775,0.04524375,-0.0004));
#15295=CARTESIAN_POINT('',(0.104775,0.04524375,0.));
#15296=CARTESIAN_POINT('',(0.,0.,0.));
#15297=CARTESIAN_POINT('',(0.2010725,0.08376,2.E-6));
#15298=CARTESIAN_POINT('',(0.2010725,0.084445,2.E-6));
#15299=CARTESIAN_POINT('',(0.2010725,0.084445,0.));
#15300=CARTESIAN_POINT('',(0.2010725,0.084445,-0.0004));
#15301=CARTESIAN_POINT('',(0.2010725,0.08376,0.));
#15302=CARTESIAN_POINT('',(0.2010725,0.083075,0.));
#15303=CARTESIAN_POINT('',(0.2010725,0.083075,2.E-6));
#15304=CARTESIAN_POINT('',(0.2010725,0.083075,-0.0004));
#15305=CARTESIAN_POINT('',(0.2010725,0.08376,-0.0004));
#15306=CARTESIAN_POINT('',(0.19769625,0.084445,2.E-6));
#15307=CARTESIAN_POINT('',(0.19432,0.084445,2.E-6));
#15308=CARTESIAN_POINT('',(0.19432,0.084445,0.));
#15309=CARTESIAN_POINT('',(0.19432,0.084445,-0.0004));
#15310=CARTESIAN_POINT('',(0.19769625,0.084445,0.));
#15311=CARTESIAN_POINT('',(0.19769625,0.084445,-0.0004));
#15312=CARTESIAN_POINT('',(0.19432,0.08376,2.E-6));
#15313=CARTESIAN_POINT('',(0.19432,0.08376,0.));
#15314=CARTESIAN_POINT('',(0.19432,0.083075,0.));
#15315=CARTESIAN_POINT('',(0.19432,0.08376,-0.0004));
#15316=CARTESIAN_POINT('',(0.19432,0.083075,-0.0004));
#15317=CARTESIAN_POINT('',(0.19432,0.083075,2.E-6));
#15318=CARTESIAN_POINT('',(0.19769625,0.083075,2.E-6));
#15319=CARTESIAN_POINT('',(0.19769625,0.083075,0.));
#15320=CARTESIAN_POINT('',(0.19769625,0.083075,-0.0004));
#15321=CARTESIAN_POINT('',(0.104775,0.04524375,-0.0004));
#15322=CARTESIAN_POINT('',(0.104775,0.04524375,0.));
#15323=CARTESIAN_POINT('',(0.,0.,0.));
#15324=CARTESIAN_POINT('',(0.209025,0.08633,2.E-6));
#15325=CARTESIAN_POINT('',(0.209025,0.087015,2.E-6));
#15326=CARTESIAN_POINT('',(0.209025,0.087015,0.));
#15327=CARTESIAN_POINT('',(0.209025,0.087015,-0.0004));
#15328=CARTESIAN_POINT('',(0.209025,0.08633,0.));
#15329=CARTESIAN_POINT('',(0.209025,0.085645,0.));
#15330=CARTESIAN_POINT('',(0.209025,0.085645,2.E-6));
#15331=CARTESIAN_POINT('',(0.209025,0.085645,-0.0004));
#15332=CARTESIAN_POINT('',(0.209025,0.08633,-0.0004));
#15333=CARTESIAN_POINT('',(0.20564875,0.087015,2.E-6));
#15334=CARTESIAN_POINT('',(0.2022725,0.087015,2.E-6));
#15335=CARTESIAN_POINT('',(0.2022725,0.087015,0.));
#15336=CARTESIAN_POINT('',(0.2022725,0.087015,-0.0004));
#15337=CARTESIAN_POINT('',(0.20564875,0.087015,0.));
#15338=CARTESIAN_POINT('',(0.20564875,0.087015,-0.0004));
#15339=CARTESIAN_POINT('',(0.2022725,0.08633,2.E-6));
#15340=CARTESIAN_POINT('',(0.2022725,0.08633,0.));
#15341=CARTESIAN_POINT('',(0.2022725,0.085645,0.));
#15342=CARTESIAN_POINT('',(0.2022725,0.08633,-0.0004));
#15343=CARTESIAN_POINT('',(0.2022725,0.085645,-0.0004));
#15344=CARTESIAN_POINT('',(0.2022725,0.085645,2.E-6));
#15345=CARTESIAN_POINT('',(0.20564875,0.085645,2.E-6));
#15346=CARTESIAN_POINT('',(0.20564875,0.085645,0.));
#15347=CARTESIAN_POINT('',(0.20564875,0.085645,-0.0004));
#15348=CARTESIAN_POINT('',(0.104775,0.04524375,-0.0004));
#15349=CARTESIAN_POINT('',(0.104775,0.04524375,0.));
#15350=CARTESIAN_POINT('',(0.,0.,0.));
#15351=CARTESIAN_POINT('',(0.209025,0.08376,2.E-6));
#15352=CARTESIAN_POINT('',(0.209025,0.084445,2.E-6));
#15353=CARTESIAN_POINT('',(0.209025,0.084445,0.));
#15354=CARTESIAN_POINT('',(0.209025,0.084445,-0.0004));
#15355=CARTESIAN_POINT('',(0.209025,0.08376,0.));
#15356=CARTESIAN_POINT('',(0.209025,0.083075,0.));
#15357=CARTESIAN_POINT('',(0.209025,0.083075,2.E-6));
#15358=CARTESIAN_POINT('',(0.209025,0.083075,-0.0004));
#15359=CARTESIAN_POINT('',(0.209025,0.08376,-0.0004));
#15360=CARTESIAN_POINT('',(0.20564875,0.084445,2.E-6));
#15361=CARTESIAN_POINT('',(0.2022725,0.084445,2.E-6));
#15362=CARTESIAN_POINT('',(0.2022725,0.084445,0.));
#15363=CARTESIAN_POINT('',(0.2022725,0.084445,-0.0004));
#15364=CARTESIAN_POINT('',(0.20564875,0.084445,0.));
#15365=CARTESIAN_POINT('',(0.20564875,0.084445,-0.0004));
#15366=CARTESIAN_POINT('',(0.2022725,0.08376,2.E-6));
#15367=CARTESIAN_POINT('',(0.2022725,0.08376,0.));
#15368=CARTESIAN_POINT('',(0.2022725,0.083075,0.));
#15369=CARTESIAN_POINT('',(0.2022725,0.08376,-0.0004));
#15370=CARTESIAN_POINT('',(0.2022725,0.083075,-0.0004));
#15371=CARTESIAN_POINT('',(0.2022725,0.083075,2.E-6));
#15372=CARTESIAN_POINT('',(0.20564875,0.083075,2.E-6));
#15373=CARTESIAN_POINT('',(0.20564875,0.083075,0.));
#15374=CARTESIAN_POINT('',(0.20564875,0.083075,-0.0004));
#15375=CARTESIAN_POINT('',(0.104775,0.04524375,-0.0004));
#15376=CARTESIAN_POINT('',(0.104775,0.04524375,0.));
#15377=CARTESIAN_POINT('',(0.,0.,0.));
#15378=CARTESIAN_POINT('',(0.210225,0.0889,0.));
#15379=CARTESIAN_POINT('',(0.210225,0.0889,-0.0004));
#15380=CARTESIAN_POINT('',(0.210225,0.095925,-0.0004));
#15381=CARTESIAN_POINT('',(0.210225,0.081875,-0.0004));
#15382=CARTESIAN_POINT('',(0.210225,0.095925,0.));
#15383=CARTESIAN_POINT('',(0.210225,0.095925,0.));
#15384=CARTESIAN_POINT('',(0.210225,0.0889,0.));
#15385=CARTESIAN_POINT('',(0.210225,0.081875,0.));
#15386=CARTESIAN_POINT('',(0.210225,0.081875,0.));
#15387=CARTESIAN_POINT('',(0.1698625,0.095925,0.));
#15388=CARTESIAN_POINT('',(0.1698625,0.095925,-0.0004));
#15389=CARTESIAN_POINT('',(0.1295,0.095925,-0.0004));
#15390=CARTESIAN_POINT('',(0.1295,0.095925,0.));
#15391=CARTESIAN_POINT('',(0.1295,0.095925,0.));
#15392=CARTESIAN_POINT('',(0.1698625,0.095925,0.));
#15393=CARTESIAN_POINT('',(0.1295,0.0889,0.));
#15394=CARTESIAN_POINT('',(0.1295,0.0889,-0.0004));
#15395=CARTESIAN_POINT('',(0.1295,0.081875,-0.0004));
#15396=CARTESIAN_POINT('',(0.1295,0.081875,0.));
#15397=CARTESIAN_POINT('',(0.1295,0.081875,0.));
#15398=CARTESIAN_POINT('',(0.1295,0.0889,0.));
#15399=CARTESIAN_POINT('',(0.209025,0.08376,0.));
#15400=CARTESIAN_POINT('',(0.209025,0.08376,-0.0004));
#15401=CARTESIAN_POINT('',(0.209025,0.083075,-0.0004));
#15402=CARTESIAN_POINT('',(0.209025,0.084445,-0.0004));
#15403=CARTESIAN_POINT('',(0.209025,0.083075,0.));
#15404=CARTESIAN_POINT('',(0.209025,0.083075,0.));
#15405=CARTESIAN_POINT('',(0.209025,0.08376,0.));
#15406=CARTESIAN_POINT('',(0.209025,0.084445,0.));
#15407=CARTESIAN_POINT('',(0.209025,0.084445,0.));
#15408=CARTESIAN_POINT('',(0.20564875,0.083075,0.));
#15409=CARTESIAN_POINT('',(0.20564875,0.083075,-0.0004));
#15410=CARTESIAN_POINT('',(0.2022725,0.083075,-0.0004));
#15411=CARTESIAN_POINT('',(0.2022725,0.083075,0.));
#15412=CARTESIAN_POINT('',(0.2022725,0.083075,0.));
#15413=CARTESIAN_POINT('',(0.20564875,0.083075,0.));
#15414=CARTESIAN_POINT('',(0.2022725,0.08376,0.));
#15415=CARTESIAN_POINT('',(0.2022725,0.08376,-0.0004));
#15416=CARTESIAN_POINT('',(0.2022725,0.084445,-0.0004));
#15417=CARTESIAN_POINT('',(0.2022725,0.084445,0.));
#15418=CARTESIAN_POINT('',(0.2022725,0.084445,0.));
#15419=CARTESIAN_POINT('',(0.2022725,0.08376,0.));
#15420=CARTESIAN_POINT('',(0.209025,0.08633,0.));
#15421=CARTESIAN_POINT('',(0.209025,0.08633,-0.0004));
#15422=CARTESIAN_POINT('',(0.209025,0.085645,-0.0004));
#15423=CARTESIAN_POINT('',(0.209025,0.087015,-0.0004));
#15424=CARTESIAN_POINT('',(0.209025,0.085645,0.));
#15425=CARTESIAN_POINT('',(0.209025,0.085645,0.));
#15426=CARTESIAN_POINT('',(0.209025,0.08633,0.));
#15427=CARTESIAN_POINT('',(0.209025,0.087015,0.));
#15428=CARTESIAN_POINT('',(0.209025,0.087015,0.));
#15429=CARTESIAN_POINT('',(0.20564875,0.085645,0.));
#15430=CARTESIAN_POINT('',(0.20564875,0.085645,-0.0004));
#15431=CARTESIAN_POINT('',(0.2022725,0.085645,-0.0004));
#15432=CARTESIAN_POINT('',(0.2022725,0.085645,0.));
#15433=CARTESIAN_POINT('',(0.2022725,0.085645,0.));
#15434=CARTESIAN_POINT('',(0.20564875,0.085645,0.));
#15435=CARTESIAN_POINT('',(0.2022725,0.08633,0.));
#15436=CARTESIAN_POINT('',(0.2022725,0.08633,-0.0004));
#15437=CARTESIAN_POINT('',(0.2022725,0.087015,-0.0004));
#15438=CARTESIAN_POINT('',(0.2022725,0.087015,0.));
#15439=CARTESIAN_POINT('',(0.2022725,0.087015,0.));
#15440=CARTESIAN_POINT('',(0.2022725,0.08633,0.));
#15441=CARTESIAN_POINT('',(0.2010725,0.08376,0.));
#15442=CARTESIAN_POINT('',(0.2010725,0.08376,-0.0004));
#15443=CARTESIAN_POINT('',(0.2010725,0.083075,-0.0004));
#15444=CARTESIAN_POINT('',(0.2010725,0.084445,-0.0004));
#15445=CARTESIAN_POINT('',(0.2010725,0.083075,0.));
#15446=CARTESIAN_POINT('',(0.2010725,0.083075,0.));
#15447=CARTESIAN_POINT('',(0.2010725,0.08376,0.));
#15448=CARTESIAN_POINT('',(0.2010725,0.084445,0.));
#15449=CARTESIAN_POINT('',(0.2010725,0.084445,0.));
#15450=CARTESIAN_POINT('',(0.19769625,0.083075,0.));
#15451=CARTESIAN_POINT('',(0.19769625,0.083075,-0.0004));
#15452=CARTESIAN_POINT('',(0.19432,0.083075,-0.0004));
#15453=CARTESIAN_POINT('',(0.19432,0.083075,0.));
#15454=CARTESIAN_POINT('',(0.19432,0.083075,0.));
#15455=CARTESIAN_POINT('',(0.19769625,0.083075,0.));
#15456=CARTESIAN_POINT('',(0.19432,0.08376,0.));
#15457=CARTESIAN_POINT('',(0.19432,0.08376,-0.0004));
#15458=CARTESIAN_POINT('',(0.19432,0.084445,-0.0004));
#15459=CARTESIAN_POINT('',(0.19432,0.084445,0.));
#15460=CARTESIAN_POINT('',(0.19432,0.084445,0.));
#15461=CARTESIAN_POINT('',(0.19432,0.08376,0.));
#15462=CARTESIAN_POINT('',(0.2010725,0.08633,0.));
#15463=CARTESIAN_POINT('',(0.2010725,0.08633,-0.0004));
#15464=CARTESIAN_POINT('',(0.2010725,0.085645,-0.0004));
#15465=CARTESIAN_POINT('',(0.2010725,0.087015,-0.0004));
#15466=CARTESIAN_POINT('',(0.2010725,0.085645,0.));
#15467=CARTESIAN_POINT('',(0.2010725,0.085645,0.));
#15468=CARTESIAN_POINT('',(0.2010725,0.08633,0.));
#15469=CARTESIAN_POINT('',(0.2010725,0.087015,0.));
#15470=CARTESIAN_POINT('',(0.2010725,0.087015,0.));
#15471=CARTESIAN_POINT('',(0.19769625,0.085645,0.));
#15472=CARTESIAN_POINT('',(0.19769625,0.085645,-0.0004));
#15473=CARTESIAN_POINT('',(0.19432,0.085645,-0.0004));
#15474=CARTESIAN_POINT('',(0.19432,0.085645,0.));
#15475=CARTESIAN_POINT('',(0.19432,0.085645,0.));
#15476=CARTESIAN_POINT('',(0.19769625,0.085645,0.));
#15477=CARTESIAN_POINT('',(0.19432,0.08633,0.));
#15478=CARTESIAN_POINT('',(0.19432,0.08633,-0.0004));
#15479=CARTESIAN_POINT('',(0.19432,0.087015,-0.0004));
#15480=CARTESIAN_POINT('',(0.19432,0.087015,0.));
#15481=CARTESIAN_POINT('',(0.19432,0.087015,0.));
#15482=CARTESIAN_POINT('',(0.19432,0.08633,0.));
#15483=CARTESIAN_POINT('',(0.2010725,0.0889,0.));
#15484=CARTESIAN_POINT('',(0.2010725,0.0889,-0.0004));
#15485=CARTESIAN_POINT('',(0.2010725,0.088215,-0.0004));
#15486=CARTESIAN_POINT('',(0.2010725,0.089585,-0.0004));
#15487=CARTESIAN_POINT('',(0.2010725,0.088215,0.));
#15488=CARTESIAN_POINT('',(0.2010725,0.088215,0.));
#15489=CARTESIAN_POINT('',(0.2010725,0.0889,0.));
#15490=CARTESIAN_POINT('',(0.2010725,0.089585,0.));
#15491=CARTESIAN_POINT('',(0.2010725,0.089585,0.));
#15492=CARTESIAN_POINT('',(0.19769625,0.088215,0.));
#15493=CARTESIAN_POINT('',(0.19769625,0.088215,-0.0004));
#15494=CARTESIAN_POINT('',(0.19432,0.088215,-0.0004));
#15495=CARTESIAN_POINT('',(0.19432,0.088215,0.));
#15496=CARTESIAN_POINT('',(0.19432,0.088215,0.));
#15497=CARTESIAN_POINT('',(0.19769625,0.088215,0.));
#15498=CARTESIAN_POINT('',(0.19432,0.0889,0.));
#15499=CARTESIAN_POINT('',(0.19432,0.0889,-0.0004));
#15500=CARTESIAN_POINT('',(0.19432,0.089585,-0.0004));
#15501=CARTESIAN_POINT('',(0.19432,0.089585,0.));
#15502=CARTESIAN_POINT('',(0.19432,0.089585,0.));
#15503=CARTESIAN_POINT('',(0.19432,0.0889,0.));
#15504=CARTESIAN_POINT('',(0.19312,0.09404,0.));
#15505=CARTESIAN_POINT('',(0.19312,0.09404,-0.0004));
#15506=CARTESIAN_POINT('',(0.19312,0.093355,-0.0004));
#15507=CARTESIAN_POINT('',(0.19312,0.094725,-0.0004));
#15508=CARTESIAN_POINT('',(0.19312,0.093355,0.));
#15509=CARTESIAN_POINT('',(0.19312,0.093355,0.));
#15510=CARTESIAN_POINT('',(0.19312,0.09404,0.));
#15511=CARTESIAN_POINT('',(0.19312,0.094725,0.));
#15512=CARTESIAN_POINT('',(0.19312,0.094725,0.));
#15513=CARTESIAN_POINT('',(0.18974375,0.093355,0.));
#15514=CARTESIAN_POINT('',(0.18974375,0.093355,-0.0004));
#15515=CARTESIAN_POINT('',(0.1863675,0.093355,-0.0004));
#15516=CARTESIAN_POINT('',(0.1863675,0.093355,0.));
#15517=CARTESIAN_POINT('',(0.1863675,0.093355,0.));
#15518=CARTESIAN_POINT('',(0.18974375,0.093355,0.));
#15519=CARTESIAN_POINT('',(0.1863675,0.09404,0.));
#15520=CARTESIAN_POINT('',(0.1863675,0.09404,-0.0004));
#15521=CARTESIAN_POINT('',(0.1863675,0.094725,-0.0004));
#15522=CARTESIAN_POINT('',(0.1863675,0.094725,0.));
#15523=CARTESIAN_POINT('',(0.1863675,0.094725,0.));
#15524=CARTESIAN_POINT('',(0.1863675,0.09404,0.));
#15525=CARTESIAN_POINT('',(0.18974375,0.090785,0.));
#15526=CARTESIAN_POINT('',(0.18974375,0.090785,-0.0004));
#15527=CARTESIAN_POINT('',(0.1863675,0.090785,-0.0004));
#15528=CARTESIAN_POINT('',(0.19312,0.090785,-0.0004));
#15529=CARTESIAN_POINT('',(0.1863675,0.090785,0.));
#15530=CARTESIAN_POINT('',(0.1863675,0.090785,0.));
#15531=CARTESIAN_POINT('',(0.18974375,0.090785,0.));
#15532=CARTESIAN_POINT('',(0.19312,0.090785,0.));
#15533=CARTESIAN_POINT('',(0.19312,0.090785,0.));
#15534=CARTESIAN_POINT('',(0.1863675,0.09147,0.));
#15535=CARTESIAN_POINT('',(0.1863675,0.09147,-0.0004));
#15536=CARTESIAN_POINT('',(0.1863675,0.092155,-0.0004));
#15537=CARTESIAN_POINT('',(0.1863675,0.092155,0.));
#15538=CARTESIAN_POINT('',(0.1863675,0.092155,0.));
#15539=CARTESIAN_POINT('',(0.1863675,0.09147,0.));
#15540=CARTESIAN_POINT('',(0.18974375,0.092155,0.));
#15541=CARTESIAN_POINT('',(0.18974375,0.092155,-0.0004));
#15542=CARTESIAN_POINT('',(0.19312,0.092155,-0.0004));
#15543=CARTESIAN_POINT('',(0.19312,0.092155,0.));
#15544=CARTESIAN_POINT('',(0.19312,0.092155,0.));
#15545=CARTESIAN_POINT('',(0.18974375,0.092155,0.));
#15546=CARTESIAN_POINT('',(0.19312,0.0889,0.));
#15547=CARTESIAN_POINT('',(0.19312,0.0889,-0.0004));
#15548=CARTESIAN_POINT('',(0.19312,0.088215,-0.0004));
#15549=CARTESIAN_POINT('',(0.19312,0.089585,-0.0004));
#15550=CARTESIAN_POINT('',(0.19312,0.088215,0.));
#15551=CARTESIAN_POINT('',(0.19312,0.088215,0.));
#15552=CARTESIAN_POINT('',(0.19312,0.0889,0.));
#15553=CARTESIAN_POINT('',(0.19312,0.089585,0.));
#15554=CARTESIAN_POINT('',(0.19312,0.089585,0.));
#15555=CARTESIAN_POINT('',(0.18974375,0.088215,0.));
#15556=CARTESIAN_POINT('',(0.18974375,0.088215,-0.0004));
#15557=CARTESIAN_POINT('',(0.1863675,0.088215,-0.0004));
#15558=CARTESIAN_POINT('',(0.1863675,0.088215,0.));
#15559=CARTESIAN_POINT('',(0.1863675,0.088215,0.));
#15560=CARTESIAN_POINT('',(0.18974375,0.088215,0.));
#15561=CARTESIAN_POINT('',(0.1863675,0.0889,0.));
#15562=CARTESIAN_POINT('',(0.1863675,0.0889,-0.0004));
#15563=CARTESIAN_POINT('',(0.1863675,0.089585,-0.0004));
#15564=CARTESIAN_POINT('',(0.1863675,0.089585,0.));
#15565=CARTESIAN_POINT('',(0.1863675,0.089585,0.));
#15566=CARTESIAN_POINT('',(0.1863675,0.0889,0.));
#15567=CARTESIAN_POINT('',(0.19312,0.08633,0.));
#15568=CARTESIAN_POINT('',(0.19312,0.08633,-0.0004));
#15569=CARTESIAN_POINT('',(0.19312,0.085645,-0.0004));
#15570=CARTESIAN_POINT('',(0.19312,0.087015,-0.0004));
#15571=CARTESIAN_POINT('',(0.19312,0.085645,0.));
#15572=CARTESIAN_POINT('',(0.19312,0.085645,0.));
#15573=CARTESIAN_POINT('',(0.19312,0.08633,0.));
#15574=CARTESIAN_POINT('',(0.19312,0.087015,0.));
#15575=CARTESIAN_POINT('',(0.19312,0.087015,0.));
#15576=CARTESIAN_POINT('',(0.18974375,0.085645,0.));
#15577=CARTESIAN_POINT('',(0.18974375,0.085645,-0.0004));
#15578=CARTESIAN_POINT('',(0.1863675,0.085645,-0.0004));
#15579=CARTESIAN_POINT('',(0.1863675,0.085645,0.));
#15580=CARTESIAN_POINT('',(0.1863675,0.085645,0.));
#15581=CARTESIAN_POINT('',(0.18974375,0.085645,0.));
#15582=CARTESIAN_POINT('',(0.1863675,0.08633,0.));
#15583=CARTESIAN_POINT('',(0.1863675,0.08633,-0.0004));
#15584=CARTESIAN_POINT('',(0.1863675,0.087015,-0.0004));
#15585=CARTESIAN_POINT('',(0.1863675,0.087015,0.));
#15586=CARTESIAN_POINT('',(0.1863675,0.087015,0.));
#15587=CARTESIAN_POINT('',(0.1863675,0.08633,0.));
#15588=CARTESIAN_POINT('',(0.19312,0.08376,0.));
#15589=CARTESIAN_POINT('',(0.19312,0.08376,-0.0004));
#15590=CARTESIAN_POINT('',(0.19312,0.083075,-0.0004));
#15591=CARTESIAN_POINT('',(0.19312,0.084445,-0.0004));
#15592=CARTESIAN_POINT('',(0.19312,0.083075,0.));
#15593=CARTESIAN_POINT('',(0.19312,0.083075,0.));
#15594=CARTESIAN_POINT('',(0.19312,0.08376,0.));
#15595=CARTESIAN_POINT('',(0.19312,0.084445,0.));
#15596=CARTESIAN_POINT('',(0.19312,0.084445,0.));
#15597=CARTESIAN_POINT('',(0.18974375,0.083075,0.));
#15598=CARTESIAN_POINT('',(0.18974375,0.083075,-0.0004));
#15599=CARTESIAN_POINT('',(0.1863675,0.083075,-0.0004));
#15600=CARTESIAN_POINT('',(0.1863675,0.083075,0.));
#15601=CARTESIAN_POINT('',(0.1863675,0.083075,0.));
#15602=CARTESIAN_POINT('',(0.18974375,0.083075,0.));
#15603=CARTESIAN_POINT('',(0.1863675,0.08376,0.));
#15604=CARTESIAN_POINT('',(0.1863675,0.08376,-0.0004));
#15605=CARTESIAN_POINT('',(0.1863675,0.084445,-0.0004));
#15606=CARTESIAN_POINT('',(0.1863675,0.084445,0.));
#15607=CARTESIAN_POINT('',(0.1863675,0.084445,0.));
#15608=CARTESIAN_POINT('',(0.1863675,0.08376,0.));
#15609=CARTESIAN_POINT('',(0.1851675,0.08376,0.));
#15610=CARTESIAN_POINT('',(0.1851675,0.08376,-0.0004));
#15611=CARTESIAN_POINT('',(0.1851675,0.083075,-0.0004));
#15612=CARTESIAN_POINT('',(0.1851675,0.084445,-0.0004));
#15613=CARTESIAN_POINT('',(0.1851675,0.083075,0.));
#15614=CARTESIAN_POINT('',(0.1851675,0.083075,0.));
#15615=CARTESIAN_POINT('',(0.1851675,0.08376,0.));
#15616=CARTESIAN_POINT('',(0.1851675,0.084445,0.));
#15617=CARTESIAN_POINT('',(0.1851675,0.084445,0.));
#15618=CARTESIAN_POINT('',(0.18179125,0.083075,0.));
#15619=CARTESIAN_POINT('',(0.18179125,0.083075,-0.0004));
#15620=CARTESIAN_POINT('',(0.178415,0.083075,-0.0004));
#15621=CARTESIAN_POINT('',(0.178415,0.083075,0.));
#15622=CARTESIAN_POINT('',(0.178415,0.083075,0.));
#15623=CARTESIAN_POINT('',(0.18179125,0.083075,0.));
#15624=CARTESIAN_POINT('',(0.178415,0.08376,0.));
#15625=CARTESIAN_POINT('',(0.178415,0.08376,-0.0004));
#15626=CARTESIAN_POINT('',(0.178415,0.084445,-0.0004));
#15627=CARTESIAN_POINT('',(0.178415,0.084445,0.));
#15628=CARTESIAN_POINT('',(0.178415,0.084445,0.));
#15629=CARTESIAN_POINT('',(0.178415,0.08376,0.));
#15630=CARTESIAN_POINT('',(0.1851675,0.09147,0.));
#15631=CARTESIAN_POINT('',(0.1851675,0.09147,-0.0004));
#15632=CARTESIAN_POINT('',(0.1851675,0.090785,-0.0004));
#15633=CARTESIAN_POINT('',(0.1851675,0.092155,-0.0004));
#15634=CARTESIAN_POINT('',(0.1851675,0.090785,0.));
#15635=CARTESIAN_POINT('',(0.1851675,0.090785,0.));
#15636=CARTESIAN_POINT('',(0.1851675,0.09147,0.));
#15637=CARTESIAN_POINT('',(0.1851675,0.092155,0.));
#15638=CARTESIAN_POINT('',(0.1851675,0.092155,0.));
#15639=CARTESIAN_POINT('',(0.18179125,0.090785,0.));
#15640=CARTESIAN_POINT('',(0.18179125,0.090785,-0.0004));
#15641=CARTESIAN_POINT('',(0.178415,0.090785,-0.0004));
#15642=CARTESIAN_POINT('',(0.178415,0.090785,0.));
#15643=CARTESIAN_POINT('',(0.178415,0.090785,0.));
#15644=CARTESIAN_POINT('',(0.18179125,0.090785,0.));
#15645=CARTESIAN_POINT('',(0.178415,0.09147,0.));
#15646=CARTESIAN_POINT('',(0.178415,0.09147,-0.0004));
#15647=CARTESIAN_POINT('',(0.178415,0.092155,-0.0004));
#15648=CARTESIAN_POINT('',(0.178415,0.092155,0.));
#15649=CARTESIAN_POINT('',(0.178415,0.092155,0.));
#15650=CARTESIAN_POINT('',(0.178415,0.09147,0.));
#15651=CARTESIAN_POINT('',(0.1851675,0.0889,0.));
#15652=CARTESIAN_POINT('',(0.1851675,0.0889,-0.0004));
#15653=CARTESIAN_POINT('',(0.1851675,0.088215,-0.0004));
#15654=CARTESIAN_POINT('',(0.1851675,0.089585,-0.0004));
#15655=CARTESIAN_POINT('',(0.1851675,0.088215,0.));
#15656=CARTESIAN_POINT('',(0.1851675,0.088215,0.));
#15657=CARTESIAN_POINT('',(0.1851675,0.0889,0.));
#15658=CARTESIAN_POINT('',(0.1851675,0.089585,0.));
#15659=CARTESIAN_POINT('',(0.1851675,0.089585,0.));
#15660=CARTESIAN_POINT('',(0.18179125,0.088215,0.));
#15661=CARTESIAN_POINT('',(0.18179125,0.088215,-0.0004));
#15662=CARTESIAN_POINT('',(0.178415,0.088215,-0.0004));
#15663=CARTESIAN_POINT('',(0.178415,0.088215,0.));
#15664=CARTESIAN_POINT('',(0.178415,0.088215,0.));
#15665=CARTESIAN_POINT('',(0.18179125,0.088215,0.));
#15666=CARTESIAN_POINT('',(0.178415,0.0889,0.));
#15667=CARTESIAN_POINT('',(0.178415,0.0889,-0.0004));
#15668=CARTESIAN_POINT('',(0.178415,0.089585,-0.0004));
#15669=CARTESIAN_POINT('',(0.178415,0.089585,0.));
#15670=CARTESIAN_POINT('',(0.178415,0.089585,0.));
#15671=CARTESIAN_POINT('',(0.178415,0.0889,0.));
#15672=CARTESIAN_POINT('',(0.1851675,0.08633,0.));
#15673=CARTESIAN_POINT('',(0.1851675,0.08633,-0.0004));
#15674=CARTESIAN_POINT('',(0.1851675,0.085645,-0.0004));
#15675=CARTESIAN_POINT('',(0.1851675,0.087015,-0.0004));
#15676=CARTESIAN_POINT('',(0.1851675,0.085645,0.));
#15677=CARTESIAN_POINT('',(0.1851675,0.085645,0.));
#15678=CARTESIAN_POINT('',(0.1851675,0.08633,0.));
#15679=CARTESIAN_POINT('',(0.1851675,0.087015,0.));
#15680=CARTESIAN_POINT('',(0.1851675,0.087015,0.));
#15681=CARTESIAN_POINT('',(0.18179125,0.085645,0.));
#15682=CARTESIAN_POINT('',(0.18179125,0.085645,-0.0004));
#15683=CARTESIAN_POINT('',(0.178415,0.085645,-0.0004));
#15684=CARTESIAN_POINT('',(0.178415,0.085645,0.));
#15685=CARTESIAN_POINT('',(0.178415,0.085645,0.));
#15686=CARTESIAN_POINT('',(0.18179125,0.085645,0.));
#15687=CARTESIAN_POINT('',(0.178415,0.08633,0.));
#15688=CARTESIAN_POINT('',(0.178415,0.08633,-0.0004));
#15689=CARTESIAN_POINT('',(0.178415,0.087015,-0.0004));
#15690=CARTESIAN_POINT('',(0.178415,0.087015,0.));
#15691=CARTESIAN_POINT('',(0.178415,0.087015,0.));
#15692=CARTESIAN_POINT('',(0.178415,0.08633,0.));
#15693=CARTESIAN_POINT('',(0.177215,0.08633,0.));
#15694=CARTESIAN_POINT('',(0.177215,0.08633,-0.0004));
#15695=CARTESIAN_POINT('',(0.177215,0.085645,-0.0004));
#15696=CARTESIAN_POINT('',(0.177215,0.087015,-0.0004));
#15697=CARTESIAN_POINT('',(0.177215,0.085645,0.));
#15698=CARTESIAN_POINT('',(0.177215,0.085645,0.));
#15699=CARTESIAN_POINT('',(0.177215,0.08633,0.));
#15700=CARTESIAN_POINT('',(0.177215,0.087015,0.));
#15701=CARTESIAN_POINT('',(0.177215,0.087015,0.));
#15702=CARTESIAN_POINT('',(0.17383875,0.085645,0.));
#15703=CARTESIAN_POINT('',(0.17383875,0.085645,-0.0004));
#15704=CARTESIAN_POINT('',(0.1704625,0.085645,-0.0004));
#15705=CARTESIAN_POINT('',(0.1704625,0.085645,0.));
#15706=CARTESIAN_POINT('',(0.1704625,0.085645,0.));
#15707=CARTESIAN_POINT('',(0.17383875,0.085645,0.));
#15708=CARTESIAN_POINT('',(0.1704625,0.08633,0.));
#15709=CARTESIAN_POINT('',(0.1704625,0.08633,-0.0004));
#15710=CARTESIAN_POINT('',(0.1704625,0.087015,-0.0004));
#15711=CARTESIAN_POINT('',(0.1704625,0.087015,0.));
#15712=CARTESIAN_POINT('',(0.1704625,0.087015,0.));
#15713=CARTESIAN_POINT('',(0.1704625,0.08633,0.));
#15714=CARTESIAN_POINT('',(0.177215,0.08376,0.));
#15715=CARTESIAN_POINT('',(0.177215,0.08376,-0.0004));
#15716=CARTESIAN_POINT('',(0.177215,0.083075,-0.0004));
#15717=CARTESIAN_POINT('',(0.177215,0.084445,-0.0004));
#15718=CARTESIAN_POINT('',(0.177215,0.083075,0.));
#15719=CARTESIAN_POINT('',(0.177215,0.083075,0.));
#15720=CARTESIAN_POINT('',(0.177215,0.08376,0.));
#15721=CARTESIAN_POINT('',(0.177215,0.084445,0.));
#15722=CARTESIAN_POINT('',(0.177215,0.084445,0.));
#15723=CARTESIAN_POINT('',(0.17383875,0.083075,0.));
#15724=CARTESIAN_POINT('',(0.17383875,0.083075,-0.0004));
#15725=CARTESIAN_POINT('',(0.1704625,0.083075,-0.0004));
#15726=CARTESIAN_POINT('',(0.1704625,0.083075,0.));
#15727=CARTESIAN_POINT('',(0.1704625,0.083075,0.));
#15728=CARTESIAN_POINT('',(0.17383875,0.083075,0.));
#15729=CARTESIAN_POINT('',(0.1704625,0.08376,0.));
#15730=CARTESIAN_POINT('',(0.1704625,0.08376,-0.0004));
#15731=CARTESIAN_POINT('',(0.1704625,0.084445,-0.0004));
#15732=CARTESIAN_POINT('',(0.1704625,0.084445,0.));
#15733=CARTESIAN_POINT('',(0.1704625,0.084445,0.));
#15734=CARTESIAN_POINT('',(0.1704625,0.08376,0.));
#15735=CARTESIAN_POINT('',(0.1692625,0.08376,0.));
#15736=CARTESIAN_POINT('',(0.1692625,0.08376,-0.0004));
#15737=CARTESIAN_POINT('',(0.1692625,0.083075,-0.0004));
#15738=CARTESIAN_POINT('',(0.1692625,0.084445,-0.0004));
#15739=CARTESIAN_POINT('',(0.1692625,0.083075,0.));
#15740=CARTESIAN_POINT('',(0.1692625,0.083075,0.));
#15741=CARTESIAN_POINT('',(0.1692625,0.08376,0.));
#15742=CARTESIAN_POINT('',(0.1692625,0.084445,0.));
#15743=CARTESIAN_POINT('',(0.1692625,0.084445,0.));
#15744=CARTESIAN_POINT('',(0.16588625,0.083075,0.));
#15745=CARTESIAN_POINT('',(0.16588625,0.083075,-0.0004));
#15746=CARTESIAN_POINT('',(0.16251,0.083075,-0.0004));
#15747=CARTESIAN_POINT('',(0.16251,0.083075,0.));
#15748=CARTESIAN_POINT('',(0.16251,0.083075,0.));
#15749=CARTESIAN_POINT('',(0.16588625,0.083075,0.));
#15750=CARTESIAN_POINT('',(0.16251,0.08376,0.));
#15751=CARTESIAN_POINT('',(0.16251,0.08376,-0.0004));
#15752=CARTESIAN_POINT('',(0.16251,0.084445,-0.0004));
#15753=CARTESIAN_POINT('',(0.16251,0.084445,0.));
#15754=CARTESIAN_POINT('',(0.16251,0.084445,0.));
#15755=CARTESIAN_POINT('',(0.16251,0.08376,0.));
#15756=CARTESIAN_POINT('',(0.16131,0.08376,0.));
#15757=CARTESIAN_POINT('',(0.16131,0.08376,-0.0004));
#15758=CARTESIAN_POINT('',(0.16131,0.083075,-0.0004));
#15759=CARTESIAN_POINT('',(0.16131,0.084445,-0.0004));
#15760=CARTESIAN_POINT('',(0.16131,0.083075,0.));
#15761=CARTESIAN_POINT('',(0.16131,0.083075,0.));
#15762=CARTESIAN_POINT('',(0.16131,0.08376,0.));
#15763=CARTESIAN_POINT('',(0.16131,0.084445,0.));
#15764=CARTESIAN_POINT('',(0.16131,0.084445,0.));
#15765=CARTESIAN_POINT('',(0.15793375,0.083075,0.));
#15766=CARTESIAN_POINT('',(0.15793375,0.083075,-0.0004));
#15767=CARTESIAN_POINT('',(0.1545575,0.083075,-0.0004));
#15768=CARTESIAN_POINT('',(0.1545575,0.083075,0.));
#15769=CARTESIAN_POINT('',(0.1545575,0.083075,0.));
#15770=CARTESIAN_POINT('',(0.15793375,0.083075,0.));
#15771=CARTESIAN_POINT('',(0.1545575,0.08376,0.));
#15772=CARTESIAN_POINT('',(0.1545575,0.08376,-0.0004));
#15773=CARTESIAN_POINT('',(0.1545575,0.084445,-0.0004));
#15774=CARTESIAN_POINT('',(0.1545575,0.084445,0.));
#15775=CARTESIAN_POINT('',(0.1545575,0.084445,0.));
#15776=CARTESIAN_POINT('',(0.1545575,0.08376,0.));
#15777=CARTESIAN_POINT('',(0.1533575,0.08376,0.));
#15778=CARTESIAN_POINT('',(0.1533575,0.08376,-0.0004));
#15779=CARTESIAN_POINT('',(0.1533575,0.083075,-0.0004));
#15780=CARTESIAN_POINT('',(0.1533575,0.084445,-0.0004));
#15781=CARTESIAN_POINT('',(0.1533575,0.083075,0.));
#15782=CARTESIAN_POINT('',(0.1533575,0.083075,0.));
#15783=CARTESIAN_POINT('',(0.1533575,0.08376,0.));
#15784=CARTESIAN_POINT('',(0.1533575,0.084445,0.));
#15785=CARTESIAN_POINT('',(0.1533575,0.084445,0.));
#15786=CARTESIAN_POINT('',(0.14998125,0.083075,0.));
#15787=CARTESIAN_POINT('',(0.14998125,0.083075,-0.0004));
#15788=CARTESIAN_POINT('',(0.146605,0.083075,-0.0004));
#15789=CARTESIAN_POINT('',(0.146605,0.083075,0.));
#15790=CARTESIAN_POINT('',(0.146605,0.083075,0.));
#15791=CARTESIAN_POINT('',(0.14998125,0.083075,0.));
#15792=CARTESIAN_POINT('',(0.146605,0.08376,0.));
#15793=CARTESIAN_POINT('',(0.146605,0.08376,-0.0004));
#15794=CARTESIAN_POINT('',(0.146605,0.084445,-0.0004));
#15795=CARTESIAN_POINT('',(0.146605,0.084445,0.));
#15796=CARTESIAN_POINT('',(0.146605,0.084445,0.));
#15797=CARTESIAN_POINT('',(0.146605,0.08376,0.));
#15798=CARTESIAN_POINT('',(0.1533575,0.08633,0.));
#15799=CARTESIAN_POINT('',(0.1533575,0.08633,-0.0004));
#15800=CARTESIAN_POINT('',(0.1533575,0.085645,-0.0004));
#15801=CARTESIAN_POINT('',(0.1533575,0.087015,-0.0004));
#15802=CARTESIAN_POINT('',(0.1533575,0.085645,0.));
#15803=CARTESIAN_POINT('',(0.1533575,0.085645,0.));
#15804=CARTESIAN_POINT('',(0.1533575,0.08633,0.));
#15805=CARTESIAN_POINT('',(0.1533575,0.087015,0.));
#15806=CARTESIAN_POINT('',(0.1533575,0.087015,0.));
#15807=CARTESIAN_POINT('',(0.14998125,0.085645,0.));
#15808=CARTESIAN_POINT('',(0.14998125,0.085645,-0.0004));
#15809=CARTESIAN_POINT('',(0.146605,0.085645,-0.0004));
#15810=CARTESIAN_POINT('',(0.146605,0.085645,0.));
#15811=CARTESIAN_POINT('',(0.146605,0.085645,0.));
#15812=CARTESIAN_POINT('',(0.14998125,0.085645,0.));
#15813=CARTESIAN_POINT('',(0.146605,0.08633,0.));
#15814=CARTESIAN_POINT('',(0.146605,0.08633,-0.0004));
#15815=CARTESIAN_POINT('',(0.146605,0.087015,-0.0004));
#15816=CARTESIAN_POINT('',(0.146605,0.087015,0.));
#15817=CARTESIAN_POINT('',(0.146605,0.087015,0.));
#15818=CARTESIAN_POINT('',(0.146605,0.08633,0.));
#15819=CARTESIAN_POINT('',(0.145405,0.0889,0.));
#15820=CARTESIAN_POINT('',(0.145405,0.0889,-0.0004));
#15821=CARTESIAN_POINT('',(0.145405,0.088215,-0.0004));
#15822=CARTESIAN_POINT('',(0.145405,0.089585,-0.0004));
#15823=CARTESIAN_POINT('',(0.145405,0.088215,0.));
#15824=CARTESIAN_POINT('',(0.145405,0.088215,0.));
#15825=CARTESIAN_POINT('',(0.145405,0.0889,0.));
#15826=CARTESIAN_POINT('',(0.145405,0.089585,0.));
#15827=CARTESIAN_POINT('',(0.145405,0.089585,0.));
#15828=CARTESIAN_POINT('',(0.14202875,0.088215,0.));
#15829=CARTESIAN_POINT('',(0.14202875,0.088215,-0.0004));
#15830=CARTESIAN_POINT('',(0.1386525,0.088215,-0.0004));
#15831=CARTESIAN_POINT('',(0.1386525,0.088215,0.));
#15832=CARTESIAN_POINT('',(0.1386525,0.088215,0.));
#15833=CARTESIAN_POINT('',(0.14202875,0.088215,0.));
#15834=CARTESIAN_POINT('',(0.1386525,0.0889,0.));
#15835=CARTESIAN_POINT('',(0.1386525,0.0889,-0.0004));
#15836=CARTESIAN_POINT('',(0.1386525,0.089585,-0.0004));
#15837=CARTESIAN_POINT('',(0.1386525,0.089585,0.));
#15838=CARTESIAN_POINT('',(0.1386525,0.089585,0.));
#15839=CARTESIAN_POINT('',(0.1386525,0.0889,0.));
#15840=CARTESIAN_POINT('',(0.145405,0.08633,0.));
#15841=CARTESIAN_POINT('',(0.145405,0.08633,-0.0004));
#15842=CARTESIAN_POINT('',(0.145405,0.085645,-0.0004));
#15843=CARTESIAN_POINT('',(0.145405,0.087015,-0.0004));
#15844=CARTESIAN_POINT('',(0.145405,0.085645,0.));
#15845=CARTESIAN_POINT('',(0.145405,0.085645,0.));
#15846=CARTESIAN_POINT('',(0.145405,0.08633,0.));
#15847=CARTESIAN_POINT('',(0.145405,0.087015,0.));
#15848=CARTESIAN_POINT('',(0.145405,0.087015,0.));
#15849=CARTESIAN_POINT('',(0.14202875,0.085645,0.));
#15850=CARTESIAN_POINT('',(0.14202875,0.085645,-0.0004));
#15851=CARTESIAN_POINT('',(0.1386525,0.085645,-0.0004));
#15852=CARTESIAN_POINT('',(0.1386525,0.085645,0.));
#15853=CARTESIAN_POINT('',(0.1386525,0.085645,0.));
#15854=CARTESIAN_POINT('',(0.14202875,0.085645,0.));
#15855=CARTESIAN_POINT('',(0.1386525,0.08633,0.));
#15856=CARTESIAN_POINT('',(0.1386525,0.08633,-0.0004));
#15857=CARTESIAN_POINT('',(0.1386525,0.087015,-0.0004));
#15858=CARTESIAN_POINT('',(0.1386525,0.087015,0.));
#15859=CARTESIAN_POINT('',(0.1386525,0.087015,0.));
#15860=CARTESIAN_POINT('',(0.1386525,0.08633,0.));
#15861=CARTESIAN_POINT('',(0.145405,0.08376,0.));
#15862=CARTESIAN_POINT('',(0.145405,0.08376,-0.0004));
#15863=CARTESIAN_POINT('',(0.145405,0.083075,-0.0004));
#15864=CARTESIAN_POINT('',(0.145405,0.084445,-0.0004));
#15865=CARTESIAN_POINT('',(0.145405,0.083075,0.));
#15866=CARTESIAN_POINT('',(0.145405,0.083075,0.));
#15867=CARTESIAN_POINT('',(0.145405,0.08376,0.));
#15868=CARTESIAN_POINT('',(0.145405,0.084445,0.));
#15869=CARTESIAN_POINT('',(0.145405,0.084445,0.));
#15870=CARTESIAN_POINT('',(0.14202875,0.083075,0.));
#15871=CARTESIAN_POINT('',(0.14202875,0.083075,-0.0004));
#15872=CARTESIAN_POINT('',(0.1386525,0.083075,-0.0004));
#15873=CARTESIAN_POINT('',(0.1386525,0.083075,0.));
#15874=CARTESIAN_POINT('',(0.1386525,0.083075,0.));
#15875=CARTESIAN_POINT('',(0.14202875,0.083075,0.));
#15876=CARTESIAN_POINT('',(0.1386525,0.08376,0.));
#15877=CARTESIAN_POINT('',(0.1386525,0.08376,-0.0004));
#15878=CARTESIAN_POINT('',(0.1386525,0.084445,-0.0004));
#15879=CARTESIAN_POINT('',(0.1386525,0.084445,0.));
#15880=CARTESIAN_POINT('',(0.1386525,0.084445,0.));
#15881=CARTESIAN_POINT('',(0.1386525,0.08376,0.));
#15882=CARTESIAN_POINT('',(0.1374525,0.08376,0.));
#15883=CARTESIAN_POINT('',(0.1374525,0.08376,-0.0004));
#15884=CARTESIAN_POINT('',(0.1374525,0.083075,-0.0004));
#15885=CARTESIAN_POINT('',(0.1374525,0.084445,-0.0004));
#15886=CARTESIAN_POINT('',(0.1374525,0.083075,0.));
#15887=CARTESIAN_POINT('',(0.1374525,0.083075,0.));
#15888=CARTESIAN_POINT('',(0.1374525,0.08376,0.));
#15889=CARTESIAN_POINT('',(0.1374525,0.084445,0.));
#15890=CARTESIAN_POINT('',(0.1374525,0.084445,0.));
#15891=CARTESIAN_POINT('',(0.13407625,0.083075,0.));
#15892=CARTESIAN_POINT('',(0.13407625,0.083075,-0.0004));
#15893=CARTESIAN_POINT('',(0.1307,0.083075,-0.0004));
#15894=CARTESIAN_POINT('',(0.1307,0.083075,0.));
#15895=CARTESIAN_POINT('',(0.1307,0.083075,0.));
#15896=CARTESIAN_POINT('',(0.13407625,0.083075,0.));
#15897=CARTESIAN_POINT('',(0.1307,0.08376,0.));
#15898=CARTESIAN_POINT('',(0.1307,0.08376,-0.0004));
#15899=CARTESIAN_POINT('',(0.1307,0.084445,-0.0004));
#15900=CARTESIAN_POINT('',(0.1307,0.084445,0.));
#15901=CARTESIAN_POINT('',(0.1307,0.084445,0.));
#15902=CARTESIAN_POINT('',(0.1307,0.08376,0.));
#15903=CARTESIAN_POINT('',(0.1374525,0.08633,0.));
#15904=CARTESIAN_POINT('',(0.1374525,0.08633,-0.0004));
#15905=CARTESIAN_POINT('',(0.1374525,0.085645,-0.0004));
#15906=CARTESIAN_POINT('',(0.1374525,0.087015,-0.0004));
#15907=CARTESIAN_POINT('',(0.1374525,0.085645,0.));
#15908=CARTESIAN_POINT('',(0.1374525,0.085645,0.));
#15909=CARTESIAN_POINT('',(0.1374525,0.08633,0.));
#15910=CARTESIAN_POINT('',(0.1374525,0.087015,0.));
#15911=CARTESIAN_POINT('',(0.1374525,0.087015,0.));
#15912=CARTESIAN_POINT('',(0.13407625,0.085645,0.));
#15913=CARTESIAN_POINT('',(0.13407625,0.085645,-0.0004));
#15914=CARTESIAN_POINT('',(0.1307,0.085645,-0.0004));
#15915=CARTESIAN_POINT('',(0.1307,0.085645,0.));
#15916=CARTESIAN_POINT('',(0.1307,0.085645,0.));
#15917=CARTESIAN_POINT('',(0.13407625,0.085645,0.));
#15918=CARTESIAN_POINT('',(0.1307,0.08633,0.));
#15919=CARTESIAN_POINT('',(0.1307,0.08633,-0.0004));
#15920=CARTESIAN_POINT('',(0.1307,0.087015,-0.0004));
#15921=CARTESIAN_POINT('',(0.1307,0.087015,0.));
#15922=CARTESIAN_POINT('',(0.1307,0.087015,0.));
#15923=CARTESIAN_POINT('',(0.1307,0.08633,0.));
#15924=CARTESIAN_POINT('',(0.20564875,0.084445,0.));
#15925=CARTESIAN_POINT('',(0.20564875,0.084445,-0.0004));
#15926=CARTESIAN_POINT('',(0.20564875,0.084445,0.));
#15927=CARTESIAN_POINT('',(0.20564875,0.087015,0.));
#15928=CARTESIAN_POINT('',(0.20564875,0.087015,-0.0004));
#15929=CARTESIAN_POINT('',(0.20564875,0.087015,0.));
#15930=CARTESIAN_POINT('',(0.19769625,0.084445,0.));
#15931=CARTESIAN_POINT('',(0.19769625,0.084445,-0.0004));
#15932=CARTESIAN_POINT('',(0.19769625,0.084445,0.));
#15933=CARTESIAN_POINT('',(0.19769625,0.087015,0.));
#15934=CARTESIAN_POINT('',(0.19769625,0.087015,-0.0004));
#15935=CARTESIAN_POINT('',(0.19769625,0.087015,0.));
#15936=CARTESIAN_POINT('',(0.19769625,0.089585,0.));
#15937=CARTESIAN_POINT('',(0.19769625,0.089585,-0.0004));
#15938=CARTESIAN_POINT('',(0.19769625,0.089585,0.));
#15939=CARTESIAN_POINT('',(0.18974375,0.094725,0.));
#15940=CARTESIAN_POINT('',(0.18974375,0.094725,-0.0004));
#15941=CARTESIAN_POINT('',(0.18974375,0.094725,0.));
#15942=CARTESIAN_POINT('',(0.19312,0.09147,0.));
#15943=CARTESIAN_POINT('',(0.19312,0.09147,-0.0004));
#15944=CARTESIAN_POINT('',(0.19312,0.09147,0.));
#15945=CARTESIAN_POINT('',(0.18974375,0.089585,0.));
#15946=CARTESIAN_POINT('',(0.18974375,0.089585,-0.0004));
#15947=CARTESIAN_POINT('',(0.18974375,0.089585,0.));
#15948=CARTESIAN_POINT('',(0.18974375,0.087015,0.));
#15949=CARTESIAN_POINT('',(0.18974375,0.087015,-0.0004));
#15950=CARTESIAN_POINT('',(0.18974375,0.087015,0.));
#15951=CARTESIAN_POINT('',(0.18974375,0.084445,0.));
#15952=CARTESIAN_POINT('',(0.18974375,0.084445,-0.0004));
#15953=CARTESIAN_POINT('',(0.18974375,0.084445,0.));
#15954=CARTESIAN_POINT('',(0.18179125,0.084445,0.));
#15955=CARTESIAN_POINT('',(0.18179125,0.084445,-0.0004));
#15956=CARTESIAN_POINT('',(0.18179125,0.084445,0.));
#15957=CARTESIAN_POINT('',(0.18179125,0.092155,0.));
#15958=CARTESIAN_POINT('',(0.18179125,0.092155,-0.0004));
#15959=CARTESIAN_POINT('',(0.18179125,0.092155,0.));
#15960=CARTESIAN_POINT('',(0.18179125,0.089585,0.));
#15961=CARTESIAN_POINT('',(0.18179125,0.089585,-0.0004));
#15962=CARTESIAN_POINT('',(0.18179125,0.089585,0.));
#15963=CARTESIAN_POINT('',(0.18179125,0.087015,0.));
#15964=CARTESIAN_POINT('',(0.18179125,0.087015,-0.0004));
#15965=CARTESIAN_POINT('',(0.18179125,0.087015,0.));
#15966=CARTESIAN_POINT('',(0.17383875,0.087015,0.));
#15967=CARTESIAN_POINT('',(0.17383875,0.087015,-0.0004));
#15968=CARTESIAN_POINT('',(0.17383875,0.087015,0.));
#15969=CARTESIAN_POINT('',(0.17383875,0.084445,0.));
#15970=CARTESIAN_POINT('',(0.17383875,0.084445,-0.0004));
#15971=CARTESIAN_POINT('',(0.17383875,0.084445,0.));
#15972=CARTESIAN_POINT('',(0.16588625,0.084445,0.));
#15973=CARTESIAN_POINT('',(0.16588625,0.084445,-0.0004));
#15974=CARTESIAN_POINT('',(0.16588625,0.084445,0.));
#15975=CARTESIAN_POINT('',(0.15793375,0.084445,0.));
#15976=CARTESIAN_POINT('',(0.15793375,0.084445,-0.0004));
#15977=CARTESIAN_POINT('',(0.15793375,0.084445,0.));
#15978=CARTESIAN_POINT('',(0.14998125,0.084445,0.));
#15979=CARTESIAN_POINT('',(0.14998125,0.084445,-0.0004));
#15980=CARTESIAN_POINT('',(0.14998125,0.084445,0.));
#15981=CARTESIAN_POINT('',(0.14998125,0.087015,0.));
#15982=CARTESIAN_POINT('',(0.14998125,0.087015,-0.0004));
#15983=CARTESIAN_POINT('',(0.14998125,0.087015,0.));
#15984=CARTESIAN_POINT('',(0.14202875,0.089585,0.));
#15985=CARTESIAN_POINT('',(0.14202875,0.089585,-0.0004));
#15986=CARTESIAN_POINT('',(0.14202875,0.089585,0.));
#15987=CARTESIAN_POINT('',(0.14202875,0.087015,0.));
#15988=CARTESIAN_POINT('',(0.14202875,0.087015,-0.0004));
#15989=CARTESIAN_POINT('',(0.14202875,0.087015,0.));
#15990=CARTESIAN_POINT('',(0.14202875,0.084445,0.));
#15991=CARTESIAN_POINT('',(0.14202875,0.084445,-0.0004));
#15992=CARTESIAN_POINT('',(0.14202875,0.084445,0.));
#15993=CARTESIAN_POINT('',(0.13407625,0.084445,0.));
#15994=CARTESIAN_POINT('',(0.13407625,0.084445,-0.0004));
#15995=CARTESIAN_POINT('',(0.13407625,0.084445,0.));
#15996=CARTESIAN_POINT('',(0.13407625,0.087015,0.));
#15997=CARTESIAN_POINT('',(0.13407625,0.087015,-0.0004));
#15998=CARTESIAN_POINT('',(0.13407625,0.087015,0.));
#15999=CARTESIAN_POINT('',(0.1698625,0.081875,0.));
#16000=CARTESIAN_POINT('',(0.1698625,0.081875,-0.0004));
#16001=CARTESIAN_POINT('',(0.1698625,0.081875,0.));
#16002=CARTESIAN_POINT('',(0.1698625,0.0889,0.));
#16003=CARTESIAN_POINT('',(0.1698625,0.0889,-0.0004));
#16004=MECHANICAL_DESIGN_GEOMETRIC_PRESENTATION_REPRESENTATION('',(#9471),
#16031);
#16005=MECHANICAL_DESIGN_GEOMETRIC_PRESENTATION_REPRESENTATION('',(#9472),
#16032);
#16006=MECHANICAL_DESIGN_GEOMETRIC_PRESENTATION_REPRESENTATION('',(#9473),
#16033);
#16007=MECHANICAL_DESIGN_GEOMETRIC_PRESENTATION_REPRESENTATION('',(#9474),
#16034);
#16008=MECHANICAL_DESIGN_GEOMETRIC_PRESENTATION_REPRESENTATION('',(#9475),
#16035);
#16009=MECHANICAL_DESIGN_GEOMETRIC_PRESENTATION_REPRESENTATION('',(#9476),
#16036);
#16010=MECHANICAL_DESIGN_GEOMETRIC_PRESENTATION_REPRESENTATION('',(#9477),
#16037);
#16011=MECHANICAL_DESIGN_GEOMETRIC_PRESENTATION_REPRESENTATION('',(#9478),
#16038);
#16012=MECHANICAL_DESIGN_GEOMETRIC_PRESENTATION_REPRESENTATION('',(#9479),
#16039);
#16013=MECHANICAL_DESIGN_GEOMETRIC_PRESENTATION_REPRESENTATION('',(#9480),
#16040);
#16014=MECHANICAL_DESIGN_GEOMETRIC_PRESENTATION_REPRESENTATION('',(#9481),
#16041);
#16015=MECHANICAL_DESIGN_GEOMETRIC_PRESENTATION_REPRESENTATION('',(#9482),
#16042);
#16016=MECHANICAL_DESIGN_GEOMETRIC_PRESENTATION_REPRESENTATION('',(#9483),
#16043);
#16017=MECHANICAL_DESIGN_GEOMETRIC_PRESENTATION_REPRESENTATION('',(#9484),
#16044);
#16018=MECHANICAL_DESIGN_GEOMETRIC_PRESENTATION_REPRESENTATION('',(#9485),
#16045);
#16019=MECHANICAL_DESIGN_GEOMETRIC_PRESENTATION_REPRESENTATION('',(#9486),
#16046);
#16020=MECHANICAL_DESIGN_GEOMETRIC_PRESENTATION_REPRESENTATION('',(#9487),
#16047);
#16021=MECHANICAL_DESIGN_GEOMETRIC_PRESENTATION_REPRESENTATION('',(#9488),
#16048);
#16022=MECHANICAL_DESIGN_GEOMETRIC_PRESENTATION_REPRESENTATION('',(#9489),
#16049);
#16023=MECHANICAL_DESIGN_GEOMETRIC_PRESENTATION_REPRESENTATION('',(#9490),
#16050);
#16024=MECHANICAL_DESIGN_GEOMETRIC_PRESENTATION_REPRESENTATION('',(#9491),
#16051);
#16025=MECHANICAL_DESIGN_GEOMETRIC_PRESENTATION_REPRESENTATION('',(#9492),
#16052);
#16026=MECHANICAL_DESIGN_GEOMETRIC_PRESENTATION_REPRESENTATION('',(#9493),
#16053);
#16027=MECHANICAL_DESIGN_GEOMETRIC_PRESENTATION_REPRESENTATION('',(#9494),
#16054);
#16028=MECHANICAL_DESIGN_GEOMETRIC_PRESENTATION_REPRESENTATION('',(#9495),
#16055);
#16029=MECHANICAL_DESIGN_GEOMETRIC_PRESENTATION_REPRESENTATION('',(#9496),
#16056);
#16030=MECHANICAL_DESIGN_GEOMETRIC_PRESENTATION_REPRESENTATION('',(#9497),
#16057);
#16031=(
GEOMETRIC_REPRESENTATION_CONTEXT(3)
GLOBAL_UNCERTAINTY_ASSIGNED_CONTEXT((#16058))
GLOBAL_UNIT_ASSIGNED_CONTEXT((#16139,#16112,#16085))
REPRESENTATION_CONTEXT('Beep_Top','TOP_LEVEL_ASSEMBLY_PART')
);
#16032=(
GEOMETRIC_REPRESENTATION_CONTEXT(3)
GLOBAL_UNCERTAINTY_ASSIGNED_CONTEXT((#16059))
GLOBAL_UNIT_ASSIGNED_CONTEXT((#16140,#16113,#16086))
REPRESENTATION_CONTEXT('AudioLevels','TOP_LEVEL_ASSEMBLY_PART')
);
#16033=(
GEOMETRIC_REPRESENTATION_CONTEXT(3)
GLOBAL_UNCERTAINTY_ASSIGNED_CONTEXT((#16060))
GLOBAL_UNIT_ASSIGNED_CONTEXT((#16141,#16114,#16087))
REPRESENTATION_CONTEXT('AudioLevels','TOP_LEVEL_ASSEMBLY_PART')
);
#16034=(
GEOMETRIC_REPRESENTATION_CONTEXT(3)
GLOBAL_UNCERTAINTY_ASSIGNED_CONTEXT((#16061))
GLOBAL_UNIT_ASSIGNED_CONTEXT((#16142,#16115,#16088))
REPRESENTATION_CONTEXT('AudioLevels','TOP_LEVEL_ASSEMBLY_PART')
);
#16035=(
GEOMETRIC_REPRESENTATION_CONTEXT(3)
GLOBAL_UNCERTAINTY_ASSIGNED_CONTEXT((#16062))
GLOBAL_UNIT_ASSIGNED_CONTEXT((#16143,#16116,#16089))
REPRESENTATION_CONTEXT('AudioLevels','TOP_LEVEL_ASSEMBLY_PART')
);
#16036=(
GEOMETRIC_REPRESENTATION_CONTEXT(3)
GLOBAL_UNCERTAINTY_ASSIGNED_CONTEXT((#16063))
GLOBAL_UNIT_ASSIGNED_CONTEXT((#16144,#16117,#16090))
REPRESENTATION_CONTEXT('AudioLevels','TOP_LEVEL_ASSEMBLY_PART')
);
#16037=(
GEOMETRIC_REPRESENTATION_CONTEXT(3)
GLOBAL_UNCERTAINTY_ASSIGNED_CONTEXT((#16064))
GLOBAL_UNIT_ASSIGNED_CONTEXT((#16145,#16118,#16091))
REPRESENTATION_CONTEXT('AudioLevels','TOP_LEVEL_ASSEMBLY_PART')
);
#16038=(
GEOMETRIC_REPRESENTATION_CONTEXT(3)
GLOBAL_UNCERTAINTY_ASSIGNED_CONTEXT((#16065))
GLOBAL_UNIT_ASSIGNED_CONTEXT((#16146,#16119,#16092))
REPRESENTATION_CONTEXT('AudioLevels','TOP_LEVEL_ASSEMBLY_PART')
);
#16039=(
GEOMETRIC_REPRESENTATION_CONTEXT(3)
GLOBAL_UNCERTAINTY_ASSIGNED_CONTEXT((#16066))
GLOBAL_UNIT_ASSIGNED_CONTEXT((#16147,#16120,#16093))
REPRESENTATION_CONTEXT('AudioLevels','TOP_LEVEL_ASSEMBLY_PART')
);
#16040=(
GEOMETRIC_REPRESENTATION_CONTEXT(3)
GLOBAL_UNCERTAINTY_ASSIGNED_CONTEXT((#16067))
GLOBAL_UNIT_ASSIGNED_CONTEXT((#16148,#16121,#16094))
REPRESENTATION_CONTEXT('AudioLevels','TOP_LEVEL_ASSEMBLY_PART')
);
#16041=(
GEOMETRIC_REPRESENTATION_CONTEXT(3)
GLOBAL_UNCERTAINTY_ASSIGNED_CONTEXT((#16068))
GLOBAL_UNIT_ASSIGNED_CONTEXT((#16149,#16122,#16095))
REPRESENTATION_CONTEXT('AudioLevels','TOP_LEVEL_ASSEMBLY_PART')
);
#16042=(
GEOMETRIC_REPRESENTATION_CONTEXT(3)
GLOBAL_UNCERTAINTY_ASSIGNED_CONTEXT((#16069))
GLOBAL_UNIT_ASSIGNED_CONTEXT((#16150,#16123,#16096))
REPRESENTATION_CONTEXT('AudioLevels','TOP_LEVEL_ASSEMBLY_PART')
);
#16043=(
GEOMETRIC_REPRESENTATION_CONTEXT(3)
GLOBAL_UNCERTAINTY_ASSIGNED_CONTEXT((#16070))
GLOBAL_UNIT_ASSIGNED_CONTEXT((#16151,#16124,#16097))
REPRESENTATION_CONTEXT('AudioLevels','TOP_LEVEL_ASSEMBLY_PART')
);
#16044=(
GEOMETRIC_REPRESENTATION_CONTEXT(3)
GLOBAL_UNCERTAINTY_ASSIGNED_CONTEXT((#16071))
GLOBAL_UNIT_ASSIGNED_CONTEXT((#16152,#16125,#16098))
REPRESENTATION_CONTEXT('AudioLevels','TOP_LEVEL_ASSEMBLY_PART')
);
#16045=(
GEOMETRIC_REPRESENTATION_CONTEXT(3)
GLOBAL_UNCERTAINTY_ASSIGNED_CONTEXT((#16072))
GLOBAL_UNIT_ASSIGNED_CONTEXT((#16153,#16126,#16099))
REPRESENTATION_CONTEXT('AudioLevels','TOP_LEVEL_ASSEMBLY_PART')
);
#16046=(
GEOMETRIC_REPRESENTATION_CONTEXT(3)
GLOBAL_UNCERTAINTY_ASSIGNED_CONTEXT((#16073))
GLOBAL_UNIT_ASSIGNED_CONTEXT((#16154,#16127,#16100))
REPRESENTATION_CONTEXT('AudioLevels','TOP_LEVEL_ASSEMBLY_PART')
);
#16047=(
GEOMETRIC_REPRESENTATION_CONTEXT(3)
GLOBAL_UNCERTAINTY_ASSIGNED_CONTEXT((#16074))
GLOBAL_UNIT_ASSIGNED_CONTEXT((#16155,#16128,#16101))
REPRESENTATION_CONTEXT('AudioLevels','TOP_LEVEL_ASSEMBLY_PART')
);
#16048=(
GEOMETRIC_REPRESENTATION_CONTEXT(3)
GLOBAL_UNCERTAINTY_ASSIGNED_CONTEXT((#16075))
GLOBAL_UNIT_ASSIGNED_CONTEXT((#16156,#16129,#16102))
REPRESENTATION_CONTEXT('AudioLevels','TOP_LEVEL_ASSEMBLY_PART')
);
#16049=(
GEOMETRIC_REPRESENTATION_CONTEXT(3)
GLOBAL_UNCERTAINTY_ASSIGNED_CONTEXT((#16076))
GLOBAL_UNIT_ASSIGNED_CONTEXT((#16157,#16130,#16103))
REPRESENTATION_CONTEXT('AudioLevels','TOP_LEVEL_ASSEMBLY_PART')
);
#16050=(
GEOMETRIC_REPRESENTATION_CONTEXT(3)
GLOBAL_UNCERTAINTY_ASSIGNED_CONTEXT((#16077))
GLOBAL_UNIT_ASSIGNED_CONTEXT((#16158,#16131,#16104))
REPRESENTATION_CONTEXT('AudioLevels','TOP_LEVEL_ASSEMBLY_PART')
);
#16051=(
GEOMETRIC_REPRESENTATION_CONTEXT(3)
GLOBAL_UNCERTAINTY_ASSIGNED_CONTEXT((#16078))
GLOBAL_UNIT_ASSIGNED_CONTEXT((#16159,#16132,#16105))
REPRESENTATION_CONTEXT('AudioLevels','TOP_LEVEL_ASSEMBLY_PART')
);
#16052=(
GEOMETRIC_REPRESENTATION_CONTEXT(3)
GLOBAL_UNCERTAINTY_ASSIGNED_CONTEXT((#16079))
GLOBAL_UNIT_ASSIGNED_CONTEXT((#16160,#16133,#16106))
REPRESENTATION_CONTEXT('AudioLevels','TOP_LEVEL_ASSEMBLY_PART')
);
#16053=(
GEOMETRIC_REPRESENTATION_CONTEXT(3)
GLOBAL_UNCERTAINTY_ASSIGNED_CONTEXT((#16080))
GLOBAL_UNIT_ASSIGNED_CONTEXT((#16161,#16134,#16107))
REPRESENTATION_CONTEXT('AudioLevels','TOP_LEVEL_ASSEMBLY_PART')
);
#16054=(
GEOMETRIC_REPRESENTATION_CONTEXT(3)
GLOBAL_UNCERTAINTY_ASSIGNED_CONTEXT((#16081))
GLOBAL_UNIT_ASSIGNED_CONTEXT((#16162,#16135,#16108))
REPRESENTATION_CONTEXT('AudioLevels','TOP_LEVEL_ASSEMBLY_PART')
);
#16055=(
GEOMETRIC_REPRESENTATION_CONTEXT(3)
GLOBAL_UNCERTAINTY_ASSIGNED_CONTEXT((#16082))
GLOBAL_UNIT_ASSIGNED_CONTEXT((#16163,#16136,#16109))
REPRESENTATION_CONTEXT('AudioLevels','TOP_LEVEL_ASSEMBLY_PART')
);
#16056=(
GEOMETRIC_REPRESENTATION_CONTEXT(3)
GLOBAL_UNCERTAINTY_ASSIGNED_CONTEXT((#16083))
GLOBAL_UNIT_ASSIGNED_CONTEXT((#16164,#16137,#16110))
REPRESENTATION_CONTEXT('AudioLevels','TOP_LEVEL_ASSEMBLY_PART')
);
#16057=(
GEOMETRIC_REPRESENTATION_CONTEXT(3)
GLOBAL_UNCERTAINTY_ASSIGNED_CONTEXT((#16084))
GLOBAL_UNIT_ASSIGNED_CONTEXT((#16165,#16138,#16111))
REPRESENTATION_CONTEXT('AudioDisplay','TOP_LEVEL_ASSEMBLY_PART')
);
#16058=UNCERTAINTY_MEASURE_WITH_UNIT(LENGTH_MEASURE(2.E-5),#16139,
'DISTANCE_ACCURACY_VALUE','Maximum Tolerance applied to model');
#16059=UNCERTAINTY_MEASURE_WITH_UNIT(LENGTH_MEASURE(1.E-8),#16140,
'DISTANCE_ACCURACY_VALUE','Maximum Tolerance applied to model');
#16060=UNCERTAINTY_MEASURE_WITH_UNIT(LENGTH_MEASURE(1.E-8),#16141,
'DISTANCE_ACCURACY_VALUE','Maximum Tolerance applied to model');
#16061=UNCERTAINTY_MEASURE_WITH_UNIT(LENGTH_MEASURE(1.E-8),#16142,
'DISTANCE_ACCURACY_VALUE','Maximum Tolerance applied to model');
#16062=UNCERTAINTY_MEASURE_WITH_UNIT(LENGTH_MEASURE(1.E-8),#16143,
'DISTANCE_ACCURACY_VALUE','Maximum Tolerance applied to model');
#16063=UNCERTAINTY_MEASURE_WITH_UNIT(LENGTH_MEASURE(1.E-8),#16144,
'DISTANCE_ACCURACY_VALUE','Maximum Tolerance applied to model');
#16064=UNCERTAINTY_MEASURE_WITH_UNIT(LENGTH_MEASURE(1.E-8),#16145,
'DISTANCE_ACCURACY_VALUE','Maximum Tolerance applied to model');
#16065=UNCERTAINTY_MEASURE_WITH_UNIT(LENGTH_MEASURE(1.E-8),#16146,
'DISTANCE_ACCURACY_VALUE','Maximum Tolerance applied to model');
#16066=UNCERTAINTY_MEASURE_WITH_UNIT(LENGTH_MEASURE(1.E-8),#16147,
'DISTANCE_ACCURACY_VALUE','Maximum Tolerance applied to model');
#16067=UNCERTAINTY_MEASURE_WITH_UNIT(LENGTH_MEASURE(1.E-8),#16148,
'DISTANCE_ACCURACY_VALUE','Maximum Tolerance applied to model');
#16068=UNCERTAINTY_MEASURE_WITH_UNIT(LENGTH_MEASURE(1.E-8),#16149,
'DISTANCE_ACCURACY_VALUE','Maximum Tolerance applied to model');
#16069=UNCERTAINTY_MEASURE_WITH_UNIT(LENGTH_MEASURE(1.E-8),#16150,
'DISTANCE_ACCURACY_VALUE','Maximum Tolerance applied to model');
#16070=UNCERTAINTY_MEASURE_WITH_UNIT(LENGTH_MEASURE(1.E-8),#16151,
'DISTANCE_ACCURACY_VALUE','Maximum Tolerance applied to model');
#16071=UNCERTAINTY_MEASURE_WITH_UNIT(LENGTH_MEASURE(1.E-8),#16152,
'DISTANCE_ACCURACY_VALUE','Maximum Tolerance applied to model');
#16072=UNCERTAINTY_MEASURE_WITH_UNIT(LENGTH_MEASURE(1.E-8),#16153,
'DISTANCE_ACCURACY_VALUE','Maximum Tolerance applied to model');
#16073=UNCERTAINTY_MEASURE_WITH_UNIT(LENGTH_MEASURE(1.E-8),#16154,
'DISTANCE_ACCURACY_VALUE','Maximum Tolerance applied to model');
#16074=UNCERTAINTY_MEASURE_WITH_UNIT(LENGTH_MEASURE(1.E-8),#16155,
'DISTANCE_ACCURACY_VALUE','Maximum Tolerance applied to model');
#16075=UNCERTAINTY_MEASURE_WITH_UNIT(LENGTH_MEASURE(1.E-8),#16156,
'DISTANCE_ACCURACY_VALUE','Maximum Tolerance applied to model');
#16076=UNCERTAINTY_MEASURE_WITH_UNIT(LENGTH_MEASURE(1.E-8),#16157,
'DISTANCE_ACCURACY_VALUE','Maximum Tolerance applied to model');
#16077=UNCERTAINTY_MEASURE_WITH_UNIT(LENGTH_MEASURE(1.E-8),#16158,
'DISTANCE_ACCURACY_VALUE','Maximum Tolerance applied to model');
#16078=UNCERTAINTY_MEASURE_WITH_UNIT(LENGTH_MEASURE(1.E-8),#16159,
'DISTANCE_ACCURACY_VALUE','Maximum Tolerance applied to model');
#16079=UNCERTAINTY_MEASURE_WITH_UNIT(LENGTH_MEASURE(1.E-8),#16160,
'DISTANCE_ACCURACY_VALUE','Maximum Tolerance applied to model');
#16080=UNCERTAINTY_MEASURE_WITH_UNIT(LENGTH_MEASURE(1.E-8),#16161,
'DISTANCE_ACCURACY_VALUE','Maximum Tolerance applied to model');
#16081=UNCERTAINTY_MEASURE_WITH_UNIT(LENGTH_MEASURE(1.E-8),#16162,
'DISTANCE_ACCURACY_VALUE','Maximum Tolerance applied to model');
#16082=UNCERTAINTY_MEASURE_WITH_UNIT(LENGTH_MEASURE(1.E-8),#16163,
'DISTANCE_ACCURACY_VALUE','Maximum Tolerance applied to model');
#16083=UNCERTAINTY_MEASURE_WITH_UNIT(LENGTH_MEASURE(1.E-8),#16164,
'DISTANCE_ACCURACY_VALUE','Maximum Tolerance applied to model');
#16084=UNCERTAINTY_MEASURE_WITH_UNIT(LENGTH_MEASURE(1.E-8),#16165,
'DISTANCE_ACCURACY_VALUE','Maximum Tolerance applied to model');
#16085=(
NAMED_UNIT(*)
SI_UNIT($,.STERADIAN.)
SOLID_ANGLE_UNIT()
);
#16086=(
NAMED_UNIT(*)
SI_UNIT($,.STERADIAN.)
SOLID_ANGLE_UNIT()
);
#16087=(
NAMED_UNIT(*)
SI_UNIT($,.STERADIAN.)
SOLID_ANGLE_UNIT()
);
#16088=(
NAMED_UNIT(*)
SI_UNIT($,.STERADIAN.)
SOLID_ANGLE_UNIT()
);
#16089=(
NAMED_UNIT(*)
SI_UNIT($,.STERADIAN.)
SOLID_ANGLE_UNIT()
);
#16090=(
NAMED_UNIT(*)
SI_UNIT($,.STERADIAN.)
SOLID_ANGLE_UNIT()
);
#16091=(
NAMED_UNIT(*)
SI_UNIT($,.STERADIAN.)
SOLID_ANGLE_UNIT()
);
#16092=(
NAMED_UNIT(*)
SI_UNIT($,.STERADIAN.)
SOLID_ANGLE_UNIT()
);
#16093=(
NAMED_UNIT(*)
SI_UNIT($,.STERADIAN.)
SOLID_ANGLE_UNIT()
);
#16094=(
NAMED_UNIT(*)
SI_UNIT($,.STERADIAN.)
SOLID_ANGLE_UNIT()
);
#16095=(
NAMED_UNIT(*)
SI_UNIT($,.STERADIAN.)
SOLID_ANGLE_UNIT()
);
#16096=(
NAMED_UNIT(*)
SI_UNIT($,.STERADIAN.)
SOLID_ANGLE_UNIT()
);
#16097=(
NAMED_UNIT(*)
SI_UNIT($,.STERADIAN.)
SOLID_ANGLE_UNIT()
);
#16098=(
NAMED_UNIT(*)
SI_UNIT($,.STERADIAN.)
SOLID_ANGLE_UNIT()
);
#16099=(
NAMED_UNIT(*)
SI_UNIT($,.STERADIAN.)
SOLID_ANGLE_UNIT()
);
#16100=(
NAMED_UNIT(*)
SI_UNIT($,.STERADIAN.)
SOLID_ANGLE_UNIT()
);
#16101=(
NAMED_UNIT(*)
SI_UNIT($,.STERADIAN.)
SOLID_ANGLE_UNIT()
);
#16102=(
NAMED_UNIT(*)
SI_UNIT($,.STERADIAN.)
SOLID_ANGLE_UNIT()
);
#16103=(
NAMED_UNIT(*)
SI_UNIT($,.STERADIAN.)
SOLID_ANGLE_UNIT()
);
#16104=(
NAMED_UNIT(*)
SI_UNIT($,.STERADIAN.)
SOLID_ANGLE_UNIT()
);
#16105=(
NAMED_UNIT(*)
SI_UNIT($,.STERADIAN.)
SOLID_ANGLE_UNIT()
);
#16106=(
NAMED_UNIT(*)
SI_UNIT($,.STERADIAN.)
SOLID_ANGLE_UNIT()
);
#16107=(
NAMED_UNIT(*)
SI_UNIT($,.STERADIAN.)
SOLID_ANGLE_UNIT()
);
#16108=(
NAMED_UNIT(*)
SI_UNIT($,.STERADIAN.)
SOLID_ANGLE_UNIT()
);
#16109=(
NAMED_UNIT(*)
SI_UNIT($,.STERADIAN.)
SOLID_ANGLE_UNIT()
);
#16110=(
NAMED_UNIT(*)
SI_UNIT($,.STERADIAN.)
SOLID_ANGLE_UNIT()
);
#16111=(
NAMED_UNIT(*)
SI_UNIT($,.STERADIAN.)
SOLID_ANGLE_UNIT()
);
#16112=(
NAMED_UNIT(*)
PLANE_ANGLE_UNIT()
SI_UNIT($,.RADIAN.)
);
#16113=(
NAMED_UNIT(*)
PLANE_ANGLE_UNIT()
SI_UNIT($,.RADIAN.)
);
#16114=(
NAMED_UNIT(*)
PLANE_ANGLE_UNIT()
SI_UNIT($,.RADIAN.)
);
#16115=(
NAMED_UNIT(*)
PLANE_ANGLE_UNIT()
SI_UNIT($,.RADIAN.)
);
#16116=(
NAMED_UNIT(*)
PLANE_ANGLE_UNIT()
SI_UNIT($,.RADIAN.)
);
#16117=(
NAMED_UNIT(*)
PLANE_ANGLE_UNIT()
SI_UNIT($,.RADIAN.)
);
#16118=(
NAMED_UNIT(*)
PLANE_ANGLE_UNIT()
SI_UNIT($,.RADIAN.)
);
#16119=(
NAMED_UNIT(*)
PLANE_ANGLE_UNIT()
SI_UNIT($,.RADIAN.)
);
#16120=(
NAMED_UNIT(*)
PLANE_ANGLE_UNIT()
SI_UNIT($,.RADIAN.)
);
#16121=(
NAMED_UNIT(*)
PLANE_ANGLE_UNIT()
SI_UNIT($,.RADIAN.)
);
#16122=(
NAMED_UNIT(*)
PLANE_ANGLE_UNIT()
SI_UNIT($,.RADIAN.)
);
#16123=(
NAMED_UNIT(*)
PLANE_ANGLE_UNIT()
SI_UNIT($,.RADIAN.)
);
#16124=(
NAMED_UNIT(*)
PLANE_ANGLE_UNIT()
SI_UNIT($,.RADIAN.)
);
#16125=(
NAMED_UNIT(*)
PLANE_ANGLE_UNIT()
SI_UNIT($,.RADIAN.)
);
#16126=(
NAMED_UNIT(*)
PLANE_ANGLE_UNIT()
SI_UNIT($,.RADIAN.)
);
#16127=(
NAMED_UNIT(*)
PLANE_ANGLE_UNIT()
SI_UNIT($,.RADIAN.)
);
#16128=(
NAMED_UNIT(*)
PLANE_ANGLE_UNIT()
SI_UNIT($,.RADIAN.)
);
#16129=(
NAMED_UNIT(*)
PLANE_ANGLE_UNIT()
SI_UNIT($,.RADIAN.)
);
#16130=(
NAMED_UNIT(*)
PLANE_ANGLE_UNIT()
SI_UNIT($,.RADIAN.)
);
#16131=(
NAMED_UNIT(*)
PLANE_ANGLE_UNIT()
SI_UNIT($,.RADIAN.)
);
#16132=(
NAMED_UNIT(*)
PLANE_ANGLE_UNIT()
SI_UNIT($,.RADIAN.)
);
#16133=(
NAMED_UNIT(*)
PLANE_ANGLE_UNIT()
SI_UNIT($,.RADIAN.)
);
#16134=(
NAMED_UNIT(*)
PLANE_ANGLE_UNIT()
SI_UNIT($,.RADIAN.)
);
#16135=(
NAMED_UNIT(*)
PLANE_ANGLE_UNIT()
SI_UNIT($,.RADIAN.)
);
#16136=(
NAMED_UNIT(*)
PLANE_ANGLE_UNIT()
SI_UNIT($,.RADIAN.)
);
#16137=(
NAMED_UNIT(*)
PLANE_ANGLE_UNIT()
SI_UNIT($,.RADIAN.)
);
#16138=(
NAMED_UNIT(*)
PLANE_ANGLE_UNIT()
SI_UNIT($,.RADIAN.)
);
#16139=(
LENGTH_UNIT()
NAMED_UNIT(*)
SI_UNIT($,.METRE.)
);
#16140=(
LENGTH_UNIT()
NAMED_UNIT(*)
SI_UNIT($,.METRE.)
);
#16141=(
LENGTH_UNIT()
NAMED_UNIT(*)
SI_UNIT($,.METRE.)
);
#16142=(
LENGTH_UNIT()
NAMED_UNIT(*)
SI_UNIT($,.METRE.)
);
#16143=(
LENGTH_UNIT()
NAMED_UNIT(*)
SI_UNIT($,.METRE.)
);
#16144=(
LENGTH_UNIT()
NAMED_UNIT(*)
SI_UNIT($,.METRE.)
);
#16145=(
LENGTH_UNIT()
NAMED_UNIT(*)
SI_UNIT($,.METRE.)
);
#16146=(
LENGTH_UNIT()
NAMED_UNIT(*)
SI_UNIT($,.METRE.)
);
#16147=(
LENGTH_UNIT()
NAMED_UNIT(*)
SI_UNIT($,.METRE.)
);
#16148=(
LENGTH_UNIT()
NAMED_UNIT(*)
SI_UNIT($,.METRE.)
);
#16149=(
LENGTH_UNIT()
NAMED_UNIT(*)
SI_UNIT($,.METRE.)
);
#16150=(
LENGTH_UNIT()
NAMED_UNIT(*)
SI_UNIT($,.METRE.)
);
#16151=(
LENGTH_UNIT()
NAMED_UNIT(*)
SI_UNIT($,.METRE.)
);
#16152=(
LENGTH_UNIT()
NAMED_UNIT(*)
SI_UNIT($,.METRE.)
);
#16153=(
LENGTH_UNIT()
NAMED_UNIT(*)
SI_UNIT($,.METRE.)
);
#16154=(
LENGTH_UNIT()
NAMED_UNIT(*)
SI_UNIT($,.METRE.)
);
#16155=(
LENGTH_UNIT()
NAMED_UNIT(*)
SI_UNIT($,.METRE.)
);
#16156=(
LENGTH_UNIT()
NAMED_UNIT(*)
SI_UNIT($,.METRE.)
);
#16157=(
LENGTH_UNIT()
NAMED_UNIT(*)
SI_UNIT($,.METRE.)
);
#16158=(
LENGTH_UNIT()
NAMED_UNIT(*)
SI_UNIT($,.METRE.)
);
#16159=(
LENGTH_UNIT()
NAMED_UNIT(*)
SI_UNIT($,.METRE.)
);
#16160=(
LENGTH_UNIT()
NAMED_UNIT(*)
SI_UNIT($,.METRE.)
);
#16161=(
LENGTH_UNIT()
NAMED_UNIT(*)
SI_UNIT($,.METRE.)
);
#16162=(
LENGTH_UNIT()
NAMED_UNIT(*)
SI_UNIT($,.METRE.)
);
#16163=(
LENGTH_UNIT()
NAMED_UNIT(*)
SI_UNIT($,.METRE.)
);
#16164=(
LENGTH_UNIT()
NAMED_UNIT(*)
SI_UNIT($,.METRE.)
);
#16165=(
LENGTH_UNIT()
NAMED_UNIT(*)
SI_UNIT($,.METRE.)
);
#16166=PRODUCT_DEFINITION_SHAPE('','',#16193);
#16167=PRODUCT_DEFINITION_SHAPE('','',#16194);
#16168=PRODUCT_DEFINITION_SHAPE('','',#16195);
#16169=PRODUCT_DEFINITION_SHAPE('','',#16196);
#16170=PRODUCT_DEFINITION_SHAPE('','',#16197);
#16171=PRODUCT_DEFINITION_SHAPE('','',#16198);
#16172=PRODUCT_DEFINITION_SHAPE('','',#16199);
#16173=PRODUCT_DEFINITION_SHAPE('','',#16200);
#16174=PRODUCT_DEFINITION_SHAPE('','',#16201);
#16175=PRODUCT_DEFINITION_SHAPE('','',#16202);
#16176=PRODUCT_DEFINITION_SHAPE('','',#16203);
#16177=PRODUCT_DEFINITION_SHAPE('','',#16204);
#16178=PRODUCT_DEFINITION_SHAPE('','',#16205);
#16179=PRODUCT_DEFINITION_SHAPE('','',#16206);
#16180=PRODUCT_DEFINITION_SHAPE('','',#16207);
#16181=PRODUCT_DEFINITION_SHAPE('','',#16208);
#16182=PRODUCT_DEFINITION_SHAPE('','',#16209);
#16183=PRODUCT_DEFINITION_SHAPE('','',#16210);
#16184=PRODUCT_DEFINITION_SHAPE('','',#16211);
#16185=PRODUCT_DEFINITION_SHAPE('','',#16212);
#16186=PRODUCT_DEFINITION_SHAPE('','',#16213);
#16187=PRODUCT_DEFINITION_SHAPE('','',#16214);
#16188=PRODUCT_DEFINITION_SHAPE('','',#16215);
#16189=PRODUCT_DEFINITION_SHAPE('','',#16216);
#16190=PRODUCT_DEFINITION_SHAPE('','',#16217);
#16191=PRODUCT_DEFINITION_SHAPE('','',#16218);
#16192=PRODUCT_DEFINITION_SHAPE('','',#16219);
#16193=PRODUCT_DEFINITION('','',#16247,#16220);
#16194=PRODUCT_DEFINITION('','',#16248,#16221);
#16195=PRODUCT_DEFINITION('','',#16249,#16222);
#16196=PRODUCT_DEFINITION('','',#16250,#16223);
#16197=PRODUCT_DEFINITION('','',#16251,#16224);
#16198=PRODUCT_DEFINITION('','',#16252,#16225);
#16199=PRODUCT_DEFINITION('','',#16253,#16226);
#16200=PRODUCT_DEFINITION('','',#16254,#16227);
#16201=PRODUCT_DEFINITION('','',#16255,#16228);
#16202=PRODUCT_DEFINITION('','',#16256,#16229);
#16203=PRODUCT_DEFINITION('','',#16257,#16230);
#16204=PRODUCT_DEFINITION('','',#16258,#16231);
#16205=PRODUCT_DEFINITION('','',#16259,#16232);
#16206=PRODUCT_DEFINITION('','',#16260,#16233);
#16207=PRODUCT_DEFINITION('','',#16261,#16234);
#16208=PRODUCT_DEFINITION('','',#16262,#16235);
#16209=PRODUCT_DEFINITION('','',#16263,#16236);
#16210=PRODUCT_DEFINITION('','',#16264,#16237);
#16211=PRODUCT_DEFINITION('','',#16265,#16238);
#16212=PRODUCT_DEFINITION('','',#16266,#16239);
#16213=PRODUCT_DEFINITION('','',#16267,#16240);
#16214=PRODUCT_DEFINITION('','',#16268,#16241);
#16215=PRODUCT_DEFINITION('','',#16269,#16242);
#16216=PRODUCT_DEFINITION('','',#16270,#16243);
#16217=PRODUCT_DEFINITION('','',#16271,#16244);
#16218=PRODUCT_DEFINITION('','',#16272,#16245);
#16219=PRODUCT_DEFINITION('','',#16273,#16246);
#16220=PRODUCT_DEFINITION_CONTEXT('',#16409,'design');
#16221=PRODUCT_DEFINITION_CONTEXT('',#16410,'design');
#16222=PRODUCT_DEFINITION_CONTEXT('',#16411,'design');
#16223=PRODUCT_DEFINITION_CONTEXT('',#16412,'design');
#16224=PRODUCT_DEFINITION_CONTEXT('',#16413,'design');
#16225=PRODUCT_DEFINITION_CONTEXT('',#16414,'design');
#16226=PRODUCT_DEFINITION_CONTEXT('',#16415,'design');
#16227=PRODUCT_DEFINITION_CONTEXT('',#16416,'design');
#16228=PRODUCT_DEFINITION_CONTEXT('',#16417,'design');
#16229=PRODUCT_DEFINITION_CONTEXT('',#16418,'design');
#16230=PRODUCT_DEFINITION_CONTEXT('',#16419,'design');
#16231=PRODUCT_DEFINITION_CONTEXT('',#16420,'design');
#16232=PRODUCT_DEFINITION_CONTEXT('',#16421,'design');
#16233=PRODUCT_DEFINITION_CONTEXT('',#16422,'design');
#16234=PRODUCT_DEFINITION_CONTEXT('',#16423,'design');
#16235=PRODUCT_DEFINITION_CONTEXT('',#16424,'design');
#16236=PRODUCT_DEFINITION_CONTEXT('',#16425,'design');
#16237=PRODUCT_DEFINITION_CONTEXT('',#16426,'design');
#16238=PRODUCT_DEFINITION_CONTEXT('',#16427,'design');
#16239=PRODUCT_DEFINITION_CONTEXT('',#16428,'design');
#16240=PRODUCT_DEFINITION_CONTEXT('',#16429,'design');
#16241=PRODUCT_DEFINITION_CONTEXT('',#16430,'design');
#16242=PRODUCT_DEFINITION_CONTEXT('',#16431,'design');
#16243=PRODUCT_DEFINITION_CONTEXT('',#16432,'design');
#16244=PRODUCT_DEFINITION_CONTEXT('',#16433,'design');
#16245=PRODUCT_DEFINITION_CONTEXT('',#16434,'design');
#16246=PRODUCT_DEFINITION_CONTEXT('',#16435,'design');
#16247=PRODUCT_DEFINITION_FORMATION_WITH_SPECIFIED_SOURCE('','',#16301,
 .NOT_KNOWN.);
#16248=PRODUCT_DEFINITION_FORMATION_WITH_SPECIFIED_SOURCE('','',#16302,
 .NOT_KNOWN.);
#16249=PRODUCT_DEFINITION_FORMATION_WITH_SPECIFIED_SOURCE('','',#16303,
 .NOT_KNOWN.);
#16250=PRODUCT_DEFINITION_FORMATION_WITH_SPECIFIED_SOURCE('','',#16304,
 .NOT_KNOWN.);
#16251=PRODUCT_DEFINITION_FORMATION_WITH_SPECIFIED_SOURCE('','',#16305,
 .NOT_KNOWN.);
#16252=PRODUCT_DEFINITION_FORMATION_WITH_SPECIFIED_SOURCE('','',#16306,
 .NOT_KNOWN.);
#16253=PRODUCT_DEFINITION_FORMATION_WITH_SPECIFIED_SOURCE('','',#16307,
 .NOT_KNOWN.);
#16254=PRODUCT_DEFINITION_FORMATION_WITH_SPECIFIED_SOURCE('','',#16308,
 .NOT_KNOWN.);
#16255=PRODUCT_DEFINITION_FORMATION_WITH_SPECIFIED_SOURCE('','',#16309,
 .NOT_KNOWN.);
#16256=PRODUCT_DEFINITION_FORMATION_WITH_SPECIFIED_SOURCE('','',#16310,
 .NOT_KNOWN.);
#16257=PRODUCT_DEFINITION_FORMATION_WITH_SPECIFIED_SOURCE('','',#16311,
 .NOT_KNOWN.);
#16258=PRODUCT_DEFINITION_FORMATION_WITH_SPECIFIED_SOURCE('','',#16312,
 .NOT_KNOWN.);
#16259=PRODUCT_DEFINITION_FORMATION_WITH_SPECIFIED_SOURCE('','',#16313,
 .NOT_KNOWN.);
#16260=PRODUCT_DEFINITION_FORMATION_WITH_SPECIFIED_SOURCE('','',#16314,
 .NOT_KNOWN.);
#16261=PRODUCT_DEFINITION_FORMATION_WITH_SPECIFIED_SOURCE('','',#16315,
 .NOT_KNOWN.);
#16262=PRODUCT_DEFINITION_FORMATION_WITH_SPECIFIED_SOURCE('','',#16316,
 .NOT_KNOWN.);
#16263=PRODUCT_DEFINITION_FORMATION_WITH_SPECIFIED_SOURCE('','',#16317,
 .NOT_KNOWN.);
#16264=PRODUCT_DEFINITION_FORMATION_WITH_SPECIFIED_SOURCE('','',#16318,
 .NOT_KNOWN.);
#16265=PRODUCT_DEFINITION_FORMATION_WITH_SPECIFIED_SOURCE('','',#16319,
 .NOT_KNOWN.);
#16266=PRODUCT_DEFINITION_FORMATION_WITH_SPECIFIED_SOURCE('','',#16320,
 .NOT_KNOWN.);
#16267=PRODUCT_DEFINITION_FORMATION_WITH_SPECIFIED_SOURCE('','',#16321,
 .NOT_KNOWN.);
#16268=PRODUCT_DEFINITION_FORMATION_WITH_SPECIFIED_SOURCE('','',#16322,
 .NOT_KNOWN.);
#16269=PRODUCT_DEFINITION_FORMATION_WITH_SPECIFIED_SOURCE('','',#16323,
 .NOT_KNOWN.);
#16270=PRODUCT_DEFINITION_FORMATION_WITH_SPECIFIED_SOURCE('','',#16324,
 .NOT_KNOWN.);
#16271=PRODUCT_DEFINITION_FORMATION_WITH_SPECIFIED_SOURCE('','',#16325,
 .NOT_KNOWN.);
#16272=PRODUCT_DEFINITION_FORMATION_WITH_SPECIFIED_SOURCE('','',#16326,
 .NOT_KNOWN.);
#16273=PRODUCT_DEFINITION_FORMATION_WITH_SPECIFIED_SOURCE('','',#16327,
 .NOT_KNOWN.);
#16274=PRODUCT_RELATED_PRODUCT_CATEGORY('','',(#16301));
#16275=PRODUCT_RELATED_PRODUCT_CATEGORY('','',(#16302));
#16276=PRODUCT_RELATED_PRODUCT_CATEGORY('','',(#16303));
#16277=PRODUCT_RELATED_PRODUCT_CATEGORY('','',(#16304));
#16278=PRODUCT_RELATED_PRODUCT_CATEGORY('','',(#16305));
#16279=PRODUCT_RELATED_PRODUCT_CATEGORY('','',(#16306));
#16280=PRODUCT_RELATED_PRODUCT_CATEGORY('','',(#16307));
#16281=PRODUCT_RELATED_PRODUCT_CATEGORY('','',(#16308));
#16282=PRODUCT_RELATED_PRODUCT_CATEGORY('','',(#16309));
#16283=PRODUCT_RELATED_PRODUCT_CATEGORY('','',(#16310));
#16284=PRODUCT_RELATED_PRODUCT_CATEGORY('','',(#16311));
#16285=PRODUCT_RELATED_PRODUCT_CATEGORY('','',(#16312));
#16286=PRODUCT_RELATED_PRODUCT_CATEGORY('','',(#16313));
#16287=PRODUCT_RELATED_PRODUCT_CATEGORY('','',(#16314));
#16288=PRODUCT_RELATED_PRODUCT_CATEGORY('','',(#16315));
#16289=PRODUCT_RELATED_PRODUCT_CATEGORY('','',(#16316));
#16290=PRODUCT_RELATED_PRODUCT_CATEGORY('','',(#16317));
#16291=PRODUCT_RELATED_PRODUCT_CATEGORY('','',(#16318));
#16292=PRODUCT_RELATED_PRODUCT_CATEGORY('','',(#16319));
#16293=PRODUCT_RELATED_PRODUCT_CATEGORY('','',(#16320));
#16294=PRODUCT_RELATED_PRODUCT_CATEGORY('','',(#16321));
#16295=PRODUCT_RELATED_PRODUCT_CATEGORY('','',(#16322));
#16296=PRODUCT_RELATED_PRODUCT_CATEGORY('','',(#16323));
#16297=PRODUCT_RELATED_PRODUCT_CATEGORY('','',(#16324));
#16298=PRODUCT_RELATED_PRODUCT_CATEGORY('','',(#16325));
#16299=PRODUCT_RELATED_PRODUCT_CATEGORY('','',(#16326));
#16300=PRODUCT_RELATED_PRODUCT_CATEGORY('','',(#16327));
#16301=PRODUCT('Beep_Top','Beep_Top','Beep_Top',(#16355));
#16302=PRODUCT('AudioLevels','AudioLevels','AudioLevels',(#16356));
#16303=PRODUCT('AudioLevels','AudioLevels','AudioLevels',(#16357));
#16304=PRODUCT('AudioLevels','AudioLevels','AudioLevels',(#16358));
#16305=PRODUCT('AudioLevels','AudioLevels','AudioLevels',(#16359));
#16306=PRODUCT('AudioLevels','AudioLevels','AudioLevels',(#16360));
#16307=PRODUCT('AudioLevels','AudioLevels','AudioLevels',(#16361));
#16308=PRODUCT('AudioLevels','AudioLevels','AudioLevels',(#16362));
#16309=PRODUCT('AudioLevels','AudioLevels','AudioLevels',(#16363));
#16310=PRODUCT('AudioLevels','AudioLevels','AudioLevels',(#16364));
#16311=PRODUCT('AudioLevels','AudioLevels','AudioLevels',(#16365));
#16312=PRODUCT('AudioLevels','AudioLevels','AudioLevels',(#16366));
#16313=PRODUCT('AudioLevels','AudioLevels','AudioLevels',(#16367));
#16314=PRODUCT('AudioLevels','AudioLevels','AudioLevels',(#16368));
#16315=PRODUCT('AudioLevels','AudioLevels','AudioLevels',(#16369));
#16316=PRODUCT('AudioLevels','AudioLevels','AudioLevels',(#16370));
#16317=PRODUCT('AudioLevels','AudioLevels','AudioLevels',(#16371));
#16318=PRODUCT('AudioLevels','AudioLevels','AudioLevels',(#16372));
#16319=PRODUCT('AudioLevels','AudioLevels','AudioLevels',(#16373));
#16320=PRODUCT('AudioLevels','AudioLevels','AudioLevels',(#16374));
#16321=PRODUCT('AudioLevels','AudioLevels','AudioLevels',(#16375));
#16322=PRODUCT('AudioLevels','AudioLevels','AudioLevels',(#16376));
#16323=PRODUCT('AudioLevels','AudioLevels','AudioLevels',(#16377));
#16324=PRODUCT('AudioLevels','AudioLevels','AudioLevels',(#16378));
#16325=PRODUCT('AudioLevels','AudioLevels','AudioLevels',(#16379));
#16326=PRODUCT('AudioLevels','AudioLevels','AudioLevels',(#16380));
#16327=PRODUCT('AudioDisplay','AudioDisplay','AudioDisplay',(#16381));
#16328=PRODUCT_CATEGORY('','');
#16329=PRODUCT_CATEGORY('','');
#16330=PRODUCT_CATEGORY('','');
#16331=PRODUCT_CATEGORY('','');
#16332=PRODUCT_CATEGORY('','');
#16333=PRODUCT_CATEGORY('','');
#16334=PRODUCT_CATEGORY('','');
#16335=PRODUCT_CATEGORY('','');
#16336=PRODUCT_CATEGORY('','');
#16337=PRODUCT_CATEGORY('','');
#16338=PRODUCT_CATEGORY('','');
#16339=PRODUCT_CATEGORY('','');
#16340=PRODUCT_CATEGORY('','');
#16341=PRODUCT_CATEGORY('','');
#16342=PRODUCT_CATEGORY('','');
#16343=PRODUCT_CATEGORY('','');
#16344=PRODUCT_CATEGORY('','');
#16345=PRODUCT_CATEGORY('','');
#16346=PRODUCT_CATEGORY('','');
#16347=PRODUCT_CATEGORY('','');
#16348=PRODUCT_CATEGORY('','');
#16349=PRODUCT_CATEGORY('','');
#16350=PRODUCT_CATEGORY('','');
#16351=PRODUCT_CATEGORY('','');
#16352=PRODUCT_CATEGORY('','');
#16353=PRODUCT_CATEGORY('','');
#16354=PRODUCT_CATEGORY('','');
#16355=PRODUCT_CONTEXT('',#16409,'mechanical');
#16356=PRODUCT_CONTEXT('',#16410,'mechanical');
#16357=PRODUCT_CONTEXT('',#16411,'mechanical');
#16358=PRODUCT_CONTEXT('',#16412,'mechanical');
#16359=PRODUCT_CONTEXT('',#16413,'mechanical');
#16360=PRODUCT_CONTEXT('',#16414,'mechanical');
#16361=PRODUCT_CONTEXT('',#16415,'mechanical');
#16362=PRODUCT_CONTEXT('',#16416,'mechanical');
#16363=PRODUCT_CONTEXT('',#16417,'mechanical');
#16364=PRODUCT_CONTEXT('',#16418,'mechanical');
#16365=PRODUCT_CONTEXT('',#16419,'mechanical');
#16366=PRODUCT_CONTEXT('',#16420,'mechanical');
#16367=PRODUCT_CONTEXT('',#16421,'mechanical');
#16368=PRODUCT_CONTEXT('',#16422,'mechanical');
#16369=PRODUCT_CONTEXT('',#16423,'mechanical');
#16370=PRODUCT_CONTEXT('',#16424,'mechanical');
#16371=PRODUCT_CONTEXT('',#16425,'mechanical');
#16372=PRODUCT_CONTEXT('',#16426,'mechanical');
#16373=PRODUCT_CONTEXT('',#16427,'mechanical');
#16374=PRODUCT_CONTEXT('',#16428,'mechanical');
#16375=PRODUCT_CONTEXT('',#16429,'mechanical');
#16376=PRODUCT_CONTEXT('',#16430,'mechanical');
#16377=PRODUCT_CONTEXT('',#16431,'mechanical');
#16378=PRODUCT_CONTEXT('',#16432,'mechanical');
#16379=PRODUCT_CONTEXT('',#16433,'mechanical');
#16380=PRODUCT_CONTEXT('',#16434,'mechanical');
#16381=PRODUCT_CONTEXT('',#16435,'mechanical');
#16382=APPLICATION_PROTOCOL_DEFINITION('international standard',
'ap242_managed_model_based_3d_engineering',2020,#16409);
#16383=APPLICATION_PROTOCOL_DEFINITION('international standard',
'ap242_managed_model_based_3d_engineering',2020,#16410);
#16384=APPLICATION_PROTOCOL_DEFINITION('international standard',
'ap242_managed_model_based_3d_engineering',2020,#16411);
#16385=APPLICATION_PROTOCOL_DEFINITION('international standard',
'ap242_managed_model_based_3d_engineering',2020,#16412);
#16386=APPLICATION_PROTOCOL_DEFINITION('international standard',
'ap242_managed_model_based_3d_engineering',2020,#16413);
#16387=APPLICATION_PROTOCOL_DEFINITION('international standard',
'ap242_managed_model_based_3d_engineering',2020,#16414);
#16388=APPLICATION_PROTOCOL_DEFINITION('international standard',
'ap242_managed_model_based_3d_engineering',2020,#16415);
#16389=APPLICATION_PROTOCOL_DEFINITION('international standard',
'ap242_managed_model_based_3d_engineering',2020,#16416);
#16390=APPLICATION_PROTOCOL_DEFINITION('international standard',
'ap242_managed_model_based_3d_engineering',2020,#16417);
#16391=APPLICATION_PROTOCOL_DEFINITION('international standard',
'ap242_managed_model_based_3d_engineering',2020,#16418);
#16392=APPLICATION_PROTOCOL_DEFINITION('international standard',
'ap242_managed_model_based_3d_engineering',2020,#16419);
#16393=APPLICATION_PROTOCOL_DEFINITION('international standard',
'ap242_managed_model_based_3d_engineering',2020,#16420);
#16394=APPLICATION_PROTOCOL_DEFINITION('international standard',
'ap242_managed_model_based_3d_engineering',2020,#16421);
#16395=APPLICATION_PROTOCOL_DEFINITION('international standard',
'ap242_managed_model_based_3d_engineering',2020,#16422);
#16396=APPLICATION_PROTOCOL_DEFINITION('international standard',
'ap242_managed_model_based_3d_engineering',2020,#16423);
#16397=APPLICATION_PROTOCOL_DEFINITION('international standard',
'ap242_managed_model_based_3d_engineering',2020,#16424);
#16398=APPLICATION_PROTOCOL_DEFINITION('international standard',
'ap242_managed_model_based_3d_engineering',2020,#16425);
#16399=APPLICATION_PROTOCOL_DEFINITION('international standard',
'ap242_managed_model_based_3d_engineering',2020,#16426);
#16400=APPLICATION_PROTOCOL_DEFINITION('international standard',
'ap242_managed_model_based_3d_engineering',2020,#16427);
#16401=APPLICATION_PROTOCOL_DEFINITION('international standard',
'ap242_managed_model_based_3d_engineering',2020,#16428);
#16402=APPLICATION_PROTOCOL_DEFINITION('international standard',
'ap242_managed_model_based_3d_engineering',2020,#16429);
#16403=APPLICATION_PROTOCOL_DEFINITION('international standard',
'ap242_managed_model_based_3d_engineering',2020,#16430);
#16404=APPLICATION_PROTOCOL_DEFINITION('international standard',
'ap242_managed_model_based_3d_engineering',2020,#16431);
#16405=APPLICATION_PROTOCOL_DEFINITION('international standard',
'ap242_managed_model_based_3d_engineering',2020,#16432);
#16406=APPLICATION_PROTOCOL_DEFINITION('international standard',
'ap242_managed_model_based_3d_engineering',2020,#16433);
#16407=APPLICATION_PROTOCOL_DEFINITION('international standard',
'ap242_managed_model_based_3d_engineering',2020,#16434);
#16408=APPLICATION_PROTOCOL_DEFINITION('international standard',
'ap242_managed_model_based_3d_engineering',2020,#16435);
#16409=APPLICATION_CONTEXT('managed model based 3d engineering');
#16410=APPLICATION_CONTEXT('managed model based 3d engineering');
#16411=APPLICATION_CONTEXT('managed model based 3d engineering');
#16412=APPLICATION_CONTEXT('managed model based 3d engineering');
#16413=APPLICATION_CONTEXT('managed model based 3d engineering');
#16414=APPLICATION_CONTEXT('managed model based 3d engineering');
#16415=APPLICATION_CONTEXT('managed model based 3d engineering');
#16416=APPLICATION_CONTEXT('managed model based 3d engineering');
#16417=APPLICATION_CONTEXT('managed model based 3d engineering');
#16418=APPLICATION_CONTEXT('managed model based 3d engineering');
#16419=APPLICATION_CONTEXT('managed model based 3d engineering');
#16420=APPLICATION_CONTEXT('managed model based 3d engineering');
#16421=APPLICATION_CONTEXT('managed model based 3d engineering');
#16422=APPLICATION_CONTEXT('managed model based 3d engineering');
#16423=APPLICATION_CONTEXT('managed model based 3d engineering');
#16424=APPLICATION_CONTEXT('managed model based 3d engineering');
#16425=APPLICATION_CONTEXT('managed model based 3d engineering');
#16426=APPLICATION_CONTEXT('managed model based 3d engineering');
#16427=APPLICATION_CONTEXT('managed model based 3d engineering');
#16428=APPLICATION_CONTEXT('managed model based 3d engineering');
#16429=APPLICATION_CONTEXT('managed model based 3d engineering');
#16430=APPLICATION_CONTEXT('managed model based 3d engineering');
#16431=APPLICATION_CONTEXT('managed model based 3d engineering');
#16432=APPLICATION_CONTEXT('managed model based 3d engineering');
#16433=APPLICATION_CONTEXT('managed model based 3d engineering');
#16434=APPLICATION_CONTEXT('managed model based 3d engineering');
#16435=APPLICATION_CONTEXT('managed model based 3d engineering');
ENDSEC;
END-ISO-10303-21;
