ISO-10303-21;
HEADER;
/* Generated by software containing ST-Developer
 * from STEP Tools, Inc. (www.steptools.com) 
 */
/* OPTION: using custom renumber hook */

FILE_DESCRIPTION(
/* description */ ('STEP AP242 Edition 2',
'CAx-IF Rec.Pracs.---Representation and Presentation of Product Manufa
cturing Information (PMI)---4.0---2014-10-13',
'CAx-IF Rec.Pracs.---3D Tessellated Geometry---0.4---2014-09-14','2;1',
'CAx-IF Rec.Pracs.---User Defined Attributes---1.5---2016-08-15'),
/* implementation_level */ '2;1');

FILE_NAME(
/* name */ 'Part Studio 1 - Beep_Top',
/* time_stamp */ '2026-06-09T13:43:14Z',
/* author */ (''),
/* organization */ (''),
/* preprocessor_version */ 'ST-DEVELOPER v20',
/* originating_system */ 'ONSHAPE BY PTC INC, 1.216',
/* authorisation */ '  ');

FILE_SCHEMA (('AP242_MANAGED_MODEL_BASED_3D_ENGINEERING_MIM_LF { 1 0 10303 442 3 1 4 }'));
ENDSEC;

DATA;
#10=SHAPE_REPRESENTATION_RELATIONSHIP('','',#7060,#11);
#11=ADVANCED_BREP_SHAPE_REPRESENTATION('',(#7058),#11862);
#12=(
BOUNDED_SURFACE()
B_SPLINE_SURFACE(3,2,((#11424,#11425,#11426),(#11427,#11428,#11429),(#11430,
#11431,#11432),(#11433,#11434,#11435),(#11436,#11437,#11438)),
 .UNSPECIFIED.,.F.,.F.,.F.)
B_SPLINE_SURFACE_WITH_KNOTS((4,1,4),(3,3),(1.5707963267949,2.35619449019234,
3.14159265358979),(0.,1.),.UNSPECIFIED.)
GEOMETRIC_REPRESENTATION_ITEM()
RATIONAL_B_SPLINE_SURFACE(((1.,0.707106781186548,1.),(1.,0.699039639891239,
1.),(1.,0.682627836571871,1.),(1.,0.675590207615514,1.),(1.,0.67559020761566,
1.)))
REPRESENTATION_ITEM('')
SURFACE()
);
#13=(
BOUNDED_SURFACE()
B_SPLINE_SURFACE(3,2,((#11442,#11443,#11444),(#11445,#11446,#11447),(#11448,
#11449,#11450),(#11451,#11452,#11453),(#11454,#11455,#11456)),
 .UNSPECIFIED.,.F.,.F.,.F.)
B_SPLINE_SURFACE_WITH_KNOTS((4,1,4),(3,3),(3.14159265358979,3.92699081698724,
4.71238898038469),(0.,1.),.UNSPECIFIED.)
GEOMETRIC_REPRESENTATION_ITEM()
RATIONAL_B_SPLINE_SURFACE(((1.,0.67559020761566,1.),(1.,0.67559020761348,
1.),(1.,0.682627836584246,1.),(1.,0.699039639868555,1.),(1.,0.707106781186557,
1.)))
REPRESENTATION_ITEM('')
SURFACE()
);
#14=B_SPLINE_SURFACE_WITH_KNOTS('',3,1,((#10371,#10372),(#10373,#10374),
(#10375,#10376),(#10377,#10378),(#10379,#10380)),
 .SURF_OF_LINEAR_EXTRUSION.,.F.,.F.,.F.,(4,1,4),(2,2),(0.25,0.375,0.5),
(0.,1.),.UNSPECIFIED.);
#15=B_SPLINE_SURFACE_WITH_KNOTS('',3,1,((#10388,#10389),(#10390,#10391),
(#10392,#10393),(#10394,#10395),(#10396,#10397)),
 .SURF_OF_LINEAR_EXTRUSION.,.F.,.F.,.F.,(4,1,4),(2,2),(0.,0.125,0.25),(0.,
1.),.UNSPECIFIED.);
#16=B_SPLINE_SURFACE_WITH_KNOTS('',3,1,((#10409,#10410),(#10411,#10412),
(#10413,#10414),(#10415,#10416),(#10417,#10418)),
 .SURF_OF_LINEAR_EXTRUSION.,.F.,.F.,.F.,(4,1,4),(2,2),(0.5,0.625,0.75),
(0.,1.),.UNSPECIFIED.);
#17=B_SPLINE_SURFACE_WITH_KNOTS('',3,1,((#10424,#10425),(#10426,#10427),
(#10428,#10429),(#10430,#10431),(#10432,#10433)),
 .SURF_OF_LINEAR_EXTRUSION.,.F.,.F.,.F.,(4,1,4),(2,2),(0.75,0.875,1.),(0.,
1.),.UNSPECIFIED.);
#18=B_SPLINE_SURFACE_WITH_KNOTS('',1,3,((#11557,#11558,#11559,#11560),(#11561,
#11562,#11563,#11564),(#11565,#11566,#11567,#11568),(#11569,#11570,#11571,
#11572)),.RULED_SURF.,.F.,.F.,.F.,(2,1,1,2),(4,4),(-0.0122415805674171,
0.,1.,1.01012241580567),(-1.5707963267949,0.0785398163397448),
 .PIECEWISE_BEZIER_KNOTS.);
#19=B_SPLINE_SURFACE_WITH_KNOTS('',1,3,((#11626,#11627,#11628,#11629),(#11630,
#11631,#11632,#11633)),.RULED_SURF.,.F.,.F.,.F.,(2,2),(4,4),(0.,1.),(3.06305283725005,
4.71238898038469),.PIECEWISE_BEZIER_KNOTS.);
#20=B_SPLINE_SURFACE_WITH_KNOTS('',1,3,((#11711,#11712,#11713,#11714,#11715,
#11716),(#11717,#11718,#11719,#11720,#11721,#11722)),.RULED_SURF.,.F.,.F.,
 .F.,(2,2),(4,2,4),(0.,1.),(0.,0.00254599852773846,0.00509199705547692),
 .UNSPECIFIED.);
#21=B_SPLINE_SURFACE_WITH_KNOTS('',1,3,((#11741,#11742,#11743,#11744,#11745,
#11746),(#11747,#11748,#11749,#11750,#11751,#11752)),.RULED_SURF.,.F.,.F.,
 .F.,(2,2),(4,2,4),(0.,1.),(0.,0.00254595900386065,0.00509191800772131),
 .UNSPECIFIED.);
#22=B_SPLINE_SURFACE_WITH_KNOTS('',1,3,((#11757,#11758,#11759,#11760,#11761,
#11762),(#11763,#11764,#11765,#11766,#11767,#11768)),.RULED_SURF.,.F.,.F.,
 .F.,(2,2),(4,2,4),(0.,1.),(0.,0.00254595900386067,0.00509191800772134),
 .UNSPECIFIED.);
#23=B_SPLINE_SURFACE_WITH_KNOTS('',1,3,((#11783,#11784,#11785,#11786,#11787,
#11788),(#11789,#11790,#11791,#11792,#11793,#11794)),.RULED_SURF.,.F.,.F.,
 .F.,(2,2),(4,2,4),(0.,1.),(0.,0.00254599852773852,0.00509199705547704),
 .UNSPECIFIED.);
#24=CONICAL_SURFACE('',#7185,0.005,0.785398163397448);
#25=CONICAL_SURFACE('',#7186,0.005,0.785398163397448);
#26=CONICAL_SURFACE('',#7189,0.005,0.785398163397448);
#27=CONICAL_SURFACE('',#7190,0.005,0.785398163397448);
#28=CONICAL_SURFACE('',#7549,0.00075,0.785398163397449);
#29=CONICAL_SURFACE('',#7550,0.00075,0.785398163397449);
#30=CONICAL_SURFACE('',#7553,0.00075,0.785398163397449);
#31=CONICAL_SURFACE('',#7554,0.00075,0.785398163397449);
#32=CONICAL_SURFACE('',#7556,0.00075,0.785398163397449);
#33=CONICAL_SURFACE('',#7558,0.00075,0.785398163397449);
#34=CONICAL_SURFACE('',#7560,0.00075,0.785398163397449);
#35=CONICAL_SURFACE('',#7562,0.00075,0.785398163397449);
#36=CONICAL_SURFACE('',#7565,0.00075,0.785398163397449);
#37=CONICAL_SURFACE('',#7568,0.00075,0.785398163397448);
#38=CONICAL_SURFACE('',#7570,0.00075,0.785398163397449);
#39=CONICAL_SURFACE('',#7573,0.00075,0.785398163397449);
#40=CONICAL_SURFACE('',#7575,0.00075,0.785398163397449);
#41=CONICAL_SURFACE('',#7578,0.00075,0.785398163397449);
#42=CONICAL_SURFACE('',#7580,0.00075,0.785398163397449);
#43=CONICAL_SURFACE('',#7583,0.00075,0.785398163397449);
#44=CONICAL_SURFACE('',#7586,0.00075,0.785398163397449);
#45=CONICAL_SURFACE('',#7590,0.00075,0.785398163397449);
#46=CONICAL_SURFACE('',#7591,0.00075,0.785398163397449);
#47=CONICAL_SURFACE('',#7595,0.00075,0.785398163397449);
#48=CONICAL_SURFACE('',#7596,0.00075,0.785398163397449);
#49=CONICAL_SURFACE('',#7600,0.00075,0.785398163397448);
#50=CONICAL_SURFACE('',#7601,0.00075,0.785398163397449);
#51=CONICAL_SURFACE('',#7604,0.00075,0.785398163397448);
#52=CONICAL_SURFACE('',#7605,0.00075,0.785398163397448);
#53=CONICAL_SURFACE('',#7609,0.00075,0.785398163397449);
#54=CONICAL_SURFACE('',#7613,0.00075,0.785398163397449);
#55=CONICAL_SURFACE('',#7619,0.00075,0.785398163397449);
#56=CONICAL_SURFACE('',#7622,0.00075,0.785398163397449);
#57=CONICAL_SURFACE('',#7626,0.00075,0.785398163397449);
#58=CONICAL_SURFACE('',#7651,0.0015,0.785398163397442);
#59=CONICAL_SURFACE('',#7654,0.0015,0.785398163397442);
#60=CONICAL_SURFACE('',#7655,0.0015,0.785398163397448);
#61=CONICAL_SURFACE('',#7658,0.0015,0.785398163397448);
#62=CYLINDRICAL_SURFACE('',#7176,0.005);
#63=CYLINDRICAL_SURFACE('',#7178,0.005);
#64=CYLINDRICAL_SURFACE('',#7180,0.005);
#65=CYLINDRICAL_SURFACE('',#7182,0.005);
#66=CYLINDRICAL_SURFACE('',#7192,0.001525);
#67=CYLINDRICAL_SURFACE('',#7195,0.001525);
#68=CYLINDRICAL_SURFACE('',#7198,0.001525);
#69=CYLINDRICAL_SURFACE('',#7201,0.001525);
#70=CYLINDRICAL_SURFACE('',#7204,0.001525);
#71=CYLINDRICAL_SURFACE('',#7207,0.001525);
#72=CYLINDRICAL_SURFACE('',#7210,0.001525);
#73=CYLINDRICAL_SURFACE('',#7213,0.001525);
#74=CYLINDRICAL_SURFACE('',#7219,0.00289688099999993);
#75=CYLINDRICAL_SURFACE('',#7226,0.00289687799999995);
#76=CYLINDRICAL_SURFACE('',#7234,0.00289688099999993);
#77=CYLINDRICAL_SURFACE('',#7246,0.00289687799999993);
#78=CYLINDRICAL_SURFACE('',#7254,0.00289688100000006);
#79=CYLINDRICAL_SURFACE('',#7266,0.00289688100000006);
#80=CYLINDRICAL_SURFACE('',#7273,0.00289687800000004);
#81=CYLINDRICAL_SURFACE('',#7282,0.00289687800000004);
#82=CYLINDRICAL_SURFACE('',#7289,0.003);
#83=CYLINDRICAL_SURFACE('',#7292,0.003);
#84=CYLINDRICAL_SURFACE('',#7296,0.0017);
#85=CYLINDRICAL_SURFACE('',#7299,0.0017);
#86=CYLINDRICAL_SURFACE('',#7301,0.0037);
#87=CYLINDRICAL_SURFACE('',#7303,0.00369999999999995);
#88=CYLINDRICAL_SURFACE('',#7307,0.00145);
#89=CYLINDRICAL_SURFACE('',#7310,0.00145);
#90=CYLINDRICAL_SURFACE('',#7313,0.00145);
#91=CYLINDRICAL_SURFACE('',#7316,0.00145);
#92=CYLINDRICAL_SURFACE('',#7319,0.00145);
#93=CYLINDRICAL_SURFACE('',#7322,0.00145);
#94=CYLINDRICAL_SURFACE('',#7325,0.00145);
#95=CYLINDRICAL_SURFACE('',#7477,0.0005);
#96=CYLINDRICAL_SURFACE('',#7480,0.0005);
#97=CYLINDRICAL_SURFACE('',#7483,0.0005);
#98=CYLINDRICAL_SURFACE('',#7484,0.0005);
#99=CYLINDRICAL_SURFACE('',#7485,0.0005);
#100=CYLINDRICAL_SURFACE('',#7487,0.0005);
#101=CYLINDRICAL_SURFACE('',#7489,0.0005);
#102=CYLINDRICAL_SURFACE('',#7490,0.0005);
#103=CYLINDRICAL_SURFACE('',#7491,0.0005);
#104=CYLINDRICAL_SURFACE('',#7493,0.0005);
#105=CYLINDRICAL_SURFACE('',#7494,0.0005);
#106=CYLINDRICAL_SURFACE('',#7495,0.0005);
#107=CYLINDRICAL_SURFACE('',#7496,0.0005);
#108=CYLINDRICAL_SURFACE('',#7498,0.0005);
#109=CYLINDRICAL_SURFACE('',#7500,0.0005);
#110=CYLINDRICAL_SURFACE('',#7501,0.0005);
#111=CYLINDRICAL_SURFACE('',#7503,0.0005);
#112=CYLINDRICAL_SURFACE('',#7505,0.0005);
#113=CYLINDRICAL_SURFACE('',#7506,0.0005);
#114=CYLINDRICAL_SURFACE('',#7508,0.0005);
#115=CYLINDRICAL_SURFACE('',#7509,0.0005);
#116=CYLINDRICAL_SURFACE('',#7510,0.0005);
#117=CYLINDRICAL_SURFACE('',#7511,0.0005);
#118=CYLINDRICAL_SURFACE('',#7513,0.0005);
#119=CYLINDRICAL_SURFACE('',#7514,0.0005);
#120=CYLINDRICAL_SURFACE('',#7516,0.0005);
#121=CYLINDRICAL_SURFACE('',#7519,0.0005);
#122=CYLINDRICAL_SURFACE('',#7522,0.0005);
#123=CYLINDRICAL_SURFACE('',#7525,0.0005);
#124=CYLINDRICAL_SURFACE('',#7527,0.0005);
#125=CYLINDRICAL_SURFACE('',#7530,0.0005);
#126=CYLINDRICAL_SURFACE('',#7533,0.0005);
#127=CYLINDRICAL_SURFACE('',#7535,0.0005);
#128=CYLINDRICAL_SURFACE('',#7537,0.0005);
#129=CYLINDRICAL_SURFACE('',#7540,0.0005);
#130=CYLINDRICAL_SURFACE('',#7543,0.0005);
#131=CYLINDRICAL_SURFACE('',#7546,0.0005);
#132=CYLINDRICAL_SURFACE('',#7633,0.0015);
#133=CYLINDRICAL_SURFACE('',#7637,0.0015);
#134=CYLINDRICAL_SURFACE('',#7642,0.0015);
#135=CYLINDRICAL_SURFACE('',#7646,0.0015);
#136=ELLIPSE('',#7080,0.00371413339891038,0.0037);
#137=ELLIPSE('',#7081,0.00371413339891033,0.00369999999999995);
#138=ELLIPSE('',#7083,0.00250954959385836,0.0025);
#139=ELLIPSE('',#7084,0.00250954959385835,0.0025);
#140=ELLIPSE('',#7151,0.00501909918771674,0.005);
#141=ELLIPSE('',#7152,0.00501909918771674,0.005);
#142=ELLIPSE('',#7153,0.00501909918771674,0.005);
#143=ELLIPSE('',#7154,0.00501909918771674,0.005);
#144=ELLIPSE('',#7221,0.00409680839878084,0.00289688099999993);
#145=ELLIPSE('',#7222,0.00409680839878084,0.00289688099999993);
#146=ELLIPSE('',#7228,0.00409680415614018,0.00289687799999995);
#147=ELLIPSE('',#7229,0.00409680415614018,0.00289687799999995);
#148=ELLIPSE('',#7236,0.00409680839878084,0.00289688099999993);
#149=ELLIPSE('',#7247,0.00409680415614015,0.00289687799999993);
#150=ELLIPSE('',#7256,0.00409680839878102,0.00289688100000006);
#151=ELLIPSE('',#7257,0.00409680839878102,0.00289688100000006);
#152=ELLIPSE('',#7268,0.00409680839878102,0.00289688100000006);
#153=ELLIPSE('',#7275,0.00409680415614031,0.00289687800000004);
#154=ELLIPSE('',#7276,0.00409680415614031,0.00289687800000004);
#155=ELLIPSE('',#7283,0.00409680415614031,0.00289687800000004);
#156=ELLIPSE('',#7290,0.00300796262676825,0.003);
#157=ELLIPSE('',#7293,0.00300796262676827,0.003);
#158=CIRCLE('',#7066,0.00075);
#159=CIRCLE('',#7067,0.00075);
#160=CIRCLE('',#7068,0.00075);
#161=CIRCLE('',#7069,0.00075);
#162=CIRCLE('',#7070,0.00075);
#163=CIRCLE('',#7071,0.00075);
#164=CIRCLE('',#7072,0.00075);
#165=CIRCLE('',#7073,0.00075);
#166=CIRCLE('',#7074,0.00075);
#167=CIRCLE('',#7075,0.00075);
#168=CIRCLE('',#7076,0.00075);
#169=CIRCLE('',#7077,0.00075);
#170=CIRCLE('',#7085,0.0017);
#171=CIRCLE('',#7086,0.0017);
#172=CIRCLE('',#7088,0.003);
#173=CIRCLE('',#7089,0.003);
#174=CIRCLE('',#7091,0.00175);
#175=CIRCLE('',#7092,0.00175);
#176=CIRCLE('',#7093,0.00175);
#177=CIRCLE('',#7094,0.00175);
#178=CIRCLE('',#7095,0.00075);
#179=CIRCLE('',#7096,0.00075);
#180=CIRCLE('',#7097,0.00075);
#181=CIRCLE('',#7098,0.00075);
#182=CIRCLE('',#7099,0.00075);
#183=CIRCLE('',#7100,0.00075);
#184=CIRCLE('',#7101,0.00075);
#185=CIRCLE('',#7102,0.00075);
#186=CIRCLE('',#7103,0.00145);
#187=CIRCLE('',#7104,0.00145);
#188=CIRCLE('',#7105,0.00145);
#189=CIRCLE('',#7106,0.00145);
#190=CIRCLE('',#7107,0.00145);
#191=CIRCLE('',#7108,0.00145);
#192=CIRCLE('',#7109,0.00145);
#193=CIRCLE('',#7112,0.001525);
#194=CIRCLE('',#7113,0.0005);
#195=CIRCLE('',#7114,0.0005);
#196=CIRCLE('',#7115,0.00289687800000004);
#197=CIRCLE('',#7116,0.0005);
#198=CIRCLE('',#7120,0.001525);
#199=CIRCLE('',#7121,0.0005);
#200=CIRCLE('',#7122,0.0005);
#201=CIRCLE('',#7123,0.00289688100000006);
#202=CIRCLE('',#7125,0.001525);
#203=CIRCLE('',#7126,0.0005);
#204=CIRCLE('',#7127,0.0005);
#205=CIRCLE('',#7128,0.00289687799999993);
#206=CIRCLE('',#7129,0.0005);
#207=CIRCLE('',#7132,0.001525);
#208=CIRCLE('',#7133,0.0005);
#209=CIRCLE('',#7134,0.0005);
#210=CIRCLE('',#7135,0.00289688099999993);
#211=CIRCLE('',#7137,0.00289687799999995);
#212=CIRCLE('',#7138,0.0005);
#213=CIRCLE('',#7139,0.0005);
#214=CIRCLE('',#7140,0.001525);
#215=CIRCLE('',#7160,0.0005);
#216=CIRCLE('',#7161,0.0005);
#217=CIRCLE('',#7162,0.00289688099999993);
#218=CIRCLE('',#7163,0.0005);
#219=CIRCLE('',#7164,0.001525);
#220=CIRCLE('',#7166,0.0005);
#221=CIRCLE('',#7167,0.0005);
#222=CIRCLE('',#7168,0.00289688100000006);
#223=CIRCLE('',#7169,0.0005);
#224=CIRCLE('',#7170,0.001525);
#225=CIRCLE('',#7172,0.0005);
#226=CIRCLE('',#7173,0.00289687800000004);
#227=CIRCLE('',#7174,0.0005);
#228=CIRCLE('',#7175,0.001525);
#229=CIRCLE('',#7177,0.005);
#230=CIRCLE('',#7179,0.005);
#231=CIRCLE('',#7181,0.005);
#232=CIRCLE('',#7183,0.005);
#233=CIRCLE('',#7193,0.001525);
#234=CIRCLE('',#7196,0.001525);
#235=CIRCLE('',#7199,0.001525);
#236=CIRCLE('',#7202,0.001525);
#237=CIRCLE('',#7205,0.001525);
#238=CIRCLE('',#7208,0.001525);
#239=CIRCLE('',#7211,0.001525);
#240=CIRCLE('',#7214,0.001525);
#241=CIRCLE('',#7220,0.00289688099999993);
#242=CIRCLE('',#7223,0.00289688099999993);
#243=CIRCLE('',#7227,0.00289687799999995);
#244=CIRCLE('',#7230,0.00289687799999995);
#245=CIRCLE('',#7232,0.0005);
#246=CIRCLE('',#7233,0.0005);
#247=CIRCLE('',#7235,0.00289688099999993);
#248=CIRCLE('',#7240,0.0005);
#249=CIRCLE('',#7241,0.0005);
#250=CIRCLE('',#7242,0.0005);
#251=CIRCLE('',#7243,0.00075);
#252=CIRCLE('',#7248,0.00289687799999993);
#253=CIRCLE('',#7250,0.00075);
#254=CIRCLE('',#7251,0.0005);
#255=CIRCLE('',#7252,0.0005);
#256=CIRCLE('',#7253,0.0005);
#257=CIRCLE('',#7255,0.00289688100000006);
#258=CIRCLE('',#7258,0.00289688100000006);
#259=CIRCLE('',#7261,0.00075);
#260=CIRCLE('',#7262,0.0005);
#261=CIRCLE('',#7263,0.0005);
#262=CIRCLE('',#7267,0.00289688100000006);
#263=CIRCLE('',#7270,0.0005);
#264=CIRCLE('',#7271,0.0005);
#265=CIRCLE('',#7274,0.00289687800000004);
#266=CIRCLE('',#7277,0.00289687800000004);
#267=CIRCLE('',#7279,0.0005);
#268=CIRCLE('',#7284,0.00289687800000004);
#269=CIRCLE('',#7286,0.0005);
#270=CIRCLE('',#7287,0.0005);
#271=CIRCLE('',#7297,0.0017);
#272=CIRCLE('',#7300,0.0017);
#273=CIRCLE('',#7302,0.0037);
#274=CIRCLE('',#7304,0.00369999999999995);
#275=CIRCLE('',#7308,0.00145);
#276=CIRCLE('',#7311,0.00145);
#277=CIRCLE('',#7314,0.00145);
#278=CIRCLE('',#7317,0.00145);
#279=CIRCLE('',#7320,0.00145);
#280=CIRCLE('',#7323,0.00145);
#281=CIRCLE('',#7326,0.00145);
#282=CIRCLE('',#7329,0.00075);
#283=CIRCLE('',#7330,0.0005);
#284=CIRCLE('',#7467,0.00075);
#285=CIRCLE('',#7468,0.0005);
#286=CIRCLE('',#7469,0.00075);
#287=CIRCLE('',#7470,0.00075);
#288=CIRCLE('',#7471,0.0005);
#289=CIRCLE('',#7472,0.00075);
#290=CIRCLE('',#7473,0.00075);
#291=CIRCLE('',#7474,0.00075);
#292=CIRCLE('',#7478,0.0005);
#293=CIRCLE('',#7479,0.0005);
#294=CIRCLE('',#7481,0.0005);
#295=CIRCLE('',#7482,0.0005);
#296=CIRCLE('',#7486,0.0005);
#297=CIRCLE('',#7488,0.0005);
#298=CIRCLE('',#7492,0.0005);
#299=CIRCLE('',#7497,0.0005);
#300=CIRCLE('',#7499,0.0005);
#301=CIRCLE('',#7502,0.0005);
#302=CIRCLE('',#7504,0.0005);
#303=CIRCLE('',#7507,0.0005);
#304=CIRCLE('',#7512,0.0005);
#305=CIRCLE('',#7515,0.0005);
#306=CIRCLE('',#7517,0.0005);
#307=CIRCLE('',#7518,0.0005);
#308=CIRCLE('',#7520,0.0005);
#309=CIRCLE('',#7521,0.0005);
#310=CIRCLE('',#7523,0.0005);
#311=CIRCLE('',#7524,0.0005);
#312=CIRCLE('',#7526,0.0005);
#313=CIRCLE('',#7528,0.0005);
#314=CIRCLE('',#7529,0.0005);
#315=CIRCLE('',#7531,0.0005);
#316=CIRCLE('',#7532,0.0005);
#317=CIRCLE('',#7534,0.0005);
#318=CIRCLE('',#7536,0.0005);
#319=CIRCLE('',#7538,0.0005);
#320=CIRCLE('',#7539,0.0005);
#321=CIRCLE('',#7541,0.0005);
#322=CIRCLE('',#7542,0.0005);
#323=CIRCLE('',#7544,0.0005);
#324=CIRCLE('',#7545,0.0005);
#325=CIRCLE('',#7547,0.0005);
#326=CIRCLE('',#7634,0.0015);
#327=CIRCLE('',#7635,0.0015);
#328=CIRCLE('',#7638,0.0015);
#329=CIRCLE('',#7639,0.0015);
#330=CIRCLE('',#7643,0.0015);
#331=CIRCLE('',#7644,0.0015);
#332=CIRCLE('',#7647,0.0015);
#333=CIRCLE('',#7648,0.0015);
#334=B_SPLINE_CURVE_WITH_KNOTS('',3,(#9605,#9606,#9607,#9608),
 .UNSPECIFIED.,.F.,.F.,(4,4),(0.,0.000623687420545233),.UNSPECIFIED.);
#335=B_SPLINE_CURVE_WITH_KNOTS('',3,(#9624,#9625,#9626,#9627),
 .UNSPECIFIED.,.F.,.F.,(4,4),(0.,0.000618615421982372),.UNSPECIFIED.);
#336=B_SPLINE_CURVE_WITH_KNOTS('',3,(#9763,#9764,#9765,#9766),
 .UNSPECIFIED.,.F.,.F.,(4,4),(2.70427607613163E-8,0.000649870873345391),
 .UNSPECIFIED.);
#337=B_SPLINE_CURVE_WITH_KNOTS('',3,(#9778,#9779,#9780,#9781),
 .UNSPECIFIED.,.F.,.F.,(4,4),(6.70068797906343E-9,0.000642120390650593),
 .UNSPECIFIED.);
#338=B_SPLINE_CURVE_WITH_KNOTS('',3,(#9845,#9846,#9847,#9848),
 .UNSPECIFIED.,.F.,.F.,(4,4),(0.,1.),.UNSPECIFIED.);
#339=B_SPLINE_CURVE_WITH_KNOTS('',3,(#9849,#9850,#9851,#9852,#9853),
 .UNSPECIFIED.,.F.,.F.,(4,1,4),(0.,0.00235523161145966,0.00471046322291932),
 .UNSPECIFIED.);
#340=B_SPLINE_CURVE_WITH_KNOTS('',3,(#9857,#9858,#9859,#9860,#9861),
 .UNSPECIFIED.,.F.,.F.,(4,1,4),(0.,0.00235522003849896,0.00471044007699792),
 .UNSPECIFIED.);
#341=B_SPLINE_CURVE_WITH_KNOTS('',3,(#9865,#9866,#9867,#9868,#9869),
 .UNSPECIFIED.,.F.,.F.,(4,1,4),(0.,0.00235523161145955,0.0047104632229191),
 .UNSPECIFIED.);
#342=B_SPLINE_CURVE_WITH_KNOTS('',3,(#9873,#9874,#9875,#9876,#9877),
 .UNSPECIFIED.,.F.,.F.,(4,1,4),(0.,0.00235522003849886,0.00471044007699773),
 .UNSPECIFIED.);
#343=B_SPLINE_CURVE_WITH_KNOTS('',3,(#9878,#9879,#9880,#9881),
 .UNSPECIFIED.,.F.,.F.,(4,4),(0.,1.),.UNSPECIFIED.);
#344=B_SPLINE_CURVE_WITH_KNOTS('',3,(#9984,#9985,#9986,#9987),
 .UNSPECIFIED.,.F.,.F.,(4,4),(0.,0.000623687420545223),.UNSPECIFIED.);
#345=B_SPLINE_CURVE_WITH_KNOTS('',3,(#10052,#10053,#10054,#10055),
 .UNSPECIFIED.,.F.,.F.,(4,4),(0.,0.000544605422715096),.UNSPECIFIED.);
#346=B_SPLINE_CURVE_WITH_KNOTS('',3,(#10095,#10096,#10097,#10098),
 .UNSPECIFIED.,.F.,.F.,(4,4),(0.,0.000618615421982366),.UNSPECIFIED.);
#347=B_SPLINE_CURVE_WITH_KNOTS('',3,(#10200,#10201,#10202,#10203,#10204),
 .UNSPECIFIED.,.F.,.F.,(4,1,4),(0.,0.5,1.),.UNSPECIFIED.);
#348=B_SPLINE_CURVE_WITH_KNOTS('',3,(#10208,#10209,#10210,#10211,#10212),
 .UNSPECIFIED.,.F.,.F.,(4,1,4),(0.,0.5,1.),.UNSPECIFIED.);
#349=B_SPLINE_CURVE_WITH_KNOTS('',3,(#10216,#10217,#10218,#10219,#10220),
 .UNSPECIFIED.,.F.,.F.,(4,1,4),(0.,0.5,1.),.UNSPECIFIED.);
#350=B_SPLINE_CURVE_WITH_KNOTS('',3,(#10224,#10225,#10226,#10227,#10228),
 .UNSPECIFIED.,.F.,.F.,(4,1,4),(0.,0.5,1.),.UNSPECIFIED.);
#351=B_SPLINE_CURVE_WITH_KNOTS('',3,(#10249,#10250,#10251,#10252),
 .UNSPECIFIED.,.F.,.F.,(4,4),(0.,0.000549184331961141),.UNSPECIFIED.);
#352=B_SPLINE_CURVE_WITH_KNOTS('',3,(#10383,#10384,#10385,#10386,#10387),
 .UNSPECIFIED.,.F.,.F.,(4,1,4),(0.,0.5,1.),.UNSPECIFIED.);
#353=B_SPLINE_CURVE_WITH_KNOTS('',3,(#10398,#10399,#10400,#10401,#10402),
 .UNSPECIFIED.,.F.,.F.,(4,1,4),(0.,0.5,1.),.UNSPECIFIED.);
#354=B_SPLINE_CURVE_WITH_KNOTS('',3,(#10419,#10420,#10421,#10422,#10423),
 .UNSPECIFIED.,.F.,.F.,(4,1,4),(0.,0.5,1.),.UNSPECIFIED.);
#355=B_SPLINE_CURVE_WITH_KNOTS('',3,(#10436,#10437,#10438,#10439,#10440),
 .UNSPECIFIED.,.F.,.F.,(4,1,4),(0.,0.5,1.),.UNSPECIFIED.);
#356=B_SPLINE_CURVE_WITH_KNOTS('',3,(#11403,#11404,#11405,#11406),
 .UNSPECIFIED.,.F.,.F.,(4,4),(0.,7.29577538389936E-5),.UNSPECIFIED.);
#357=B_SPLINE_CURVE_WITH_KNOTS('',3,(#11411,#11412,#11413,#11414),
 .UNSPECIFIED.,.F.,.F.,(4,4),(0.,7.29577538389936E-5),.UNSPECIFIED.);
#358=B_SPLINE_CURVE_WITH_KNOTS('',3,(#11416,#11417,#11418,#11419,#11420,
#11421,#11422),.UNSPECIFIED.,.F.,.F.,(4,1,1,1,4),(0.,0.25,0.5,0.75,1.),
 .UNSPECIFIED.);
#359=B_SPLINE_CURVE_WITH_KNOTS('',3,(#11459,#11460,#11461,#11462,#11463),
 .UNSPECIFIED.,.F.,.F.,(4,1,4),(0.,0.5,1.),.UNSPECIFIED.);
#360=B_SPLINE_CURVE_WITH_KNOTS('',3,(#11573,#11574,#11575,#11576),
 .UNSPECIFIED.,.F.,.F.,(4,4),(0.,1.),.UNSPECIFIED.);
#361=B_SPLINE_CURVE_WITH_KNOTS('',3,(#11622,#11623,#11624,#11625),
 .UNSPECIFIED.,.F.,.F.,(4,4),(0.,1.),.UNSPECIFIED.);
#362=B_SPLINE_CURVE_WITH_KNOTS('',3,(#11723,#11724,#11725,#11726),
 .UNSPECIFIED.,.F.,.F.,(4,4),(0.,1.),.UNSPECIFIED.);
#363=B_SPLINE_CURVE_WITH_KNOTS('',3,(#11727,#11728,#11729,#11730),
 .UNSPECIFIED.,.F.,.F.,(4,4),(0.,1.),.UNSPECIFIED.);
#364=B_SPLINE_CURVE_WITH_KNOTS('',3,(#11732,#11733,#11734,#11735),
 .UNSPECIFIED.,.F.,.F.,(4,4),(0.,1.),.UNSPECIFIED.);
#365=B_SPLINE_CURVE_WITH_KNOTS('',3,(#11737,#11738,#11739,#11740),
 .UNSPECIFIED.,.F.,.F.,(4,4),(0.,1.),.UNSPECIFIED.);
#366=B_SPLINE_CURVE_WITH_KNOTS('',3,(#11753,#11754,#11755,#11756),
 .UNSPECIFIED.,.F.,.F.,(4,4),(0.,1.),.UNSPECIFIED.);
#367=B_SPLINE_CURVE_WITH_KNOTS('',3,(#11769,#11770,#11771,#11772),
 .UNSPECIFIED.,.F.,.F.,(4,4),(0.,1.),.UNSPECIFIED.);
#368=B_SPLINE_CURVE_WITH_KNOTS('',3,(#11774,#11775,#11776,#11777),
 .UNSPECIFIED.,.F.,.F.,(4,4),(0.,1.),.UNSPECIFIED.);
#369=B_SPLINE_CURVE_WITH_KNOTS('',3,(#11779,#11780,#11781,#11782),
 .UNSPECIFIED.,.F.,.F.,(4,4),(0.,1.),.UNSPECIFIED.);
#370=ORIENTED_EDGE('',*,*,#2320,.T.);
#371=ORIENTED_EDGE('',*,*,#2321,.T.);
#372=ORIENTED_EDGE('',*,*,#2322,.T.);
#373=ORIENTED_EDGE('',*,*,#2323,.T.);
#374=ORIENTED_EDGE('',*,*,#2324,.T.);
#375=ORIENTED_EDGE('',*,*,#2325,.T.);
#376=ORIENTED_EDGE('',*,*,#2326,.T.);
#377=ORIENTED_EDGE('',*,*,#2327,.T.);
#378=ORIENTED_EDGE('',*,*,#2328,.T.);
#379=ORIENTED_EDGE('',*,*,#2329,.T.);
#380=ORIENTED_EDGE('',*,*,#2330,.T.);
#381=ORIENTED_EDGE('',*,*,#2331,.T.);
#382=ORIENTED_EDGE('',*,*,#2332,.F.);
#383=ORIENTED_EDGE('',*,*,#2333,.T.);
#384=ORIENTED_EDGE('',*,*,#2334,.T.);
#385=ORIENTED_EDGE('',*,*,#2335,.T.);
#386=ORIENTED_EDGE('',*,*,#2336,.T.);
#387=ORIENTED_EDGE('',*,*,#2337,.T.);
#388=ORIENTED_EDGE('',*,*,#2338,.T.);
#389=ORIENTED_EDGE('',*,*,#2339,.T.);
#390=ORIENTED_EDGE('',*,*,#2340,.T.);
#391=ORIENTED_EDGE('',*,*,#2341,.T.);
#392=ORIENTED_EDGE('',*,*,#2342,.T.);
#393=ORIENTED_EDGE('',*,*,#2343,.T.);
#394=ORIENTED_EDGE('',*,*,#2344,.T.);
#395=ORIENTED_EDGE('',*,*,#2345,.T.);
#396=ORIENTED_EDGE('',*,*,#2346,.T.);
#397=ORIENTED_EDGE('',*,*,#2347,.T.);
#398=ORIENTED_EDGE('',*,*,#2348,.T.);
#399=ORIENTED_EDGE('',*,*,#2349,.T.);
#400=ORIENTED_EDGE('',*,*,#2350,.T.);
#401=ORIENTED_EDGE('',*,*,#2351,.T.);
#402=ORIENTED_EDGE('',*,*,#2352,.T.);
#403=ORIENTED_EDGE('',*,*,#2353,.T.);
#404=ORIENTED_EDGE('',*,*,#2354,.T.);
#405=ORIENTED_EDGE('',*,*,#2355,.T.);
#406=ORIENTED_EDGE('',*,*,#2356,.T.);
#407=ORIENTED_EDGE('',*,*,#2357,.T.);
#408=ORIENTED_EDGE('',*,*,#2358,.T.);
#409=ORIENTED_EDGE('',*,*,#2359,.T.);
#410=ORIENTED_EDGE('',*,*,#2360,.T.);
#411=ORIENTED_EDGE('',*,*,#2361,.T.);
#412=ORIENTED_EDGE('',*,*,#2362,.T.);
#413=ORIENTED_EDGE('',*,*,#2363,.T.);
#414=ORIENTED_EDGE('',*,*,#2364,.T.);
#415=ORIENTED_EDGE('',*,*,#2365,.T.);
#416=ORIENTED_EDGE('',*,*,#2366,.T.);
#417=ORIENTED_EDGE('',*,*,#2367,.T.);
#418=ORIENTED_EDGE('',*,*,#2368,.T.);
#419=ORIENTED_EDGE('',*,*,#2369,.T.);
#420=ORIENTED_EDGE('',*,*,#2370,.T.);
#421=ORIENTED_EDGE('',*,*,#2371,.T.);
#422=ORIENTED_EDGE('',*,*,#2372,.F.);
#423=ORIENTED_EDGE('',*,*,#2373,.T.);
#424=ORIENTED_EDGE('',*,*,#2374,.T.);
#425=ORIENTED_EDGE('',*,*,#2375,.F.);
#426=ORIENTED_EDGE('',*,*,#2376,.T.);
#427=ORIENTED_EDGE('',*,*,#2377,.T.);
#428=ORIENTED_EDGE('',*,*,#2378,.T.);
#429=ORIENTED_EDGE('',*,*,#2379,.F.);
#430=ORIENTED_EDGE('',*,*,#2380,.T.);
#431=ORIENTED_EDGE('',*,*,#2381,.T.);
#432=ORIENTED_EDGE('',*,*,#2382,.F.);
#433=ORIENTED_EDGE('',*,*,#2383,.T.);
#434=ORIENTED_EDGE('',*,*,#2384,.T.);
#435=ORIENTED_EDGE('',*,*,#2385,.T.);
#436=ORIENTED_EDGE('',*,*,#2386,.T.);
#437=ORIENTED_EDGE('',*,*,#2387,.T.);
#438=ORIENTED_EDGE('',*,*,#2388,.F.);
#439=ORIENTED_EDGE('',*,*,#2389,.T.);
#440=ORIENTED_EDGE('',*,*,#2390,.T.);
#441=ORIENTED_EDGE('',*,*,#2391,.T.);
#442=ORIENTED_EDGE('',*,*,#2392,.T.);
#443=ORIENTED_EDGE('',*,*,#2393,.T.);
#444=ORIENTED_EDGE('',*,*,#2394,.F.);
#445=ORIENTED_EDGE('',*,*,#2395,.F.);
#446=ORIENTED_EDGE('',*,*,#2396,.T.);
#447=ORIENTED_EDGE('',*,*,#2397,.T.);
#448=ORIENTED_EDGE('',*,*,#2398,.T.);
#449=ORIENTED_EDGE('',*,*,#2399,.T.);
#450=ORIENTED_EDGE('',*,*,#2400,.T.);
#451=ORIENTED_EDGE('',*,*,#2401,.T.);
#452=ORIENTED_EDGE('',*,*,#2402,.T.);
#453=ORIENTED_EDGE('',*,*,#2403,.F.);
#454=ORIENTED_EDGE('',*,*,#2404,.F.);
#455=ORIENTED_EDGE('',*,*,#2405,.T.);
#456=ORIENTED_EDGE('',*,*,#2406,.F.);
#457=ORIENTED_EDGE('',*,*,#2407,.F.);
#458=ORIENTED_EDGE('',*,*,#2408,.F.);
#459=ORIENTED_EDGE('',*,*,#2409,.T.);
#460=ORIENTED_EDGE('',*,*,#2410,.T.);
#461=ORIENTED_EDGE('',*,*,#2411,.F.);
#462=ORIENTED_EDGE('',*,*,#2412,.T.);
#463=ORIENTED_EDGE('',*,*,#2413,.F.);
#464=ORIENTED_EDGE('',*,*,#2414,.T.);
#465=ORIENTED_EDGE('',*,*,#2415,.F.);
#466=ORIENTED_EDGE('',*,*,#2416,.T.);
#467=ORIENTED_EDGE('',*,*,#2417,.F.);
#468=ORIENTED_EDGE('',*,*,#2418,.T.);
#469=ORIENTED_EDGE('',*,*,#2419,.T.);
#470=ORIENTED_EDGE('',*,*,#2420,.F.);
#471=ORIENTED_EDGE('',*,*,#2421,.F.);
#472=ORIENTED_EDGE('',*,*,#2422,.F.);
#473=ORIENTED_EDGE('',*,*,#2423,.F.);
#474=ORIENTED_EDGE('',*,*,#2424,.T.);
#475=ORIENTED_EDGE('',*,*,#2425,.T.);
#476=ORIENTED_EDGE('',*,*,#2426,.T.);
#477=ORIENTED_EDGE('',*,*,#2427,.T.);
#478=ORIENTED_EDGE('',*,*,#2428,.T.);
#479=ORIENTED_EDGE('',*,*,#2429,.T.);
#480=ORIENTED_EDGE('',*,*,#2430,.T.);
#481=ORIENTED_EDGE('',*,*,#2431,.T.);
#482=ORIENTED_EDGE('',*,*,#2432,.T.);
#483=ORIENTED_EDGE('',*,*,#2433,.T.);
#484=ORIENTED_EDGE('',*,*,#2395,.T.);
#485=ORIENTED_EDGE('',*,*,#2434,.F.);
#486=ORIENTED_EDGE('',*,*,#2435,.F.);
#487=ORIENTED_EDGE('',*,*,#2436,.F.);
#488=ORIENTED_EDGE('',*,*,#2437,.T.);
#489=ORIENTED_EDGE('',*,*,#2438,.F.);
#490=ORIENTED_EDGE('',*,*,#2439,.F.);
#491=ORIENTED_EDGE('',*,*,#2440,.F.);
#492=ORIENTED_EDGE('',*,*,#2403,.T.);
#493=ORIENTED_EDGE('',*,*,#2441,.T.);
#494=ORIENTED_EDGE('',*,*,#2442,.T.);
#495=ORIENTED_EDGE('',*,*,#2443,.T.);
#496=ORIENTED_EDGE('',*,*,#2444,.T.);
#497=ORIENTED_EDGE('',*,*,#2445,.T.);
#498=ORIENTED_EDGE('',*,*,#2446,.T.);
#499=ORIENTED_EDGE('',*,*,#2447,.T.);
#500=ORIENTED_EDGE('',*,*,#2448,.T.);
#501=ORIENTED_EDGE('',*,*,#2449,.T.);
#502=ORIENTED_EDGE('',*,*,#2450,.T.);
#503=ORIENTED_EDGE('',*,*,#2451,.T.);
#504=ORIENTED_EDGE('',*,*,#2452,.T.);
#505=ORIENTED_EDGE('',*,*,#2453,.T.);
#506=ORIENTED_EDGE('',*,*,#2454,.T.);
#507=ORIENTED_EDGE('',*,*,#2455,.T.);
#508=ORIENTED_EDGE('',*,*,#2456,.T.);
#509=ORIENTED_EDGE('',*,*,#2457,.T.);
#510=ORIENTED_EDGE('',*,*,#2458,.T.);
#511=ORIENTED_EDGE('',*,*,#2459,.T.);
#512=ORIENTED_EDGE('',*,*,#2460,.T.);
#513=ORIENTED_EDGE('',*,*,#2461,.T.);
#514=ORIENTED_EDGE('',*,*,#2462,.T.);
#515=ORIENTED_EDGE('',*,*,#2463,.T.);
#516=ORIENTED_EDGE('',*,*,#2464,.F.);
#517=ORIENTED_EDGE('',*,*,#2465,.F.);
#518=ORIENTED_EDGE('',*,*,#2466,.F.);
#519=ORIENTED_EDGE('',*,*,#2467,.F.);
#520=ORIENTED_EDGE('',*,*,#2468,.F.);
#521=ORIENTED_EDGE('',*,*,#2469,.F.);
#522=ORIENTED_EDGE('',*,*,#2470,.F.);
#523=ORIENTED_EDGE('',*,*,#2471,.T.);
#524=ORIENTED_EDGE('',*,*,#2472,.T.);
#525=ORIENTED_EDGE('',*,*,#2473,.F.);
#526=ORIENTED_EDGE('',*,*,#2474,.T.);
#527=ORIENTED_EDGE('',*,*,#2475,.T.);
#528=ORIENTED_EDGE('',*,*,#2476,.T.);
#529=ORIENTED_EDGE('',*,*,#2477,.T.);
#530=ORIENTED_EDGE('',*,*,#2478,.F.);
#531=ORIENTED_EDGE('',*,*,#2479,.F.);
#532=ORIENTED_EDGE('',*,*,#2480,.T.);
#533=ORIENTED_EDGE('',*,*,#2481,.F.);
#534=ORIENTED_EDGE('',*,*,#2482,.T.);
#535=ORIENTED_EDGE('',*,*,#2477,.F.);
#536=ORIENTED_EDGE('',*,*,#2483,.T.);
#537=ORIENTED_EDGE('',*,*,#2484,.T.);
#538=ORIENTED_EDGE('',*,*,#2485,.T.);
#539=ORIENTED_EDGE('',*,*,#2486,.T.);
#540=ORIENTED_EDGE('',*,*,#2487,.T.);
#541=ORIENTED_EDGE('',*,*,#2488,.F.);
#542=ORIENTED_EDGE('',*,*,#2489,.T.);
#543=ORIENTED_EDGE('',*,*,#2473,.T.);
#544=ORIENTED_EDGE('',*,*,#2490,.T.);
#545=ORIENTED_EDGE('',*,*,#2491,.T.);
#546=ORIENTED_EDGE('',*,*,#2492,.T.);
#547=ORIENTED_EDGE('',*,*,#2493,.T.);
#548=ORIENTED_EDGE('',*,*,#2494,.T.);
#549=ORIENTED_EDGE('',*,*,#2495,.T.);
#550=ORIENTED_EDGE('',*,*,#2496,.T.);
#551=ORIENTED_EDGE('',*,*,#2497,.T.);
#552=ORIENTED_EDGE('',*,*,#2498,.F.);
#553=ORIENTED_EDGE('',*,*,#2499,.T.);
#554=ORIENTED_EDGE('',*,*,#2500,.T.);
#555=ORIENTED_EDGE('',*,*,#2501,.F.);
#556=ORIENTED_EDGE('',*,*,#2502,.F.);
#557=ORIENTED_EDGE('',*,*,#2503,.T.);
#558=ORIENTED_EDGE('',*,*,#2413,.T.);
#559=ORIENTED_EDGE('',*,*,#2504,.T.);
#560=ORIENTED_EDGE('',*,*,#2505,.F.);
#561=ORIENTED_EDGE('',*,*,#2506,.T.);
#562=ORIENTED_EDGE('',*,*,#2507,.F.);
#563=ORIENTED_EDGE('',*,*,#2508,.F.);
#564=ORIENTED_EDGE('',*,*,#2509,.T.);
#565=ORIENTED_EDGE('',*,*,#2510,.F.);
#566=ORIENTED_EDGE('',*,*,#2511,.T.);
#567=ORIENTED_EDGE('',*,*,#2512,.T.);
#568=ORIENTED_EDGE('',*,*,#2513,.T.);
#569=ORIENTED_EDGE('',*,*,#2514,.F.);
#570=ORIENTED_EDGE('',*,*,#2515,.T.);
#571=ORIENTED_EDGE('',*,*,#2516,.T.);
#572=ORIENTED_EDGE('',*,*,#2517,.T.);
#573=ORIENTED_EDGE('',*,*,#2518,.T.);
#574=ORIENTED_EDGE('',*,*,#2519,.F.);
#575=ORIENTED_EDGE('',*,*,#2520,.F.);
#576=ORIENTED_EDGE('',*,*,#2521,.T.);
#577=ORIENTED_EDGE('',*,*,#2522,.T.);
#578=ORIENTED_EDGE('',*,*,#2523,.T.);
#579=ORIENTED_EDGE('',*,*,#2524,.F.);
#580=ORIENTED_EDGE('',*,*,#2525,.F.);
#581=ORIENTED_EDGE('',*,*,#2526,.T.);
#582=ORIENTED_EDGE('',*,*,#2527,.F.);
#583=ORIENTED_EDGE('',*,*,#2528,.T.);
#584=ORIENTED_EDGE('',*,*,#2529,.F.);
#585=ORIENTED_EDGE('',*,*,#2530,.T.);
#586=ORIENTED_EDGE('',*,*,#2531,.F.);
#587=ORIENTED_EDGE('',*,*,#2532,.T.);
#588=ORIENTED_EDGE('',*,*,#2533,.F.);
#589=ORIENTED_EDGE('',*,*,#2534,.T.);
#590=ORIENTED_EDGE('',*,*,#2535,.F.);
#591=ORIENTED_EDGE('',*,*,#2536,.T.);
#592=ORIENTED_EDGE('',*,*,#2537,.F.);
#593=ORIENTED_EDGE('',*,*,#2538,.T.);
#594=ORIENTED_EDGE('',*,*,#2539,.T.);
#595=ORIENTED_EDGE('',*,*,#2540,.T.);
#596=ORIENTED_EDGE('',*,*,#2541,.T.);
#597=ORIENTED_EDGE('',*,*,#2542,.T.);
#598=ORIENTED_EDGE('',*,*,#2543,.T.);
#599=ORIENTED_EDGE('',*,*,#2544,.T.);
#600=ORIENTED_EDGE('',*,*,#2545,.T.);
#601=ORIENTED_EDGE('',*,*,#2510,.T.);
#602=ORIENTED_EDGE('',*,*,#2382,.T.);
#603=ORIENTED_EDGE('',*,*,#2546,.T.);
#604=ORIENTED_EDGE('',*,*,#2547,.T.);
#605=ORIENTED_EDGE('',*,*,#2548,.T.);
#606=ORIENTED_EDGE('',*,*,#2549,.T.);
#607=ORIENTED_EDGE('',*,*,#2550,.T.);
#608=ORIENTED_EDGE('',*,*,#2551,.T.);
#609=ORIENTED_EDGE('',*,*,#2552,.F.);
#610=ORIENTED_EDGE('',*,*,#2553,.T.);
#611=ORIENTED_EDGE('',*,*,#2554,.T.);
#612=ORIENTED_EDGE('',*,*,#2555,.T.);
#613=ORIENTED_EDGE('',*,*,#2481,.T.);
#614=ORIENTED_EDGE('',*,*,#2556,.T.);
#615=ORIENTED_EDGE('',*,*,#2557,.T.);
#616=ORIENTED_EDGE('',*,*,#2558,.T.);
#617=ORIENTED_EDGE('',*,*,#2508,.T.);
#618=ORIENTED_EDGE('',*,*,#2559,.T.);
#619=ORIENTED_EDGE('',*,*,#2560,.T.);
#620=ORIENTED_EDGE('',*,*,#2561,.T.);
#621=ORIENTED_EDGE('',*,*,#2562,.T.);
#622=ORIENTED_EDGE('',*,*,#2563,.F.);
#623=ORIENTED_EDGE('',*,*,#2564,.F.);
#624=ORIENTED_EDGE('',*,*,#2565,.T.);
#625=ORIENTED_EDGE('',*,*,#2566,.F.);
#626=ORIENTED_EDGE('',*,*,#2563,.T.);
#627=ORIENTED_EDGE('',*,*,#2567,.T.);
#628=ORIENTED_EDGE('',*,*,#2568,.T.);
#629=ORIENTED_EDGE('',*,*,#2569,.F.);
#630=ORIENTED_EDGE('',*,*,#2570,.T.);
#631=ORIENTED_EDGE('',*,*,#2571,.T.);
#632=ORIENTED_EDGE('',*,*,#2572,.T.);
#633=ORIENTED_EDGE('',*,*,#2573,.T.);
#634=ORIENTED_EDGE('',*,*,#2574,.T.);
#635=ORIENTED_EDGE('',*,*,#2535,.T.);
#636=ORIENTED_EDGE('',*,*,#2575,.T.);
#637=ORIENTED_EDGE('',*,*,#2576,.T.);
#638=ORIENTED_EDGE('',*,*,#2577,.T.);
#639=ORIENTED_EDGE('',*,*,#2527,.T.);
#640=ORIENTED_EDGE('',*,*,#2578,.T.);
#641=ORIENTED_EDGE('',*,*,#2579,.T.);
#642=ORIENTED_EDGE('',*,*,#2580,.T.);
#643=ORIENTED_EDGE('',*,*,#2581,.T.);
#644=ORIENTED_EDGE('',*,*,#2556,.F.);
#645=ORIENTED_EDGE('',*,*,#2582,.T.);
#646=ORIENTED_EDGE('',*,*,#2488,.T.);
#647=ORIENTED_EDGE('',*,*,#2583,.T.);
#648=ORIENTED_EDGE('',*,*,#2584,.T.);
#649=ORIENTED_EDGE('',*,*,#2479,.T.);
#650=ORIENTED_EDGE('',*,*,#2585,.T.);
#651=ORIENTED_EDGE('',*,*,#2586,.T.);
#652=ORIENTED_EDGE('',*,*,#2587,.T.);
#653=ORIENTED_EDGE('',*,*,#2588,.T.);
#654=ORIENTED_EDGE('',*,*,#2589,.T.);
#655=ORIENTED_EDGE('',*,*,#2590,.T.);
#656=ORIENTED_EDGE('',*,*,#2591,.T.);
#657=ORIENTED_EDGE('',*,*,#2592,.T.);
#658=ORIENTED_EDGE('',*,*,#2593,.T.);
#659=ORIENTED_EDGE('',*,*,#2594,.T.);
#660=ORIENTED_EDGE('',*,*,#2595,.T.);
#661=ORIENTED_EDGE('',*,*,#2596,.T.);
#662=ORIENTED_EDGE('',*,*,#2597,.T.);
#663=ORIENTED_EDGE('',*,*,#2598,.T.);
#664=ORIENTED_EDGE('',*,*,#2599,.T.);
#665=ORIENTED_EDGE('',*,*,#2600,.T.);
#666=ORIENTED_EDGE('',*,*,#2601,.T.);
#667=ORIENTED_EDGE('',*,*,#2387,.F.);
#668=ORIENTED_EDGE('',*,*,#2602,.T.);
#669=ORIENTED_EDGE('',*,*,#2603,.T.);
#670=ORIENTED_EDGE('',*,*,#2604,.T.);
#671=ORIENTED_EDGE('',*,*,#2605,.F.);
#672=ORIENTED_EDGE('',*,*,#2606,.T.);
#673=ORIENTED_EDGE('',*,*,#2607,.T.);
#674=ORIENTED_EDGE('',*,*,#2608,.T.);
#675=ORIENTED_EDGE('',*,*,#2609,.T.);
#676=ORIENTED_EDGE('',*,*,#2610,.T.);
#677=ORIENTED_EDGE('',*,*,#2611,.F.);
#678=ORIENTED_EDGE('',*,*,#2612,.T.);
#679=ORIENTED_EDGE('',*,*,#2613,.T.);
#680=ORIENTED_EDGE('',*,*,#2512,.F.);
#681=ORIENTED_EDGE('',*,*,#2614,.T.);
#682=ORIENTED_EDGE('',*,*,#2615,.T.);
#683=ORIENTED_EDGE('',*,*,#2616,.T.);
#684=ORIENTED_EDGE('',*,*,#2600,.F.);
#685=ORIENTED_EDGE('',*,*,#2617,.T.);
#686=ORIENTED_EDGE('',*,*,#2618,.T.);
#687=ORIENTED_EDGE('',*,*,#2619,.T.);
#688=ORIENTED_EDGE('',*,*,#2605,.T.);
#689=ORIENTED_EDGE('',*,*,#2620,.T.);
#690=ORIENTED_EDGE('',*,*,#2621,.T.);
#691=ORIENTED_EDGE('',*,*,#2622,.T.);
#692=ORIENTED_EDGE('',*,*,#2603,.F.);
#693=ORIENTED_EDGE('',*,*,#2552,.T.);
#694=ORIENTED_EDGE('',*,*,#2623,.T.);
#695=ORIENTED_EDGE('',*,*,#2566,.T.);
#696=ORIENTED_EDGE('',*,*,#2624,.T.);
#697=ORIENTED_EDGE('',*,*,#2625,.F.);
#698=ORIENTED_EDGE('',*,*,#2626,.T.);
#699=ORIENTED_EDGE('',*,*,#2519,.T.);
#700=ORIENTED_EDGE('',*,*,#2627,.T.);
#701=ORIENTED_EDGE('',*,*,#2628,.F.);
#702=ORIENTED_EDGE('',*,*,#2379,.T.);
#703=ORIENTED_EDGE('',*,*,#2629,.T.);
#704=ORIENTED_EDGE('',*,*,#2417,.T.);
#705=ORIENTED_EDGE('',*,*,#2630,.T.);
#706=ORIENTED_EDGE('',*,*,#2631,.T.);
#707=ORIENTED_EDGE('',*,*,#2632,.T.);
#708=ORIENTED_EDGE('',*,*,#2497,.F.);
#709=ORIENTED_EDGE('',*,*,#2633,.T.);
#710=ORIENTED_EDGE('',*,*,#2634,.F.);
#711=ORIENTED_EDGE('',*,*,#2588,.F.);
#712=ORIENTED_EDGE('',*,*,#2635,.T.);
#713=ORIENTED_EDGE('',*,*,#2636,.T.);
#714=ORIENTED_EDGE('',*,*,#2637,.T.);
#715=ORIENTED_EDGE('',*,*,#2638,.T.);
#716=ORIENTED_EDGE('',*,*,#2639,.T.);
#717=ORIENTED_EDGE('',*,*,#2640,.F.);
#718=ORIENTED_EDGE('',*,*,#2616,.F.);
#719=ORIENTED_EDGE('',*,*,#2641,.T.);
#720=ORIENTED_EDGE('',*,*,#2384,.F.);
#721=ORIENTED_EDGE('',*,*,#2601,.F.);
#722=ORIENTED_EDGE('',*,*,#2386,.F.);
#723=ORIENTED_EDGE('',*,*,#2642,.T.);
#724=ORIENTED_EDGE('',*,*,#2620,.F.);
#725=ORIENTED_EDGE('',*,*,#2602,.F.);
#726=ORIENTED_EDGE('',*,*,#2619,.F.);
#727=ORIENTED_EDGE('',*,*,#2643,.T.);
#728=ORIENTED_EDGE('',*,*,#2614,.F.);
#729=ORIENTED_EDGE('',*,*,#2606,.F.);
#730=ORIENTED_EDGE('',*,*,#2622,.F.);
#731=ORIENTED_EDGE('',*,*,#2644,.T.);
#732=ORIENTED_EDGE('',*,*,#2617,.F.);
#733=ORIENTED_EDGE('',*,*,#2604,.F.);
#734=ORIENTED_EDGE('',*,*,#2645,.F.);
#735=ORIENTED_EDGE('',*,*,#2615,.F.);
#736=ORIENTED_EDGE('',*,*,#2646,.F.);
#737=ORIENTED_EDGE('',*,*,#2371,.F.);
#738=ORIENTED_EDGE('',*,*,#2641,.F.);
#739=ORIENTED_EDGE('',*,*,#2645,.T.);
#740=ORIENTED_EDGE('',*,*,#2647,.F.);
#741=ORIENTED_EDGE('',*,*,#2646,.T.);
#742=ORIENTED_EDGE('',*,*,#2643,.F.);
#743=ORIENTED_EDGE('',*,*,#2648,.F.);
#744=ORIENTED_EDGE('',*,*,#2647,.T.);
#745=ORIENTED_EDGE('',*,*,#2370,.F.);
#746=ORIENTED_EDGE('',*,*,#2649,.F.);
#747=ORIENTED_EDGE('',*,*,#2385,.F.);
#748=ORIENTED_EDGE('',*,*,#2648,.T.);
#749=ORIENTED_EDGE('',*,*,#2618,.F.);
#750=ORIENTED_EDGE('',*,*,#2650,.F.);
#751=ORIENTED_EDGE('',*,*,#2368,.F.);
#752=ORIENTED_EDGE('',*,*,#2642,.F.);
#753=ORIENTED_EDGE('',*,*,#2649,.T.);
#754=ORIENTED_EDGE('',*,*,#2651,.F.);
#755=ORIENTED_EDGE('',*,*,#2650,.T.);
#756=ORIENTED_EDGE('',*,*,#2644,.F.);
#757=ORIENTED_EDGE('',*,*,#2652,.F.);
#758=ORIENTED_EDGE('',*,*,#2651,.T.);
#759=ORIENTED_EDGE('',*,*,#2369,.F.);
#760=ORIENTED_EDGE('',*,*,#2652,.T.);
#761=ORIENTED_EDGE('',*,*,#2621,.F.);
#762=ORIENTED_EDGE('',*,*,#2653,.F.);
#763=ORIENTED_EDGE('',*,*,#2640,.T.);
#764=ORIENTED_EDGE('',*,*,#2653,.T.);
#765=ORIENTED_EDGE('',*,*,#2654,.F.);
#766=ORIENTED_EDGE('',*,*,#2478,.T.);
#767=ORIENTED_EDGE('',*,*,#2654,.T.);
#768=ORIENTED_EDGE('',*,*,#2655,.F.);
#769=ORIENTED_EDGE('',*,*,#2634,.T.);
#770=ORIENTED_EDGE('',*,*,#2655,.T.);
#771=ORIENTED_EDGE('',*,*,#2656,.F.);
#772=ORIENTED_EDGE('',*,*,#2501,.T.);
#773=ORIENTED_EDGE('',*,*,#2656,.T.);
#774=ORIENTED_EDGE('',*,*,#2657,.F.);
#775=ORIENTED_EDGE('',*,*,#2524,.T.);
#776=ORIENTED_EDGE('',*,*,#2657,.T.);
#777=ORIENTED_EDGE('',*,*,#2658,.F.);
#778=ORIENTED_EDGE('',*,*,#2507,.T.);
#779=ORIENTED_EDGE('',*,*,#2658,.T.);
#780=ORIENTED_EDGE('',*,*,#2659,.F.);
#781=ORIENTED_EDGE('',*,*,#2537,.T.);
#782=ORIENTED_EDGE('',*,*,#2659,.T.);
#783=ORIENTED_EDGE('',*,*,#2660,.F.);
#784=ORIENTED_EDGE('',*,*,#2628,.T.);
#785=ORIENTED_EDGE('',*,*,#2660,.T.);
#786=ORIENTED_EDGE('',*,*,#2661,.T.);
#787=ORIENTED_EDGE('',*,*,#2662,.T.);
#788=ORIENTED_EDGE('',*,*,#2663,.F.);
#789=ORIENTED_EDGE('',*,*,#2437,.F.);
#790=ORIENTED_EDGE('',*,*,#2664,.T.);
#791=ORIENTED_EDGE('',*,*,#2665,.T.);
#792=ORIENTED_EDGE('',*,*,#2661,.F.);
#793=ORIENTED_EDGE('',*,*,#2436,.T.);
#794=ORIENTED_EDGE('',*,*,#2663,.T.);
#795=ORIENTED_EDGE('',*,*,#2666,.T.);
#796=ORIENTED_EDGE('',*,*,#2667,.F.);
#797=ORIENTED_EDGE('',*,*,#2438,.T.);
#798=ORIENTED_EDGE('',*,*,#2668,.T.);
#799=ORIENTED_EDGE('',*,*,#2669,.T.);
#800=ORIENTED_EDGE('',*,*,#2664,.F.);
#801=ORIENTED_EDGE('',*,*,#2435,.T.);
#802=ORIENTED_EDGE('',*,*,#2394,.T.);
#803=ORIENTED_EDGE('',*,*,#2670,.T.);
#804=ORIENTED_EDGE('',*,*,#2668,.F.);
#805=ORIENTED_EDGE('',*,*,#2434,.T.);
#806=ORIENTED_EDGE('',*,*,#2671,.T.);
#807=ORIENTED_EDGE('',*,*,#2672,.T.);
#808=ORIENTED_EDGE('',*,*,#2392,.F.);
#809=ORIENTED_EDGE('',*,*,#2440,.T.);
#810=ORIENTED_EDGE('',*,*,#2667,.T.);
#811=ORIENTED_EDGE('',*,*,#2673,.T.);
#812=ORIENTED_EDGE('',*,*,#2671,.F.);
#813=ORIENTED_EDGE('',*,*,#2439,.T.);
#814=ORIENTED_EDGE('',*,*,#2530,.F.);
#815=ORIENTED_EDGE('',*,*,#2674,.F.);
#816=ORIENTED_EDGE('',*,*,#2675,.T.);
#817=ORIENTED_EDGE('',*,*,#2676,.T.);
#818=ORIENTED_EDGE('',*,*,#2677,.T.);
#819=ORIENTED_EDGE('',*,*,#2678,.T.);
#820=ORIENTED_EDGE('',*,*,#2679,.T.);
#821=ORIENTED_EDGE('',*,*,#2529,.T.);
#822=ORIENTED_EDGE('',*,*,#2680,.T.);
#823=ORIENTED_EDGE('',*,*,#2681,.F.);
#824=ORIENTED_EDGE('',*,*,#2674,.T.);
#825=ORIENTED_EDGE('',*,*,#2682,.F.);
#826=ORIENTED_EDGE('',*,*,#2683,.T.);
#827=ORIENTED_EDGE('',*,*,#2533,.T.);
#828=ORIENTED_EDGE('',*,*,#2684,.F.);
#829=ORIENTED_EDGE('',*,*,#2532,.F.);
#830=ORIENTED_EDGE('',*,*,#2685,.F.);
#831=ORIENTED_EDGE('',*,*,#2686,.T.);
#832=ORIENTED_EDGE('',*,*,#2687,.T.);
#833=ORIENTED_EDGE('',*,*,#2688,.T.);
#834=ORIENTED_EDGE('',*,*,#2689,.T.);
#835=ORIENTED_EDGE('',*,*,#2684,.T.);
#836=ORIENTED_EDGE('',*,*,#2689,.F.);
#837=ORIENTED_EDGE('',*,*,#2690,.T.);
#838=ORIENTED_EDGE('',*,*,#2675,.F.);
#839=ORIENTED_EDGE('',*,*,#2681,.T.);
#840=ORIENTED_EDGE('',*,*,#2691,.T.);
#841=ORIENTED_EDGE('',*,*,#2576,.F.);
#842=ORIENTED_EDGE('',*,*,#2692,.T.);
#843=ORIENTED_EDGE('',*,*,#2682,.T.);
#844=ORIENTED_EDGE('',*,*,#2626,.F.);
#845=ORIENTED_EDGE('',*,*,#2693,.F.);
#846=ORIENTED_EDGE('',*,*,#2694,.T.);
#847=ORIENTED_EDGE('',*,*,#2695,.T.);
#848=ORIENTED_EDGE('',*,*,#2520,.T.);
#849=ORIENTED_EDGE('',*,*,#2625,.T.);
#850=ORIENTED_EDGE('',*,*,#2696,.T.);
#851=ORIENTED_EDGE('',*,*,#2697,.F.);
#852=ORIENTED_EDGE('',*,*,#2693,.T.);
#853=ORIENTED_EDGE('',*,*,#2698,.F.);
#854=ORIENTED_EDGE('',*,*,#2699,.T.);
#855=ORIENTED_EDGE('',*,*,#2525,.T.);
#856=ORIENTED_EDGE('',*,*,#2679,.F.);
#857=ORIENTED_EDGE('',*,*,#2700,.T.);
#858=ORIENTED_EDGE('',*,*,#2701,.T.);
#859=ORIENTED_EDGE('',*,*,#2694,.F.);
#860=ORIENTED_EDGE('',*,*,#2697,.T.);
#861=ORIENTED_EDGE('',*,*,#2702,.T.);
#862=ORIENTED_EDGE('',*,*,#2564,.T.);
#863=ORIENTED_EDGE('',*,*,#2569,.T.);
#864=ORIENTED_EDGE('',*,*,#2703,.T.);
#865=ORIENTED_EDGE('',*,*,#2579,.F.);
#866=ORIENTED_EDGE('',*,*,#2704,.T.);
#867=ORIENTED_EDGE('',*,*,#2698,.T.);
#868=ORIENTED_EDGE('',*,*,#2678,.F.);
#869=ORIENTED_EDGE('',*,*,#2705,.T.);
#870=ORIENTED_EDGE('',*,*,#2706,.T.);
#871=ORIENTED_EDGE('',*,*,#2531,.T.);
#872=ORIENTED_EDGE('',*,*,#2707,.T.);
#873=ORIENTED_EDGE('',*,*,#2708,.F.);
#874=ORIENTED_EDGE('',*,*,#2685,.T.);
#875=ORIENTED_EDGE('',*,*,#2709,.F.);
#876=ORIENTED_EDGE('',*,*,#2710,.T.);
#877=ORIENTED_EDGE('',*,*,#2514,.T.);
#878=ORIENTED_EDGE('',*,*,#2711,.F.);
#879=ORIENTED_EDGE('',*,*,#2513,.F.);
#880=ORIENTED_EDGE('',*,*,#2613,.F.);
#881=ORIENTED_EDGE('',*,*,#2712,.T.);
#882=ORIENTED_EDGE('',*,*,#2713,.T.);
#883=ORIENTED_EDGE('',*,*,#2711,.T.);
#884=ORIENTED_EDGE('',*,*,#2714,.T.);
#885=ORIENTED_EDGE('',*,*,#2715,.T.);
#886=ORIENTED_EDGE('',*,*,#2686,.F.);
#887=ORIENTED_EDGE('',*,*,#2708,.T.);
#888=ORIENTED_EDGE('',*,*,#2716,.T.);
#889=ORIENTED_EDGE('',*,*,#2573,.F.);
#890=ORIENTED_EDGE('',*,*,#2717,.T.);
#891=ORIENTED_EDGE('',*,*,#2582,.F.);
#892=ORIENTED_EDGE('',*,*,#2560,.F.);
#893=ORIENTED_EDGE('',*,*,#2718,.T.);
#894=ORIENTED_EDGE('',*,*,#2709,.T.);
#895=ORIENTED_EDGE('',*,*,#2713,.F.);
#896=ORIENTED_EDGE('',*,*,#2719,.T.);
#897=ORIENTED_EDGE('',*,*,#2720,.T.);
#898=ORIENTED_EDGE('',*,*,#2506,.F.);
#899=ORIENTED_EDGE('',*,*,#2721,.F.);
#900=ORIENTED_EDGE('',*,*,#2722,.T.);
#901=ORIENTED_EDGE('',*,*,#2723,.T.);
#902=ORIENTED_EDGE('',*,*,#2724,.T.);
#903=ORIENTED_EDGE('',*,*,#2725,.T.);
#904=ORIENTED_EDGE('',*,*,#2726,.T.);
#905=ORIENTED_EDGE('',*,*,#2505,.T.);
#906=ORIENTED_EDGE('',*,*,#2727,.T.);
#907=ORIENTED_EDGE('',*,*,#2728,.F.);
#908=ORIENTED_EDGE('',*,*,#2721,.T.);
#909=ORIENTED_EDGE('',*,*,#2493,.F.);
#910=ORIENTED_EDGE('',*,*,#2729,.T.);
#911=ORIENTED_EDGE('',*,*,#2730,.T.);
#912=ORIENTED_EDGE('',*,*,#2722,.F.);
#913=ORIENTED_EDGE('',*,*,#2728,.T.);
#914=ORIENTED_EDGE('',*,*,#2731,.T.);
#915=ORIENTED_EDGE('',*,*,#2411,.T.);
#916=ORIENTED_EDGE('',*,*,#2732,.T.);
#917=ORIENTED_EDGE('',*,*,#2631,.F.);
#918=ORIENTED_EDGE('',*,*,#2733,.T.);
#919=ORIENTED_EDGE('',*,*,#2734,.T.);
#920=ORIENTED_EDGE('',*,*,#2735,.T.);
#921=ORIENTED_EDGE('',*,*,#2736,.F.);
#922=ORIENTED_EDGE('',*,*,#2737,.T.);
#923=ORIENTED_EDGE('',*,*,#2502,.T.);
#924=ORIENTED_EDGE('',*,*,#2726,.F.);
#925=ORIENTED_EDGE('',*,*,#2632,.F.);
#926=ORIENTED_EDGE('',*,*,#2735,.F.);
#927=ORIENTED_EDGE('',*,*,#2738,.T.);
#928=ORIENTED_EDGE('',*,*,#2739,.T.);
#929=ORIENTED_EDGE('',*,*,#2498,.T.);
#930=ORIENTED_EDGE('',*,*,#2725,.F.);
#931=ORIENTED_EDGE('',*,*,#2740,.T.);
#932=ORIENTED_EDGE('',*,*,#2738,.F.);
#933=ORIENTED_EDGE('',*,*,#2734,.F.);
#934=ORIENTED_EDGE('',*,*,#2741,.T.);
#935=ORIENTED_EDGE('',*,*,#2415,.T.);
#936=ORIENTED_EDGE('',*,*,#2742,.T.);
#937=ORIENTED_EDGE('',*,*,#2736,.T.);
#938=ORIENTED_EDGE('',*,*,#2743,.T.);
#939=ORIENTED_EDGE('',*,*,#2744,.T.);
#940=ORIENTED_EDGE('',*,*,#2638,.F.);
#941=ORIENTED_EDGE('',*,*,#2745,.F.);
#942=ORIENTED_EDGE('',*,*,#2637,.F.);
#943=ORIENTED_EDGE('',*,*,#2746,.F.);
#944=ORIENTED_EDGE('',*,*,#2747,.T.);
#945=ORIENTED_EDGE('',*,*,#2748,.T.);
#946=ORIENTED_EDGE('',*,*,#2749,.T.);
#947=ORIENTED_EDGE('',*,*,#2750,.T.);
#948=ORIENTED_EDGE('',*,*,#2745,.T.);
#949=ORIENTED_EDGE('',*,*,#2750,.F.);
#950=ORIENTED_EDGE('',*,*,#2751,.T.);
#951=ORIENTED_EDGE('',*,*,#2752,.T.);
#952=ORIENTED_EDGE('',*,*,#2590,.F.);
#953=ORIENTED_EDGE('',*,*,#2753,.T.);
#954=ORIENTED_EDGE('',*,*,#2743,.F.);
#955=ORIENTED_EDGE('',*,*,#2636,.F.);
#956=ORIENTED_EDGE('',*,*,#2754,.T.);
#957=ORIENTED_EDGE('',*,*,#2755,.T.);
#958=ORIENTED_EDGE('',*,*,#2746,.T.);
#959=ORIENTED_EDGE('',*,*,#2756,.T.);
#960=ORIENTED_EDGE('',*,*,#2757,.T.);
#961=ORIENTED_EDGE('',*,*,#2484,.F.);
#962=ORIENTED_EDGE('',*,*,#2758,.F.);
#963=ORIENTED_EDGE('',*,*,#2483,.F.);
#964=ORIENTED_EDGE('',*,*,#2476,.F.);
#965=ORIENTED_EDGE('',*,*,#2759,.T.);
#966=ORIENTED_EDGE('',*,*,#2760,.T.);
#967=ORIENTED_EDGE('',*,*,#2758,.T.);
#968=ORIENTED_EDGE('',*,*,#2760,.F.);
#969=ORIENTED_EDGE('',*,*,#2761,.T.);
#970=ORIENTED_EDGE('',*,*,#2747,.F.);
#971=ORIENTED_EDGE('',*,*,#2755,.F.);
#972=ORIENTED_EDGE('',*,*,#2762,.T.);
#973=ORIENTED_EDGE('',*,*,#2586,.F.);
#974=ORIENTED_EDGE('',*,*,#2763,.T.);
#975=ORIENTED_EDGE('',*,*,#2756,.F.);
#976=ORIENTED_EDGE('',*,*,#2420,.T.);
#977=ORIENTED_EDGE('',*,*,#2764,.T.);
#978=ORIENTED_EDGE('',*,*,#2765,.T.);
#979=ORIENTED_EDGE('',*,*,#2766,.T.);
#980=ORIENTED_EDGE('',*,*,#2766,.F.);
#981=ORIENTED_EDGE('',*,*,#2767,.T.);
#982=ORIENTED_EDGE('',*,*,#2768,.T.);
#983=ORIENTED_EDGE('',*,*,#2421,.T.);
#984=ORIENTED_EDGE('',*,*,#2768,.F.);
#985=ORIENTED_EDGE('',*,*,#2769,.T.);
#986=ORIENTED_EDGE('',*,*,#2770,.T.);
#987=ORIENTED_EDGE('',*,*,#2422,.T.);
#988=ORIENTED_EDGE('',*,*,#2770,.F.);
#989=ORIENTED_EDGE('',*,*,#2771,.T.);
#990=ORIENTED_EDGE('',*,*,#2772,.T.);
#991=ORIENTED_EDGE('',*,*,#2423,.T.);
#992=ORIENTED_EDGE('',*,*,#2773,.T.);
#993=ORIENTED_EDGE('',*,*,#2774,.T.);
#994=ORIENTED_EDGE('',*,*,#2408,.T.);
#995=ORIENTED_EDGE('',*,*,#2772,.F.);
#996=ORIENTED_EDGE('',*,*,#2775,.F.);
#997=ORIENTED_EDGE('',*,*,#2776,.T.);
#998=ORIENTED_EDGE('',*,*,#2405,.F.);
#999=ORIENTED_EDGE('',*,*,#2777,.F.);
#1000=ORIENTED_EDGE('',*,*,#2778,.F.);
#1001=ORIENTED_EDGE('',*,*,#2779,.T.);
#1002=ORIENTED_EDGE('',*,*,#2777,.T.);
#1003=ORIENTED_EDGE('',*,*,#2404,.T.);
#1004=ORIENTED_EDGE('',*,*,#2780,.F.);
#1005=ORIENTED_EDGE('',*,*,#2781,.T.);
#1006=ORIENTED_EDGE('',*,*,#2778,.T.);
#1007=ORIENTED_EDGE('',*,*,#2407,.T.);
#1008=ORIENTED_EDGE('',*,*,#2776,.F.);
#1009=ORIENTED_EDGE('',*,*,#2782,.T.);
#1010=ORIENTED_EDGE('',*,*,#2780,.T.);
#1011=ORIENTED_EDGE('',*,*,#2406,.T.);
#1012=ORIENTED_EDGE('',*,*,#2783,.T.);
#1013=ORIENTED_EDGE('',*,*,#2784,.T.);
#1014=ORIENTED_EDGE('',*,*,#2389,.F.);
#1015=ORIENTED_EDGE('',*,*,#2785,.T.);
#1016=ORIENTED_EDGE('',*,*,#2786,.F.);
#1017=ORIENTED_EDGE('',*,*,#2391,.F.);
#1018=ORIENTED_EDGE('',*,*,#2388,.T.);
#1019=ORIENTED_EDGE('',*,*,#2786,.T.);
#1020=ORIENTED_EDGE('',*,*,#2787,.F.);
#1021=ORIENTED_EDGE('',*,*,#2783,.F.);
#1022=ORIENTED_EDGE('',*,*,#2775,.T.);
#1023=ORIENTED_EDGE('',*,*,#2779,.F.);
#1024=ORIENTED_EDGE('',*,*,#2781,.F.);
#1025=ORIENTED_EDGE('',*,*,#2782,.F.);
#1026=ORIENTED_EDGE('',*,*,#2784,.F.);
#1027=ORIENTED_EDGE('',*,*,#2787,.T.);
#1028=ORIENTED_EDGE('',*,*,#2785,.F.);
#1029=ORIENTED_EDGE('',*,*,#2390,.F.);
#1030=ORIENTED_EDGE('',*,*,#2788,.F.);
#1031=ORIENTED_EDGE('',*,*,#2470,.T.);
#1032=ORIENTED_EDGE('',*,*,#2788,.T.);
#1033=ORIENTED_EDGE('',*,*,#2789,.F.);
#1034=ORIENTED_EDGE('',*,*,#2469,.T.);
#1035=ORIENTED_EDGE('',*,*,#2789,.T.);
#1036=ORIENTED_EDGE('',*,*,#2790,.F.);
#1037=ORIENTED_EDGE('',*,*,#2468,.T.);
#1038=ORIENTED_EDGE('',*,*,#2790,.T.);
#1039=ORIENTED_EDGE('',*,*,#2791,.F.);
#1040=ORIENTED_EDGE('',*,*,#2467,.T.);
#1041=ORIENTED_EDGE('',*,*,#2791,.T.);
#1042=ORIENTED_EDGE('',*,*,#2792,.F.);
#1043=ORIENTED_EDGE('',*,*,#2466,.T.);
#1044=ORIENTED_EDGE('',*,*,#2792,.T.);
#1045=ORIENTED_EDGE('',*,*,#2793,.F.);
#1046=ORIENTED_EDGE('',*,*,#2465,.T.);
#1047=ORIENTED_EDGE('',*,*,#2793,.T.);
#1048=ORIENTED_EDGE('',*,*,#2794,.F.);
#1049=ORIENTED_EDGE('',*,*,#2464,.T.);
#1050=ORIENTED_EDGE('',*,*,#2794,.T.);
#1051=ORIENTED_EDGE('',*,*,#2795,.T.);
#1052=ORIENTED_EDGE('',*,*,#2796,.T.);
#1053=ORIENTED_EDGE('',*,*,#2541,.F.);
#1054=ORIENTED_EDGE('',*,*,#2797,.T.);
#1055=ORIENTED_EDGE('',*,*,#2798,.F.);
#1056=ORIENTED_EDGE('',*,*,#2799,.T.);
#1057=ORIENTED_EDGE('',*,*,#2800,.T.);
#1058=ORIENTED_EDGE('',*,*,#2801,.T.);
#1059=ORIENTED_EDGE('',*,*,#2376,.F.);
#1060=ORIENTED_EDGE('',*,*,#2802,.T.);
#1061=ORIENTED_EDGE('',*,*,#2798,.T.);
#1062=ORIENTED_EDGE('',*,*,#2803,.T.);
#1063=ORIENTED_EDGE('',*,*,#2804,.F.);
#1064=ORIENTED_EDGE('',*,*,#2805,.F.);
#1065=ORIENTED_EDGE('',*,*,#2806,.T.);
#1066=ORIENTED_EDGE('',*,*,#2807,.T.);
#1067=ORIENTED_EDGE('',*,*,#2808,.F.);
#1068=ORIENTED_EDGE('',*,*,#2809,.F.);
#1069=ORIENTED_EDGE('',*,*,#2804,.T.);
#1070=ORIENTED_EDGE('',*,*,#2810,.F.);
#1071=ORIENTED_EDGE('',*,*,#2811,.F.);
#1072=ORIENTED_EDGE('',*,*,#2812,.T.);
#1073=ORIENTED_EDGE('',*,*,#2808,.T.);
#1074=ORIENTED_EDGE('',*,*,#2813,.T.);
#1075=ORIENTED_EDGE('',*,*,#2814,.F.);
#1076=ORIENTED_EDGE('',*,*,#2815,.F.);
#1077=ORIENTED_EDGE('',*,*,#2816,.T.);
#1078=ORIENTED_EDGE('',*,*,#2817,.T.);
#1079=ORIENTED_EDGE('',*,*,#2818,.F.);
#1080=ORIENTED_EDGE('',*,*,#2819,.F.);
#1081=ORIENTED_EDGE('',*,*,#2814,.T.);
#1082=ORIENTED_EDGE('',*,*,#2820,.F.);
#1083=ORIENTED_EDGE('',*,*,#2821,.F.);
#1084=ORIENTED_EDGE('',*,*,#2822,.T.);
#1085=ORIENTED_EDGE('',*,*,#2818,.T.);
#1086=ORIENTED_EDGE('',*,*,#2823,.T.);
#1087=ORIENTED_EDGE('',*,*,#2824,.F.);
#1088=ORIENTED_EDGE('',*,*,#2825,.F.);
#1089=ORIENTED_EDGE('',*,*,#2826,.T.);
#1090=ORIENTED_EDGE('',*,*,#2827,.T.);
#1091=ORIENTED_EDGE('',*,*,#2828,.F.);
#1092=ORIENTED_EDGE('',*,*,#2829,.F.);
#1093=ORIENTED_EDGE('',*,*,#2824,.T.);
#1094=ORIENTED_EDGE('',*,*,#2830,.F.);
#1095=ORIENTED_EDGE('',*,*,#2831,.F.);
#1096=ORIENTED_EDGE('',*,*,#2832,.T.);
#1097=ORIENTED_EDGE('',*,*,#2828,.T.);
#1098=ORIENTED_EDGE('',*,*,#2833,.T.);
#1099=ORIENTED_EDGE('',*,*,#2834,.F.);
#1100=ORIENTED_EDGE('',*,*,#2835,.F.);
#1101=ORIENTED_EDGE('',*,*,#2836,.T.);
#1102=ORIENTED_EDGE('',*,*,#2837,.T.);
#1103=ORIENTED_EDGE('',*,*,#2838,.F.);
#1104=ORIENTED_EDGE('',*,*,#2839,.F.);
#1105=ORIENTED_EDGE('',*,*,#2834,.T.);
#1106=ORIENTED_EDGE('',*,*,#2840,.F.);
#1107=ORIENTED_EDGE('',*,*,#2841,.F.);
#1108=ORIENTED_EDGE('',*,*,#2842,.T.);
#1109=ORIENTED_EDGE('',*,*,#2838,.T.);
#1110=ORIENTED_EDGE('',*,*,#2843,.T.);
#1111=ORIENTED_EDGE('',*,*,#2844,.F.);
#1112=ORIENTED_EDGE('',*,*,#2845,.F.);
#1113=ORIENTED_EDGE('',*,*,#2846,.T.);
#1114=ORIENTED_EDGE('',*,*,#2847,.T.);
#1115=ORIENTED_EDGE('',*,*,#2848,.F.);
#1116=ORIENTED_EDGE('',*,*,#2849,.F.);
#1117=ORIENTED_EDGE('',*,*,#2844,.T.);
#1118=ORIENTED_EDGE('',*,*,#2850,.F.);
#1119=ORIENTED_EDGE('',*,*,#2851,.F.);
#1120=ORIENTED_EDGE('',*,*,#2852,.T.);
#1121=ORIENTED_EDGE('',*,*,#2848,.T.);
#1122=ORIENTED_EDGE('',*,*,#2853,.T.);
#1123=ORIENTED_EDGE('',*,*,#2854,.F.);
#1124=ORIENTED_EDGE('',*,*,#2855,.F.);
#1125=ORIENTED_EDGE('',*,*,#2856,.T.);
#1126=ORIENTED_EDGE('',*,*,#2857,.T.);
#1127=ORIENTED_EDGE('',*,*,#2858,.F.);
#1128=ORIENTED_EDGE('',*,*,#2859,.F.);
#1129=ORIENTED_EDGE('',*,*,#2854,.T.);
#1130=ORIENTED_EDGE('',*,*,#2860,.F.);
#1131=ORIENTED_EDGE('',*,*,#2861,.F.);
#1132=ORIENTED_EDGE('',*,*,#2862,.T.);
#1133=ORIENTED_EDGE('',*,*,#2858,.T.);
#1134=ORIENTED_EDGE('',*,*,#2863,.T.);
#1135=ORIENTED_EDGE('',*,*,#2864,.F.);
#1136=ORIENTED_EDGE('',*,*,#2865,.F.);
#1137=ORIENTED_EDGE('',*,*,#2866,.T.);
#1138=ORIENTED_EDGE('',*,*,#2867,.T.);
#1139=ORIENTED_EDGE('',*,*,#2868,.F.);
#1140=ORIENTED_EDGE('',*,*,#2869,.F.);
#1141=ORIENTED_EDGE('',*,*,#2864,.T.);
#1142=ORIENTED_EDGE('',*,*,#2870,.F.);
#1143=ORIENTED_EDGE('',*,*,#2871,.F.);
#1144=ORIENTED_EDGE('',*,*,#2872,.T.);
#1145=ORIENTED_EDGE('',*,*,#2868,.T.);
#1146=ORIENTED_EDGE('',*,*,#2873,.T.);
#1147=ORIENTED_EDGE('',*,*,#2874,.F.);
#1148=ORIENTED_EDGE('',*,*,#2875,.F.);
#1149=ORIENTED_EDGE('',*,*,#2876,.T.);
#1150=ORIENTED_EDGE('',*,*,#2877,.T.);
#1151=ORIENTED_EDGE('',*,*,#2878,.F.);
#1152=ORIENTED_EDGE('',*,*,#2879,.F.);
#1153=ORIENTED_EDGE('',*,*,#2874,.T.);
#1154=ORIENTED_EDGE('',*,*,#2880,.F.);
#1155=ORIENTED_EDGE('',*,*,#2881,.F.);
#1156=ORIENTED_EDGE('',*,*,#2882,.T.);
#1157=ORIENTED_EDGE('',*,*,#2878,.T.);
#1158=ORIENTED_EDGE('',*,*,#2883,.T.);
#1159=ORIENTED_EDGE('',*,*,#2884,.F.);
#1160=ORIENTED_EDGE('',*,*,#2885,.F.);
#1161=ORIENTED_EDGE('',*,*,#2886,.T.);
#1162=ORIENTED_EDGE('',*,*,#2887,.T.);
#1163=ORIENTED_EDGE('',*,*,#2888,.F.);
#1164=ORIENTED_EDGE('',*,*,#2889,.F.);
#1165=ORIENTED_EDGE('',*,*,#2884,.T.);
#1166=ORIENTED_EDGE('',*,*,#2890,.F.);
#1167=ORIENTED_EDGE('',*,*,#2891,.F.);
#1168=ORIENTED_EDGE('',*,*,#2892,.T.);
#1169=ORIENTED_EDGE('',*,*,#2888,.T.);
#1170=ORIENTED_EDGE('',*,*,#2893,.T.);
#1171=ORIENTED_EDGE('',*,*,#2894,.F.);
#1172=ORIENTED_EDGE('',*,*,#2895,.F.);
#1173=ORIENTED_EDGE('',*,*,#2896,.T.);
#1174=ORIENTED_EDGE('',*,*,#2897,.T.);
#1175=ORIENTED_EDGE('',*,*,#2898,.F.);
#1176=ORIENTED_EDGE('',*,*,#2899,.F.);
#1177=ORIENTED_EDGE('',*,*,#2894,.T.);
#1178=ORIENTED_EDGE('',*,*,#2900,.F.);
#1179=ORIENTED_EDGE('',*,*,#2901,.F.);
#1180=ORIENTED_EDGE('',*,*,#2902,.T.);
#1181=ORIENTED_EDGE('',*,*,#2898,.T.);
#1182=ORIENTED_EDGE('',*,*,#2903,.T.);
#1183=ORIENTED_EDGE('',*,*,#2904,.F.);
#1184=ORIENTED_EDGE('',*,*,#2905,.F.);
#1185=ORIENTED_EDGE('',*,*,#2906,.T.);
#1186=ORIENTED_EDGE('',*,*,#2907,.T.);
#1187=ORIENTED_EDGE('',*,*,#2908,.F.);
#1188=ORIENTED_EDGE('',*,*,#2909,.F.);
#1189=ORIENTED_EDGE('',*,*,#2904,.T.);
#1190=ORIENTED_EDGE('',*,*,#2910,.F.);
#1191=ORIENTED_EDGE('',*,*,#2911,.F.);
#1192=ORIENTED_EDGE('',*,*,#2912,.T.);
#1193=ORIENTED_EDGE('',*,*,#2908,.T.);
#1194=ORIENTED_EDGE('',*,*,#2913,.T.);
#1195=ORIENTED_EDGE('',*,*,#2914,.F.);
#1196=ORIENTED_EDGE('',*,*,#2915,.F.);
#1197=ORIENTED_EDGE('',*,*,#2916,.T.);
#1198=ORIENTED_EDGE('',*,*,#2917,.T.);
#1199=ORIENTED_EDGE('',*,*,#2918,.F.);
#1200=ORIENTED_EDGE('',*,*,#2919,.F.);
#1201=ORIENTED_EDGE('',*,*,#2914,.T.);
#1202=ORIENTED_EDGE('',*,*,#2920,.F.);
#1203=ORIENTED_EDGE('',*,*,#2921,.F.);
#1204=ORIENTED_EDGE('',*,*,#2922,.T.);
#1205=ORIENTED_EDGE('',*,*,#2918,.T.);
#1206=ORIENTED_EDGE('',*,*,#2923,.T.);
#1207=ORIENTED_EDGE('',*,*,#2924,.F.);
#1208=ORIENTED_EDGE('',*,*,#2925,.F.);
#1209=ORIENTED_EDGE('',*,*,#2926,.T.);
#1210=ORIENTED_EDGE('',*,*,#2927,.T.);
#1211=ORIENTED_EDGE('',*,*,#2928,.F.);
#1212=ORIENTED_EDGE('',*,*,#2929,.F.);
#1213=ORIENTED_EDGE('',*,*,#2924,.T.);
#1214=ORIENTED_EDGE('',*,*,#2930,.F.);
#1215=ORIENTED_EDGE('',*,*,#2931,.F.);
#1216=ORIENTED_EDGE('',*,*,#2932,.T.);
#1217=ORIENTED_EDGE('',*,*,#2928,.T.);
#1218=ORIENTED_EDGE('',*,*,#2933,.T.);
#1219=ORIENTED_EDGE('',*,*,#2934,.F.);
#1220=ORIENTED_EDGE('',*,*,#2935,.F.);
#1221=ORIENTED_EDGE('',*,*,#2936,.T.);
#1222=ORIENTED_EDGE('',*,*,#2937,.T.);
#1223=ORIENTED_EDGE('',*,*,#2938,.F.);
#1224=ORIENTED_EDGE('',*,*,#2939,.F.);
#1225=ORIENTED_EDGE('',*,*,#2934,.T.);
#1226=ORIENTED_EDGE('',*,*,#2940,.F.);
#1227=ORIENTED_EDGE('',*,*,#2941,.F.);
#1228=ORIENTED_EDGE('',*,*,#2942,.T.);
#1229=ORIENTED_EDGE('',*,*,#2938,.T.);
#1230=ORIENTED_EDGE('',*,*,#2943,.T.);
#1231=ORIENTED_EDGE('',*,*,#2944,.F.);
#1232=ORIENTED_EDGE('',*,*,#2945,.F.);
#1233=ORIENTED_EDGE('',*,*,#2946,.T.);
#1234=ORIENTED_EDGE('',*,*,#2947,.T.);
#1235=ORIENTED_EDGE('',*,*,#2948,.F.);
#1236=ORIENTED_EDGE('',*,*,#2949,.F.);
#1237=ORIENTED_EDGE('',*,*,#2944,.T.);
#1238=ORIENTED_EDGE('',*,*,#2950,.F.);
#1239=ORIENTED_EDGE('',*,*,#2951,.F.);
#1240=ORIENTED_EDGE('',*,*,#2952,.T.);
#1241=ORIENTED_EDGE('',*,*,#2948,.T.);
#1242=ORIENTED_EDGE('',*,*,#2953,.T.);
#1243=ORIENTED_EDGE('',*,*,#2954,.F.);
#1244=ORIENTED_EDGE('',*,*,#2955,.F.);
#1245=ORIENTED_EDGE('',*,*,#2956,.T.);
#1246=ORIENTED_EDGE('',*,*,#2957,.T.);
#1247=ORIENTED_EDGE('',*,*,#2958,.F.);
#1248=ORIENTED_EDGE('',*,*,#2959,.F.);
#1249=ORIENTED_EDGE('',*,*,#2954,.T.);
#1250=ORIENTED_EDGE('',*,*,#2960,.F.);
#1251=ORIENTED_EDGE('',*,*,#2961,.F.);
#1252=ORIENTED_EDGE('',*,*,#2962,.T.);
#1253=ORIENTED_EDGE('',*,*,#2958,.T.);
#1254=ORIENTED_EDGE('',*,*,#2963,.T.);
#1255=ORIENTED_EDGE('',*,*,#2964,.F.);
#1256=ORIENTED_EDGE('',*,*,#2965,.F.);
#1257=ORIENTED_EDGE('',*,*,#2966,.T.);
#1258=ORIENTED_EDGE('',*,*,#2967,.T.);
#1259=ORIENTED_EDGE('',*,*,#2968,.F.);
#1260=ORIENTED_EDGE('',*,*,#2969,.F.);
#1261=ORIENTED_EDGE('',*,*,#2964,.T.);
#1262=ORIENTED_EDGE('',*,*,#2970,.F.);
#1263=ORIENTED_EDGE('',*,*,#2971,.F.);
#1264=ORIENTED_EDGE('',*,*,#2972,.T.);
#1265=ORIENTED_EDGE('',*,*,#2968,.T.);
#1266=ORIENTED_EDGE('',*,*,#2973,.T.);
#1267=ORIENTED_EDGE('',*,*,#2974,.F.);
#1268=ORIENTED_EDGE('',*,*,#2975,.F.);
#1269=ORIENTED_EDGE('',*,*,#2976,.T.);
#1270=ORIENTED_EDGE('',*,*,#2977,.T.);
#1271=ORIENTED_EDGE('',*,*,#2978,.F.);
#1272=ORIENTED_EDGE('',*,*,#2979,.F.);
#1273=ORIENTED_EDGE('',*,*,#2974,.T.);
#1274=ORIENTED_EDGE('',*,*,#2980,.F.);
#1275=ORIENTED_EDGE('',*,*,#2981,.F.);
#1276=ORIENTED_EDGE('',*,*,#2982,.T.);
#1277=ORIENTED_EDGE('',*,*,#2978,.T.);
#1278=ORIENTED_EDGE('',*,*,#2983,.T.);
#1279=ORIENTED_EDGE('',*,*,#2984,.F.);
#1280=ORIENTED_EDGE('',*,*,#2985,.F.);
#1281=ORIENTED_EDGE('',*,*,#2986,.T.);
#1282=ORIENTED_EDGE('',*,*,#2987,.T.);
#1283=ORIENTED_EDGE('',*,*,#2988,.F.);
#1284=ORIENTED_EDGE('',*,*,#2989,.F.);
#1285=ORIENTED_EDGE('',*,*,#2984,.T.);
#1286=ORIENTED_EDGE('',*,*,#2990,.F.);
#1287=ORIENTED_EDGE('',*,*,#2991,.F.);
#1288=ORIENTED_EDGE('',*,*,#2992,.T.);
#1289=ORIENTED_EDGE('',*,*,#2988,.T.);
#1290=ORIENTED_EDGE('',*,*,#2993,.T.);
#1291=ORIENTED_EDGE('',*,*,#2994,.F.);
#1292=ORIENTED_EDGE('',*,*,#2995,.F.);
#1293=ORIENTED_EDGE('',*,*,#2996,.T.);
#1294=ORIENTED_EDGE('',*,*,#2997,.T.);
#1295=ORIENTED_EDGE('',*,*,#2998,.F.);
#1296=ORIENTED_EDGE('',*,*,#2999,.F.);
#1297=ORIENTED_EDGE('',*,*,#2994,.T.);
#1298=ORIENTED_EDGE('',*,*,#3000,.F.);
#1299=ORIENTED_EDGE('',*,*,#3001,.F.);
#1300=ORIENTED_EDGE('',*,*,#3002,.T.);
#1301=ORIENTED_EDGE('',*,*,#2998,.T.);
#1302=ORIENTED_EDGE('',*,*,#3003,.T.);
#1303=ORIENTED_EDGE('',*,*,#3004,.F.);
#1304=ORIENTED_EDGE('',*,*,#3005,.F.);
#1305=ORIENTED_EDGE('',*,*,#3006,.T.);
#1306=ORIENTED_EDGE('',*,*,#3007,.T.);
#1307=ORIENTED_EDGE('',*,*,#3008,.F.);
#1308=ORIENTED_EDGE('',*,*,#3009,.F.);
#1309=ORIENTED_EDGE('',*,*,#3004,.T.);
#1310=ORIENTED_EDGE('',*,*,#3010,.F.);
#1311=ORIENTED_EDGE('',*,*,#3011,.F.);
#1312=ORIENTED_EDGE('',*,*,#3012,.T.);
#1313=ORIENTED_EDGE('',*,*,#3008,.T.);
#1314=ORIENTED_EDGE('',*,*,#3013,.T.);
#1315=ORIENTED_EDGE('',*,*,#3014,.F.);
#1316=ORIENTED_EDGE('',*,*,#3015,.F.);
#1317=ORIENTED_EDGE('',*,*,#3016,.T.);
#1318=ORIENTED_EDGE('',*,*,#3017,.T.);
#1319=ORIENTED_EDGE('',*,*,#3018,.F.);
#1320=ORIENTED_EDGE('',*,*,#3019,.F.);
#1321=ORIENTED_EDGE('',*,*,#3014,.T.);
#1322=ORIENTED_EDGE('',*,*,#3020,.F.);
#1323=ORIENTED_EDGE('',*,*,#3021,.F.);
#1324=ORIENTED_EDGE('',*,*,#3022,.T.);
#1325=ORIENTED_EDGE('',*,*,#3018,.T.);
#1326=ORIENTED_EDGE('',*,*,#3023,.T.);
#1327=ORIENTED_EDGE('',*,*,#3024,.F.);
#1328=ORIENTED_EDGE('',*,*,#3025,.F.);
#1329=ORIENTED_EDGE('',*,*,#3026,.T.);
#1330=ORIENTED_EDGE('',*,*,#3027,.T.);
#1331=ORIENTED_EDGE('',*,*,#3028,.F.);
#1332=ORIENTED_EDGE('',*,*,#3029,.F.);
#1333=ORIENTED_EDGE('',*,*,#3024,.T.);
#1334=ORIENTED_EDGE('',*,*,#3030,.F.);
#1335=ORIENTED_EDGE('',*,*,#3031,.F.);
#1336=ORIENTED_EDGE('',*,*,#3032,.T.);
#1337=ORIENTED_EDGE('',*,*,#3028,.T.);
#1338=ORIENTED_EDGE('',*,*,#3033,.T.);
#1339=ORIENTED_EDGE('',*,*,#3034,.F.);
#1340=ORIENTED_EDGE('',*,*,#3035,.F.);
#1341=ORIENTED_EDGE('',*,*,#3036,.T.);
#1342=ORIENTED_EDGE('',*,*,#3037,.T.);
#1343=ORIENTED_EDGE('',*,*,#3038,.F.);
#1344=ORIENTED_EDGE('',*,*,#3039,.F.);
#1345=ORIENTED_EDGE('',*,*,#3034,.T.);
#1346=ORIENTED_EDGE('',*,*,#3040,.F.);
#1347=ORIENTED_EDGE('',*,*,#3041,.F.);
#1348=ORIENTED_EDGE('',*,*,#3042,.T.);
#1349=ORIENTED_EDGE('',*,*,#3038,.T.);
#1350=ORIENTED_EDGE('',*,*,#3043,.T.);
#1351=ORIENTED_EDGE('',*,*,#3044,.F.);
#1352=ORIENTED_EDGE('',*,*,#3045,.F.);
#1353=ORIENTED_EDGE('',*,*,#3046,.T.);
#1354=ORIENTED_EDGE('',*,*,#3047,.T.);
#1355=ORIENTED_EDGE('',*,*,#3048,.F.);
#1356=ORIENTED_EDGE('',*,*,#3049,.F.);
#1357=ORIENTED_EDGE('',*,*,#3044,.T.);
#1358=ORIENTED_EDGE('',*,*,#3050,.F.);
#1359=ORIENTED_EDGE('',*,*,#3051,.F.);
#1360=ORIENTED_EDGE('',*,*,#3052,.T.);
#1361=ORIENTED_EDGE('',*,*,#3048,.T.);
#1362=ORIENTED_EDGE('',*,*,#2373,.F.);
#1363=ORIENTED_EDGE('',*,*,#3053,.F.);
#1364=ORIENTED_EDGE('',*,*,#3054,.T.);
#1365=ORIENTED_EDGE('',*,*,#3055,.T.);
#1366=ORIENTED_EDGE('',*,*,#2372,.T.);
#1367=ORIENTED_EDGE('',*,*,#3056,.F.);
#1368=ORIENTED_EDGE('',*,*,#3057,.F.);
#1369=ORIENTED_EDGE('',*,*,#3053,.T.);
#1370=ORIENTED_EDGE('',*,*,#2375,.T.);
#1371=ORIENTED_EDGE('',*,*,#3058,.F.);
#1372=ORIENTED_EDGE('',*,*,#3059,.F.);
#1373=ORIENTED_EDGE('',*,*,#3056,.T.);
#1374=ORIENTED_EDGE('',*,*,#3060,.F.);
#1375=ORIENTED_EDGE('',*,*,#2816,.F.);
#1376=ORIENTED_EDGE('',*,*,#3061,.T.);
#1377=ORIENTED_EDGE('',*,*,#2821,.T.);
#1378=ORIENTED_EDGE('',*,*,#3062,.F.);
#1379=ORIENTED_EDGE('',*,*,#2826,.F.);
#1380=ORIENTED_EDGE('',*,*,#3063,.T.);
#1381=ORIENTED_EDGE('',*,*,#2831,.T.);
#1382=ORIENTED_EDGE('',*,*,#3064,.F.);
#1383=ORIENTED_EDGE('',*,*,#2836,.F.);
#1384=ORIENTED_EDGE('',*,*,#3065,.T.);
#1385=ORIENTED_EDGE('',*,*,#2841,.T.);
#1386=ORIENTED_EDGE('',*,*,#3066,.F.);
#1387=ORIENTED_EDGE('',*,*,#2846,.F.);
#1388=ORIENTED_EDGE('',*,*,#3067,.T.);
#1389=ORIENTED_EDGE('',*,*,#2851,.T.);
#1390=ORIENTED_EDGE('',*,*,#3068,.F.);
#1391=ORIENTED_EDGE('',*,*,#2856,.F.);
#1392=ORIENTED_EDGE('',*,*,#3069,.T.);
#1393=ORIENTED_EDGE('',*,*,#2861,.T.);
#1394=ORIENTED_EDGE('',*,*,#3070,.F.);
#1395=ORIENTED_EDGE('',*,*,#2866,.F.);
#1396=ORIENTED_EDGE('',*,*,#3071,.T.);
#1397=ORIENTED_EDGE('',*,*,#2871,.T.);
#1398=ORIENTED_EDGE('',*,*,#3072,.F.);
#1399=ORIENTED_EDGE('',*,*,#2876,.F.);
#1400=ORIENTED_EDGE('',*,*,#3073,.T.);
#1401=ORIENTED_EDGE('',*,*,#2881,.T.);
#1402=ORIENTED_EDGE('',*,*,#3074,.F.);
#1403=ORIENTED_EDGE('',*,*,#2886,.F.);
#1404=ORIENTED_EDGE('',*,*,#3075,.T.);
#1405=ORIENTED_EDGE('',*,*,#2891,.T.);
#1406=ORIENTED_EDGE('',*,*,#3076,.F.);
#1407=ORIENTED_EDGE('',*,*,#2896,.F.);
#1408=ORIENTED_EDGE('',*,*,#3077,.T.);
#1409=ORIENTED_EDGE('',*,*,#2901,.T.);
#1410=ORIENTED_EDGE('',*,*,#3078,.F.);
#1411=ORIENTED_EDGE('',*,*,#2906,.F.);
#1412=ORIENTED_EDGE('',*,*,#3079,.T.);
#1413=ORIENTED_EDGE('',*,*,#2911,.T.);
#1414=ORIENTED_EDGE('',*,*,#3080,.F.);
#1415=ORIENTED_EDGE('',*,*,#2916,.F.);
#1416=ORIENTED_EDGE('',*,*,#3081,.T.);
#1417=ORIENTED_EDGE('',*,*,#2921,.T.);
#1418=ORIENTED_EDGE('',*,*,#3082,.F.);
#1419=ORIENTED_EDGE('',*,*,#2926,.F.);
#1420=ORIENTED_EDGE('',*,*,#3083,.T.);
#1421=ORIENTED_EDGE('',*,*,#2931,.T.);
#1422=ORIENTED_EDGE('',*,*,#3084,.F.);
#1423=ORIENTED_EDGE('',*,*,#2936,.F.);
#1424=ORIENTED_EDGE('',*,*,#3085,.T.);
#1425=ORIENTED_EDGE('',*,*,#2941,.T.);
#1426=ORIENTED_EDGE('',*,*,#3086,.F.);
#1427=ORIENTED_EDGE('',*,*,#2946,.F.);
#1428=ORIENTED_EDGE('',*,*,#3087,.T.);
#1429=ORIENTED_EDGE('',*,*,#2951,.T.);
#1430=ORIENTED_EDGE('',*,*,#3088,.F.);
#1431=ORIENTED_EDGE('',*,*,#2956,.F.);
#1432=ORIENTED_EDGE('',*,*,#3089,.T.);
#1433=ORIENTED_EDGE('',*,*,#2961,.T.);
#1434=ORIENTED_EDGE('',*,*,#3090,.F.);
#1435=ORIENTED_EDGE('',*,*,#2966,.F.);
#1436=ORIENTED_EDGE('',*,*,#3091,.T.);
#1437=ORIENTED_EDGE('',*,*,#2971,.T.);
#1438=ORIENTED_EDGE('',*,*,#3092,.F.);
#1439=ORIENTED_EDGE('',*,*,#2976,.F.);
#1440=ORIENTED_EDGE('',*,*,#3093,.T.);
#1441=ORIENTED_EDGE('',*,*,#2981,.T.);
#1442=ORIENTED_EDGE('',*,*,#3094,.F.);
#1443=ORIENTED_EDGE('',*,*,#2986,.F.);
#1444=ORIENTED_EDGE('',*,*,#3095,.T.);
#1445=ORIENTED_EDGE('',*,*,#2991,.T.);
#1446=ORIENTED_EDGE('',*,*,#3096,.F.);
#1447=ORIENTED_EDGE('',*,*,#2996,.F.);
#1448=ORIENTED_EDGE('',*,*,#3097,.T.);
#1449=ORIENTED_EDGE('',*,*,#3001,.T.);
#1450=ORIENTED_EDGE('',*,*,#3098,.F.);
#1451=ORIENTED_EDGE('',*,*,#3006,.F.);
#1452=ORIENTED_EDGE('',*,*,#3099,.T.);
#1453=ORIENTED_EDGE('',*,*,#3011,.T.);
#1454=ORIENTED_EDGE('',*,*,#3100,.F.);
#1455=ORIENTED_EDGE('',*,*,#3016,.F.);
#1456=ORIENTED_EDGE('',*,*,#3101,.T.);
#1457=ORIENTED_EDGE('',*,*,#3021,.T.);
#1458=ORIENTED_EDGE('',*,*,#3102,.F.);
#1459=ORIENTED_EDGE('',*,*,#3026,.F.);
#1460=ORIENTED_EDGE('',*,*,#3103,.T.);
#1461=ORIENTED_EDGE('',*,*,#3031,.T.);
#1462=ORIENTED_EDGE('',*,*,#3104,.F.);
#1463=ORIENTED_EDGE('',*,*,#3036,.F.);
#1464=ORIENTED_EDGE('',*,*,#3105,.T.);
#1465=ORIENTED_EDGE('',*,*,#3041,.T.);
#1466=ORIENTED_EDGE('',*,*,#3106,.F.);
#1467=ORIENTED_EDGE('',*,*,#3046,.F.);
#1468=ORIENTED_EDGE('',*,*,#3107,.T.);
#1469=ORIENTED_EDGE('',*,*,#3051,.T.);
#1470=ORIENTED_EDGE('',*,*,#2374,.F.);
#1471=ORIENTED_EDGE('',*,*,#3055,.F.);
#1472=ORIENTED_EDGE('',*,*,#3108,.T.);
#1473=ORIENTED_EDGE('',*,*,#3058,.T.);
#1474=ORIENTED_EDGE('',*,*,#3109,.F.);
#1475=ORIENTED_EDGE('',*,*,#2806,.F.);
#1476=ORIENTED_EDGE('',*,*,#3110,.T.);
#1477=ORIENTED_EDGE('',*,*,#2811,.T.);
#1478=ORIENTED_EDGE('',*,*,#3054,.F.);
#1479=ORIENTED_EDGE('',*,*,#3057,.T.);
#1480=ORIENTED_EDGE('',*,*,#3059,.T.);
#1481=ORIENTED_EDGE('',*,*,#3108,.F.);
#1482=ORIENTED_EDGE('',*,*,#3045,.T.);
#1483=ORIENTED_EDGE('',*,*,#3049,.T.);
#1484=ORIENTED_EDGE('',*,*,#3052,.F.);
#1485=ORIENTED_EDGE('',*,*,#3107,.F.);
#1486=ORIENTED_EDGE('',*,*,#3035,.T.);
#1487=ORIENTED_EDGE('',*,*,#3039,.T.);
#1488=ORIENTED_EDGE('',*,*,#3042,.F.);
#1489=ORIENTED_EDGE('',*,*,#3105,.F.);
#1490=ORIENTED_EDGE('',*,*,#3025,.T.);
#1491=ORIENTED_EDGE('',*,*,#3029,.T.);
#1492=ORIENTED_EDGE('',*,*,#3032,.F.);
#1493=ORIENTED_EDGE('',*,*,#3103,.F.);
#1494=ORIENTED_EDGE('',*,*,#3015,.T.);
#1495=ORIENTED_EDGE('',*,*,#3019,.T.);
#1496=ORIENTED_EDGE('',*,*,#3022,.F.);
#1497=ORIENTED_EDGE('',*,*,#3101,.F.);
#1498=ORIENTED_EDGE('',*,*,#3005,.T.);
#1499=ORIENTED_EDGE('',*,*,#3009,.T.);
#1500=ORIENTED_EDGE('',*,*,#3012,.F.);
#1501=ORIENTED_EDGE('',*,*,#3099,.F.);
#1502=ORIENTED_EDGE('',*,*,#2995,.T.);
#1503=ORIENTED_EDGE('',*,*,#2999,.T.);
#1504=ORIENTED_EDGE('',*,*,#3002,.F.);
#1505=ORIENTED_EDGE('',*,*,#3097,.F.);
#1506=ORIENTED_EDGE('',*,*,#2985,.T.);
#1507=ORIENTED_EDGE('',*,*,#2989,.T.);
#1508=ORIENTED_EDGE('',*,*,#2992,.F.);
#1509=ORIENTED_EDGE('',*,*,#3095,.F.);
#1510=ORIENTED_EDGE('',*,*,#2975,.T.);
#1511=ORIENTED_EDGE('',*,*,#2979,.T.);
#1512=ORIENTED_EDGE('',*,*,#2982,.F.);
#1513=ORIENTED_EDGE('',*,*,#3093,.F.);
#1514=ORIENTED_EDGE('',*,*,#2965,.T.);
#1515=ORIENTED_EDGE('',*,*,#2969,.T.);
#1516=ORIENTED_EDGE('',*,*,#2972,.F.);
#1517=ORIENTED_EDGE('',*,*,#3091,.F.);
#1518=ORIENTED_EDGE('',*,*,#2955,.T.);
#1519=ORIENTED_EDGE('',*,*,#2959,.T.);
#1520=ORIENTED_EDGE('',*,*,#2962,.F.);
#1521=ORIENTED_EDGE('',*,*,#3089,.F.);
#1522=ORIENTED_EDGE('',*,*,#2945,.T.);
#1523=ORIENTED_EDGE('',*,*,#2949,.T.);
#1524=ORIENTED_EDGE('',*,*,#2952,.F.);
#1525=ORIENTED_EDGE('',*,*,#3087,.F.);
#1526=ORIENTED_EDGE('',*,*,#2935,.T.);
#1527=ORIENTED_EDGE('',*,*,#2939,.T.);
#1528=ORIENTED_EDGE('',*,*,#2942,.F.);
#1529=ORIENTED_EDGE('',*,*,#3085,.F.);
#1530=ORIENTED_EDGE('',*,*,#2925,.T.);
#1531=ORIENTED_EDGE('',*,*,#2929,.T.);
#1532=ORIENTED_EDGE('',*,*,#2932,.F.);
#1533=ORIENTED_EDGE('',*,*,#3083,.F.);
#1534=ORIENTED_EDGE('',*,*,#2915,.T.);
#1535=ORIENTED_EDGE('',*,*,#2919,.T.);
#1536=ORIENTED_EDGE('',*,*,#2922,.F.);
#1537=ORIENTED_EDGE('',*,*,#3081,.F.);
#1538=ORIENTED_EDGE('',*,*,#2905,.T.);
#1539=ORIENTED_EDGE('',*,*,#2909,.T.);
#1540=ORIENTED_EDGE('',*,*,#2912,.F.);
#1541=ORIENTED_EDGE('',*,*,#3079,.F.);
#1542=ORIENTED_EDGE('',*,*,#2895,.T.);
#1543=ORIENTED_EDGE('',*,*,#2899,.T.);
#1544=ORIENTED_EDGE('',*,*,#2902,.F.);
#1545=ORIENTED_EDGE('',*,*,#3077,.F.);
#1546=ORIENTED_EDGE('',*,*,#2885,.T.);
#1547=ORIENTED_EDGE('',*,*,#2889,.T.);
#1548=ORIENTED_EDGE('',*,*,#2892,.F.);
#1549=ORIENTED_EDGE('',*,*,#3075,.F.);
#1550=ORIENTED_EDGE('',*,*,#2875,.T.);
#1551=ORIENTED_EDGE('',*,*,#2879,.T.);
#1552=ORIENTED_EDGE('',*,*,#2882,.F.);
#1553=ORIENTED_EDGE('',*,*,#3073,.F.);
#1554=ORIENTED_EDGE('',*,*,#2865,.T.);
#1555=ORIENTED_EDGE('',*,*,#2869,.T.);
#1556=ORIENTED_EDGE('',*,*,#2872,.F.);
#1557=ORIENTED_EDGE('',*,*,#3071,.F.);
#1558=ORIENTED_EDGE('',*,*,#2855,.T.);
#1559=ORIENTED_EDGE('',*,*,#2859,.T.);
#1560=ORIENTED_EDGE('',*,*,#2862,.F.);
#1561=ORIENTED_EDGE('',*,*,#3069,.F.);
#1562=ORIENTED_EDGE('',*,*,#2845,.T.);
#1563=ORIENTED_EDGE('',*,*,#2849,.T.);
#1564=ORIENTED_EDGE('',*,*,#2852,.F.);
#1565=ORIENTED_EDGE('',*,*,#3067,.F.);
#1566=ORIENTED_EDGE('',*,*,#2835,.T.);
#1567=ORIENTED_EDGE('',*,*,#2839,.T.);
#1568=ORIENTED_EDGE('',*,*,#2842,.F.);
#1569=ORIENTED_EDGE('',*,*,#3065,.F.);
#1570=ORIENTED_EDGE('',*,*,#2825,.T.);
#1571=ORIENTED_EDGE('',*,*,#2829,.T.);
#1572=ORIENTED_EDGE('',*,*,#2832,.F.);
#1573=ORIENTED_EDGE('',*,*,#3063,.F.);
#1574=ORIENTED_EDGE('',*,*,#2815,.T.);
#1575=ORIENTED_EDGE('',*,*,#2819,.T.);
#1576=ORIENTED_EDGE('',*,*,#2822,.F.);
#1577=ORIENTED_EDGE('',*,*,#3061,.F.);
#1578=ORIENTED_EDGE('',*,*,#2805,.T.);
#1579=ORIENTED_EDGE('',*,*,#2809,.T.);
#1580=ORIENTED_EDGE('',*,*,#2812,.F.);
#1581=ORIENTED_EDGE('',*,*,#3110,.F.);
#1582=ORIENTED_EDGE('',*,*,#3043,.F.);
#1583=ORIENTED_EDGE('',*,*,#3106,.T.);
#1584=ORIENTED_EDGE('',*,*,#3050,.T.);
#1585=ORIENTED_EDGE('',*,*,#3047,.F.);
#1586=ORIENTED_EDGE('',*,*,#3033,.F.);
#1587=ORIENTED_EDGE('',*,*,#3104,.T.);
#1588=ORIENTED_EDGE('',*,*,#3040,.T.);
#1589=ORIENTED_EDGE('',*,*,#3037,.F.);
#1590=ORIENTED_EDGE('',*,*,#3023,.F.);
#1591=ORIENTED_EDGE('',*,*,#3102,.T.);
#1592=ORIENTED_EDGE('',*,*,#3030,.T.);
#1593=ORIENTED_EDGE('',*,*,#3027,.F.);
#1594=ORIENTED_EDGE('',*,*,#3013,.F.);
#1595=ORIENTED_EDGE('',*,*,#3100,.T.);
#1596=ORIENTED_EDGE('',*,*,#3020,.T.);
#1597=ORIENTED_EDGE('',*,*,#3017,.F.);
#1598=ORIENTED_EDGE('',*,*,#3003,.F.);
#1599=ORIENTED_EDGE('',*,*,#3098,.T.);
#1600=ORIENTED_EDGE('',*,*,#3010,.T.);
#1601=ORIENTED_EDGE('',*,*,#3007,.F.);
#1602=ORIENTED_EDGE('',*,*,#2993,.F.);
#1603=ORIENTED_EDGE('',*,*,#3096,.T.);
#1604=ORIENTED_EDGE('',*,*,#3000,.T.);
#1605=ORIENTED_EDGE('',*,*,#2997,.F.);
#1606=ORIENTED_EDGE('',*,*,#2983,.F.);
#1607=ORIENTED_EDGE('',*,*,#3094,.T.);
#1608=ORIENTED_EDGE('',*,*,#2990,.T.);
#1609=ORIENTED_EDGE('',*,*,#2987,.F.);
#1610=ORIENTED_EDGE('',*,*,#2973,.F.);
#1611=ORIENTED_EDGE('',*,*,#3092,.T.);
#1612=ORIENTED_EDGE('',*,*,#2980,.T.);
#1613=ORIENTED_EDGE('',*,*,#2977,.F.);
#1614=ORIENTED_EDGE('',*,*,#2963,.F.);
#1615=ORIENTED_EDGE('',*,*,#3090,.T.);
#1616=ORIENTED_EDGE('',*,*,#2970,.T.);
#1617=ORIENTED_EDGE('',*,*,#2967,.F.);
#1618=ORIENTED_EDGE('',*,*,#2953,.F.);
#1619=ORIENTED_EDGE('',*,*,#3088,.T.);
#1620=ORIENTED_EDGE('',*,*,#2960,.T.);
#1621=ORIENTED_EDGE('',*,*,#2957,.F.);
#1622=ORIENTED_EDGE('',*,*,#2943,.F.);
#1623=ORIENTED_EDGE('',*,*,#3086,.T.);
#1624=ORIENTED_EDGE('',*,*,#2950,.T.);
#1625=ORIENTED_EDGE('',*,*,#2947,.F.);
#1626=ORIENTED_EDGE('',*,*,#2933,.F.);
#1627=ORIENTED_EDGE('',*,*,#3084,.T.);
#1628=ORIENTED_EDGE('',*,*,#2940,.T.);
#1629=ORIENTED_EDGE('',*,*,#2937,.F.);
#1630=ORIENTED_EDGE('',*,*,#2923,.F.);
#1631=ORIENTED_EDGE('',*,*,#3082,.T.);
#1632=ORIENTED_EDGE('',*,*,#2930,.T.);
#1633=ORIENTED_EDGE('',*,*,#2927,.F.);
#1634=ORIENTED_EDGE('',*,*,#2913,.F.);
#1635=ORIENTED_EDGE('',*,*,#3080,.T.);
#1636=ORIENTED_EDGE('',*,*,#2920,.T.);
#1637=ORIENTED_EDGE('',*,*,#2917,.F.);
#1638=ORIENTED_EDGE('',*,*,#2903,.F.);
#1639=ORIENTED_EDGE('',*,*,#3078,.T.);
#1640=ORIENTED_EDGE('',*,*,#2910,.T.);
#1641=ORIENTED_EDGE('',*,*,#2907,.F.);
#1642=ORIENTED_EDGE('',*,*,#2893,.F.);
#1643=ORIENTED_EDGE('',*,*,#3076,.T.);
#1644=ORIENTED_EDGE('',*,*,#2900,.T.);
#1645=ORIENTED_EDGE('',*,*,#2897,.F.);
#1646=ORIENTED_EDGE('',*,*,#2883,.F.);
#1647=ORIENTED_EDGE('',*,*,#3074,.T.);
#1648=ORIENTED_EDGE('',*,*,#2890,.T.);
#1649=ORIENTED_EDGE('',*,*,#2887,.F.);
#1650=ORIENTED_EDGE('',*,*,#2873,.F.);
#1651=ORIENTED_EDGE('',*,*,#3072,.T.);
#1652=ORIENTED_EDGE('',*,*,#2880,.T.);
#1653=ORIENTED_EDGE('',*,*,#2877,.F.);
#1654=ORIENTED_EDGE('',*,*,#2863,.F.);
#1655=ORIENTED_EDGE('',*,*,#3070,.T.);
#1656=ORIENTED_EDGE('',*,*,#2870,.T.);
#1657=ORIENTED_EDGE('',*,*,#2867,.F.);
#1658=ORIENTED_EDGE('',*,*,#2853,.F.);
#1659=ORIENTED_EDGE('',*,*,#3068,.T.);
#1660=ORIENTED_EDGE('',*,*,#2860,.T.);
#1661=ORIENTED_EDGE('',*,*,#2857,.F.);
#1662=ORIENTED_EDGE('',*,*,#2843,.F.);
#1663=ORIENTED_EDGE('',*,*,#3066,.T.);
#1664=ORIENTED_EDGE('',*,*,#2850,.T.);
#1665=ORIENTED_EDGE('',*,*,#2847,.F.);
#1666=ORIENTED_EDGE('',*,*,#2833,.F.);
#1667=ORIENTED_EDGE('',*,*,#3064,.T.);
#1668=ORIENTED_EDGE('',*,*,#2840,.T.);
#1669=ORIENTED_EDGE('',*,*,#2837,.F.);
#1670=ORIENTED_EDGE('',*,*,#2823,.F.);
#1671=ORIENTED_EDGE('',*,*,#3062,.T.);
#1672=ORIENTED_EDGE('',*,*,#2830,.T.);
#1673=ORIENTED_EDGE('',*,*,#2827,.F.);
#1674=ORIENTED_EDGE('',*,*,#2813,.F.);
#1675=ORIENTED_EDGE('',*,*,#3060,.T.);
#1676=ORIENTED_EDGE('',*,*,#2820,.T.);
#1677=ORIENTED_EDGE('',*,*,#2817,.F.);
#1678=ORIENTED_EDGE('',*,*,#2803,.F.);
#1679=ORIENTED_EDGE('',*,*,#3109,.T.);
#1680=ORIENTED_EDGE('',*,*,#2810,.T.);
#1681=ORIENTED_EDGE('',*,*,#2807,.F.);
#1682=ORIENTED_EDGE('',*,*,#2338,.F.);
#1683=ORIENTED_EDGE('',*,*,#3111,.T.);
#1684=ORIENTED_EDGE('',*,*,#2332,.T.);
#1685=ORIENTED_EDGE('',*,*,#3112,.T.);
#1686=ORIENTED_EDGE('',*,*,#3113,.T.);
#1687=ORIENTED_EDGE('',*,*,#3114,.T.);
#1688=ORIENTED_EDGE('',*,*,#3115,.T.);
#1689=ORIENTED_EDGE('',*,*,#3116,.T.);
#1690=ORIENTED_EDGE('',*,*,#3117,.T.);
#1691=ORIENTED_EDGE('',*,*,#3118,.T.);
#1692=ORIENTED_EDGE('',*,*,#3119,.T.);
#1693=ORIENTED_EDGE('',*,*,#3120,.T.);
#1694=ORIENTED_EDGE('',*,*,#3121,.T.);
#1695=ORIENTED_EDGE('',*,*,#3122,.T.);
#1696=ORIENTED_EDGE('',*,*,#3123,.T.);
#1697=ORIENTED_EDGE('',*,*,#3124,.T.);
#1698=ORIENTED_EDGE('',*,*,#3125,.T.);
#1699=ORIENTED_EDGE('',*,*,#3126,.T.);
#1700=ORIENTED_EDGE('',*,*,#2330,.F.);
#1701=ORIENTED_EDGE('',*,*,#3127,.T.);
#1702=ORIENTED_EDGE('',*,*,#3128,.F.);
#1703=ORIENTED_EDGE('',*,*,#3129,.T.);
#1704=ORIENTED_EDGE('',*,*,#3130,.T.);
#1705=ORIENTED_EDGE('',*,*,#3131,.T.);
#1706=ORIENTED_EDGE('',*,*,#3132,.T.);
#1707=ORIENTED_EDGE('',*,*,#3133,.T.);
#1708=ORIENTED_EDGE('',*,*,#3134,.T.);
#1709=ORIENTED_EDGE('',*,*,#3135,.T.);
#1710=ORIENTED_EDGE('',*,*,#2324,.F.);
#1711=ORIENTED_EDGE('',*,*,#3136,.T.);
#1712=ORIENTED_EDGE('',*,*,#3137,.T.);
#1713=ORIENTED_EDGE('',*,*,#3138,.T.);
#1714=ORIENTED_EDGE('',*,*,#3139,.T.);
#1715=ORIENTED_EDGE('',*,*,#3140,.T.);
#1716=ORIENTED_EDGE('',*,*,#2522,.F.);
#1717=ORIENTED_EDGE('',*,*,#3141,.T.);
#1718=ORIENTED_EDGE('',*,*,#3142,.T.);
#1719=ORIENTED_EDGE('',*,*,#3134,.F.);
#1720=ORIENTED_EDGE('',*,*,#3143,.T.);
#1721=ORIENTED_EDGE('',*,*,#3144,.T.);
#1722=ORIENTED_EDGE('',*,*,#3145,.T.);
#1723=ORIENTED_EDGE('',*,*,#2611,.T.);
#1724=ORIENTED_EDGE('',*,*,#3146,.T.);
#1725=ORIENTED_EDGE('',*,*,#3128,.T.);
#1726=ORIENTED_EDGE('',*,*,#2397,.F.);
#1727=ORIENTED_EDGE('',*,*,#3147,.T.);
#1728=ORIENTED_EDGE('',*,*,#2773,.F.);
#1729=ORIENTED_EDGE('',*,*,#3148,.F.);
#1730=ORIENTED_EDGE('',*,*,#3148,.T.);
#1731=ORIENTED_EDGE('',*,*,#2771,.F.);
#1732=ORIENTED_EDGE('',*,*,#3149,.F.);
#1733=ORIENTED_EDGE('',*,*,#2398,.F.);
#1734=ORIENTED_EDGE('',*,*,#3149,.T.);
#1735=ORIENTED_EDGE('',*,*,#2769,.F.);
#1736=ORIENTED_EDGE('',*,*,#3150,.F.);
#1737=ORIENTED_EDGE('',*,*,#2399,.F.);
#1738=ORIENTED_EDGE('',*,*,#3150,.T.);
#1739=ORIENTED_EDGE('',*,*,#2767,.F.);
#1740=ORIENTED_EDGE('',*,*,#3151,.F.);
#1741=ORIENTED_EDGE('',*,*,#2400,.F.);
#1742=ORIENTED_EDGE('',*,*,#2765,.F.);
#1743=ORIENTED_EDGE('',*,*,#3152,.T.);
#1744=ORIENTED_EDGE('',*,*,#2401,.F.);
#1745=ORIENTED_EDGE('',*,*,#3151,.T.);
#1746=ORIENTED_EDGE('',*,*,#2742,.F.);
#1747=ORIENTED_EDGE('',*,*,#2414,.F.);
#1748=ORIENTED_EDGE('',*,*,#2503,.F.);
#1749=ORIENTED_EDGE('',*,*,#2737,.F.);
#1750=ORIENTED_EDGE('',*,*,#2540,.F.);
#1751=ORIENTED_EDGE('',*,*,#3153,.T.);
#1752=ORIENTED_EDGE('',*,*,#2800,.F.);
#1753=ORIENTED_EDGE('',*,*,#2797,.F.);
#1754=ORIENTED_EDGE('',*,*,#2378,.F.);
#1755=ORIENTED_EDGE('',*,*,#3154,.T.);
#1756=ORIENTED_EDGE('',*,*,#2418,.F.);
#1757=ORIENTED_EDGE('',*,*,#2629,.F.);
#1758=ORIENTED_EDGE('',*,*,#2741,.F.);
#1759=ORIENTED_EDGE('',*,*,#2733,.F.);
#1760=ORIENTED_EDGE('',*,*,#2630,.F.);
#1761=ORIENTED_EDGE('',*,*,#2416,.F.);
#1762=ORIENTED_EDGE('',*,*,#2731,.F.);
#1763=ORIENTED_EDGE('',*,*,#2727,.F.);
#1764=ORIENTED_EDGE('',*,*,#2504,.F.);
#1765=ORIENTED_EDGE('',*,*,#2412,.F.);
#1766=ORIENTED_EDGE('',*,*,#2410,.F.);
#1767=ORIENTED_EDGE('',*,*,#3155,.T.);
#1768=ORIENTED_EDGE('',*,*,#2486,.F.);
#1769=ORIENTED_EDGE('',*,*,#2732,.F.);
#1770=ORIENTED_EDGE('',*,*,#2762,.F.);
#1771=ORIENTED_EDGE('',*,*,#2754,.F.);
#1772=ORIENTED_EDGE('',*,*,#2635,.F.);
#1773=ORIENTED_EDGE('',*,*,#2587,.F.);
#1774=ORIENTED_EDGE('',*,*,#2753,.F.);
#1775=ORIENTED_EDGE('',*,*,#2589,.F.);
#1776=ORIENTED_EDGE('',*,*,#2639,.F.);
#1777=ORIENTED_EDGE('',*,*,#2744,.F.);
#1778=ORIENTED_EDGE('',*,*,#2763,.F.);
#1779=ORIENTED_EDGE('',*,*,#2585,.F.);
#1780=ORIENTED_EDGE('',*,*,#2485,.F.);
#1781=ORIENTED_EDGE('',*,*,#2757,.F.);
#1782=ORIENTED_EDGE('',*,*,#2584,.F.);
#1783=ORIENTED_EDGE('',*,*,#3156,.T.);
#1784=ORIENTED_EDGE('',*,*,#2549,.F.);
#1785=ORIENTED_EDGE('',*,*,#2480,.F.);
#1786=ORIENTED_EDGE('',*,*,#2329,.F.);
#1787=ORIENTED_EDGE('',*,*,#3157,.T.);
#1788=ORIENTED_EDGE('',*,*,#3144,.F.);
#1789=ORIENTED_EDGE('',*,*,#3127,.F.);
#1790=ORIENTED_EDGE('',*,*,#2702,.F.);
#1791=ORIENTED_EDGE('',*,*,#2696,.F.);
#1792=ORIENTED_EDGE('',*,*,#2624,.F.);
#1793=ORIENTED_EDGE('',*,*,#2565,.F.);
#1794=ORIENTED_EDGE('',*,*,#2551,.F.);
#1795=ORIENTED_EDGE('',*,*,#3158,.T.);
#1796=ORIENTED_EDGE('',*,*,#2561,.F.);
#1797=ORIENTED_EDGE('',*,*,#2623,.F.);
#1798=ORIENTED_EDGE('',*,*,#3142,.F.);
#1799=ORIENTED_EDGE('',*,*,#3159,.T.);
#1800=ORIENTED_EDGE('',*,*,#2325,.F.);
#1801=ORIENTED_EDGE('',*,*,#3135,.F.);
#1802=ORIENTED_EDGE('',*,*,#2704,.F.);
#1803=ORIENTED_EDGE('',*,*,#2578,.F.);
#1804=ORIENTED_EDGE('',*,*,#2526,.F.);
#1805=ORIENTED_EDGE('',*,*,#2699,.F.);
#1806=ORIENTED_EDGE('',*,*,#2568,.F.);
#1807=ORIENTED_EDGE('',*,*,#3160,.T.);
#1808=ORIENTED_EDGE('',*,*,#2570,.F.);
#1809=ORIENTED_EDGE('',*,*,#2703,.F.);
#1810=ORIENTED_EDGE('',*,*,#2691,.F.);
#1811=ORIENTED_EDGE('',*,*,#2680,.F.);
#1812=ORIENTED_EDGE('',*,*,#2528,.F.);
#1813=ORIENTED_EDGE('',*,*,#2577,.F.);
#1814=ORIENTED_EDGE('',*,*,#2716,.F.);
#1815=ORIENTED_EDGE('',*,*,#2707,.F.);
#1816=ORIENTED_EDGE('',*,*,#2536,.F.);
#1817=ORIENTED_EDGE('',*,*,#2574,.F.);
#1818=ORIENTED_EDGE('',*,*,#2692,.F.);
#1819=ORIENTED_EDGE('',*,*,#2575,.F.);
#1820=ORIENTED_EDGE('',*,*,#2534,.F.);
#1821=ORIENTED_EDGE('',*,*,#2683,.F.);
#1822=ORIENTED_EDGE('',*,*,#2572,.F.);
#1823=ORIENTED_EDGE('',*,*,#3161,.T.);
#1824=ORIENTED_EDGE('',*,*,#2580,.F.);
#1825=ORIENTED_EDGE('',*,*,#2717,.F.);
#1826=ORIENTED_EDGE('',*,*,#2718,.F.);
#1827=ORIENTED_EDGE('',*,*,#2559,.F.);
#1828=ORIENTED_EDGE('',*,*,#2515,.F.);
#1829=ORIENTED_EDGE('',*,*,#2710,.F.);
#1830=ORIENTED_EDGE('',*,*,#2558,.F.);
#1831=ORIENTED_EDGE('',*,*,#3162,.T.);
#1832=ORIENTED_EDGE('',*,*,#2538,.F.);
#1833=ORIENTED_EDGE('',*,*,#2509,.F.);
#1834=ORIENTED_EDGE('',*,*,#3123,.F.);
#1835=ORIENTED_EDGE('',*,*,#3163,.T.);
#1836=ORIENTED_EDGE('',*,*,#3117,.F.);
#1837=ORIENTED_EDGE('',*,*,#3164,.T.);
#1838=ORIENTED_EDGE('',*,*,#3115,.F.);
#1839=ORIENTED_EDGE('',*,*,#3165,.T.);
#1840=ORIENTED_EDGE('',*,*,#2320,.F.);
#1841=ORIENTED_EDGE('',*,*,#3166,.T.);
#1842=ORIENTED_EDGE('',*,*,#2516,.F.);
#1843=ORIENTED_EDGE('',*,*,#3167,.T.);
#1844=ORIENTED_EDGE('',*,*,#2336,.F.);
#1845=ORIENTED_EDGE('',*,*,#3168,.T.);
#1846=ORIENTED_EDGE('',*,*,#2545,.F.);
#1847=ORIENTED_EDGE('',*,*,#3169,.T.);
#1848=ORIENTED_EDGE('',*,*,#2607,.F.);
#1849=ORIENTED_EDGE('',*,*,#2511,.F.);
#1850=ORIENTED_EDGE('',*,*,#2334,.F.);
#1851=ORIENTED_EDGE('',*,*,#3170,.T.);
#1852=ORIENTED_EDGE('',*,*,#2609,.F.);
#1853=ORIENTED_EDGE('',*,*,#3171,.T.);
#1854=ORIENTED_EDGE('',*,*,#2322,.F.);
#1855=ORIENTED_EDGE('',*,*,#3172,.T.);
#1856=ORIENTED_EDGE('',*,*,#3121,.F.);
#1857=ORIENTED_EDGE('',*,*,#3173,.T.);
#1858=ORIENTED_EDGE('',*,*,#2518,.F.);
#1859=ORIENTED_EDGE('',*,*,#3174,.T.);
#1860=ORIENTED_EDGE('',*,*,#2553,.F.);
#1861=ORIENTED_EDGE('',*,*,#2627,.F.);
#1862=ORIENTED_EDGE('',*,*,#2555,.F.);
#1863=ORIENTED_EDGE('',*,*,#3175,.T.);
#1864=ORIENTED_EDGE('',*,*,#2471,.F.);
#1865=ORIENTED_EDGE('',*,*,#2482,.F.);
#1866=ORIENTED_EDGE('',*,*,#2491,.F.);
#1867=ORIENTED_EDGE('',*,*,#3176,.T.);
#1868=ORIENTED_EDGE('',*,*,#2494,.F.);
#1869=ORIENTED_EDGE('',*,*,#3177,.T.);
#1870=ORIENTED_EDGE('',*,*,#3119,.F.);
#1871=ORIENTED_EDGE('',*,*,#3178,.T.);
#1872=ORIENTED_EDGE('',*,*,#3113,.F.);
#1873=ORIENTED_EDGE('',*,*,#3179,.T.);
#1874=ORIENTED_EDGE('',*,*,#2547,.F.);
#1875=ORIENTED_EDGE('',*,*,#3180,.T.);
#1876=ORIENTED_EDGE('',*,*,#2543,.F.);
#1877=ORIENTED_EDGE('',*,*,#3181,.T.);
#1878=ORIENTED_EDGE('',*,*,#2496,.F.);
#1879=ORIENTED_EDGE('',*,*,#3182,.T.);
#1880=ORIENTED_EDGE('',*,*,#2380,.F.);
#1881=ORIENTED_EDGE('',*,*,#2633,.F.);
#1882=ORIENTED_EDGE('',*,*,#3183,.F.);
#1883=ORIENTED_EDGE('',*,*,#2345,.F.);
#1884=ORIENTED_EDGE('',*,*,#3184,.F.);
#1885=ORIENTED_EDGE('',*,*,#3118,.F.);
#1886=ORIENTED_EDGE('',*,*,#3184,.T.);
#1887=ORIENTED_EDGE('',*,*,#2344,.F.);
#1888=ORIENTED_EDGE('',*,*,#3185,.F.);
#1889=ORIENTED_EDGE('',*,*,#3178,.F.);
#1890=ORIENTED_EDGE('',*,*,#3183,.T.);
#1891=ORIENTED_EDGE('',*,*,#3163,.F.);
#1892=ORIENTED_EDGE('',*,*,#3186,.F.);
#1893=ORIENTED_EDGE('',*,*,#2346,.F.);
#1894=ORIENTED_EDGE('',*,*,#3185,.T.);
#1895=ORIENTED_EDGE('',*,*,#2343,.F.);
#1896=ORIENTED_EDGE('',*,*,#3187,.F.);
#1897=ORIENTED_EDGE('',*,*,#3114,.F.);
#1898=ORIENTED_EDGE('',*,*,#3186,.T.);
#1899=ORIENTED_EDGE('',*,*,#3122,.F.);
#1900=ORIENTED_EDGE('',*,*,#3188,.F.);
#1901=ORIENTED_EDGE('',*,*,#2347,.F.);
#1902=ORIENTED_EDGE('',*,*,#3187,.T.);
#1903=ORIENTED_EDGE('',*,*,#2342,.F.);
#1904=ORIENTED_EDGE('',*,*,#3189,.F.);
#1905=ORIENTED_EDGE('',*,*,#3165,.F.);
#1906=ORIENTED_EDGE('',*,*,#3188,.T.);
#1907=ORIENTED_EDGE('',*,*,#3172,.F.);
#1908=ORIENTED_EDGE('',*,*,#3190,.F.);
#1909=ORIENTED_EDGE('',*,*,#2340,.F.);
#1910=ORIENTED_EDGE('',*,*,#3189,.T.);
#1911=ORIENTED_EDGE('',*,*,#2341,.F.);
#1912=ORIENTED_EDGE('',*,*,#3190,.T.);
#1913=ORIENTED_EDGE('',*,*,#2321,.F.);
#1914=ORIENTED_EDGE('',*,*,#2323,.F.);
#1915=ORIENTED_EDGE('',*,*,#3173,.F.);
#1916=ORIENTED_EDGE('',*,*,#3191,.F.);
#1917=ORIENTED_EDGE('',*,*,#3136,.F.);
#1918=ORIENTED_EDGE('',*,*,#3191,.T.);
#1919=ORIENTED_EDGE('',*,*,#3124,.F.);
#1920=ORIENTED_EDGE('',*,*,#3192,.F.);
#1921=ORIENTED_EDGE('',*,*,#3137,.F.);
#1922=ORIENTED_EDGE('',*,*,#3192,.T.);
#1923=ORIENTED_EDGE('',*,*,#3164,.F.);
#1924=ORIENTED_EDGE('',*,*,#3193,.F.);
#1925=ORIENTED_EDGE('',*,*,#3138,.F.);
#1926=ORIENTED_EDGE('',*,*,#3193,.T.);
#1927=ORIENTED_EDGE('',*,*,#3120,.F.);
#1928=ORIENTED_EDGE('',*,*,#3194,.F.);
#1929=ORIENTED_EDGE('',*,*,#3139,.F.);
#1930=ORIENTED_EDGE('',*,*,#3194,.T.);
#1931=ORIENTED_EDGE('',*,*,#3179,.F.);
#1932=ORIENTED_EDGE('',*,*,#3195,.F.);
#1933=ORIENTED_EDGE('',*,*,#3140,.F.);
#1934=ORIENTED_EDGE('',*,*,#3195,.T.);
#1935=ORIENTED_EDGE('',*,*,#3116,.F.);
#1936=ORIENTED_EDGE('',*,*,#3196,.F.);
#1937=ORIENTED_EDGE('',*,*,#3125,.F.);
#1938=ORIENTED_EDGE('',*,*,#3196,.T.);
#1939=ORIENTED_EDGE('',*,*,#3166,.F.);
#1940=ORIENTED_EDGE('',*,*,#2331,.F.);
#1941=ORIENTED_EDGE('',*,*,#3126,.F.);
#1942=ORIENTED_EDGE('',*,*,#2402,.F.);
#1943=ORIENTED_EDGE('',*,*,#3152,.F.);
#1944=ORIENTED_EDGE('',*,*,#3197,.F.);
#1945=ORIENTED_EDGE('',*,*,#2441,.F.);
#1946=ORIENTED_EDGE('',*,*,#3197,.T.);
#1947=ORIENTED_EDGE('',*,*,#2764,.F.);
#1948=ORIENTED_EDGE('',*,*,#3198,.F.);
#1949=ORIENTED_EDGE('',*,*,#2442,.F.);
#1950=ORIENTED_EDGE('',*,*,#3198,.T.);
#1951=ORIENTED_EDGE('',*,*,#2419,.F.);
#1952=ORIENTED_EDGE('',*,*,#3199,.F.);
#1953=ORIENTED_EDGE('',*,*,#2443,.F.);
#1954=ORIENTED_EDGE('',*,*,#3199,.T.);
#1955=ORIENTED_EDGE('',*,*,#3154,.F.);
#1956=ORIENTED_EDGE('',*,*,#3200,.F.);
#1957=ORIENTED_EDGE('',*,*,#2444,.F.);
#1958=ORIENTED_EDGE('',*,*,#3200,.T.);
#1959=ORIENTED_EDGE('',*,*,#2377,.F.);
#1960=ORIENTED_EDGE('',*,*,#3201,.F.);
#1961=ORIENTED_EDGE('',*,*,#2445,.F.);
#1962=ORIENTED_EDGE('',*,*,#3201,.T.);
#1963=ORIENTED_EDGE('',*,*,#2801,.F.);
#1964=ORIENTED_EDGE('',*,*,#3202,.F.);
#1965=ORIENTED_EDGE('',*,*,#2446,.F.);
#1966=ORIENTED_EDGE('',*,*,#3202,.T.);
#1967=ORIENTED_EDGE('',*,*,#3153,.F.);
#1968=ORIENTED_EDGE('',*,*,#3203,.F.);
#1969=ORIENTED_EDGE('',*,*,#2447,.F.);
#1970=ORIENTED_EDGE('',*,*,#3203,.T.);
#1971=ORIENTED_EDGE('',*,*,#2539,.F.);
#1972=ORIENTED_EDGE('',*,*,#3204,.F.);
#1973=ORIENTED_EDGE('',*,*,#2448,.F.);
#1974=ORIENTED_EDGE('',*,*,#3204,.T.);
#1975=ORIENTED_EDGE('',*,*,#3162,.F.);
#1976=ORIENTED_EDGE('',*,*,#3205,.F.);
#1977=ORIENTED_EDGE('',*,*,#2449,.F.);
#1978=ORIENTED_EDGE('',*,*,#3205,.T.);
#1979=ORIENTED_EDGE('',*,*,#2557,.F.);
#1980=ORIENTED_EDGE('',*,*,#3206,.F.);
#1981=ORIENTED_EDGE('',*,*,#2450,.F.);
#1982=ORIENTED_EDGE('',*,*,#3206,.T.);
#1983=ORIENTED_EDGE('',*,*,#2581,.F.);
#1984=ORIENTED_EDGE('',*,*,#3207,.F.);
#1985=ORIENTED_EDGE('',*,*,#2451,.F.);
#1986=ORIENTED_EDGE('',*,*,#3207,.T.);
#1987=ORIENTED_EDGE('',*,*,#3161,.F.);
#1988=ORIENTED_EDGE('',*,*,#3208,.F.);
#1989=ORIENTED_EDGE('',*,*,#2452,.F.);
#1990=ORIENTED_EDGE('',*,*,#3208,.T.);
#1991=ORIENTED_EDGE('',*,*,#2571,.F.);
#1992=ORIENTED_EDGE('',*,*,#3209,.F.);
#1993=ORIENTED_EDGE('',*,*,#2453,.F.);
#1994=ORIENTED_EDGE('',*,*,#3209,.T.);
#1995=ORIENTED_EDGE('',*,*,#3160,.F.);
#1996=ORIENTED_EDGE('',*,*,#3210,.F.);
#1997=ORIENTED_EDGE('',*,*,#2454,.F.);
#1998=ORIENTED_EDGE('',*,*,#3210,.T.);
#1999=ORIENTED_EDGE('',*,*,#2567,.F.);
#2000=ORIENTED_EDGE('',*,*,#3211,.F.);
#2001=ORIENTED_EDGE('',*,*,#2455,.F.);
#2002=ORIENTED_EDGE('',*,*,#3211,.T.);
#2003=ORIENTED_EDGE('',*,*,#2562,.F.);
#2004=ORIENTED_EDGE('',*,*,#3212,.F.);
#2005=ORIENTED_EDGE('',*,*,#2456,.F.);
#2006=ORIENTED_EDGE('',*,*,#3212,.T.);
#2007=ORIENTED_EDGE('',*,*,#3158,.F.);
#2008=ORIENTED_EDGE('',*,*,#3213,.F.);
#2009=ORIENTED_EDGE('',*,*,#2457,.F.);
#2010=ORIENTED_EDGE('',*,*,#3213,.T.);
#2011=ORIENTED_EDGE('',*,*,#2550,.F.);
#2012=ORIENTED_EDGE('',*,*,#3214,.F.);
#2013=ORIENTED_EDGE('',*,*,#2458,.F.);
#2014=ORIENTED_EDGE('',*,*,#3214,.T.);
#2015=ORIENTED_EDGE('',*,*,#3156,.F.);
#2016=ORIENTED_EDGE('',*,*,#3215,.F.);
#2017=ORIENTED_EDGE('',*,*,#2459,.F.);
#2018=ORIENTED_EDGE('',*,*,#3215,.T.);
#2019=ORIENTED_EDGE('',*,*,#2583,.F.);
#2020=ORIENTED_EDGE('',*,*,#3216,.F.);
#2021=ORIENTED_EDGE('',*,*,#2460,.F.);
#2022=ORIENTED_EDGE('',*,*,#3216,.T.);
#2023=ORIENTED_EDGE('',*,*,#2487,.F.);
#2024=ORIENTED_EDGE('',*,*,#3217,.F.);
#2025=ORIENTED_EDGE('',*,*,#2461,.F.);
#2026=ORIENTED_EDGE('',*,*,#3217,.T.);
#2027=ORIENTED_EDGE('',*,*,#3155,.F.);
#2028=ORIENTED_EDGE('',*,*,#3218,.F.);
#2029=ORIENTED_EDGE('',*,*,#2462,.F.);
#2030=ORIENTED_EDGE('',*,*,#3218,.T.);
#2031=ORIENTED_EDGE('',*,*,#2409,.F.);
#2032=ORIENTED_EDGE('',*,*,#3219,.F.);
#2033=ORIENTED_EDGE('',*,*,#2463,.F.);
#2034=ORIENTED_EDGE('',*,*,#3219,.T.);
#2035=ORIENTED_EDGE('',*,*,#2774,.F.);
#2036=ORIENTED_EDGE('',*,*,#3220,.F.);
#2037=ORIENTED_EDGE('',*,*,#2432,.F.);
#2038=ORIENTED_EDGE('',*,*,#3220,.T.);
#2039=ORIENTED_EDGE('',*,*,#3147,.F.);
#2040=ORIENTED_EDGE('',*,*,#2396,.F.);
#2041=ORIENTED_EDGE('',*,*,#2433,.F.);
#2042=ORIENTED_EDGE('',*,*,#2610,.F.);
#2043=ORIENTED_EDGE('',*,*,#3170,.F.);
#2044=ORIENTED_EDGE('',*,*,#3221,.F.);
#2045=ORIENTED_EDGE('',*,*,#3129,.F.);
#2046=ORIENTED_EDGE('',*,*,#3146,.F.);
#2047=ORIENTED_EDGE('',*,*,#3221,.T.);
#2048=ORIENTED_EDGE('',*,*,#2333,.F.);
#2049=ORIENTED_EDGE('',*,*,#3222,.F.);
#2050=ORIENTED_EDGE('',*,*,#3130,.F.);
#2051=ORIENTED_EDGE('',*,*,#3222,.T.);
#2052=ORIENTED_EDGE('',*,*,#3111,.F.);
#2053=ORIENTED_EDGE('',*,*,#3223,.F.);
#2054=ORIENTED_EDGE('',*,*,#3131,.F.);
#2055=ORIENTED_EDGE('',*,*,#3223,.T.);
#2056=ORIENTED_EDGE('',*,*,#2337,.F.);
#2057=ORIENTED_EDGE('',*,*,#3224,.F.);
#2058=ORIENTED_EDGE('',*,*,#3132,.F.);
#2059=ORIENTED_EDGE('',*,*,#3224,.T.);
#2060=ORIENTED_EDGE('',*,*,#3167,.F.);
#2061=ORIENTED_EDGE('',*,*,#2523,.F.);
#2062=ORIENTED_EDGE('',*,*,#3143,.F.);
#2063=ORIENTED_EDGE('',*,*,#3133,.F.);
#2064=ORIENTED_EDGE('',*,*,#3225,.F.);
#2065=ORIENTED_EDGE('',*,*,#2359,.F.);
#2066=ORIENTED_EDGE('',*,*,#3226,.F.);
#2067=ORIENTED_EDGE('',*,*,#3182,.F.);
#2068=ORIENTED_EDGE('',*,*,#3226,.T.);
#2069=ORIENTED_EDGE('',*,*,#2358,.F.);
#2070=ORIENTED_EDGE('',*,*,#3227,.F.);
#2071=ORIENTED_EDGE('',*,*,#2381,.F.);
#2072=ORIENTED_EDGE('',*,*,#3225,.T.);
#2073=ORIENTED_EDGE('',*,*,#2495,.F.);
#2074=ORIENTED_EDGE('',*,*,#3228,.F.);
#2075=ORIENTED_EDGE('',*,*,#2360,.F.);
#2076=ORIENTED_EDGE('',*,*,#3227,.T.);
#2077=ORIENTED_EDGE('',*,*,#2357,.F.);
#2078=ORIENTED_EDGE('',*,*,#3229,.F.);
#2079=ORIENTED_EDGE('',*,*,#2546,.F.);
#2080=ORIENTED_EDGE('',*,*,#3228,.T.);
#2081=ORIENTED_EDGE('',*,*,#3176,.F.);
#2082=ORIENTED_EDGE('',*,*,#3230,.F.);
#2083=ORIENTED_EDGE('',*,*,#2361,.F.);
#2084=ORIENTED_EDGE('',*,*,#3229,.T.);
#2085=ORIENTED_EDGE('',*,*,#2356,.F.);
#2086=ORIENTED_EDGE('',*,*,#3231,.F.);
#2087=ORIENTED_EDGE('',*,*,#3180,.F.);
#2088=ORIENTED_EDGE('',*,*,#3230,.T.);
#2089=ORIENTED_EDGE('',*,*,#2490,.F.);
#2090=ORIENTED_EDGE('',*,*,#3232,.F.);
#2091=ORIENTED_EDGE('',*,*,#2362,.F.);
#2092=ORIENTED_EDGE('',*,*,#3231,.T.);
#2093=ORIENTED_EDGE('',*,*,#2355,.F.);
#2094=ORIENTED_EDGE('',*,*,#3233,.F.);
#2095=ORIENTED_EDGE('',*,*,#2544,.F.);
#2096=ORIENTED_EDGE('',*,*,#3232,.T.);
#2097=ORIENTED_EDGE('',*,*,#2472,.F.);
#2098=ORIENTED_EDGE('',*,*,#3234,.F.);
#2099=ORIENTED_EDGE('',*,*,#2363,.F.);
#2100=ORIENTED_EDGE('',*,*,#3233,.T.);
#2101=ORIENTED_EDGE('',*,*,#2354,.F.);
#2102=ORIENTED_EDGE('',*,*,#3235,.F.);
#2103=ORIENTED_EDGE('',*,*,#3169,.F.);
#2104=ORIENTED_EDGE('',*,*,#3234,.T.);
#2105=ORIENTED_EDGE('',*,*,#3175,.F.);
#2106=ORIENTED_EDGE('',*,*,#3236,.F.);
#2107=ORIENTED_EDGE('',*,*,#2364,.F.);
#2108=ORIENTED_EDGE('',*,*,#3235,.T.);
#2109=ORIENTED_EDGE('',*,*,#2353,.F.);
#2110=ORIENTED_EDGE('',*,*,#3237,.F.);
#2111=ORIENTED_EDGE('',*,*,#2608,.F.);
#2112=ORIENTED_EDGE('',*,*,#3236,.T.);
#2113=ORIENTED_EDGE('',*,*,#2554,.F.);
#2114=ORIENTED_EDGE('',*,*,#3238,.F.);
#2115=ORIENTED_EDGE('',*,*,#2365,.F.);
#2116=ORIENTED_EDGE('',*,*,#3237,.T.);
#2117=ORIENTED_EDGE('',*,*,#2352,.F.);
#2118=ORIENTED_EDGE('',*,*,#3239,.F.);
#2119=ORIENTED_EDGE('',*,*,#3171,.F.);
#2120=ORIENTED_EDGE('',*,*,#3238,.T.);
#2121=ORIENTED_EDGE('',*,*,#3174,.F.);
#2122=ORIENTED_EDGE('',*,*,#3240,.F.);
#2123=ORIENTED_EDGE('',*,*,#2366,.F.);
#2124=ORIENTED_EDGE('',*,*,#3239,.T.);
#2125=ORIENTED_EDGE('',*,*,#2351,.F.);
#2126=ORIENTED_EDGE('',*,*,#3241,.F.);
#2127=ORIENTED_EDGE('',*,*,#2335,.F.);
#2128=ORIENTED_EDGE('',*,*,#3240,.T.);
#2129=ORIENTED_EDGE('',*,*,#2517,.F.);
#2130=ORIENTED_EDGE('',*,*,#3242,.F.);
#2131=ORIENTED_EDGE('',*,*,#2367,.F.);
#2132=ORIENTED_EDGE('',*,*,#3241,.T.);
#2133=ORIENTED_EDGE('',*,*,#2350,.F.);
#2134=ORIENTED_EDGE('',*,*,#3243,.F.);
#2135=ORIENTED_EDGE('',*,*,#3112,.F.);
#2136=ORIENTED_EDGE('',*,*,#3242,.T.);
#2137=ORIENTED_EDGE('',*,*,#3168,.F.);
#2138=ORIENTED_EDGE('',*,*,#3244,.F.);
#2139=ORIENTED_EDGE('',*,*,#2348,.F.);
#2140=ORIENTED_EDGE('',*,*,#3243,.T.);
#2141=ORIENTED_EDGE('',*,*,#2349,.F.);
#2142=ORIENTED_EDGE('',*,*,#3244,.T.);
#2143=ORIENTED_EDGE('',*,*,#2339,.F.);
#2144=ORIENTED_EDGE('',*,*,#2802,.F.);
#2145=ORIENTED_EDGE('',*,*,#2383,.F.);
#2146=ORIENTED_EDGE('',*,*,#3245,.F.);
#2147=ORIENTED_EDGE('',*,*,#2799,.F.);
#2148=ORIENTED_EDGE('',*,*,#3245,.T.);
#2149=ORIENTED_EDGE('',*,*,#2548,.F.);
#2150=ORIENTED_EDGE('',*,*,#3246,.F.);
#2151=ORIENTED_EDGE('',*,*,#2795,.F.);
#2152=ORIENTED_EDGE('',*,*,#3246,.T.);
#2153=ORIENTED_EDGE('',*,*,#3181,.F.);
#2154=ORIENTED_EDGE('',*,*,#2542,.F.);
#2155=ORIENTED_EDGE('',*,*,#2796,.F.);
#2156=ORIENTED_EDGE('',*,*,#2591,.F.);
#2157=ORIENTED_EDGE('',*,*,#2752,.F.);
#2158=ORIENTED_EDGE('',*,*,#3247,.F.);
#2159=ORIENTED_EDGE('',*,*,#2489,.F.);
#2160=ORIENTED_EDGE('',*,*,#2751,.F.);
#2161=ORIENTED_EDGE('',*,*,#2749,.F.);
#2162=ORIENTED_EDGE('',*,*,#2474,.F.);
#2163=ORIENTED_EDGE('',*,*,#3247,.T.);
#2164=ORIENTED_EDGE('',*,*,#2748,.F.);
#2165=ORIENTED_EDGE('',*,*,#2761,.F.);
#2166=ORIENTED_EDGE('',*,*,#2759,.F.);
#2167=ORIENTED_EDGE('',*,*,#2475,.F.);
#2168=ORIENTED_EDGE('',*,*,#2740,.F.);
#2169=ORIENTED_EDGE('',*,*,#2724,.F.);
#2170=ORIENTED_EDGE('',*,*,#2499,.F.);
#2171=ORIENTED_EDGE('',*,*,#2739,.F.);
#2172=ORIENTED_EDGE('',*,*,#2723,.F.);
#2173=ORIENTED_EDGE('',*,*,#2730,.F.);
#2174=ORIENTED_EDGE('',*,*,#3248,.F.);
#2175=ORIENTED_EDGE('',*,*,#2500,.F.);
#2176=ORIENTED_EDGE('',*,*,#2492,.F.);
#2177=ORIENTED_EDGE('',*,*,#3177,.F.);
#2178=ORIENTED_EDGE('',*,*,#3248,.T.);
#2179=ORIENTED_EDGE('',*,*,#2729,.F.);
#2180=ORIENTED_EDGE('',*,*,#2712,.F.);
#2181=ORIENTED_EDGE('',*,*,#2612,.F.);
#2182=ORIENTED_EDGE('',*,*,#3249,.F.);
#2183=ORIENTED_EDGE('',*,*,#2719,.F.);
#2184=ORIENTED_EDGE('',*,*,#3249,.T.);
#2185=ORIENTED_EDGE('',*,*,#3145,.F.);
#2186=ORIENTED_EDGE('',*,*,#3250,.F.);
#2187=ORIENTED_EDGE('',*,*,#2720,.F.);
#2188=ORIENTED_EDGE('',*,*,#3250,.T.);
#2189=ORIENTED_EDGE('',*,*,#3157,.F.);
#2190=ORIENTED_EDGE('',*,*,#3251,.F.);
#2191=ORIENTED_EDGE('',*,*,#2714,.F.);
#2192=ORIENTED_EDGE('',*,*,#3251,.T.);
#2193=ORIENTED_EDGE('',*,*,#2328,.F.);
#2194=ORIENTED_EDGE('',*,*,#2687,.F.);
#2195=ORIENTED_EDGE('',*,*,#2715,.F.);
#2196=ORIENTED_EDGE('',*,*,#2688,.F.);
#2197=ORIENTED_EDGE('',*,*,#2327,.F.);
#2198=ORIENTED_EDGE('',*,*,#2676,.F.);
#2199=ORIENTED_EDGE('',*,*,#2690,.F.);
#2200=ORIENTED_EDGE('',*,*,#2677,.F.);
#2201=ORIENTED_EDGE('',*,*,#2326,.F.);
#2202=ORIENTED_EDGE('',*,*,#3252,.F.);
#2203=ORIENTED_EDGE('',*,*,#2705,.F.);
#2204=ORIENTED_EDGE('',*,*,#3252,.T.);
#2205=ORIENTED_EDGE('',*,*,#3159,.F.);
#2206=ORIENTED_EDGE('',*,*,#3253,.F.);
#2207=ORIENTED_EDGE('',*,*,#2706,.F.);
#2208=ORIENTED_EDGE('',*,*,#3253,.T.);
#2209=ORIENTED_EDGE('',*,*,#3141,.F.);
#2210=ORIENTED_EDGE('',*,*,#3254,.F.);
#2211=ORIENTED_EDGE('',*,*,#2700,.F.);
#2212=ORIENTED_EDGE('',*,*,#3254,.T.);
#2213=ORIENTED_EDGE('',*,*,#2521,.F.);
#2214=ORIENTED_EDGE('',*,*,#2695,.F.);
#2215=ORIENTED_EDGE('',*,*,#2701,.F.);
#2216=ORIENTED_EDGE('',*,*,#3255,.F.);
#2217=ORIENTED_EDGE('',*,*,#2597,.F.);
#2218=ORIENTED_EDGE('',*,*,#3256,.F.);
#2219=ORIENTED_EDGE('',*,*,#2670,.F.);
#2220=ORIENTED_EDGE('',*,*,#3256,.T.);
#2221=ORIENTED_EDGE('',*,*,#2596,.F.);
#2222=ORIENTED_EDGE('',*,*,#3257,.F.);
#2223=ORIENTED_EDGE('',*,*,#2669,.F.);
#2224=ORIENTED_EDGE('',*,*,#3255,.T.);
#2225=ORIENTED_EDGE('',*,*,#2393,.F.);
#2226=ORIENTED_EDGE('',*,*,#3258,.F.);
#2227=ORIENTED_EDGE('',*,*,#2598,.F.);
#2228=ORIENTED_EDGE('',*,*,#3257,.T.);
#2229=ORIENTED_EDGE('',*,*,#2595,.F.);
#2230=ORIENTED_EDGE('',*,*,#3259,.F.);
#2231=ORIENTED_EDGE('',*,*,#2665,.F.);
#2232=ORIENTED_EDGE('',*,*,#3258,.T.);
#2233=ORIENTED_EDGE('',*,*,#2672,.F.);
#2234=ORIENTED_EDGE('',*,*,#3260,.F.);
#2235=ORIENTED_EDGE('',*,*,#2599,.F.);
#2236=ORIENTED_EDGE('',*,*,#3259,.T.);
#2237=ORIENTED_EDGE('',*,*,#2594,.F.);
#2238=ORIENTED_EDGE('',*,*,#3261,.F.);
#2239=ORIENTED_EDGE('',*,*,#2662,.F.);
#2240=ORIENTED_EDGE('',*,*,#3260,.T.);
#2241=ORIENTED_EDGE('',*,*,#2673,.F.);
#2242=ORIENTED_EDGE('',*,*,#3262,.F.);
#2243=ORIENTED_EDGE('',*,*,#2592,.F.);
#2244=ORIENTED_EDGE('',*,*,#3261,.T.);
#2245=ORIENTED_EDGE('',*,*,#2593,.F.);
#2246=ORIENTED_EDGE('',*,*,#3262,.T.);
#2247=ORIENTED_EDGE('',*,*,#2666,.F.);
#2248=ORIENTED_EDGE('',*,*,#3263,.T.);
#2249=ORIENTED_EDGE('',*,*,#3264,.T.);
#2250=ORIENTED_EDGE('',*,*,#3265,.F.);
#2251=ORIENTED_EDGE('',*,*,#3266,.F.);
#2252=ORIENTED_EDGE('',*,*,#3265,.T.);
#2253=ORIENTED_EDGE('',*,*,#3267,.T.);
#2254=ORIENTED_EDGE('',*,*,#3268,.F.);
#2255=ORIENTED_EDGE('',*,*,#3269,.T.);
#2256=ORIENTED_EDGE('',*,*,#3268,.T.);
#2257=ORIENTED_EDGE('',*,*,#3270,.T.);
#2258=ORIENTED_EDGE('',*,*,#3271,.F.);
#2259=ORIENTED_EDGE('',*,*,#3272,.F.);
#2260=ORIENTED_EDGE('',*,*,#3271,.T.);
#2261=ORIENTED_EDGE('',*,*,#3273,.T.);
#2262=ORIENTED_EDGE('',*,*,#3263,.F.);
#2263=ORIENTED_EDGE('',*,*,#3274,.F.);
#2264=ORIENTED_EDGE('',*,*,#3266,.T.);
#2265=ORIENTED_EDGE('',*,*,#3269,.F.);
#2266=ORIENTED_EDGE('',*,*,#3272,.T.);
#2267=ORIENTED_EDGE('',*,*,#3274,.T.);
#2268=ORIENTED_EDGE('',*,*,#3275,.T.);
#2269=ORIENTED_EDGE('',*,*,#3276,.T.);
#2270=ORIENTED_EDGE('',*,*,#3277,.F.);
#2271=ORIENTED_EDGE('',*,*,#3278,.F.);
#2272=ORIENTED_EDGE('',*,*,#3277,.T.);
#2273=ORIENTED_EDGE('',*,*,#3279,.T.);
#2274=ORIENTED_EDGE('',*,*,#3280,.F.);
#2275=ORIENTED_EDGE('',*,*,#3281,.T.);
#2276=ORIENTED_EDGE('',*,*,#3280,.T.);
#2277=ORIENTED_EDGE('',*,*,#3282,.T.);
#2278=ORIENTED_EDGE('',*,*,#3283,.F.);
#2279=ORIENTED_EDGE('',*,*,#3284,.F.);
#2280=ORIENTED_EDGE('',*,*,#3283,.T.);
#2281=ORIENTED_EDGE('',*,*,#3285,.T.);
#2282=ORIENTED_EDGE('',*,*,#3275,.F.);
#2283=ORIENTED_EDGE('',*,*,#3286,.F.);
#2284=ORIENTED_EDGE('',*,*,#3278,.T.);
#2285=ORIENTED_EDGE('',*,*,#3281,.F.);
#2286=ORIENTED_EDGE('',*,*,#3284,.T.);
#2287=ORIENTED_EDGE('',*,*,#3286,.T.);
#2288=ORIENTED_EDGE('',*,*,#3287,.F.);
#2289=ORIENTED_EDGE('',*,*,#2427,.F.);
#2290=ORIENTED_EDGE('',*,*,#3288,.F.);
#2291=ORIENTED_EDGE('',*,*,#3270,.F.);
#2292=ORIENTED_EDGE('',*,*,#3288,.T.);
#2293=ORIENTED_EDGE('',*,*,#2426,.F.);
#2294=ORIENTED_EDGE('',*,*,#3289,.F.);
#2295=ORIENTED_EDGE('',*,*,#3273,.F.);
#2296=ORIENTED_EDGE('',*,*,#3287,.T.);
#2297=ORIENTED_EDGE('',*,*,#3267,.F.);
#2298=ORIENTED_EDGE('',*,*,#3290,.F.);
#2299=ORIENTED_EDGE('',*,*,#2424,.F.);
#2300=ORIENTED_EDGE('',*,*,#3289,.T.);
#2301=ORIENTED_EDGE('',*,*,#2425,.F.);
#2302=ORIENTED_EDGE('',*,*,#3290,.T.);
#2303=ORIENTED_EDGE('',*,*,#3264,.F.);
#2304=ORIENTED_EDGE('',*,*,#3291,.F.);
#2305=ORIENTED_EDGE('',*,*,#2431,.F.);
#2306=ORIENTED_EDGE('',*,*,#3292,.F.);
#2307=ORIENTED_EDGE('',*,*,#3282,.F.);
#2308=ORIENTED_EDGE('',*,*,#3292,.T.);
#2309=ORIENTED_EDGE('',*,*,#2430,.F.);
#2310=ORIENTED_EDGE('',*,*,#3293,.F.);
#2311=ORIENTED_EDGE('',*,*,#3285,.F.);
#2312=ORIENTED_EDGE('',*,*,#3291,.T.);
#2313=ORIENTED_EDGE('',*,*,#3279,.F.);
#2314=ORIENTED_EDGE('',*,*,#3294,.F.);
#2315=ORIENTED_EDGE('',*,*,#2428,.F.);
#2316=ORIENTED_EDGE('',*,*,#3293,.T.);
#2317=ORIENTED_EDGE('',*,*,#2429,.F.);
#2318=ORIENTED_EDGE('',*,*,#3294,.T.);
#2319=ORIENTED_EDGE('',*,*,#3276,.F.);
#2320=EDGE_CURVE('',#3295,#3296,#3919,.T.);
#2321=EDGE_CURVE('',#3296,#3297,#3920,.T.);
#2322=EDGE_CURVE('',#3297,#3298,#3921,.F.);
#2323=EDGE_CURVE('',#3298,#3299,#334,.T.);
#2324=EDGE_CURVE('',#3299,#3300,#3922,.T.);
#2325=EDGE_CURVE('',#3300,#3301,#3923,.F.);
#2326=EDGE_CURVE('',#3301,#3302,#3924,.T.);
#2327=EDGE_CURVE('',#3302,#3303,#3925,.T.);
#2328=EDGE_CURVE('',#3303,#3304,#3926,.T.);
#2329=EDGE_CURVE('',#3304,#3305,#3927,.T.);
#2330=EDGE_CURVE('',#3305,#3306,#3928,.T.);
#2331=EDGE_CURVE('',#3306,#3295,#335,.T.);
#2332=EDGE_CURVE('',#3307,#3308,#3929,.T.);
#2333=EDGE_CURVE('',#3307,#3309,#3930,.T.);
#2334=EDGE_CURVE('',#3309,#3310,#3931,.T.);
#2335=EDGE_CURVE('',#3310,#3308,#3932,.T.);
#2336=EDGE_CURVE('',#3311,#3312,#3933,.F.);
#2337=EDGE_CURVE('',#3312,#3313,#3934,.T.);
#2338=EDGE_CURVE('',#3313,#3314,#3935,.T.);
#2339=EDGE_CURVE('',#3314,#3311,#3936,.T.);
#2340=EDGE_CURVE('',#3315,#3316,#158,.F.);
#2341=EDGE_CURVE('',#3316,#3317,#3937,.T.);
#2342=EDGE_CURVE('',#3317,#3318,#159,.F.);
#2343=EDGE_CURVE('',#3318,#3319,#3938,.T.);
#2344=EDGE_CURVE('',#3319,#3320,#160,.F.);
#2345=EDGE_CURVE('',#3320,#3321,#3939,.T.);
#2346=EDGE_CURVE('',#3321,#3322,#161,.F.);
#2347=EDGE_CURVE('',#3322,#3315,#3940,.T.);
#2348=EDGE_CURVE('',#3323,#3324,#162,.F.);
#2349=EDGE_CURVE('',#3324,#3325,#3941,.T.);
#2350=EDGE_CURVE('',#3325,#3326,#3942,.T.);
#2351=EDGE_CURVE('',#3326,#3327,#3943,.T.);
#2352=EDGE_CURVE('',#3327,#3328,#163,.F.);
#2353=EDGE_CURVE('',#3328,#3329,#3944,.T.);
#2354=EDGE_CURVE('',#3329,#3330,#164,.F.);
#2355=EDGE_CURVE('',#3330,#3331,#3945,.T.);
#2356=EDGE_CURVE('',#3331,#3332,#165,.F.);
#2357=EDGE_CURVE('',#3332,#3333,#3946,.T.);
#2358=EDGE_CURVE('',#3333,#3334,#3947,.T.);
#2359=EDGE_CURVE('',#3334,#3335,#166,.F.);
#2360=EDGE_CURVE('',#3335,#3336,#3948,.T.);
#2361=EDGE_CURVE('',#3336,#3337,#167,.F.);
#2362=EDGE_CURVE('',#3337,#3338,#3949,.T.);
#2363=EDGE_CURVE('',#3338,#3339,#3950,.T.);
#2364=EDGE_CURVE('',#3339,#3340,#168,.F.);
#2365=EDGE_CURVE('',#3340,#3341,#3951,.T.);
#2366=EDGE_CURVE('',#3341,#3342,#169,.F.);
#2367=EDGE_CURVE('',#3342,#3323,#3952,.T.);
#2368=EDGE_CURVE('',#3343,#3344,#3953,.T.);
#2369=EDGE_CURVE('',#3344,#3345,#3954,.T.);
#2370=EDGE_CURVE('',#3345,#3346,#3955,.T.);
#2371=EDGE_CURVE('',#3346,#3343,#3956,.T.);
#2372=EDGE_CURVE('',#3347,#3348,#3957,.T.);
#2373=EDGE_CURVE('',#3347,#3349,#3958,.T.);
#2374=EDGE_CURVE('',#3349,#3350,#3959,.T.);
#2375=EDGE_CURVE('',#3348,#3350,#3960,.T.);
#2376=EDGE_CURVE('',#3351,#3352,#3961,.T.);
#2377=EDGE_CURVE('',#3352,#3353,#3962,.T.);
#2378=EDGE_CURVE('',#3353,#3354,#3963,.F.);
#2379=EDGE_CURVE('',#3355,#3354,#3964,.T.);
#2380=EDGE_CURVE('',#3355,#3356,#3965,.T.);
#2381=EDGE_CURVE('',#3356,#3357,#3966,.T.);
#2382=EDGE_CURVE('',#3358,#3357,#3967,.T.);
#2383=EDGE_CURVE('',#3358,#3351,#3968,.T.);
#2384=EDGE_CURVE('',#3359,#3360,#3969,.T.);
#2385=EDGE_CURVE('',#3360,#3361,#3970,.T.);
#2386=EDGE_CURVE('',#3361,#3362,#3971,.F.);
#2387=EDGE_CURVE('',#3362,#3359,#3972,.T.);
#2388=EDGE_CURVE('',#3363,#3364,#3973,.T.);
#2389=EDGE_CURVE('',#3363,#3365,#136,.T.);
#2390=EDGE_CURVE('',#3365,#3366,#3974,.T.);
#2391=EDGE_CURVE('',#3366,#3364,#137,.T.);
#2392=EDGE_CURVE('',#3367,#3368,#3975,.T.);
#2393=EDGE_CURVE('',#3368,#3369,#3976,.T.);
#2394=EDGE_CURVE('',#3370,#3369,#3977,.T.);
#2395=EDGE_CURVE('',#3371,#3370,#3978,.T.);
#2396=EDGE_CURVE('',#3371,#3372,#336,.T.);
#2397=EDGE_CURVE('',#3372,#3373,#3979,.F.);
#2398=EDGE_CURVE('',#3373,#3374,#138,.T.);
#2399=EDGE_CURVE('',#3374,#3375,#3980,.F.);
#2400=EDGE_CURVE('',#3375,#3376,#139,.T.);
#2401=EDGE_CURVE('',#3376,#3377,#3981,.F.);
#2402=EDGE_CURVE('',#3377,#3378,#337,.T.);
#2403=EDGE_CURVE('',#3367,#3378,#3982,.T.);
#2404=EDGE_CURVE('',#3379,#3380,#170,.T.);
#2405=EDGE_CURVE('',#3379,#3381,#3983,.T.);
#2406=EDGE_CURVE('',#3382,#3381,#171,.T.);
#2407=EDGE_CURVE('',#3380,#3382,#3984,.T.);
#2408=EDGE_CURVE('',#3383,#3384,#3985,.T.);
#2409=EDGE_CURVE('',#3383,#3385,#3986,.T.);
#2410=EDGE_CURVE('',#3385,#3386,#3987,.F.);
#2411=EDGE_CURVE('',#3387,#3386,#3988,.T.);
#2412=EDGE_CURVE('',#3387,#3388,#3989,.T.);
#2413=EDGE_CURVE('',#3389,#3388,#3990,.T.);
#2414=EDGE_CURVE('',#3389,#3390,#3991,.F.);
#2415=EDGE_CURVE('',#3391,#3390,#3992,.T.);
#2416=EDGE_CURVE('',#3391,#3392,#3993,.T.);
#2417=EDGE_CURVE('',#3393,#3392,#3994,.T.);
#2418=EDGE_CURVE('',#3393,#3394,#3995,.T.);
#2419=EDGE_CURVE('',#3394,#3395,#3996,.T.);
#2420=EDGE_CURVE('',#3396,#3395,#3997,.T.);
#2421=EDGE_CURVE('',#3397,#3396,#172,.T.);
#2422=EDGE_CURVE('',#3398,#3397,#3998,.T.);
#2423=EDGE_CURVE('',#3384,#3398,#173,.T.);
#2424=EDGE_CURVE('',#3399,#3400,#3999,.T.);
#2425=EDGE_CURVE('',#3400,#3401,#174,.F.);
#2426=EDGE_CURVE('',#3401,#3402,#4000,.T.);
#2427=EDGE_CURVE('',#3402,#3399,#175,.F.);
#2428=EDGE_CURVE('',#3403,#3404,#4001,.T.);
#2429=EDGE_CURVE('',#3404,#3405,#176,.F.);
#2430=EDGE_CURVE('',#3405,#3406,#4002,.T.);
#2431=EDGE_CURVE('',#3406,#3403,#177,.F.);
#2432=EDGE_CURVE('',#3407,#3408,#4003,.T.);
#2433=EDGE_CURVE('',#3408,#3371,#338,.T.);
#2434=EDGE_CURVE('',#3409,#3370,#339,.T.);
#2435=EDGE_CURVE('',#3410,#3409,#4004,.T.);
#2436=EDGE_CURVE('',#3411,#3410,#340,.T.);
#2437=EDGE_CURVE('',#3411,#3412,#4005,.T.);
#2438=EDGE_CURVE('',#3413,#3412,#341,.T.);
#2439=EDGE_CURVE('',#3414,#3413,#4006,.T.);
#2440=EDGE_CURVE('',#3367,#3414,#342,.T.);
#2441=EDGE_CURVE('',#3378,#3415,#343,.T.);
#2442=EDGE_CURVE('',#3415,#3416,#4007,.T.);
#2443=EDGE_CURVE('',#3416,#3417,#4008,.T.);
#2444=EDGE_CURVE('',#3417,#3418,#178,.F.);
#2445=EDGE_CURVE('',#3418,#3419,#4009,.T.);
#2446=EDGE_CURVE('',#3419,#3420,#4010,.T.);
#2447=EDGE_CURVE('',#3420,#3421,#179,.F.);
#2448=EDGE_CURVE('',#3421,#3422,#4011,.T.);
#2449=EDGE_CURVE('',#3422,#3423,#180,.F.);
#2450=EDGE_CURVE('',#3423,#3424,#4012,.T.);
#2451=EDGE_CURVE('',#3424,#3425,#4013,.T.);
#2452=EDGE_CURVE('',#3425,#3426,#181,.F.);
#2453=EDGE_CURVE('',#3426,#3427,#4014,.T.);
#2454=EDGE_CURVE('',#3427,#3428,#182,.F.);
#2455=EDGE_CURVE('',#3428,#3429,#4015,.T.);
#2456=EDGE_CURVE('',#3429,#3430,#4016,.T.);
#2457=EDGE_CURVE('',#3430,#3431,#183,.F.);
#2458=EDGE_CURVE('',#3431,#3432,#4017,.T.);
#2459=EDGE_CURVE('',#3432,#3433,#184,.F.);
#2460=EDGE_CURVE('',#3433,#3434,#4018,.T.);
#2461=EDGE_CURVE('',#3434,#3435,#4019,.T.);
#2462=EDGE_CURVE('',#3435,#3436,#185,.F.);
#2463=EDGE_CURVE('',#3436,#3407,#4020,.T.);
#2464=EDGE_CURVE('',#3437,#3437,#186,.T.);
#2465=EDGE_CURVE('',#3438,#3438,#187,.T.);
#2466=EDGE_CURVE('',#3439,#3439,#188,.T.);
#2467=EDGE_CURVE('',#3440,#3440,#189,.T.);
#2468=EDGE_CURVE('',#3441,#3441,#190,.T.);
#2469=EDGE_CURVE('',#3442,#3442,#191,.T.);
#2470=EDGE_CURVE('',#3443,#3443,#192,.T.);
#2471=EDGE_CURVE('',#3444,#3445,#4021,.T.);
#2472=EDGE_CURVE('',#3445,#3446,#4022,.T.);
#2473=EDGE_CURVE('',#3447,#3446,#4023,.T.);
#2474=EDGE_CURVE('',#3447,#3448,#4024,.T.);
#2475=EDGE_CURVE('',#3448,#3449,#4025,.T.);
#2476=EDGE_CURVE('',#3449,#3450,#4026,.T.);
#2477=EDGE_CURVE('',#3450,#3444,#4027,.T.);
#2478=EDGE_CURVE('',#3451,#3451,#193,.T.);
#2479=EDGE_CURVE('',#3452,#3453,#4028,.T.);
#2480=EDGE_CURVE('',#3452,#3454,#194,.F.);
#2481=EDGE_CURVE('',#3455,#3454,#4029,.T.);
#2482=EDGE_CURVE('',#3455,#3444,#195,.T.);
#2483=EDGE_CURVE('',#3450,#3456,#196,.T.);
#2484=EDGE_CURVE('',#3456,#3457,#4030,.T.);
#2485=EDGE_CURVE('',#3457,#3453,#197,.T.);
#2486=EDGE_CURVE('',#3458,#3459,#4031,.T.);
#2487=EDGE_CURVE('',#3459,#3460,#4032,.T.);
#2488=EDGE_CURVE('',#3461,#3460,#4033,.T.);
#2489=EDGE_CURVE('',#3461,#3447,#4034,.T.);
#2490=EDGE_CURVE('',#3446,#3462,#4035,.T.);
#2491=EDGE_CURVE('',#3462,#3463,#4036,.F.);
#2492=EDGE_CURVE('',#3463,#3464,#344,.T.);
#2493=EDGE_CURVE('',#3464,#3458,#4037,.T.);
#2494=EDGE_CURVE('',#3465,#3466,#4038,.T.);
#2495=EDGE_CURVE('',#3466,#3467,#4039,.T.);
#2496=EDGE_CURVE('',#3467,#3468,#4040,.F.);
#2497=EDGE_CURVE('',#3468,#3469,#4041,.T.);
#2498=EDGE_CURVE('',#3470,#3469,#4042,.T.);
#2499=EDGE_CURVE('',#3470,#3471,#4043,.T.);
#2500=EDGE_CURVE('',#3471,#3465,#4044,.T.);
#2501=EDGE_CURVE('',#3472,#3472,#198,.T.);
#2502=EDGE_CURVE('',#3473,#3474,#4045,.T.);
#2503=EDGE_CURVE('',#3473,#3389,#199,.T.);
#2504=EDGE_CURVE('',#3388,#3475,#200,.T.);
#2505=EDGE_CURVE('',#3476,#3475,#4046,.T.);
#2506=EDGE_CURVE('',#3476,#3474,#201,.T.);
#2507=EDGE_CURVE('',#3477,#3477,#202,.T.);
#2508=EDGE_CURVE('',#3478,#3479,#4047,.T.);
#2509=EDGE_CURVE('',#3478,#3480,#203,.F.);
#2510=EDGE_CURVE('',#3481,#3480,#4048,.T.);
#2511=EDGE_CURVE('',#3481,#3482,#204,.T.);
#2512=EDGE_CURVE('',#3482,#3483,#4049,.T.);
#2513=EDGE_CURVE('',#3483,#3484,#205,.T.);
#2514=EDGE_CURVE('',#3485,#3484,#4050,.T.);
#2515=EDGE_CURVE('',#3485,#3479,#206,.T.);
#2516=EDGE_CURVE('',#3486,#3487,#4051,.T.);
#2517=EDGE_CURVE('',#3487,#3488,#4052,.T.);
#2518=EDGE_CURVE('',#3488,#3489,#4053,.F.);
#2519=EDGE_CURVE('',#3490,#3489,#4054,.T.);
#2520=EDGE_CURVE('',#3491,#3490,#4055,.T.);
#2521=EDGE_CURVE('',#3491,#3492,#4056,.T.);
#2522=EDGE_CURVE('',#3492,#3493,#4057,.T.);
#2523=EDGE_CURVE('',#3493,#3486,#345,.T.);
#2524=EDGE_CURVE('',#3494,#3494,#207,.T.);
#2525=EDGE_CURVE('',#3495,#3496,#4058,.T.);
#2526=EDGE_CURVE('',#3495,#3497,#208,.T.);
#2527=EDGE_CURVE('',#3498,#3497,#4059,.T.);
#2528=EDGE_CURVE('',#3498,#3499,#209,.T.);
#2529=EDGE_CURVE('',#3500,#3499,#4060,.T.);
#2530=EDGE_CURVE('',#3500,#3496,#210,.T.);
#2531=EDGE_CURVE('',#3501,#3502,#4061,.T.);
#2532=EDGE_CURVE('',#3501,#3503,#211,.T.);
#2533=EDGE_CURVE('',#3504,#3503,#4062,.T.);
#2534=EDGE_CURVE('',#3504,#3505,#212,.T.);
#2535=EDGE_CURVE('',#3506,#3505,#4063,.T.);
#2536=EDGE_CURVE('',#3506,#3502,#213,.T.);
#2537=EDGE_CURVE('',#3507,#3507,#214,.T.);
#2538=EDGE_CURVE('',#3480,#3508,#4064,.T.);
#2539=EDGE_CURVE('',#3508,#3509,#4065,.T.);
#2540=EDGE_CURVE('',#3509,#3510,#4066,.F.);
#2541=EDGE_CURVE('',#3510,#3511,#4067,.T.);
#2542=EDGE_CURVE('',#3511,#3512,#346,.T.);
#2543=EDGE_CURVE('',#3512,#3513,#4068,.T.);
#2544=EDGE_CURVE('',#3513,#3514,#4069,.T.);
#2545=EDGE_CURVE('',#3514,#3481,#4070,.F.);
#2546=EDGE_CURVE('',#3357,#3515,#4071,.T.);
#2547=EDGE_CURVE('',#3515,#3516,#4072,.F.);
#2548=EDGE_CURVE('',#3516,#3358,#4073,.T.);
#2549=EDGE_CURVE('',#3454,#3517,#4074,.T.);
#2550=EDGE_CURVE('',#3517,#3518,#4075,.T.);
#2551=EDGE_CURVE('',#3518,#3519,#4076,.F.);
#2552=EDGE_CURVE('',#3520,#3519,#4077,.T.);
#2553=EDGE_CURVE('',#3520,#3521,#4078,.T.);
#2554=EDGE_CURVE('',#3521,#3522,#4079,.T.);
#2555=EDGE_CURVE('',#3522,#3455,#4080,.F.);
#2556=EDGE_CURVE('',#3523,#3524,#4081,.T.);
#2557=EDGE_CURVE('',#3524,#3525,#4082,.T.);
#2558=EDGE_CURVE('',#3525,#3478,#4083,.F.);
#2559=EDGE_CURVE('',#3479,#3526,#4084,.F.);
#2560=EDGE_CURVE('',#3526,#3523,#4085,.T.);
#2561=EDGE_CURVE('',#3527,#3528,#4086,.T.);
#2562=EDGE_CURVE('',#3528,#3529,#4087,.T.);
#2563=EDGE_CURVE('',#3530,#3529,#4088,.T.);
#2564=EDGE_CURVE('',#3531,#3530,#4089,.T.);
#2565=EDGE_CURVE('',#3531,#3532,#4090,.T.);
#2566=EDGE_CURVE('',#3527,#3532,#4091,.T.);
#2567=EDGE_CURVE('',#3529,#3533,#4092,.T.);
#2568=EDGE_CURVE('',#3533,#3534,#4093,.F.);
#2569=EDGE_CURVE('',#3530,#3534,#4094,.T.);
#2570=EDGE_CURVE('',#3535,#3536,#4095,.T.);
#2571=EDGE_CURVE('',#3536,#3537,#4096,.T.);
#2572=EDGE_CURVE('',#3537,#3538,#4097,.F.);
#2573=EDGE_CURVE('',#3538,#3539,#4098,.T.);
#2574=EDGE_CURVE('',#3539,#3506,#4099,.T.);
#2575=EDGE_CURVE('',#3505,#3540,#4100,.F.);
#2576=EDGE_CURVE('',#3540,#3541,#4101,.T.);
#2577=EDGE_CURVE('',#3541,#3498,#4102,.T.);
#2578=EDGE_CURVE('',#3497,#3542,#4103,.F.);
#2579=EDGE_CURVE('',#3542,#3535,#4104,.T.);
#2580=EDGE_CURVE('',#3543,#3544,#4105,.T.);
#2581=EDGE_CURVE('',#3544,#3524,#4106,.T.);
#2582=EDGE_CURVE('',#3523,#3543,#4107,.T.);
#2583=EDGE_CURVE('',#3460,#3545,#4108,.T.);
#2584=EDGE_CURVE('',#3545,#3452,#4109,.F.);
#2585=EDGE_CURVE('',#3453,#3546,#4110,.F.);
#2586=EDGE_CURVE('',#3546,#3547,#4111,.T.);
#2587=EDGE_CURVE('',#3547,#3548,#4112,.T.);
#2588=EDGE_CURVE('',#3548,#3549,#4113,.T.);
#2589=EDGE_CURVE('',#3549,#3550,#4114,.F.);
#2590=EDGE_CURVE('',#3550,#3551,#4115,.T.);
#2591=EDGE_CURVE('',#3551,#3461,#4116,.T.);
#2592=EDGE_CURVE('',#3552,#3553,#4117,.T.);
#2593=EDGE_CURVE('',#3553,#3554,#347,.T.);
#2594=EDGE_CURVE('',#3554,#3555,#4118,.T.);
#2595=EDGE_CURVE('',#3555,#3556,#348,.T.);
#2596=EDGE_CURVE('',#3556,#3557,#4119,.T.);
#2597=EDGE_CURVE('',#3557,#3558,#349,.T.);
#2598=EDGE_CURVE('',#3558,#3559,#4120,.T.);
#2599=EDGE_CURVE('',#3559,#3552,#350,.T.);
#2600=EDGE_CURVE('',#3560,#3561,#4121,.T.);
#2601=EDGE_CURVE('',#3561,#3359,#140,.F.);
#2602=EDGE_CURVE('',#3362,#3562,#141,.F.);
#2603=EDGE_CURVE('',#3562,#3563,#4122,.T.);
#2604=EDGE_CURVE('',#3563,#3564,#142,.F.);
#2605=EDGE_CURVE('',#3565,#3564,#4123,.T.);
#2606=EDGE_CURVE('',#3565,#3560,#143,.F.);
#2607=EDGE_CURVE('',#3482,#3566,#4124,.T.);
#2608=EDGE_CURVE('',#3566,#3567,#4125,.T.);
#2609=EDGE_CURVE('',#3567,#3568,#4126,.F.);
#2610=EDGE_CURVE('',#3568,#3569,#351,.T.);
#2611=EDGE_CURVE('',#3570,#3569,#4127,.T.);
#2612=EDGE_CURVE('',#3570,#3571,#4128,.T.);
#2613=EDGE_CURVE('',#3571,#3483,#4129,.T.);
#2614=EDGE_CURVE('',#3560,#3572,#4130,.T.);
#2615=EDGE_CURVE('',#3572,#3573,#4131,.T.);
#2616=EDGE_CURVE('',#3573,#3561,#4132,.F.);
#2617=EDGE_CURVE('',#3564,#3574,#4133,.T.);
#2618=EDGE_CURVE('',#3574,#3575,#4134,.T.);
#2619=EDGE_CURVE('',#3575,#3565,#4135,.F.);
#2620=EDGE_CURVE('',#3562,#3576,#4136,.T.);
#2621=EDGE_CURVE('',#3576,#3577,#4137,.T.);
#2622=EDGE_CURVE('',#3577,#3563,#4138,.F.);
#2623=EDGE_CURVE('',#3519,#3527,#215,.F.);
#2624=EDGE_CURVE('',#3532,#3578,#216,.T.);
#2625=EDGE_CURVE('',#3579,#3578,#4139,.T.);
#2626=EDGE_CURVE('',#3579,#3490,#217,.T.);
#2627=EDGE_CURVE('',#3489,#3520,#218,.T.);
#2628=EDGE_CURVE('',#3580,#3580,#219,.T.);
#2629=EDGE_CURVE('',#3354,#3393,#220,.F.);
#2630=EDGE_CURVE('',#3392,#3581,#221,.T.);
#2631=EDGE_CURVE('',#3581,#3582,#4140,.T.);
#2632=EDGE_CURVE('',#3582,#3469,#222,.T.);
#2633=EDGE_CURVE('',#3468,#3355,#223,.T.);
#2634=EDGE_CURVE('',#3583,#3583,#224,.T.);
#2635=EDGE_CURVE('',#3548,#3584,#225,.T.);
#2636=EDGE_CURVE('',#3584,#3585,#4141,.T.);
#2637=EDGE_CURVE('',#3585,#3586,#226,.T.);
#2638=EDGE_CURVE('',#3586,#3587,#4142,.T.);
#2639=EDGE_CURVE('',#3587,#3549,#227,.T.);
#2640=EDGE_CURVE('',#3588,#3588,#228,.T.);
#2641=EDGE_CURVE('',#3573,#3360,#229,.F.);
#2642=EDGE_CURVE('',#3361,#3576,#230,.F.);
#2643=EDGE_CURVE('',#3575,#3572,#231,.F.);
#2644=EDGE_CURVE('',#3577,#3574,#232,.F.);
#2645=EDGE_CURVE('',#3573,#3346,#4143,.T.);
#2646=EDGE_CURVE('',#3343,#3572,#4144,.T.);
#2647=EDGE_CURVE('',#3360,#3346,#4145,.T.);
#2648=EDGE_CURVE('',#3343,#3575,#4146,.T.);
#2649=EDGE_CURVE('',#3361,#3345,#4147,.T.);
#2650=EDGE_CURVE('',#3344,#3574,#4148,.T.);
#2651=EDGE_CURVE('',#3576,#3345,#4149,.T.);
#2652=EDGE_CURVE('',#3344,#3577,#4150,.T.);
#2653=EDGE_CURVE('',#3589,#3589,#233,.T.);
#2654=EDGE_CURVE('',#3590,#3590,#234,.T.);
#2655=EDGE_CURVE('',#3591,#3591,#235,.T.);
#2656=EDGE_CURVE('',#3592,#3592,#236,.T.);
#2657=EDGE_CURVE('',#3593,#3593,#237,.T.);
#2658=EDGE_CURVE('',#3594,#3594,#238,.T.);
#2659=EDGE_CURVE('',#3595,#3595,#239,.T.);
#2660=EDGE_CURVE('',#3596,#3596,#240,.T.);
#2661=EDGE_CURVE('',#3411,#3597,#4151,.T.);
#2662=EDGE_CURVE('',#3597,#3598,#4152,.T.);
#2663=EDGE_CURVE('',#3412,#3598,#4153,.T.);
#2664=EDGE_CURVE('',#3410,#3599,#4154,.T.);
#2665=EDGE_CURVE('',#3599,#3597,#352,.T.);
#2666=EDGE_CURVE('',#3598,#3600,#353,.T.);
#2667=EDGE_CURVE('',#3413,#3600,#4155,.T.);
#2668=EDGE_CURVE('',#3409,#3601,#4156,.T.);
#2669=EDGE_CURVE('',#3601,#3599,#4157,.T.);
#2670=EDGE_CURVE('',#3369,#3601,#354,.T.);
#2671=EDGE_CURVE('',#3414,#3602,#4158,.T.);
#2672=EDGE_CURVE('',#3602,#3368,#355,.T.);
#2673=EDGE_CURVE('',#3600,#3602,#4159,.T.);
#2674=EDGE_CURVE('',#3603,#3500,#4160,.T.);
#2675=EDGE_CURVE('',#3603,#3604,#241,.T.);
#2676=EDGE_CURVE('',#3604,#3302,#144,.T.);
#2677=EDGE_CURVE('',#3302,#3605,#145,.T.);
#2678=EDGE_CURVE('',#3605,#3606,#242,.T.);
#2679=EDGE_CURVE('',#3606,#3496,#4161,.T.);
#2680=EDGE_CURVE('',#3499,#3607,#4162,.F.);
#2681=EDGE_CURVE('',#3603,#3607,#4163,.T.);
#2682=EDGE_CURVE('',#3608,#3609,#4164,.T.);
#2683=EDGE_CURVE('',#3608,#3504,#4165,.T.);
#2684=EDGE_CURVE('',#3609,#3503,#4166,.T.);
#2685=EDGE_CURVE('',#3610,#3501,#4167,.T.);
#2686=EDGE_CURVE('',#3610,#3611,#243,.T.);
#2687=EDGE_CURVE('',#3611,#3303,#146,.T.);
#2688=EDGE_CURVE('',#3303,#3612,#147,.T.);
#2689=EDGE_CURVE('',#3612,#3609,#244,.T.);
#2690=EDGE_CURVE('',#3612,#3604,#4168,.T.);
#2691=EDGE_CURVE('',#3607,#3541,#245,.T.);
#2692=EDGE_CURVE('',#3540,#3608,#246,.T.);
#2693=EDGE_CURVE('',#3613,#3579,#4169,.T.);
#2694=EDGE_CURVE('',#3613,#3614,#247,.T.);
#2695=EDGE_CURVE('',#3614,#3491,#148,.T.);
#2696=EDGE_CURVE('',#3578,#3615,#4170,.F.);
#2697=EDGE_CURVE('',#3613,#3615,#4171,.T.);
#2698=EDGE_CURVE('',#3616,#3606,#4172,.T.);
#2699=EDGE_CURVE('',#3616,#3495,#4173,.T.);
#2700=EDGE_CURVE('',#3617,#3618,#4174,.T.);
#2701=EDGE_CURVE('',#3618,#3614,#4175,.T.);
#2702=EDGE_CURVE('',#3615,#3531,#248,.T.);
#2703=EDGE_CURVE('',#3534,#3535,#249,.T.);
#2704=EDGE_CURVE('',#3542,#3616,#250,.T.);
#2705=EDGE_CURVE('',#3605,#3619,#4176,.T.);
#2706=EDGE_CURVE('',#3619,#3617,#251,.F.);
#2707=EDGE_CURVE('',#3502,#3620,#4177,.F.);
#2708=EDGE_CURVE('',#3610,#3620,#4178,.T.);
#2709=EDGE_CURVE('',#3621,#3622,#4179,.T.);
#2710=EDGE_CURVE('',#3621,#3485,#4180,.T.);
#2711=EDGE_CURVE('',#3622,#3484,#4181,.T.);
#2712=EDGE_CURVE('',#3571,#3623,#149,.T.);
#2713=EDGE_CURVE('',#3623,#3622,#252,.T.);
#2714=EDGE_CURVE('',#3624,#3625,#253,.F.);
#2715=EDGE_CURVE('',#3625,#3611,#4182,.T.);
#2716=EDGE_CURVE('',#3620,#3539,#254,.T.);
#2717=EDGE_CURVE('',#3538,#3543,#255,.T.);
#2718=EDGE_CURVE('',#3526,#3621,#256,.T.);
#2719=EDGE_CURVE('',#3623,#3626,#4183,.T.);
#2720=EDGE_CURVE('',#3626,#3624,#4184,.T.);
#2721=EDGE_CURVE('',#3627,#3476,#4185,.T.);
#2722=EDGE_CURVE('',#3627,#3628,#257,.T.);
#2723=EDGE_CURVE('',#3628,#3471,#150,.F.);
#2724=EDGE_CURVE('',#3471,#3629,#151,.F.);
#2725=EDGE_CURVE('',#3629,#3630,#258,.T.);
#2726=EDGE_CURVE('',#3630,#3474,#4186,.T.);
#2727=EDGE_CURVE('',#3475,#3631,#4187,.F.);
#2728=EDGE_CURVE('',#3627,#3631,#4188,.T.);
#2729=EDGE_CURVE('',#3464,#3632,#259,.F.);
#2730=EDGE_CURVE('',#3632,#3628,#4189,.T.);
#2731=EDGE_CURVE('',#3631,#3387,#260,.T.);
#2732=EDGE_CURVE('',#3386,#3458,#261,.T.);
#2733=EDGE_CURVE('',#3581,#3633,#4190,.F.);
#2734=EDGE_CURVE('',#3633,#3634,#4191,.T.);
#2735=EDGE_CURVE('',#3634,#3582,#4192,.T.);
#2736=EDGE_CURVE('',#3635,#3630,#4193,.T.);
#2737=EDGE_CURVE('',#3635,#3473,#4194,.T.);
#2738=EDGE_CURVE('',#3634,#3636,#262,.T.);
#2739=EDGE_CURVE('',#3636,#3470,#152,.F.);
#2740=EDGE_CURVE('',#3629,#3636,#4195,.T.);
#2741=EDGE_CURVE('',#3633,#3391,#263,.T.);
#2742=EDGE_CURVE('',#3390,#3635,#264,.T.);
#2743=EDGE_CURVE('',#3637,#3638,#4196,.T.);
#2744=EDGE_CURVE('',#3638,#3587,#4197,.T.);
#2745=EDGE_CURVE('',#3637,#3586,#4198,.T.);
#2746=EDGE_CURVE('',#3639,#3585,#4199,.T.);
#2747=EDGE_CURVE('',#3639,#3640,#265,.T.);
#2748=EDGE_CURVE('',#3640,#3448,#153,.F.);
#2749=EDGE_CURVE('',#3448,#3641,#154,.F.);
#2750=EDGE_CURVE('',#3641,#3637,#266,.T.);
#2751=EDGE_CURVE('',#3641,#3642,#4200,.T.);
#2752=EDGE_CURVE('',#3642,#3551,#4201,.T.);
#2753=EDGE_CURVE('',#3550,#3638,#267,.T.);
#2754=EDGE_CURVE('',#3584,#3643,#4202,.F.);
#2755=EDGE_CURVE('',#3643,#3639,#4203,.T.);
#2756=EDGE_CURVE('',#3644,#3645,#4204,.T.);
#2757=EDGE_CURVE('',#3645,#3457,#4205,.T.);
#2758=EDGE_CURVE('',#3644,#3456,#4206,.T.);
#2759=EDGE_CURVE('',#3449,#3646,#155,.F.);
#2760=EDGE_CURVE('',#3646,#3644,#268,.T.);
#2761=EDGE_CURVE('',#3646,#3640,#4207,.T.);
#2762=EDGE_CURVE('',#3643,#3547,#269,.T.);
#2763=EDGE_CURVE('',#3546,#3645,#270,.T.);
#2764=EDGE_CURVE('',#3395,#3647,#4208,.T.);
#2765=EDGE_CURVE('',#3647,#3648,#4209,.T.);
#2766=EDGE_CURVE('',#3648,#3396,#4210,.T.);
#2767=EDGE_CURVE('',#3648,#3649,#156,.T.);
#2768=EDGE_CURVE('',#3649,#3397,#4211,.T.);
#2769=EDGE_CURVE('',#3649,#3650,#4212,.T.);
#2770=EDGE_CURVE('',#3650,#3398,#4213,.T.);
#2771=EDGE_CURVE('',#3650,#3651,#157,.T.);
#2772=EDGE_CURVE('',#3651,#3384,#4214,.T.);
#2773=EDGE_CURVE('',#3651,#3652,#4215,.T.);
#2774=EDGE_CURVE('',#3652,#3383,#4216,.T.);
#2775=EDGE_CURVE('',#3653,#3654,#4217,.T.);
#2776=EDGE_CURVE('',#3653,#3381,#4218,.T.);
#2777=EDGE_CURVE('',#3654,#3379,#4219,.T.);
#2778=EDGE_CURVE('',#3655,#3380,#4220,.T.);
#2779=EDGE_CURVE('',#3655,#3654,#271,.F.);
#2780=EDGE_CURVE('',#3656,#3382,#4221,.T.);
#2781=EDGE_CURVE('',#3656,#3655,#4222,.T.);
#2782=EDGE_CURVE('',#3653,#3656,#272,.F.);
#2783=EDGE_CURVE('',#3363,#3657,#4223,.T.);
#2784=EDGE_CURVE('',#3657,#3365,#273,.T.);
#2785=EDGE_CURVE('',#3366,#3658,#274,.T.);
#2786=EDGE_CURVE('',#3364,#3658,#4224,.T.);
#2787=EDGE_CURVE('',#3657,#3658,#4225,.T.);
#2788=EDGE_CURVE('',#3659,#3659,#275,.T.);
#2789=EDGE_CURVE('',#3660,#3660,#276,.T.);
#2790=EDGE_CURVE('',#3661,#3661,#277,.T.);
#2791=EDGE_CURVE('',#3662,#3662,#278,.T.);
#2792=EDGE_CURVE('',#3663,#3663,#279,.T.);
#2793=EDGE_CURVE('',#3664,#3664,#280,.T.);
#2794=EDGE_CURVE('',#3665,#3665,#281,.T.);
#2795=EDGE_CURVE('',#3666,#3667,#4226,.T.);
#2796=EDGE_CURVE('',#3667,#3511,#282,.F.);
#2797=EDGE_CURVE('',#3510,#3668,#283,.T.);
#2798=EDGE_CURVE('',#3669,#3668,#4227,.T.);
#2799=EDGE_CURVE('',#3669,#3666,#4228,.T.);
#2800=EDGE_CURVE('',#3668,#3670,#4229,.T.);
#2801=EDGE_CURVE('',#3670,#3352,#4230,.T.);
#2802=EDGE_CURVE('',#3351,#3669,#4231,.F.);
#2803=EDGE_CURVE('',#3671,#3672,#4232,.T.);
#2804=EDGE_CURVE('',#3673,#3672,#4233,.T.);
#2805=EDGE_CURVE('',#3674,#3673,#4234,.T.);
#2806=EDGE_CURVE('',#3674,#3671,#4235,.T.);
#2807=EDGE_CURVE('',#3672,#3675,#4236,.T.);
#2808=EDGE_CURVE('',#3676,#3675,#4237,.T.);
#2809=EDGE_CURVE('',#3673,#3676,#4238,.T.);
#2810=EDGE_CURVE('',#3677,#3675,#4239,.T.);
#2811=EDGE_CURVE('',#3678,#3677,#4240,.T.);
#2812=EDGE_CURVE('',#3678,#3676,#4241,.T.);
#2813=EDGE_CURVE('',#3679,#3680,#4242,.T.);
#2814=EDGE_CURVE('',#3681,#3680,#4243,.T.);
#2815=EDGE_CURVE('',#3682,#3681,#4244,.T.);
#2816=EDGE_CURVE('',#3682,#3679,#4245,.T.);
#2817=EDGE_CURVE('',#3680,#3683,#4246,.T.);
#2818=EDGE_CURVE('',#3684,#3683,#4247,.T.);
#2819=EDGE_CURVE('',#3681,#3684,#4248,.T.);
#2820=EDGE_CURVE('',#3685,#3683,#4249,.T.);
#2821=EDGE_CURVE('',#3686,#3685,#4250,.T.);
#2822=EDGE_CURVE('',#3686,#3684,#4251,.T.);
#2823=EDGE_CURVE('',#3687,#3688,#4252,.T.);
#2824=EDGE_CURVE('',#3689,#3688,#4253,.T.);
#2825=EDGE_CURVE('',#3690,#3689,#4254,.T.);
#2826=EDGE_CURVE('',#3690,#3687,#4255,.T.);
#2827=EDGE_CURVE('',#3688,#3691,#4256,.T.);
#2828=EDGE_CURVE('',#3692,#3691,#4257,.T.);
#2829=EDGE_CURVE('',#3689,#3692,#4258,.T.);
#2830=EDGE_CURVE('',#3693,#3691,#4259,.T.);
#2831=EDGE_CURVE('',#3694,#3693,#4260,.T.);
#2832=EDGE_CURVE('',#3694,#3692,#4261,.T.);
#2833=EDGE_CURVE('',#3695,#3696,#4262,.T.);
#2834=EDGE_CURVE('',#3697,#3696,#4263,.T.);
#2835=EDGE_CURVE('',#3698,#3697,#4264,.T.);
#2836=EDGE_CURVE('',#3698,#3695,#4265,.T.);
#2837=EDGE_CURVE('',#3696,#3699,#4266,.T.);
#2838=EDGE_CURVE('',#3700,#3699,#4267,.T.);
#2839=EDGE_CURVE('',#3697,#3700,#4268,.T.);
#2840=EDGE_CURVE('',#3701,#3699,#4269,.T.);
#2841=EDGE_CURVE('',#3702,#3701,#4270,.T.);
#2842=EDGE_CURVE('',#3702,#3700,#4271,.T.);
#2843=EDGE_CURVE('',#3703,#3704,#4272,.T.);
#2844=EDGE_CURVE('',#3705,#3704,#4273,.T.);
#2845=EDGE_CURVE('',#3706,#3705,#4274,.T.);
#2846=EDGE_CURVE('',#3706,#3703,#4275,.T.);
#2847=EDGE_CURVE('',#3704,#3707,#4276,.T.);
#2848=EDGE_CURVE('',#3708,#3707,#4277,.T.);
#2849=EDGE_CURVE('',#3705,#3708,#4278,.T.);
#2850=EDGE_CURVE('',#3709,#3707,#4279,.T.);
#2851=EDGE_CURVE('',#3710,#3709,#4280,.T.);
#2852=EDGE_CURVE('',#3710,#3708,#4281,.T.);
#2853=EDGE_CURVE('',#3711,#3712,#4282,.T.);
#2854=EDGE_CURVE('',#3713,#3712,#4283,.T.);
#2855=EDGE_CURVE('',#3714,#3713,#4284,.T.);
#2856=EDGE_CURVE('',#3714,#3711,#4285,.T.);
#2857=EDGE_CURVE('',#3712,#3715,#4286,.T.);
#2858=EDGE_CURVE('',#3716,#3715,#4287,.T.);
#2859=EDGE_CURVE('',#3713,#3716,#4288,.T.);
#2860=EDGE_CURVE('',#3717,#3715,#4289,.T.);
#2861=EDGE_CURVE('',#3718,#3717,#4290,.T.);
#2862=EDGE_CURVE('',#3718,#3716,#4291,.T.);
#2863=EDGE_CURVE('',#3719,#3720,#4292,.T.);
#2864=EDGE_CURVE('',#3721,#3720,#4293,.T.);
#2865=EDGE_CURVE('',#3722,#3721,#4294,.T.);
#2866=EDGE_CURVE('',#3722,#3719,#4295,.T.);
#2867=EDGE_CURVE('',#3720,#3723,#4296,.T.);
#2868=EDGE_CURVE('',#3724,#3723,#4297,.T.);
#2869=EDGE_CURVE('',#3721,#3724,#4298,.T.);
#2870=EDGE_CURVE('',#3725,#3723,#4299,.T.);
#2871=EDGE_CURVE('',#3726,#3725,#4300,.T.);
#2872=EDGE_CURVE('',#3726,#3724,#4301,.T.);
#2873=EDGE_CURVE('',#3727,#3728,#4302,.T.);
#2874=EDGE_CURVE('',#3729,#3728,#4303,.T.);
#2875=EDGE_CURVE('',#3730,#3729,#4304,.T.);
#2876=EDGE_CURVE('',#3730,#3727,#4305,.T.);
#2877=EDGE_CURVE('',#3728,#3731,#4306,.T.);
#2878=EDGE_CURVE('',#3732,#3731,#4307,.T.);
#2879=EDGE_CURVE('',#3729,#3732,#4308,.T.);
#2880=EDGE_CURVE('',#3733,#3731,#4309,.T.);
#2881=EDGE_CURVE('',#3734,#3733,#4310,.T.);
#2882=EDGE_CURVE('',#3734,#3732,#4311,.T.);
#2883=EDGE_CURVE('',#3735,#3736,#4312,.T.);
#2884=EDGE_CURVE('',#3737,#3736,#4313,.T.);
#2885=EDGE_CURVE('',#3738,#3737,#4314,.T.);
#2886=EDGE_CURVE('',#3738,#3735,#4315,.T.);
#2887=EDGE_CURVE('',#3736,#3739,#4316,.T.);
#2888=EDGE_CURVE('',#3740,#3739,#4317,.T.);
#2889=EDGE_CURVE('',#3737,#3740,#4318,.T.);
#2890=EDGE_CURVE('',#3741,#3739,#4319,.T.);
#2891=EDGE_CURVE('',#3742,#3741,#4320,.T.);
#2892=EDGE_CURVE('',#3742,#3740,#4321,.T.);
#2893=EDGE_CURVE('',#3743,#3744,#4322,.T.);
#2894=EDGE_CURVE('',#3745,#3744,#4323,.T.);
#2895=EDGE_CURVE('',#3746,#3745,#4324,.T.);
#2896=EDGE_CURVE('',#3746,#3743,#4325,.T.);
#2897=EDGE_CURVE('',#3744,#3747,#4326,.T.);
#2898=EDGE_CURVE('',#3748,#3747,#4327,.T.);
#2899=EDGE_CURVE('',#3745,#3748,#4328,.T.);
#2900=EDGE_CURVE('',#3749,#3747,#4329,.T.);
#2901=EDGE_CURVE('',#3750,#3749,#4330,.T.);
#2902=EDGE_CURVE('',#3750,#3748,#4331,.T.);
#2903=EDGE_CURVE('',#3751,#3752,#4332,.T.);
#2904=EDGE_CURVE('',#3753,#3752,#4333,.T.);
#2905=EDGE_CURVE('',#3754,#3753,#4334,.T.);
#2906=EDGE_CURVE('',#3754,#3751,#4335,.T.);
#2907=EDGE_CURVE('',#3752,#3755,#4336,.T.);
#2908=EDGE_CURVE('',#3756,#3755,#4337,.T.);
#2909=EDGE_CURVE('',#3753,#3756,#4338,.T.);
#2910=EDGE_CURVE('',#3757,#3755,#4339,.T.);
#2911=EDGE_CURVE('',#3758,#3757,#4340,.T.);
#2912=EDGE_CURVE('',#3758,#3756,#4341,.T.);
#2913=EDGE_CURVE('',#3759,#3760,#4342,.T.);
#2914=EDGE_CURVE('',#3761,#3760,#4343,.T.);
#2915=EDGE_CURVE('',#3762,#3761,#4344,.T.);
#2916=EDGE_CURVE('',#3762,#3759,#4345,.T.);
#2917=EDGE_CURVE('',#3760,#3763,#4346,.T.);
#2918=EDGE_CURVE('',#3764,#3763,#4347,.T.);
#2919=EDGE_CURVE('',#3761,#3764,#4348,.T.);
#2920=EDGE_CURVE('',#3765,#3763,#4349,.T.);
#2921=EDGE_CURVE('',#3766,#3765,#4350,.T.);
#2922=EDGE_CURVE('',#3766,#3764,#4351,.T.);
#2923=EDGE_CURVE('',#3767,#3768,#4352,.T.);
#2924=EDGE_CURVE('',#3769,#3768,#4353,.T.);
#2925=EDGE_CURVE('',#3770,#3769,#4354,.T.);
#2926=EDGE_CURVE('',#3770,#3767,#4355,.T.);
#2927=EDGE_CURVE('',#3768,#3771,#4356,.T.);
#2928=EDGE_CURVE('',#3772,#3771,#4357,.T.);
#2929=EDGE_CURVE('',#3769,#3772,#4358,.T.);
#2930=EDGE_CURVE('',#3773,#3771,#4359,.T.);
#2931=EDGE_CURVE('',#3774,#3773,#4360,.T.);
#2932=EDGE_CURVE('',#3774,#3772,#4361,.T.);
#2933=EDGE_CURVE('',#3775,#3776,#4362,.T.);
#2934=EDGE_CURVE('',#3777,#3776,#4363,.T.);
#2935=EDGE_CURVE('',#3778,#3777,#4364,.T.);
#2936=EDGE_CURVE('',#3778,#3775,#4365,.T.);
#2937=EDGE_CURVE('',#3776,#3779,#4366,.T.);
#2938=EDGE_CURVE('',#3780,#3779,#4367,.T.);
#2939=EDGE_CURVE('',#3777,#3780,#4368,.T.);
#2940=EDGE_CURVE('',#3781,#3779,#4369,.T.);
#2941=EDGE_CURVE('',#3782,#3781,#4370,.T.);
#2942=EDGE_CURVE('',#3782,#3780,#4371,.T.);
#2943=EDGE_CURVE('',#3783,#3784,#4372,.T.);
#2944=EDGE_CURVE('',#3785,#3784,#4373,.T.);
#2945=EDGE_CURVE('',#3786,#3785,#4374,.T.);
#2946=EDGE_CURVE('',#3786,#3783,#4375,.T.);
#2947=EDGE_CURVE('',#3784,#3787,#4376,.T.);
#2948=EDGE_CURVE('',#3788,#3787,#4377,.T.);
#2949=EDGE_CURVE('',#3785,#3788,#4378,.T.);
#2950=EDGE_CURVE('',#3789,#3787,#4379,.T.);
#2951=EDGE_CURVE('',#3790,#3789,#4380,.T.);
#2952=EDGE_CURVE('',#3790,#3788,#4381,.T.);
#2953=EDGE_CURVE('',#3791,#3792,#4382,.T.);
#2954=EDGE_CURVE('',#3793,#3792,#4383,.T.);
#2955=EDGE_CURVE('',#3794,#3793,#4384,.T.);
#2956=EDGE_CURVE('',#3794,#3791,#4385,.T.);
#2957=EDGE_CURVE('',#3792,#3795,#4386,.T.);
#2958=EDGE_CURVE('',#3796,#3795,#4387,.T.);
#2959=EDGE_CURVE('',#3793,#3796,#4388,.T.);
#2960=EDGE_CURVE('',#3797,#3795,#4389,.T.);
#2961=EDGE_CURVE('',#3798,#3797,#4390,.T.);
#2962=EDGE_CURVE('',#3798,#3796,#4391,.T.);
#2963=EDGE_CURVE('',#3799,#3800,#4392,.T.);
#2964=EDGE_CURVE('',#3801,#3800,#4393,.T.);
#2965=EDGE_CURVE('',#3802,#3801,#4394,.T.);
#2966=EDGE_CURVE('',#3802,#3799,#4395,.T.);
#2967=EDGE_CURVE('',#3800,#3803,#4396,.T.);
#2968=EDGE_CURVE('',#3804,#3803,#4397,.T.);
#2969=EDGE_CURVE('',#3801,#3804,#4398,.T.);
#2970=EDGE_CURVE('',#3805,#3803,#4399,.T.);
#2971=EDGE_CURVE('',#3806,#3805,#4400,.T.);
#2972=EDGE_CURVE('',#3806,#3804,#4401,.T.);
#2973=EDGE_CURVE('',#3807,#3808,#4402,.T.);
#2974=EDGE_CURVE('',#3809,#3808,#4403,.T.);
#2975=EDGE_CURVE('',#3810,#3809,#4404,.T.);
#2976=EDGE_CURVE('',#3810,#3807,#4405,.T.);
#2977=EDGE_CURVE('',#3808,#3811,#4406,.T.);
#2978=EDGE_CURVE('',#3812,#3811,#4407,.T.);
#2979=EDGE_CURVE('',#3809,#3812,#4408,.T.);
#2980=EDGE_CURVE('',#3813,#3811,#4409,.T.);
#2981=EDGE_CURVE('',#3814,#3813,#4410,.T.);
#2982=EDGE_CURVE('',#3814,#3812,#4411,.T.);
#2983=EDGE_CURVE('',#3815,#3816,#4412,.T.);
#2984=EDGE_CURVE('',#3817,#3816,#4413,.T.);
#2985=EDGE_CURVE('',#3818,#3817,#4414,.T.);
#2986=EDGE_CURVE('',#3818,#3815,#4415,.T.);
#2987=EDGE_CURVE('',#3816,#3819,#4416,.T.);
#2988=EDGE_CURVE('',#3820,#3819,#4417,.T.);
#2989=EDGE_CURVE('',#3817,#3820,#4418,.T.);
#2990=EDGE_CURVE('',#3821,#3819,#4419,.T.);
#2991=EDGE_CURVE('',#3822,#3821,#4420,.T.);
#2992=EDGE_CURVE('',#3822,#3820,#4421,.T.);
#2993=EDGE_CURVE('',#3823,#3824,#4422,.T.);
#2994=EDGE_CURVE('',#3825,#3824,#4423,.T.);
#2995=EDGE_CURVE('',#3826,#3825,#4424,.T.);
#2996=EDGE_CURVE('',#3826,#3823,#4425,.T.);
#2997=EDGE_CURVE('',#3824,#3827,#4426,.T.);
#2998=EDGE_CURVE('',#3828,#3827,#4427,.T.);
#2999=EDGE_CURVE('',#3825,#3828,#4428,.T.);
#3000=EDGE_CURVE('',#3829,#3827,#4429,.T.);
#3001=EDGE_CURVE('',#3830,#3829,#4430,.T.);
#3002=EDGE_CURVE('',#3830,#3828,#4431,.T.);
#3003=EDGE_CURVE('',#3831,#3832,#4432,.T.);
#3004=EDGE_CURVE('',#3833,#3832,#4433,.T.);
#3005=EDGE_CURVE('',#3834,#3833,#4434,.T.);
#3006=EDGE_CURVE('',#3834,#3831,#4435,.T.);
#3007=EDGE_CURVE('',#3832,#3835,#4436,.T.);
#3008=EDGE_CURVE('',#3836,#3835,#4437,.T.);
#3009=EDGE_CURVE('',#3833,#3836,#4438,.T.);
#3010=EDGE_CURVE('',#3837,#3835,#4439,.T.);
#3011=EDGE_CURVE('',#3838,#3837,#4440,.T.);
#3012=EDGE_CURVE('',#3838,#3836,#4441,.T.);
#3013=EDGE_CURVE('',#3839,#3840,#4442,.T.);
#3014=EDGE_CURVE('',#3841,#3840,#4443,.T.);
#3015=EDGE_CURVE('',#3842,#3841,#4444,.T.);
#3016=EDGE_CURVE('',#3842,#3839,#4445,.T.);
#3017=EDGE_CURVE('',#3840,#3843,#4446,.T.);
#3018=EDGE_CURVE('',#3844,#3843,#4447,.T.);
#3019=EDGE_CURVE('',#3841,#3844,#4448,.T.);
#3020=EDGE_CURVE('',#3845,#3843,#4449,.T.);
#3021=EDGE_CURVE('',#3846,#3845,#4450,.T.);
#3022=EDGE_CURVE('',#3846,#3844,#4451,.T.);
#3023=EDGE_CURVE('',#3847,#3848,#4452,.T.);
#3024=EDGE_CURVE('',#3849,#3848,#4453,.T.);
#3025=EDGE_CURVE('',#3850,#3849,#4454,.T.);
#3026=EDGE_CURVE('',#3850,#3847,#4455,.T.);
#3027=EDGE_CURVE('',#3848,#3851,#4456,.T.);
#3028=EDGE_CURVE('',#3852,#3851,#4457,.T.);
#3029=EDGE_CURVE('',#3849,#3852,#4458,.T.);
#3030=EDGE_CURVE('',#3853,#3851,#4459,.T.);
#3031=EDGE_CURVE('',#3854,#3853,#4460,.T.);
#3032=EDGE_CURVE('',#3854,#3852,#4461,.T.);
#3033=EDGE_CURVE('',#3855,#3856,#4462,.T.);
#3034=EDGE_CURVE('',#3857,#3856,#4463,.T.);
#3035=EDGE_CURVE('',#3858,#3857,#4464,.T.);
#3036=EDGE_CURVE('',#3858,#3855,#4465,.T.);
#3037=EDGE_CURVE('',#3856,#3859,#4466,.T.);
#3038=EDGE_CURVE('',#3860,#3859,#4467,.T.);
#3039=EDGE_CURVE('',#3857,#3860,#4468,.T.);
#3040=EDGE_CURVE('',#3861,#3859,#4469,.T.);
#3041=EDGE_CURVE('',#3862,#3861,#4470,.T.);
#3042=EDGE_CURVE('',#3862,#3860,#4471,.T.);
#3043=EDGE_CURVE('',#3863,#3864,#4472,.T.);
#3044=EDGE_CURVE('',#3865,#3864,#4473,.T.);
#3045=EDGE_CURVE('',#3866,#3865,#4474,.T.);
#3046=EDGE_CURVE('',#3866,#3863,#4475,.T.);
#3047=EDGE_CURVE('',#3864,#3867,#4476,.T.);
#3048=EDGE_CURVE('',#3868,#3867,#4477,.T.);
#3049=EDGE_CURVE('',#3865,#3868,#4478,.T.);
#3050=EDGE_CURVE('',#3869,#3867,#4479,.T.);
#3051=EDGE_CURVE('',#3870,#3869,#4480,.T.);
#3052=EDGE_CURVE('',#3870,#3868,#4481,.T.);
#3053=EDGE_CURVE('',#3871,#3347,#4482,.T.);
#3054=EDGE_CURVE('',#3871,#3872,#4483,.T.);
#3055=EDGE_CURVE('',#3872,#3349,#4484,.T.);
#3056=EDGE_CURVE('',#3873,#3348,#4485,.T.);
#3057=EDGE_CURVE('',#3871,#3873,#4486,.T.);
#3058=EDGE_CURVE('',#3874,#3350,#4487,.T.);
#3059=EDGE_CURVE('',#3873,#3874,#4488,.T.);
#3060=EDGE_CURVE('',#3679,#3685,#4489,.T.);
#3061=EDGE_CURVE('',#3682,#3686,#4490,.T.);
#3062=EDGE_CURVE('',#3687,#3693,#4491,.T.);
#3063=EDGE_CURVE('',#3690,#3694,#4492,.T.);
#3064=EDGE_CURVE('',#3695,#3701,#4493,.T.);
#3065=EDGE_CURVE('',#3698,#3702,#4494,.T.);
#3066=EDGE_CURVE('',#3703,#3709,#4495,.T.);
#3067=EDGE_CURVE('',#3706,#3710,#4496,.T.);
#3068=EDGE_CURVE('',#3711,#3717,#4497,.T.);
#3069=EDGE_CURVE('',#3714,#3718,#4498,.T.);
#3070=EDGE_CURVE('',#3719,#3725,#4499,.T.);
#3071=EDGE_CURVE('',#3722,#3726,#4500,.T.);
#3072=EDGE_CURVE('',#3727,#3733,#4501,.T.);
#3073=EDGE_CURVE('',#3730,#3734,#4502,.T.);
#3074=EDGE_CURVE('',#3735,#3741,#4503,.T.);
#3075=EDGE_CURVE('',#3738,#3742,#4504,.T.);
#3076=EDGE_CURVE('',#3743,#3749,#4505,.T.);
#3077=EDGE_CURVE('',#3746,#3750,#4506,.T.);
#3078=EDGE_CURVE('',#3751,#3757,#4507,.T.);
#3079=EDGE_CURVE('',#3754,#3758,#4508,.T.);
#3080=EDGE_CURVE('',#3759,#3765,#4509,.T.);
#3081=EDGE_CURVE('',#3762,#3766,#4510,.T.);
#3082=EDGE_CURVE('',#3767,#3773,#4511,.T.);
#3083=EDGE_CURVE('',#3770,#3774,#4512,.T.);
#3084=EDGE_CURVE('',#3775,#3781,#4513,.T.);
#3085=EDGE_CURVE('',#3778,#3782,#4514,.T.);
#3086=EDGE_CURVE('',#3783,#3789,#4515,.T.);
#3087=EDGE_CURVE('',#3786,#3790,#4516,.T.);
#3088=EDGE_CURVE('',#3791,#3797,#4517,.T.);
#3089=EDGE_CURVE('',#3794,#3798,#4518,.T.);
#3090=EDGE_CURVE('',#3799,#3805,#4519,.T.);
#3091=EDGE_CURVE('',#3802,#3806,#4520,.T.);
#3092=EDGE_CURVE('',#3807,#3813,#4521,.T.);
#3093=EDGE_CURVE('',#3810,#3814,#4522,.T.);
#3094=EDGE_CURVE('',#3815,#3821,#4523,.T.);
#3095=EDGE_CURVE('',#3818,#3822,#4524,.T.);
#3096=EDGE_CURVE('',#3823,#3829,#4525,.T.);
#3097=EDGE_CURVE('',#3826,#3830,#4526,.T.);
#3098=EDGE_CURVE('',#3831,#3837,#4527,.T.);
#3099=EDGE_CURVE('',#3834,#3838,#4528,.T.);
#3100=EDGE_CURVE('',#3839,#3845,#4529,.T.);
#3101=EDGE_CURVE('',#3842,#3846,#4530,.T.);
#3102=EDGE_CURVE('',#3847,#3853,#4531,.T.);
#3103=EDGE_CURVE('',#3850,#3854,#4532,.T.);
#3104=EDGE_CURVE('',#3855,#3861,#4533,.T.);
#3105=EDGE_CURVE('',#3858,#3862,#4534,.T.);
#3106=EDGE_CURVE('',#3863,#3869,#4535,.T.);
#3107=EDGE_CURVE('',#3866,#3870,#4536,.T.);
#3108=EDGE_CURVE('',#3872,#3874,#4537,.T.);
#3109=EDGE_CURVE('',#3671,#3677,#4538,.T.);
#3110=EDGE_CURVE('',#3674,#3678,#4539,.T.);
#3111=EDGE_CURVE('',#3313,#3307,#4540,.T.);
#3112=EDGE_CURVE('',#3308,#3314,#4541,.T.);
#3113=EDGE_CURVE('',#3875,#3876,#4542,.T.);
#3114=EDGE_CURVE('',#3876,#3877,#4543,.T.);
#3115=EDGE_CURVE('',#3877,#3878,#4544,.F.);
#3116=EDGE_CURVE('',#3878,#3875,#4545,.T.);
#3117=EDGE_CURVE('',#3879,#3880,#4546,.T.);
#3118=EDGE_CURVE('',#3880,#3881,#4547,.T.);
#3119=EDGE_CURVE('',#3881,#3882,#4548,.F.);
#3120=EDGE_CURVE('',#3882,#3879,#4549,.T.);
#3121=EDGE_CURVE('',#3883,#3884,#4550,.T.);
#3122=EDGE_CURVE('',#3884,#3885,#4551,.T.);
#3123=EDGE_CURVE('',#3885,#3886,#4552,.F.);
#3124=EDGE_CURVE('',#3886,#3883,#4553,.T.);
#3125=EDGE_CURVE('',#3887,#3888,#4554,.T.);
#3126=EDGE_CURVE('',#3888,#3306,#284,.T.);
#3127=EDGE_CURVE('',#3305,#3889,#285,.F.);
#3128=EDGE_CURVE('',#3890,#3889,#4555,.T.);
#3129=EDGE_CURVE('',#3890,#3891,#286,.T.);
#3130=EDGE_CURVE('',#3891,#3892,#4556,.T.);
#3131=EDGE_CURVE('',#3892,#3893,#4557,.T.);
#3132=EDGE_CURVE('',#3893,#3894,#4558,.T.);
#3133=EDGE_CURVE('',#3894,#3895,#287,.T.);
#3134=EDGE_CURVE('',#3895,#3896,#4559,.T.);
#3135=EDGE_CURVE('',#3896,#3300,#288,.F.);
#3136=EDGE_CURVE('',#3299,#3897,#289,.T.);
#3137=EDGE_CURVE('',#3897,#3898,#4560,.T.);
#3138=EDGE_CURVE('',#3898,#3899,#290,.T.);
#3139=EDGE_CURVE('',#3899,#3900,#4561,.T.);
#3140=EDGE_CURVE('',#3900,#3887,#291,.T.);
#3141=EDGE_CURVE('',#3492,#3901,#4562,.T.);
#3142=EDGE_CURVE('',#3901,#3896,#4563,.T.);
#3143=EDGE_CURVE('',#3895,#3493,#356,.T.);
#3144=EDGE_CURVE('',#3889,#3902,#4564,.F.);
#3145=EDGE_CURVE('',#3902,#3570,#4565,.T.);
#3146=EDGE_CURVE('',#3569,#3890,#357,.T.);
#3147=EDGE_CURVE('',#3372,#3652,#358,.T.);
#3148=EDGE_CURVE('',#3373,#3651,#292,.T.);
#3149=EDGE_CURVE('',#3374,#3650,#293,.T.);
#3150=EDGE_CURVE('',#3375,#3649,#294,.T.);
#3151=EDGE_CURVE('',#3376,#3648,#295,.T.);
#3152=EDGE_CURVE('',#3647,#3377,#359,.T.);
#3153=EDGE_CURVE('',#3509,#3670,#296,.T.);
#3154=EDGE_CURVE('',#3353,#3394,#297,.T.);
#3155=EDGE_CURVE('',#3385,#3459,#298,.T.);
#3156=EDGE_CURVE('',#3545,#3517,#299,.T.);
#3157=EDGE_CURVE('',#3304,#3902,#300,.T.);
#3158=EDGE_CURVE('',#3518,#3528,#301,.T.);
#3159=EDGE_CURVE('',#3901,#3301,#302,.T.);
#3160=EDGE_CURVE('',#3533,#3536,#303,.T.);
#3161=EDGE_CURVE('',#3537,#3544,#304,.T.);
#3162=EDGE_CURVE('',#3525,#3508,#305,.T.);
#3163=EDGE_CURVE('',#3885,#3880,#306,.T.);
#3164=EDGE_CURVE('',#3879,#3886,#307,.F.);
#3165=EDGE_CURVE('',#3877,#3296,#308,.T.);
#3166=EDGE_CURVE('',#3295,#3878,#309,.F.);
#3167=EDGE_CURVE('',#3486,#3312,#310,.F.);
#3168=EDGE_CURVE('',#3311,#3487,#311,.T.);
#3169=EDGE_CURVE('',#3514,#3566,#312,.T.);
#3170=EDGE_CURVE('',#3309,#3568,#313,.F.);
#3171=EDGE_CURVE('',#3567,#3310,#314,.T.);
#3172=EDGE_CURVE('',#3297,#3884,#315,.T.);
#3173=EDGE_CURVE('',#3883,#3298,#316,.F.);
#3174=EDGE_CURVE('',#3488,#3521,#317,.T.);
#3175=EDGE_CURVE('',#3522,#3445,#318,.T.);
#3176=EDGE_CURVE('',#3462,#3466,#319,.T.);
#3177=EDGE_CURVE('',#3465,#3463,#320,.T.);
#3178=EDGE_CURVE('',#3881,#3876,#321,.T.);
#3179=EDGE_CURVE('',#3875,#3882,#322,.F.);
#3180=EDGE_CURVE('',#3515,#3513,#323,.T.);
#3181=EDGE_CURVE('',#3512,#3516,#324,.T.);
#3182=EDGE_CURVE('',#3467,#3356,#325,.T.);
#3183=EDGE_CURVE('',#3321,#3880,#4566,.T.);
#3184=EDGE_CURVE('',#3881,#3320,#4567,.T.);
#3185=EDGE_CURVE('',#3876,#3319,#4568,.T.);
#3186=EDGE_CURVE('',#3322,#3885,#4569,.T.);
#3187=EDGE_CURVE('',#3877,#3318,#4570,.T.);
#3188=EDGE_CURVE('',#3315,#3884,#4571,.T.);
#3189=EDGE_CURVE('',#3296,#3317,#4572,.T.);
#3190=EDGE_CURVE('',#3316,#3297,#4573,.T.);
#3191=EDGE_CURVE('',#3897,#3883,#4574,.T.);
#3192=EDGE_CURVE('',#3898,#3886,#4575,.T.);
#3193=EDGE_CURVE('',#3899,#3879,#4576,.T.);
#3194=EDGE_CURVE('',#3900,#3882,#4577,.T.);
#3195=EDGE_CURVE('',#3887,#3875,#4578,.T.);
#3196=EDGE_CURVE('',#3888,#3878,#4579,.T.);
#3197=EDGE_CURVE('',#3415,#3647,#360,.T.);
#3198=EDGE_CURVE('',#3416,#3395,#4580,.F.);
#3199=EDGE_CURVE('',#3417,#3394,#4581,.T.);
#3200=EDGE_CURVE('',#3418,#3353,#4582,.T.);
#3201=EDGE_CURVE('',#3419,#3352,#4583,.T.);
#3202=EDGE_CURVE('',#3420,#3670,#4584,.T.);
#3203=EDGE_CURVE('',#3421,#3509,#4585,.T.);
#3204=EDGE_CURVE('',#3422,#3508,#4586,.T.);
#3205=EDGE_CURVE('',#3423,#3525,#4587,.T.);
#3206=EDGE_CURVE('',#3424,#3524,#4588,.F.);
#3207=EDGE_CURVE('',#3425,#3544,#4589,.T.);
#3208=EDGE_CURVE('',#3426,#3537,#4590,.T.);
#3209=EDGE_CURVE('',#3427,#3536,#4591,.T.);
#3210=EDGE_CURVE('',#3428,#3533,#4592,.T.);
#3211=EDGE_CURVE('',#3429,#3529,#4593,.F.);
#3212=EDGE_CURVE('',#3430,#3528,#4594,.T.);
#3213=EDGE_CURVE('',#3431,#3518,#4595,.T.);
#3214=EDGE_CURVE('',#3432,#3517,#4596,.T.);
#3215=EDGE_CURVE('',#3433,#3545,#4597,.T.);
#3216=EDGE_CURVE('',#3434,#3460,#4598,.T.);
#3217=EDGE_CURVE('',#3435,#3459,#4599,.T.);
#3218=EDGE_CURVE('',#3436,#3385,#4600,.T.);
#3219=EDGE_CURVE('',#3407,#3383,#4601,.F.);
#3220=EDGE_CURVE('',#3408,#3652,#361,.F.);
#3221=EDGE_CURVE('',#3891,#3309,#4602,.T.);
#3222=EDGE_CURVE('',#3892,#3307,#4603,.T.);
#3223=EDGE_CURVE('',#3893,#3313,#4604,.F.);
#3224=EDGE_CURVE('',#3894,#3312,#4605,.T.);
#3225=EDGE_CURVE('',#3335,#3467,#4606,.T.);
#3226=EDGE_CURVE('',#3356,#3334,#4607,.T.);
#3227=EDGE_CURVE('',#3357,#3333,#4608,.F.);
#3228=EDGE_CURVE('',#3336,#3466,#4609,.T.);
#3229=EDGE_CURVE('',#3515,#3332,#4610,.T.);
#3230=EDGE_CURVE('',#3337,#3462,#4611,.T.);
#3231=EDGE_CURVE('',#3513,#3331,#4612,.T.);
#3232=EDGE_CURVE('',#3338,#3446,#4613,.F.);
#3233=EDGE_CURVE('',#3514,#3330,#4614,.T.);
#3234=EDGE_CURVE('',#3339,#3445,#4615,.T.);
#3235=EDGE_CURVE('',#3566,#3329,#4616,.T.);
#3236=EDGE_CURVE('',#3340,#3522,#4617,.T.);
#3237=EDGE_CURVE('',#3567,#3328,#4618,.T.);
#3238=EDGE_CURVE('',#3341,#3521,#4619,.T.);
#3239=EDGE_CURVE('',#3310,#3327,#4620,.T.);
#3240=EDGE_CURVE('',#3342,#3488,#4621,.T.);
#3241=EDGE_CURVE('',#3308,#3326,#4622,.T.);
#3242=EDGE_CURVE('',#3323,#3487,#4623,.T.);
#3243=EDGE_CURVE('',#3314,#3325,#4624,.F.);
#3244=EDGE_CURVE('',#3324,#3311,#4625,.T.);
#3245=EDGE_CURVE('',#3666,#3358,#4626,.F.);
#3246=EDGE_CURVE('',#3667,#3516,#4627,.T.);
#3247=EDGE_CURVE('',#3447,#3642,#4628,.T.);
#3248=EDGE_CURVE('',#3465,#3632,#4629,.T.);
#3249=EDGE_CURVE('',#3626,#3570,#4630,.F.);
#3250=EDGE_CURVE('',#3624,#3902,#4631,.T.);
#3251=EDGE_CURVE('',#3625,#3304,#4632,.T.);
#3252=EDGE_CURVE('',#3619,#3301,#4633,.T.);
#3253=EDGE_CURVE('',#3617,#3901,#4634,.T.);
#3254=EDGE_CURVE('',#3618,#3492,#4635,.T.);
#3255=EDGE_CURVE('',#3558,#3369,#362,.T.);
#3256=EDGE_CURVE('',#3601,#3557,#363,.T.);
#3257=EDGE_CURVE('',#3599,#3556,#364,.F.);
#3258=EDGE_CURVE('',#3559,#3368,#365,.F.);
#3259=EDGE_CURVE('',#3597,#3555,#366,.T.);
#3260=EDGE_CURVE('',#3552,#3602,#367,.T.);
#3261=EDGE_CURVE('',#3598,#3554,#368,.F.);
#3262=EDGE_CURVE('',#3553,#3600,#369,.F.);
#3263=EDGE_CURVE('',#3903,#3904,#4636,.T.);
#3264=EDGE_CURVE('',#3904,#3905,#326,.T.);
#3265=EDGE_CURVE('',#3906,#3905,#4637,.T.);
#3266=EDGE_CURVE('',#3903,#3906,#327,.T.);
#3267=EDGE_CURVE('',#3905,#3907,#4638,.T.);
#3268=EDGE_CURVE('',#3908,#3907,#4639,.T.);
#3269=EDGE_CURVE('',#3908,#3906,#4640,.T.);
#3270=EDGE_CURVE('',#3907,#3909,#328,.T.);
#3271=EDGE_CURVE('',#3910,#3909,#4641,.T.);
#3272=EDGE_CURVE('',#3908,#3910,#329,.T.);
#3273=EDGE_CURVE('',#3909,#3904,#4642,.T.);
#3274=EDGE_CURVE('',#3910,#3903,#4643,.T.);
#3275=EDGE_CURVE('',#3911,#3912,#4644,.T.);
#3276=EDGE_CURVE('',#3912,#3913,#330,.T.);
#3277=EDGE_CURVE('',#3914,#3913,#4645,.T.);
#3278=EDGE_CURVE('',#3911,#3914,#331,.T.);
#3279=EDGE_CURVE('',#3913,#3915,#4646,.T.);
#3280=EDGE_CURVE('',#3916,#3915,#4647,.T.);
#3281=EDGE_CURVE('',#3916,#3914,#4648,.T.);
#3282=EDGE_CURVE('',#3915,#3917,#332,.T.);
#3283=EDGE_CURVE('',#3918,#3917,#4649,.T.);
#3284=EDGE_CURVE('',#3916,#3918,#333,.T.);
#3285=EDGE_CURVE('',#3917,#3912,#4650,.T.);
#3286=EDGE_CURVE('',#3918,#3911,#4651,.T.);
#3287=EDGE_CURVE('',#3399,#3907,#4652,.T.);
#3288=EDGE_CURVE('',#3909,#3402,#4653,.T.);
#3289=EDGE_CURVE('',#3904,#3401,#4654,.T.);
#3290=EDGE_CURVE('',#3400,#3905,#4655,.T.);
#3291=EDGE_CURVE('',#3403,#3915,#4656,.T.);
#3292=EDGE_CURVE('',#3917,#3406,#4657,.T.);
#3293=EDGE_CURVE('',#3912,#3405,#4658,.T.);
#3294=EDGE_CURVE('',#3404,#3913,#4659,.T.);
#3295=VERTEX_POINT('',#9599);
#3296=VERTEX_POINT('',#9600);
#3297=VERTEX_POINT('',#9602);
#3298=VERTEX_POINT('',#9604);
#3299=VERTEX_POINT('',#9609);
#3300=VERTEX_POINT('',#9611);
#3301=VERTEX_POINT('',#9613);
#3302=VERTEX_POINT('',#9615);
#3303=VERTEX_POINT('',#9617);
#3304=VERTEX_POINT('',#9619);
#3305=VERTEX_POINT('',#9621);
#3306=VERTEX_POINT('',#9623);
#3307=VERTEX_POINT('',#9630);
#3308=VERTEX_POINT('',#9631);
#3309=VERTEX_POINT('',#9633);
#3310=VERTEX_POINT('',#9635);
#3311=VERTEX_POINT('',#9639);
#3312=VERTEX_POINT('',#9640);
#3313=VERTEX_POINT('',#9642);
#3314=VERTEX_POINT('',#9644);
#3315=VERTEX_POINT('',#9648);
#3316=VERTEX_POINT('',#9649);
#3317=VERTEX_POINT('',#9651);
#3318=VERTEX_POINT('',#9653);
#3319=VERTEX_POINT('',#9655);
#3320=VERTEX_POINT('',#9657);
#3321=VERTEX_POINT('',#9659);
#3322=VERTEX_POINT('',#9661);
#3323=VERTEX_POINT('',#9664);
#3324=VERTEX_POINT('',#9665);
#3325=VERTEX_POINT('',#9667);
#3326=VERTEX_POINT('',#9669);
#3327=VERTEX_POINT('',#9671);
#3328=VERTEX_POINT('',#9673);
#3329=VERTEX_POINT('',#9675);
#3330=VERTEX_POINT('',#9677);
#3331=VERTEX_POINT('',#9679);
#3332=VERTEX_POINT('',#9681);
#3333=VERTEX_POINT('',#9683);
#3334=VERTEX_POINT('',#9685);
#3335=VERTEX_POINT('',#9687);
#3336=VERTEX_POINT('',#9689);
#3337=VERTEX_POINT('',#9691);
#3338=VERTEX_POINT('',#9693);
#3339=VERTEX_POINT('',#9695);
#3340=VERTEX_POINT('',#9697);
#3341=VERTEX_POINT('',#9699);
#3342=VERTEX_POINT('',#9701);
#3343=VERTEX_POINT('',#9704);
#3344=VERTEX_POINT('',#9705);
#3345=VERTEX_POINT('',#9707);
#3346=VERTEX_POINT('',#9709);
#3347=VERTEX_POINT('',#9712);
#3348=VERTEX_POINT('',#9713);
#3349=VERTEX_POINT('',#9715);
#3350=VERTEX_POINT('',#9717);
#3351=VERTEX_POINT('',#9721);
#3352=VERTEX_POINT('',#9722);
#3353=VERTEX_POINT('',#9724);
#3354=VERTEX_POINT('',#9726);
#3355=VERTEX_POINT('',#9728);
#3356=VERTEX_POINT('',#9730);
#3357=VERTEX_POINT('',#9732);
#3358=VERTEX_POINT('',#9734);
#3359=VERTEX_POINT('',#9738);
#3360=VERTEX_POINT('',#9739);
#3361=VERTEX_POINT('',#9741);
#3362=VERTEX_POINT('',#9743);
#3363=VERTEX_POINT('',#9746);
#3364=VERTEX_POINT('',#9747);
#3365=VERTEX_POINT('',#9749);
#3366=VERTEX_POINT('',#9751);
#3367=VERTEX_POINT('',#9755);
#3368=VERTEX_POINT('',#9756);
#3369=VERTEX_POINT('',#9758);
#3370=VERTEX_POINT('',#9760);
#3371=VERTEX_POINT('',#9762);
#3372=VERTEX_POINT('',#9767);
#3373=VERTEX_POINT('',#9769);
#3374=VERTEX_POINT('',#9771);
#3375=VERTEX_POINT('',#9773);
#3376=VERTEX_POINT('',#9775);
#3377=VERTEX_POINT('',#9777);
#3378=VERTEX_POINT('',#9782);
#3379=VERTEX_POINT('',#9785);
#3380=VERTEX_POINT('',#9786);
#3381=VERTEX_POINT('',#9788);
#3382=VERTEX_POINT('',#9790);
#3383=VERTEX_POINT('',#9794);
#3384=VERTEX_POINT('',#9795);
#3385=VERTEX_POINT('',#9797);
#3386=VERTEX_POINT('',#9799);
#3387=VERTEX_POINT('',#9801);
#3388=VERTEX_POINT('',#9803);
#3389=VERTEX_POINT('',#9805);
#3390=VERTEX_POINT('',#9807);
#3391=VERTEX_POINT('',#9809);
#3392=VERTEX_POINT('',#9811);
#3393=VERTEX_POINT('',#9813);
#3394=VERTEX_POINT('',#9815);
#3395=VERTEX_POINT('',#9817);
#3396=VERTEX_POINT('',#9819);
#3397=VERTEX_POINT('',#9821);
#3398=VERTEX_POINT('',#9823);
#3399=VERTEX_POINT('',#9827);
#3400=VERTEX_POINT('',#9828);
#3401=VERTEX_POINT('',#9830);
#3402=VERTEX_POINT('',#9832);
#3403=VERTEX_POINT('',#9835);
#3404=VERTEX_POINT('',#9836);
#3405=VERTEX_POINT('',#9838);
#3406=VERTEX_POINT('',#9840);
#3407=VERTEX_POINT('',#9843);
#3408=VERTEX_POINT('',#9844);
#3409=VERTEX_POINT('',#9854);
#3410=VERTEX_POINT('',#9856);
#3411=VERTEX_POINT('',#9862);
#3412=VERTEX_POINT('',#9864);
#3413=VERTEX_POINT('',#9870);
#3414=VERTEX_POINT('',#9872);
#3415=VERTEX_POINT('',#9882);
#3416=VERTEX_POINT('',#9884);
#3417=VERTEX_POINT('',#9886);
#3418=VERTEX_POINT('',#9888);
#3419=VERTEX_POINT('',#9890);
#3420=VERTEX_POINT('',#9892);
#3421=VERTEX_POINT('',#9894);
#3422=VERTEX_POINT('',#9896);
#3423=VERTEX_POINT('',#9898);
#3424=VERTEX_POINT('',#9900);
#3425=VERTEX_POINT('',#9902);
#3426=VERTEX_POINT('',#9904);
#3427=VERTEX_POINT('',#9906);
#3428=VERTEX_POINT('',#9908);
#3429=VERTEX_POINT('',#9910);
#3430=VERTEX_POINT('',#9912);
#3431=VERTEX_POINT('',#9914);
#3432=VERTEX_POINT('',#9916);
#3433=VERTEX_POINT('',#9918);
#3434=VERTEX_POINT('',#9920);
#3435=VERTEX_POINT('',#9922);
#3436=VERTEX_POINT('',#9924);
#3437=VERTEX_POINT('',#9927);
#3438=VERTEX_POINT('',#9929);
#3439=VERTEX_POINT('',#9931);
#3440=VERTEX_POINT('',#9933);
#3441=VERTEX_POINT('',#9935);
#3442=VERTEX_POINT('',#9937);
#3443=VERTEX_POINT('',#9939);
#3444=VERTEX_POINT('',#9942);
#3445=VERTEX_POINT('',#9943);
#3446=VERTEX_POINT('',#9945);
#3447=VERTEX_POINT('',#9947);
#3448=VERTEX_POINT('',#9949);
#3449=VERTEX_POINT('',#9951);
#3450=VERTEX_POINT('',#9953);
#3451=VERTEX_POINT('',#9957);
#3452=VERTEX_POINT('',#9959);
#3453=VERTEX_POINT('',#9960);
#3454=VERTEX_POINT('',#9962);
#3455=VERTEX_POINT('',#9964);
#3456=VERTEX_POINT('',#9967);
#3457=VERTEX_POINT('',#9969);
#3458=VERTEX_POINT('',#9973);
#3459=VERTEX_POINT('',#9974);
#3460=VERTEX_POINT('',#9976);
#3461=VERTEX_POINT('',#9978);
#3462=VERTEX_POINT('',#9981);
#3463=VERTEX_POINT('',#9983);
#3464=VERTEX_POINT('',#9988);
#3465=VERTEX_POINT('',#9992);
#3466=VERTEX_POINT('',#9993);
#3467=VERTEX_POINT('',#9995);
#3468=VERTEX_POINT('',#9997);
#3469=VERTEX_POINT('',#9999);
#3470=VERTEX_POINT('',#10001);
#3471=VERTEX_POINT('',#10003);
#3472=VERTEX_POINT('',#10007);
#3473=VERTEX_POINT('',#10009);
#3474=VERTEX_POINT('',#10010);
#3475=VERTEX_POINT('',#10013);
#3476=VERTEX_POINT('',#10015);
#3477=VERTEX_POINT('',#10019);
#3478=VERTEX_POINT('',#10021);
#3479=VERTEX_POINT('',#10022);
#3480=VERTEX_POINT('',#10024);
#3481=VERTEX_POINT('',#10026);
#3482=VERTEX_POINT('',#10028);
#3483=VERTEX_POINT('',#10030);
#3484=VERTEX_POINT('',#10032);
#3485=VERTEX_POINT('',#10034);
#3486=VERTEX_POINT('',#10038);
#3487=VERTEX_POINT('',#10039);
#3488=VERTEX_POINT('',#10041);
#3489=VERTEX_POINT('',#10043);
#3490=VERTEX_POINT('',#10045);
#3491=VERTEX_POINT('',#10047);
#3492=VERTEX_POINT('',#10049);
#3493=VERTEX_POINT('',#10051);
#3494=VERTEX_POINT('',#10058);
#3495=VERTEX_POINT('',#10060);
#3496=VERTEX_POINT('',#10061);
#3497=VERTEX_POINT('',#10063);
#3498=VERTEX_POINT('',#10065);
#3499=VERTEX_POINT('',#10067);
#3500=VERTEX_POINT('',#10069);
#3501=VERTEX_POINT('',#10073);
#3502=VERTEX_POINT('',#10074);
#3503=VERTEX_POINT('',#10076);
#3504=VERTEX_POINT('',#10078);
#3505=VERTEX_POINT('',#10080);
#3506=VERTEX_POINT('',#10082);
#3507=VERTEX_POINT('',#10085);
#3508=VERTEX_POINT('',#10088);
#3509=VERTEX_POINT('',#10090);
#3510=VERTEX_POINT('',#10092);
#3511=VERTEX_POINT('',#10094);
#3512=VERTEX_POINT('',#10099);
#3513=VERTEX_POINT('',#10101);
#3514=VERTEX_POINT('',#10103);
#3515=VERTEX_POINT('',#10107);
#3516=VERTEX_POINT('',#10109);
#3517=VERTEX_POINT('',#10113);
#3518=VERTEX_POINT('',#10115);
#3519=VERTEX_POINT('',#10117);
#3520=VERTEX_POINT('',#10119);
#3521=VERTEX_POINT('',#10121);
#3522=VERTEX_POINT('',#10123);
#3523=VERTEX_POINT('',#10127);
#3524=VERTEX_POINT('',#10128);
#3525=VERTEX_POINT('',#10130);
#3526=VERTEX_POINT('',#10133);
#3527=VERTEX_POINT('',#10137);
#3528=VERTEX_POINT('',#10138);
#3529=VERTEX_POINT('',#10140);
#3530=VERTEX_POINT('',#10142);
#3531=VERTEX_POINT('',#10144);
#3532=VERTEX_POINT('',#10146);
#3533=VERTEX_POINT('',#10150);
#3534=VERTEX_POINT('',#10152);
#3535=VERTEX_POINT('',#10156);
#3536=VERTEX_POINT('',#10157);
#3537=VERTEX_POINT('',#10159);
#3538=VERTEX_POINT('',#10161);
#3539=VERTEX_POINT('',#10163);
#3540=VERTEX_POINT('',#10166);
#3541=VERTEX_POINT('',#10168);
#3542=VERTEX_POINT('',#10171);
#3543=VERTEX_POINT('',#10175);
#3544=VERTEX_POINT('',#10176);
#3545=VERTEX_POINT('',#10181);
#3546=VERTEX_POINT('',#10184);
#3547=VERTEX_POINT('',#10186);
#3548=VERTEX_POINT('',#10188);
#3549=VERTEX_POINT('',#10190);
#3550=VERTEX_POINT('',#10192);
#3551=VERTEX_POINT('',#10194);
#3552=VERTEX_POINT('',#10198);
#3553=VERTEX_POINT('',#10199);
#3554=VERTEX_POINT('',#10205);
#3555=VERTEX_POINT('',#10207);
#3556=VERTEX_POINT('',#10213);
#3557=VERTEX_POINT('',#10215);
#3558=VERTEX_POINT('',#10221);
#3559=VERTEX_POINT('',#10223);
#3560=VERTEX_POINT('',#10230);
#3561=VERTEX_POINT('',#10231);
#3562=VERTEX_POINT('',#10234);
#3563=VERTEX_POINT('',#10236);
#3564=VERTEX_POINT('',#10238);
#3565=VERTEX_POINT('',#10240);
#3566=VERTEX_POINT('',#10244);
#3567=VERTEX_POINT('',#10246);
#3568=VERTEX_POINT('',#10248);
#3569=VERTEX_POINT('',#10253);
#3570=VERTEX_POINT('',#10255);
#3571=VERTEX_POINT('',#10257);
#3572=VERTEX_POINT('',#10261);
#3573=VERTEX_POINT('',#10263);
#3574=VERTEX_POINT('',#10267);
#3575=VERTEX_POINT('',#10269);
#3576=VERTEX_POINT('',#10273);
#3577=VERTEX_POINT('',#10275);
#3578=VERTEX_POINT('',#10280);
#3579=VERTEX_POINT('',#10282);
#3580=VERTEX_POINT('',#10286);
#3581=VERTEX_POINT('',#10290);
#3582=VERTEX_POINT('',#10292);
#3583=VERTEX_POINT('',#10296);
#3584=VERTEX_POINT('',#10299);
#3585=VERTEX_POINT('',#10301);
#3586=VERTEX_POINT('',#10303);
#3587=VERTEX_POINT('',#10305);
#3588=VERTEX_POINT('',#10308);
#3589=VERTEX_POINT('',#10335);
#3590=VERTEX_POINT('',#10339);
#3591=VERTEX_POINT('',#10343);
#3592=VERTEX_POINT('',#10347);
#3593=VERTEX_POINT('',#10351);
#3594=VERTEX_POINT('',#10355);
#3595=VERTEX_POINT('',#10359);
#3596=VERTEX_POINT('',#10363);
#3597=VERTEX_POINT('',#10367);
#3598=VERTEX_POINT('',#10369);
#3599=VERTEX_POINT('',#10382);
#3600=VERTEX_POINT('',#10403);
#3601=VERTEX_POINT('',#10407);
#3602=VERTEX_POINT('',#10435);
#3603=VERTEX_POINT('',#10445);
#3604=VERTEX_POINT('',#10447);
#3605=VERTEX_POINT('',#10450);
#3606=VERTEX_POINT('',#10452);
#3607=VERTEX_POINT('',#10456);
#3608=VERTEX_POINT('',#10460);
#3609=VERTEX_POINT('',#10461);
#3610=VERTEX_POINT('',#10466);
#3611=VERTEX_POINT('',#10468);
#3612=VERTEX_POINT('',#10471);
#3613=VERTEX_POINT('',#10479);
#3614=VERTEX_POINT('',#10481);
#3615=VERTEX_POINT('',#10485);
#3616=VERTEX_POINT('',#10489);
#3617=VERTEX_POINT('',#10493);
#3618=VERTEX_POINT('',#10494);
#3619=VERTEX_POINT('',#10500);
#3620=VERTEX_POINT('',#10504);
#3621=VERTEX_POINT('',#10508);
#3622=VERTEX_POINT('',#10509);
#3623=VERTEX_POINT('',#10514);
#3624=VERTEX_POINT('',#10518);
#3625=VERTEX_POINT('',#10519);
#3626=VERTEX_POINT('',#10525);
#3627=VERTEX_POINT('',#10529);
#3628=VERTEX_POINT('',#10531);
#3629=VERTEX_POINT('',#10534);
#3630=VERTEX_POINT('',#10536);
#3631=VERTEX_POINT('',#10540);
#3632=VERTEX_POINT('',#10544);
#3633=VERTEX_POINT('',#10550);
#3634=VERTEX_POINT('',#10552);
#3635=VERTEX_POINT('',#10556);
#3636=VERTEX_POINT('',#10560);
#3637=VERTEX_POINT('',#10568);
#3638=VERTEX_POINT('',#10569);
#3639=VERTEX_POINT('',#10574);
#3640=VERTEX_POINT('',#10576);
#3641=VERTEX_POINT('',#10579);
#3642=VERTEX_POINT('',#10583);
#3643=VERTEX_POINT('',#10588);
#3644=VERTEX_POINT('',#10592);
#3645=VERTEX_POINT('',#10593);
#3646=VERTEX_POINT('',#10598);
#3647=VERTEX_POINT('',#10606);
#3648=VERTEX_POINT('',#10608);
#3649=VERTEX_POINT('',#10612);
#3650=VERTEX_POINT('',#10616);
#3651=VERTEX_POINT('',#10620);
#3652=VERTEX_POINT('',#10624);
#3653=VERTEX_POINT('',#10628);
#3654=VERTEX_POINT('',#10629);
#3655=VERTEX_POINT('',#10634);
#3656=VERTEX_POINT('',#10638);
#3657=VERTEX_POINT('',#10644);
#3658=VERTEX_POINT('',#10648);
#3659=VERTEX_POINT('',#10655);
#3660=VERTEX_POINT('',#10659);
#3661=VERTEX_POINT('',#10663);
#3662=VERTEX_POINT('',#10667);
#3663=VERTEX_POINT('',#10671);
#3664=VERTEX_POINT('',#10675);
#3665=VERTEX_POINT('',#10679);
#3666=VERTEX_POINT('',#10683);
#3667=VERTEX_POINT('',#10684);
#3668=VERTEX_POINT('',#10687);
#3669=VERTEX_POINT('',#10689);
#3670=VERTEX_POINT('',#10693);
#3671=VERTEX_POINT('',#10698);
#3672=VERTEX_POINT('',#10699);
#3673=VERTEX_POINT('',#10701);
#3674=VERTEX_POINT('',#10703);
#3675=VERTEX_POINT('',#10707);
#3676=VERTEX_POINT('',#10709);
#3677=VERTEX_POINT('',#10713);
#3678=VERTEX_POINT('',#10715);
#3679=VERTEX_POINT('',#10719);
#3680=VERTEX_POINT('',#10720);
#3681=VERTEX_POINT('',#10722);
#3682=VERTEX_POINT('',#10724);
#3683=VERTEX_POINT('',#10728);
#3684=VERTEX_POINT('',#10730);
#3685=VERTEX_POINT('',#10734);
#3686=VERTEX_POINT('',#10736);
#3687=VERTEX_POINT('',#10740);
#3688=VERTEX_POINT('',#10741);
#3689=VERTEX_POINT('',#10743);
#3690=VERTEX_POINT('',#10745);
#3691=VERTEX_POINT('',#10749);
#3692=VERTEX_POINT('',#10751);
#3693=VERTEX_POINT('',#10755);
#3694=VERTEX_POINT('',#10757);
#3695=VERTEX_POINT('',#10761);
#3696=VERTEX_POINT('',#10762);
#3697=VERTEX_POINT('',#10764);
#3698=VERTEX_POINT('',#10766);
#3699=VERTEX_POINT('',#10770);
#3700=VERTEX_POINT('',#10772);
#3701=VERTEX_POINT('',#10776);
#3702=VERTEX_POINT('',#10778);
#3703=VERTEX_POINT('',#10782);
#3704=VERTEX_POINT('',#10783);
#3705=VERTEX_POINT('',#10785);
#3706=VERTEX_POINT('',#10787);
#3707=VERTEX_POINT('',#10791);
#3708=VERTEX_POINT('',#10793);
#3709=VERTEX_POINT('',#10797);
#3710=VERTEX_POINT('',#10799);
#3711=VERTEX_POINT('',#10803);
#3712=VERTEX_POINT('',#10804);
#3713=VERTEX_POINT('',#10806);
#3714=VERTEX_POINT('',#10808);
#3715=VERTEX_POINT('',#10812);
#3716=VERTEX_POINT('',#10814);
#3717=VERTEX_POINT('',#10818);
#3718=VERTEX_POINT('',#10820);
#3719=VERTEX_POINT('',#10824);
#3720=VERTEX_POINT('',#10825);
#3721=VERTEX_POINT('',#10827);
#3722=VERTEX_POINT('',#10829);
#3723=VERTEX_POINT('',#10833);
#3724=VERTEX_POINT('',#10835);
#3725=VERTEX_POINT('',#10839);
#3726=VERTEX_POINT('',#10841);
#3727=VERTEX_POINT('',#10845);
#3728=VERTEX_POINT('',#10846);
#3729=VERTEX_POINT('',#10848);
#3730=VERTEX_POINT('',#10850);
#3731=VERTEX_POINT('',#10854);
#3732=VERTEX_POINT('',#10856);
#3733=VERTEX_POINT('',#10860);
#3734=VERTEX_POINT('',#10862);
#3735=VERTEX_POINT('',#10866);
#3736=VERTEX_POINT('',#10867);
#3737=VERTEX_POINT('',#10869);
#3738=VERTEX_POINT('',#10871);
#3739=VERTEX_POINT('',#10875);
#3740=VERTEX_POINT('',#10877);
#3741=VERTEX_POINT('',#10881);
#3742=VERTEX_POINT('',#10883);
#3743=VERTEX_POINT('',#10887);
#3744=VERTEX_POINT('',#10888);
#3745=VERTEX_POINT('',#10890);
#3746=VERTEX_POINT('',#10892);
#3747=VERTEX_POINT('',#10896);
#3748=VERTEX_POINT('',#10898);
#3749=VERTEX_POINT('',#10902);
#3750=VERTEX_POINT('',#10904);
#3751=VERTEX_POINT('',#10908);
#3752=VERTEX_POINT('',#10909);
#3753=VERTEX_POINT('',#10911);
#3754=VERTEX_POINT('',#10913);
#3755=VERTEX_POINT('',#10917);
#3756=VERTEX_POINT('',#10919);
#3757=VERTEX_POINT('',#10923);
#3758=VERTEX_POINT('',#10925);
#3759=VERTEX_POINT('',#10929);
#3760=VERTEX_POINT('',#10930);
#3761=VERTEX_POINT('',#10932);
#3762=VERTEX_POINT('',#10934);
#3763=VERTEX_POINT('',#10938);
#3764=VERTEX_POINT('',#10940);
#3765=VERTEX_POINT('',#10944);
#3766=VERTEX_POINT('',#10946);
#3767=VERTEX_POINT('',#10950);
#3768=VERTEX_POINT('',#10951);
#3769=VERTEX_POINT('',#10953);
#3770=VERTEX_POINT('',#10955);
#3771=VERTEX_POINT('',#10959);
#3772=VERTEX_POINT('',#10961);
#3773=VERTEX_POINT('',#10965);
#3774=VERTEX_POINT('',#10967);
#3775=VERTEX_POINT('',#10971);
#3776=VERTEX_POINT('',#10972);
#3777=VERTEX_POINT('',#10974);
#3778=VERTEX_POINT('',#10976);
#3779=VERTEX_POINT('',#10980);
#3780=VERTEX_POINT('',#10982);
#3781=VERTEX_POINT('',#10986);
#3782=VERTEX_POINT('',#10988);
#3783=VERTEX_POINT('',#10992);
#3784=VERTEX_POINT('',#10993);
#3785=VERTEX_POINT('',#10995);
#3786=VERTEX_POINT('',#10997);
#3787=VERTEX_POINT('',#11001);
#3788=VERTEX_POINT('',#11003);
#3789=VERTEX_POINT('',#11007);
#3790=VERTEX_POINT('',#11009);
#3791=VERTEX_POINT('',#11013);
#3792=VERTEX_POINT('',#11014);
#3793=VERTEX_POINT('',#11016);
#3794=VERTEX_POINT('',#11018);
#3795=VERTEX_POINT('',#11022);
#3796=VERTEX_POINT('',#11024);
#3797=VERTEX_POINT('',#11028);
#3798=VERTEX_POINT('',#11030);
#3799=VERTEX_POINT('',#11034);
#3800=VERTEX_POINT('',#11035);
#3801=VERTEX_POINT('',#11037);
#3802=VERTEX_POINT('',#11039);
#3803=VERTEX_POINT('',#11043);
#3804=VERTEX_POINT('',#11045);
#3805=VERTEX_POINT('',#11049);
#3806=VERTEX_POINT('',#11051);
#3807=VERTEX_POINT('',#11055);
#3808=VERTEX_POINT('',#11056);
#3809=VERTEX_POINT('',#11058);
#3810=VERTEX_POINT('',#11060);
#3811=VERTEX_POINT('',#11064);
#3812=VERTEX_POINT('',#11066);
#3813=VERTEX_POINT('',#11070);
#3814=VERTEX_POINT('',#11072);
#3815=VERTEX_POINT('',#11076);
#3816=VERTEX_POINT('',#11077);
#3817=VERTEX_POINT('',#11079);
#3818=VERTEX_POINT('',#11081);
#3819=VERTEX_POINT('',#11085);
#3820=VERTEX_POINT('',#11087);
#3821=VERTEX_POINT('',#11091);
#3822=VERTEX_POINT('',#11093);
#3823=VERTEX_POINT('',#11097);
#3824=VERTEX_POINT('',#11098);
#3825=VERTEX_POINT('',#11100);
#3826=VERTEX_POINT('',#11102);
#3827=VERTEX_POINT('',#11106);
#3828=VERTEX_POINT('',#11108);
#3829=VERTEX_POINT('',#11112);
#3830=VERTEX_POINT('',#11114);
#3831=VERTEX_POINT('',#11118);
#3832=VERTEX_POINT('',#11119);
#3833=VERTEX_POINT('',#11121);
#3834=VERTEX_POINT('',#11123);
#3835=VERTEX_POINT('',#11127);
#3836=VERTEX_POINT('',#11129);
#3837=VERTEX_POINT('',#11133);
#3838=VERTEX_POINT('',#11135);
#3839=VERTEX_POINT('',#11139);
#3840=VERTEX_POINT('',#11140);
#3841=VERTEX_POINT('',#11142);
#3842=VERTEX_POINT('',#11144);
#3843=VERTEX_POINT('',#11148);
#3844=VERTEX_POINT('',#11150);
#3845=VERTEX_POINT('',#11154);
#3846=VERTEX_POINT('',#11156);
#3847=VERTEX_POINT('',#11160);
#3848=VERTEX_POINT('',#11161);
#3849=VERTEX_POINT('',#11163);
#3850=VERTEX_POINT('',#11165);
#3851=VERTEX_POINT('',#11169);
#3852=VERTEX_POINT('',#11171);
#3853=VERTEX_POINT('',#11175);
#3854=VERTEX_POINT('',#11177);
#3855=VERTEX_POINT('',#11181);
#3856=VERTEX_POINT('',#11182);
#3857=VERTEX_POINT('',#11184);
#3858=VERTEX_POINT('',#11186);
#3859=VERTEX_POINT('',#11190);
#3860=VERTEX_POINT('',#11192);
#3861=VERTEX_POINT('',#11196);
#3862=VERTEX_POINT('',#11198);
#3863=VERTEX_POINT('',#11202);
#3864=VERTEX_POINT('',#11203);
#3865=VERTEX_POINT('',#11205);
#3866=VERTEX_POINT('',#11207);
#3867=VERTEX_POINT('',#11211);
#3868=VERTEX_POINT('',#11213);
#3869=VERTEX_POINT('',#11217);
#3870=VERTEX_POINT('',#11219);
#3871=VERTEX_POINT('',#11223);
#3872=VERTEX_POINT('',#11225);
#3873=VERTEX_POINT('',#11229);
#3874=VERTEX_POINT('',#11233);
#3875=VERTEX_POINT('',#11343);
#3876=VERTEX_POINT('',#11344);
#3877=VERTEX_POINT('',#11346);
#3878=VERTEX_POINT('',#11348);
#3879=VERTEX_POINT('',#11352);
#3880=VERTEX_POINT('',#11353);
#3881=VERTEX_POINT('',#11355);
#3882=VERTEX_POINT('',#11357);
#3883=VERTEX_POINT('',#11361);
#3884=VERTEX_POINT('',#11362);
#3885=VERTEX_POINT('',#11364);
#3886=VERTEX_POINT('',#11366);
#3887=VERTEX_POINT('',#11370);
#3888=VERTEX_POINT('',#11371);
#3889=VERTEX_POINT('',#11374);
#3890=VERTEX_POINT('',#11376);
#3891=VERTEX_POINT('',#11378);
#3892=VERTEX_POINT('',#11380);
#3893=VERTEX_POINT('',#11382);
#3894=VERTEX_POINT('',#11384);
#3895=VERTEX_POINT('',#11386);
#3896=VERTEX_POINT('',#11388);
#3897=VERTEX_POINT('',#11391);
#3898=VERTEX_POINT('',#11393);
#3899=VERTEX_POINT('',#11395);
#3900=VERTEX_POINT('',#11397);
#3901=VERTEX_POINT('',#11401);
#3902=VERTEX_POINT('',#11409);
#3903=VERTEX_POINT('',#11797);
#3904=VERTEX_POINT('',#11798);
#3905=VERTEX_POINT('',#11800);
#3906=VERTEX_POINT('',#11802);
#3907=VERTEX_POINT('',#11806);
#3908=VERTEX_POINT('',#11808);
#3909=VERTEX_POINT('',#11812);
#3910=VERTEX_POINT('',#11814);
#3911=VERTEX_POINT('',#11822);
#3912=VERTEX_POINT('',#11823);
#3913=VERTEX_POINT('',#11825);
#3914=VERTEX_POINT('',#11827);
#3915=VERTEX_POINT('',#11831);
#3916=VERTEX_POINT('',#11833);
#3917=VERTEX_POINT('',#11837);
#3918=VERTEX_POINT('',#11839);
#3919=LINE('',#9598,#4660);
#3920=LINE('',#9601,#4661);
#3921=LINE('',#9603,#4662);
#3922=LINE('',#9610,#4663);
#3923=LINE('',#9612,#4664);
#3924=LINE('',#9614,#4665);
#3925=LINE('',#9616,#4666);
#3926=LINE('',#9618,#4667);
#3927=LINE('',#9620,#4668);
#3928=LINE('',#9622,#4669);
#3929=LINE('',#9629,#4670);
#3930=LINE('',#9632,#4671);
#3931=LINE('',#9634,#4672);
#3932=LINE('',#9636,#4673);
#3933=LINE('',#9638,#4674);
#3934=LINE('',#9641,#4675);
#3935=LINE('',#9643,#4676);
#3936=LINE('',#9645,#4677);
#3937=LINE('',#9650,#4678);
#3938=LINE('',#9654,#4679);
#3939=LINE('',#9658,#4680);
#3940=LINE('',#9662,#4681);
#3941=LINE('',#9666,#4682);
#3942=LINE('',#9668,#4683);
#3943=LINE('',#9670,#4684);
#3944=LINE('',#9674,#4685);
#3945=LINE('',#9678,#4686);
#3946=LINE('',#9682,#4687);
#3947=LINE('',#9684,#4688);
#3948=LINE('',#9688,#4689);
#3949=LINE('',#9692,#4690);
#3950=LINE('',#9694,#4691);
#3951=LINE('',#9698,#4692);
#3952=LINE('',#9702,#4693);
#3953=LINE('',#9703,#4694);
#3954=LINE('',#9706,#4695);
#3955=LINE('',#9708,#4696);
#3956=LINE('',#9710,#4697);
#3957=LINE('',#9711,#4698);
#3958=LINE('',#9714,#4699);
#3959=LINE('',#9716,#4700);
#3960=LINE('',#9718,#4701);
#3961=LINE('',#9720,#4702);
#3962=LINE('',#9723,#4703);
#3963=LINE('',#9725,#4704);
#3964=LINE('',#9727,#4705);
#3965=LINE('',#9729,#4706);
#3966=LINE('',#9731,#4707);
#3967=LINE('',#9733,#4708);
#3968=LINE('',#9735,#4709);
#3969=LINE('',#9737,#4710);
#3970=LINE('',#9740,#4711);
#3971=LINE('',#9742,#4712);
#3972=LINE('',#9744,#4713);
#3973=LINE('',#9745,#4714);
#3974=LINE('',#9750,#4715);
#3975=LINE('',#9754,#4716);
#3976=LINE('',#9757,#4717);
#3977=LINE('',#9759,#4718);
#3978=LINE('',#9761,#4719);
#3979=LINE('',#9768,#4720);
#3980=LINE('',#9772,#4721);
#3981=LINE('',#9776,#4722);
#3982=LINE('',#9783,#4723);
#3983=LINE('',#9787,#4724);
#3984=LINE('',#9791,#4725);
#3985=LINE('',#9793,#4726);
#3986=LINE('',#9796,#4727);
#3987=LINE('',#9798,#4728);
#3988=LINE('',#9800,#4729);
#3989=LINE('',#9802,#4730);
#3990=LINE('',#9804,#4731);
#3991=LINE('',#9806,#4732);
#3992=LINE('',#9808,#4733);
#3993=LINE('',#9810,#4734);
#3994=LINE('',#9812,#4735);
#3995=LINE('',#9814,#4736);
#3996=LINE('',#9816,#4737);
#3997=LINE('',#9818,#4738);
#3998=LINE('',#9822,#4739);
#3999=LINE('',#9826,#4740);
#4000=LINE('',#9831,#4741);
#4001=LINE('',#9834,#4742);
#4002=LINE('',#9839,#4743);
#4003=LINE('',#9842,#4744);
#4004=LINE('',#9855,#4745);
#4005=LINE('',#9863,#4746);
#4006=LINE('',#9871,#4747);
#4007=LINE('',#9883,#4748);
#4008=LINE('',#9885,#4749);
#4009=LINE('',#9889,#4750);
#4010=LINE('',#9891,#4751);
#4011=LINE('',#9895,#4752);
#4012=LINE('',#9899,#4753);
#4013=LINE('',#9901,#4754);
#4014=LINE('',#9905,#4755);
#4015=LINE('',#9909,#4756);
#4016=LINE('',#9911,#4757);
#4017=LINE('',#9915,#4758);
#4018=LINE('',#9919,#4759);
#4019=LINE('',#9921,#4760);
#4020=LINE('',#9925,#4761);
#4021=LINE('',#9941,#4762);
#4022=LINE('',#9944,#4763);
#4023=LINE('',#9946,#4764);
#4024=LINE('',#9948,#4765);
#4025=LINE('',#9950,#4766);
#4026=LINE('',#9952,#4767);
#4027=LINE('',#9954,#4768);
#4028=LINE('',#9958,#4769);
#4029=LINE('',#9963,#4770);
#4030=LINE('',#9968,#4771);
#4031=LINE('',#9972,#4772);
#4032=LINE('',#9975,#4773);
#4033=LINE('',#9977,#4774);
#4034=LINE('',#9979,#4775);
#4035=LINE('',#9980,#4776);
#4036=LINE('',#9982,#4777);
#4037=LINE('',#9989,#4778);
#4038=LINE('',#9991,#4779);
#4039=LINE('',#9994,#4780);
#4040=LINE('',#9996,#4781);
#4041=LINE('',#9998,#4782);
#4042=LINE('',#10000,#4783);
#4043=LINE('',#10002,#4784);
#4044=LINE('',#10004,#4785);
#4045=LINE('',#10008,#4786);
#4046=LINE('',#10014,#4787);
#4047=LINE('',#10020,#4788);
#4048=LINE('',#10025,#4789);
#4049=LINE('',#10029,#4790);
#4050=LINE('',#10033,#4791);
#4051=LINE('',#10037,#4792);
#4052=LINE('',#10040,#4793);
#4053=LINE('',#10042,#4794);
#4054=LINE('',#10044,#4795);
#4055=LINE('',#10046,#4796);
#4056=LINE('',#10048,#4797);
#4057=LINE('',#10050,#4798);
#4058=LINE('',#10059,#4799);
#4059=LINE('',#10064,#4800);
#4060=LINE('',#10068,#4801);
#4061=LINE('',#10072,#4802);
#4062=LINE('',#10077,#4803);
#4063=LINE('',#10081,#4804);
#4064=LINE('',#10087,#4805);
#4065=LINE('',#10089,#4806);
#4066=LINE('',#10091,#4807);
#4067=LINE('',#10093,#4808);
#4068=LINE('',#10100,#4809);
#4069=LINE('',#10102,#4810);
#4070=LINE('',#10104,#4811);
#4071=LINE('',#10106,#4812);
#4072=LINE('',#10108,#4813);
#4073=LINE('',#10110,#4814);
#4074=LINE('',#10112,#4815);
#4075=LINE('',#10114,#4816);
#4076=LINE('',#10116,#4817);
#4077=LINE('',#10118,#4818);
#4078=LINE('',#10120,#4819);
#4079=LINE('',#10122,#4820);
#4080=LINE('',#10124,#4821);
#4081=LINE('',#10126,#4822);
#4082=LINE('',#10129,#4823);
#4083=LINE('',#10131,#4824);
#4084=LINE('',#10132,#4825);
#4085=LINE('',#10134,#4826);
#4086=LINE('',#10136,#4827);
#4087=LINE('',#10139,#4828);
#4088=LINE('',#10141,#4829);
#4089=LINE('',#10143,#4830);
#4090=LINE('',#10145,#4831);
#4091=LINE('',#10147,#4832);
#4092=LINE('',#10149,#4833);
#4093=LINE('',#10151,#4834);
#4094=LINE('',#10153,#4835);
#4095=LINE('',#10155,#4836);
#4096=LINE('',#10158,#4837);
#4097=LINE('',#10160,#4838);
#4098=LINE('',#10162,#4839);
#4099=LINE('',#10164,#4840);
#4100=LINE('',#10165,#4841);
#4101=LINE('',#10167,#4842);
#4102=LINE('',#10169,#4843);
#4103=LINE('',#10170,#4844);
#4104=LINE('',#10172,#4845);
#4105=LINE('',#10174,#4846);
#4106=LINE('',#10177,#4847);
#4107=LINE('',#10178,#4848);
#4108=LINE('',#10180,#4849);
#4109=LINE('',#10182,#4850);
#4110=LINE('',#10183,#4851);
#4111=LINE('',#10185,#4852);
#4112=LINE('',#10187,#4853);
#4113=LINE('',#10189,#4854);
#4114=LINE('',#10191,#4855);
#4115=LINE('',#10193,#4856);
#4116=LINE('',#10195,#4857);
#4117=LINE('',#10197,#4858);
#4118=LINE('',#10206,#4859);
#4119=LINE('',#10214,#4860);
#4120=LINE('',#10222,#4861);
#4121=LINE('',#10229,#4862);
#4122=LINE('',#10235,#4863);
#4123=LINE('',#10239,#4864);
#4124=LINE('',#10243,#4865);
#4125=LINE('',#10245,#4866);
#4126=LINE('',#10247,#4867);
#4127=LINE('',#10254,#4868);
#4128=LINE('',#10256,#4869);
#4129=LINE('',#10258,#4870);
#4130=LINE('',#10260,#4871);
#4131=LINE('',#10262,#4872);
#4132=LINE('',#10264,#4873);
#4133=LINE('',#10266,#4874);
#4134=LINE('',#10268,#4875);
#4135=LINE('',#10270,#4876);
#4136=LINE('',#10272,#4877);
#4137=LINE('',#10274,#4878);
#4138=LINE('',#10276,#4879);
#4139=LINE('',#10281,#4880);
#4140=LINE('',#10291,#4881);
#4141=LINE('',#10300,#4882);
#4142=LINE('',#10304,#4883);
#4143=LINE('',#10318,#4884);
#4144=LINE('',#10319,#4885);
#4145=LINE('',#10321,#4886);
#4146=LINE('',#10323,#4887);
#4147=LINE('',#10325,#4888);
#4148=LINE('',#10327,#4889);
#4149=LINE('',#10329,#4890);
#4150=LINE('',#10331,#4891);
#4151=LINE('',#10366,#4892);
#4152=LINE('',#10368,#4893);
#4153=LINE('',#10370,#4894);
#4154=LINE('',#10381,#4895);
#4155=LINE('',#10404,#4896);
#4156=LINE('',#10406,#4897);
#4157=LINE('',#10408,#4898);
#4158=LINE('',#10434,#4899);
#4159=LINE('',#10442,#4900);
#4160=LINE('',#10444,#4901);
#4161=LINE('',#10453,#4902);
#4162=LINE('',#10455,#4903);
#4163=LINE('',#10457,#4904);
#4164=LINE('',#10459,#4905);
#4165=LINE('',#10462,#4906);
#4166=LINE('',#10463,#4907);
#4167=LINE('',#10465,#4908);
#4168=LINE('',#10474,#4909);
#4169=LINE('',#10478,#4910);
#4170=LINE('',#10484,#4911);
#4171=LINE('',#10486,#4912);
#4172=LINE('',#10488,#4913);
#4173=LINE('',#10490,#4914);
#4174=LINE('',#10492,#4915);
#4175=LINE('',#10495,#4916);
#4176=LINE('',#10499,#4917);
#4177=LINE('',#10503,#4918);
#4178=LINE('',#10505,#4919);
#4179=LINE('',#10507,#4920);
#4180=LINE('',#10510,#4921);
#4181=LINE('',#10511,#4922);
#4182=LINE('',#10520,#4923);
#4183=LINE('',#10524,#4924);
#4184=LINE('',#10526,#4925);
#4185=LINE('',#10528,#4926);
#4186=LINE('',#10537,#4927);
#4187=LINE('',#10539,#4928);
#4188=LINE('',#10541,#4929);
#4189=LINE('',#10545,#4930);
#4190=LINE('',#10549,#4931);
#4191=LINE('',#10551,#4932);
#4192=LINE('',#10553,#4933);
#4193=LINE('',#10555,#4934);
#4194=LINE('',#10557,#4935);
#4195=LINE('',#10563,#4936);
#4196=LINE('',#10567,#4937);
#4197=LINE('',#10570,#4938);
#4198=LINE('',#10571,#4939);
#4199=LINE('',#10573,#4940);
#4200=LINE('',#10582,#4941);
#4201=LINE('',#10584,#4942);
#4202=LINE('',#10587,#4943);
#4203=LINE('',#10589,#4944);
#4204=LINE('',#10591,#4945);
#4205=LINE('',#10594,#4946);
#4206=LINE('',#10595,#4947);
#4207=LINE('',#10601,#4948);
#4208=LINE('',#10605,#4949);
#4209=LINE('',#10607,#4950);
#4210=LINE('',#10609,#4951);
#4211=LINE('',#10613,#4952);
#4212=LINE('',#10615,#4953);
#4213=LINE('',#10617,#4954);
#4214=LINE('',#10621,#4955);
#4215=LINE('',#10623,#4956);
#4216=LINE('',#10625,#4957);
#4217=LINE('',#10627,#4958);
#4218=LINE('',#10630,#4959);
#4219=LINE('',#10631,#4960);
#4220=LINE('',#10633,#4961);
#4221=LINE('',#10637,#4962);
#4222=LINE('',#10639,#4963);
#4223=LINE('',#10643,#4964);
#4224=LINE('',#10649,#4965);
#4225=LINE('',#10651,#4966);
#4226=LINE('',#10682,#4967);
#4227=LINE('',#10688,#4968);
#4228=LINE('',#10690,#4969);
#4229=LINE('',#10692,#4970);
#4230=LINE('',#10694,#4971);
#4231=LINE('',#10695,#4972);
#4232=LINE('',#10697,#4973);
#4233=LINE('',#10700,#4974);
#4234=LINE('',#10702,#4975);
#4235=LINE('',#10704,#4976);
#4236=LINE('',#10706,#4977);
#4237=LINE('',#10708,#4978);
#4238=LINE('',#10710,#4979);
#4239=LINE('',#10712,#4980);
#4240=LINE('',#10714,#4981);
#4241=LINE('',#10716,#4982);
#4242=LINE('',#10718,#4983);
#4243=LINE('',#10721,#4984);
#4244=LINE('',#10723,#4985);
#4245=LINE('',#10725,#4986);
#4246=LINE('',#10727,#4987);
#4247=LINE('',#10729,#4988);
#4248=LINE('',#10731,#4989);
#4249=LINE('',#10733,#4990);
#4250=LINE('',#10735,#4991);
#4251=LINE('',#10737,#4992);
#4252=LINE('',#10739,#4993);
#4253=LINE('',#10742,#4994);
#4254=LINE('',#10744,#4995);
#4255=LINE('',#10746,#4996);
#4256=LINE('',#10748,#4997);
#4257=LINE('',#10750,#4998);
#4258=LINE('',#10752,#4999);
#4259=LINE('',#10754,#5000);
#4260=LINE('',#10756,#5001);
#4261=LINE('',#10758,#5002);
#4262=LINE('',#10760,#5003);
#4263=LINE('',#10763,#5004);
#4264=LINE('',#10765,#5005);
#4265=LINE('',#10767,#5006);
#4266=LINE('',#10769,#5007);
#4267=LINE('',#10771,#5008);
#4268=LINE('',#10773,#5009);
#4269=LINE('',#10775,#5010);
#4270=LINE('',#10777,#5011);
#4271=LINE('',#10779,#5012);
#4272=LINE('',#10781,#5013);
#4273=LINE('',#10784,#5014);
#4274=LINE('',#10786,#5015);
#4275=LINE('',#10788,#5016);
#4276=LINE('',#10790,#5017);
#4277=LINE('',#10792,#5018);
#4278=LINE('',#10794,#5019);
#4279=LINE('',#10796,#5020);
#4280=LINE('',#10798,#5021);
#4281=LINE('',#10800,#5022);
#4282=LINE('',#10802,#5023);
#4283=LINE('',#10805,#5024);
#4284=LINE('',#10807,#5025);
#4285=LINE('',#10809,#5026);
#4286=LINE('',#10811,#5027);
#4287=LINE('',#10813,#5028);
#4288=LINE('',#10815,#5029);
#4289=LINE('',#10817,#5030);
#4290=LINE('',#10819,#5031);
#4291=LINE('',#10821,#5032);
#4292=LINE('',#10823,#5033);
#4293=LINE('',#10826,#5034);
#4294=LINE('',#10828,#5035);
#4295=LINE('',#10830,#5036);
#4296=LINE('',#10832,#5037);
#4297=LINE('',#10834,#5038);
#4298=LINE('',#10836,#5039);
#4299=LINE('',#10838,#5040);
#4300=LINE('',#10840,#5041);
#4301=LINE('',#10842,#5042);
#4302=LINE('',#10844,#5043);
#4303=LINE('',#10847,#5044);
#4304=LINE('',#10849,#5045);
#4305=LINE('',#10851,#5046);
#4306=LINE('',#10853,#5047);
#4307=LINE('',#10855,#5048);
#4308=LINE('',#10857,#5049);
#4309=LINE('',#10859,#5050);
#4310=LINE('',#10861,#5051);
#4311=LINE('',#10863,#5052);
#4312=LINE('',#10865,#5053);
#4313=LINE('',#10868,#5054);
#4314=LINE('',#10870,#5055);
#4315=LINE('',#10872,#5056);
#4316=LINE('',#10874,#5057);
#4317=LINE('',#10876,#5058);
#4318=LINE('',#10878,#5059);
#4319=LINE('',#10880,#5060);
#4320=LINE('',#10882,#5061);
#4321=LINE('',#10884,#5062);
#4322=LINE('',#10886,#5063);
#4323=LINE('',#10889,#5064);
#4324=LINE('',#10891,#5065);
#4325=LINE('',#10893,#5066);
#4326=LINE('',#10895,#5067);
#4327=LINE('',#10897,#5068);
#4328=LINE('',#10899,#5069);
#4329=LINE('',#10901,#5070);
#4330=LINE('',#10903,#5071);
#4331=LINE('',#10905,#5072);
#4332=LINE('',#10907,#5073);
#4333=LINE('',#10910,#5074);
#4334=LINE('',#10912,#5075);
#4335=LINE('',#10914,#5076);
#4336=LINE('',#10916,#5077);
#4337=LINE('',#10918,#5078);
#4338=LINE('',#10920,#5079);
#4339=LINE('',#10922,#5080);
#4340=LINE('',#10924,#5081);
#4341=LINE('',#10926,#5082);
#4342=LINE('',#10928,#5083);
#4343=LINE('',#10931,#5084);
#4344=LINE('',#10933,#5085);
#4345=LINE('',#10935,#5086);
#4346=LINE('',#10937,#5087);
#4347=LINE('',#10939,#5088);
#4348=LINE('',#10941,#5089);
#4349=LINE('',#10943,#5090);
#4350=LINE('',#10945,#5091);
#4351=LINE('',#10947,#5092);
#4352=LINE('',#10949,#5093);
#4353=LINE('',#10952,#5094);
#4354=LINE('',#10954,#5095);
#4355=LINE('',#10956,#5096);
#4356=LINE('',#10958,#5097);
#4357=LINE('',#10960,#5098);
#4358=LINE('',#10962,#5099);
#4359=LINE('',#10964,#5100);
#4360=LINE('',#10966,#5101);
#4361=LINE('',#10968,#5102);
#4362=LINE('',#10970,#5103);
#4363=LINE('',#10973,#5104);
#4364=LINE('',#10975,#5105);
#4365=LINE('',#10977,#5106);
#4366=LINE('',#10979,#5107);
#4367=LINE('',#10981,#5108);
#4368=LINE('',#10983,#5109);
#4369=LINE('',#10985,#5110);
#4370=LINE('',#10987,#5111);
#4371=LINE('',#10989,#5112);
#4372=LINE('',#10991,#5113);
#4373=LINE('',#10994,#5114);
#4374=LINE('',#10996,#5115);
#4375=LINE('',#10998,#5116);
#4376=LINE('',#11000,#5117);
#4377=LINE('',#11002,#5118);
#4378=LINE('',#11004,#5119);
#4379=LINE('',#11006,#5120);
#4380=LINE('',#11008,#5121);
#4381=LINE('',#11010,#5122);
#4382=LINE('',#11012,#5123);
#4383=LINE('',#11015,#5124);
#4384=LINE('',#11017,#5125);
#4385=LINE('',#11019,#5126);
#4386=LINE('',#11021,#5127);
#4387=LINE('',#11023,#5128);
#4388=LINE('',#11025,#5129);
#4389=LINE('',#11027,#5130);
#4390=LINE('',#11029,#5131);
#4391=LINE('',#11031,#5132);
#4392=LINE('',#11033,#5133);
#4393=LINE('',#11036,#5134);
#4394=LINE('',#11038,#5135);
#4395=LINE('',#11040,#5136);
#4396=LINE('',#11042,#5137);
#4397=LINE('',#11044,#5138);
#4398=LINE('',#11046,#5139);
#4399=LINE('',#11048,#5140);
#4400=LINE('',#11050,#5141);
#4401=LINE('',#11052,#5142);
#4402=LINE('',#11054,#5143);
#4403=LINE('',#11057,#5144);
#4404=LINE('',#11059,#5145);
#4405=LINE('',#11061,#5146);
#4406=LINE('',#11063,#5147);
#4407=LINE('',#11065,#5148);
#4408=LINE('',#11067,#5149);
#4409=LINE('',#11069,#5150);
#4410=LINE('',#11071,#5151);
#4411=LINE('',#11073,#5152);
#4412=LINE('',#11075,#5153);
#4413=LINE('',#11078,#5154);
#4414=LINE('',#11080,#5155);
#4415=LINE('',#11082,#5156);
#4416=LINE('',#11084,#5157);
#4417=LINE('',#11086,#5158);
#4418=LINE('',#11088,#5159);
#4419=LINE('',#11090,#5160);
#4420=LINE('',#11092,#5161);
#4421=LINE('',#11094,#5162);
#4422=LINE('',#11096,#5163);
#4423=LINE('',#11099,#5164);
#4424=LINE('',#11101,#5165);
#4425=LINE('',#11103,#5166);
#4426=LINE('',#11105,#5167);
#4427=LINE('',#11107,#5168);
#4428=LINE('',#11109,#5169);
#4429=LINE('',#11111,#5170);
#4430=LINE('',#11113,#5171);
#4431=LINE('',#11115,#5172);
#4432=LINE('',#11117,#5173);
#4433=LINE('',#11120,#5174);
#4434=LINE('',#11122,#5175);
#4435=LINE('',#11124,#5176);
#4436=LINE('',#11126,#5177);
#4437=LINE('',#11128,#5178);
#4438=LINE('',#11130,#5179);
#4439=LINE('',#11132,#5180);
#4440=LINE('',#11134,#5181);
#4441=LINE('',#11136,#5182);
#4442=LINE('',#11138,#5183);
#4443=LINE('',#11141,#5184);
#4444=LINE('',#11143,#5185);
#4445=LINE('',#11145,#5186);
#4446=LINE('',#11147,#5187);
#4447=LINE('',#11149,#5188);
#4448=LINE('',#11151,#5189);
#4449=LINE('',#11153,#5190);
#4450=LINE('',#11155,#5191);
#4451=LINE('',#11157,#5192);
#4452=LINE('',#11159,#5193);
#4453=LINE('',#11162,#5194);
#4454=LINE('',#11164,#5195);
#4455=LINE('',#11166,#5196);
#4456=LINE('',#11168,#5197);
#4457=LINE('',#11170,#5198);
#4458=LINE('',#11172,#5199);
#4459=LINE('',#11174,#5200);
#4460=LINE('',#11176,#5201);
#4461=LINE('',#11178,#5202);
#4462=LINE('',#11180,#5203);
#4463=LINE('',#11183,#5204);
#4464=LINE('',#11185,#5205);
#4465=LINE('',#11187,#5206);
#4466=LINE('',#11189,#5207);
#4467=LINE('',#11191,#5208);
#4468=LINE('',#11193,#5209);
#4469=LINE('',#11195,#5210);
#4470=LINE('',#11197,#5211);
#4471=LINE('',#11199,#5212);
#4472=LINE('',#11201,#5213);
#4473=LINE('',#11204,#5214);
#4474=LINE('',#11206,#5215);
#4475=LINE('',#11208,#5216);
#4476=LINE('',#11210,#5217);
#4477=LINE('',#11212,#5218);
#4478=LINE('',#11214,#5219);
#4479=LINE('',#11216,#5220);
#4480=LINE('',#11218,#5221);
#4481=LINE('',#11220,#5222);
#4482=LINE('',#11222,#5223);
#4483=LINE('',#11224,#5224);
#4484=LINE('',#11226,#5225);
#4485=LINE('',#11228,#5226);
#4486=LINE('',#11230,#5227);
#4487=LINE('',#11232,#5228);
#4488=LINE('',#11234,#5229);
#4489=LINE('',#11236,#5230);
#4490=LINE('',#11237,#5231);
#4491=LINE('',#11239,#5232);
#4492=LINE('',#11240,#5233);
#4493=LINE('',#11242,#5234);
#4494=LINE('',#11243,#5235);
#4495=LINE('',#11245,#5236);
#4496=LINE('',#11246,#5237);
#4497=LINE('',#11248,#5238);
#4498=LINE('',#11249,#5239);
#4499=LINE('',#11251,#5240);
#4500=LINE('',#11252,#5241);
#4501=LINE('',#11254,#5242);
#4502=LINE('',#11255,#5243);
#4503=LINE('',#11257,#5244);
#4504=LINE('',#11258,#5245);
#4505=LINE('',#11260,#5246);
#4506=LINE('',#11261,#5247);
#4507=LINE('',#11263,#5248);
#4508=LINE('',#11264,#5249);
#4509=LINE('',#11266,#5250);
#4510=LINE('',#11267,#5251);
#4511=LINE('',#11269,#5252);
#4512=LINE('',#11270,#5253);
#4513=LINE('',#11272,#5254);
#4514=LINE('',#11273,#5255);
#4515=LINE('',#11275,#5256);
#4516=LINE('',#11276,#5257);
#4517=LINE('',#11278,#5258);
#4518=LINE('',#11279,#5259);
#4519=LINE('',#11281,#5260);
#4520=LINE('',#11282,#5261);
#4521=LINE('',#11284,#5262);
#4522=LINE('',#11285,#5263);
#4523=LINE('',#11287,#5264);
#4524=LINE('',#11288,#5265);
#4525=LINE('',#11290,#5266);
#4526=LINE('',#11291,#5267);
#4527=LINE('',#11293,#5268);
#4528=LINE('',#11294,#5269);
#4529=LINE('',#11296,#5270);
#4530=LINE('',#11297,#5271);
#4531=LINE('',#11299,#5272);
#4532=LINE('',#11300,#5273);
#4533=LINE('',#11302,#5274);
#4534=LINE('',#11303,#5275);
#4535=LINE('',#11305,#5276);
#4536=LINE('',#11306,#5277);
#4537=LINE('',#11308,#5278);
#4538=LINE('',#11310,#5279);
#4539=LINE('',#11311,#5280);
#4540=LINE('',#11339,#5281);
#4541=LINE('',#11340,#5282);
#4542=LINE('',#11342,#5283);
#4543=LINE('',#11345,#5284);
#4544=LINE('',#11347,#5285);
#4545=LINE('',#11349,#5286);
#4546=LINE('',#11351,#5287);
#4547=LINE('',#11354,#5288);
#4548=LINE('',#11356,#5289);
#4549=LINE('',#11358,#5290);
#4550=LINE('',#11360,#5291);
#4551=LINE('',#11363,#5292);
#4552=LINE('',#11365,#5293);
#4553=LINE('',#11367,#5294);
#4554=LINE('',#11369,#5295);
#4555=LINE('',#11375,#5296);
#4556=LINE('',#11379,#5297);
#4557=LINE('',#11381,#5298);
#4558=LINE('',#11383,#5299);
#4559=LINE('',#11387,#5300);
#4560=LINE('',#11392,#5301);
#4561=LINE('',#11396,#5302);
#4562=LINE('',#11400,#5303);
#4563=LINE('',#11402,#5304);
#4564=LINE('',#11408,#5305);
#4565=LINE('',#11410,#5306);
#4566=LINE('',#11529,#5307);
#4567=LINE('',#11530,#5308);
#4568=LINE('',#11532,#5309);
#4569=LINE('',#11534,#5310);
#4570=LINE('',#11536,#5311);
#4571=LINE('',#11538,#5312);
#4572=LINE('',#11540,#5313);
#4573=LINE('',#11542,#5314);
#4574=LINE('',#11545,#5315);
#4575=LINE('',#11547,#5316);
#4576=LINE('',#11549,#5317);
#4577=LINE('',#11551,#5318);
#4578=LINE('',#11553,#5319);
#4579=LINE('',#11555,#5320);
#4580=LINE('',#11578,#5321);
#4581=LINE('',#11580,#5322);
#4582=LINE('',#11582,#5323);
#4583=LINE('',#11584,#5324);
#4584=LINE('',#11586,#5325);
#4585=LINE('',#11588,#5326);
#4586=LINE('',#11590,#5327);
#4587=LINE('',#11592,#5328);
#4588=LINE('',#11594,#5329);
#4589=LINE('',#11596,#5330);
#4590=LINE('',#11598,#5331);
#4591=LINE('',#11600,#5332);
#4592=LINE('',#11602,#5333);
#4593=LINE('',#11604,#5334);
#4594=LINE('',#11606,#5335);
#4595=LINE('',#11608,#5336);
#4596=LINE('',#11610,#5337);
#4597=LINE('',#11612,#5338);
#4598=LINE('',#11614,#5339);
#4599=LINE('',#11616,#5340);
#4600=LINE('',#11618,#5341);
#4601=LINE('',#11620,#5342);
#4602=LINE('',#11635,#5343);
#4603=LINE('',#11637,#5344);
#4604=LINE('',#11639,#5345);
#4605=LINE('',#11641,#5346);
#4606=LINE('',#11644,#5347);
#4607=LINE('',#11645,#5348);
#4608=LINE('',#11647,#5349);
#4609=LINE('',#11649,#5350);
#4610=LINE('',#11651,#5351);
#4611=LINE('',#11653,#5352);
#4612=LINE('',#11655,#5353);
#4613=LINE('',#11657,#5354);
#4614=LINE('',#11659,#5355);
#4615=LINE('',#11661,#5356);
#4616=LINE('',#11663,#5357);
#4617=LINE('',#11665,#5358);
#4618=LINE('',#11667,#5359);
#4619=LINE('',#11669,#5360);
#4620=LINE('',#11671,#5361);
#4621=LINE('',#11673,#5362);
#4622=LINE('',#11675,#5363);
#4623=LINE('',#11677,#5364);
#4624=LINE('',#11679,#5365);
#4625=LINE('',#11681,#5366);
#4626=LINE('',#11684,#5367);
#4627=LINE('',#11686,#5368);
#4628=LINE('',#11689,#5369);
#4629=LINE('',#11694,#5370);
#4630=LINE('',#11697,#5371);
#4631=LINE('',#11699,#5372);
#4632=LINE('',#11701,#5373);
#4633=LINE('',#11705,#5374);
#4634=LINE('',#11707,#5375);
#4635=LINE('',#11709,#5376);
#4636=LINE('',#11796,#5377);
#4637=LINE('',#11801,#5378);
#4638=LINE('',#11805,#5379);
#4639=LINE('',#11807,#5380);
#4640=LINE('',#11809,#5381);
#4641=LINE('',#11813,#5382);
#4642=LINE('',#11817,#5383);
#4643=LINE('',#11818,#5384);
#4644=LINE('',#11821,#5385);
#4645=LINE('',#11826,#5386);
#4646=LINE('',#11830,#5387);
#4647=LINE('',#11832,#5388);
#4648=LINE('',#11834,#5389);
#4649=LINE('',#11838,#5390);
#4650=LINE('',#11842,#5391);
#4651=LINE('',#11843,#5392);
#4652=LINE('',#11846,#5393);
#4653=LINE('',#11847,#5394);
#4654=LINE('',#11849,#5395);
#4655=LINE('',#11851,#5396);
#4656=LINE('',#11854,#5397);
#4657=LINE('',#11855,#5398);
#4658=LINE('',#11857,#5399);
#4659=LINE('',#11859,#5400);
#4660=VECTOR('',#7663,1.);
#4661=VECTOR('',#7664,1.);
#4662=VECTOR('',#7665,1.);
#4663=VECTOR('',#7666,1.);
#4664=VECTOR('',#7667,1.);
#4665=VECTOR('',#7668,1.);
#4666=VECTOR('',#7669,1.);
#4667=VECTOR('',#7670,1.);
#4668=VECTOR('',#7671,1.);
#4669=VECTOR('',#7672,1.);
#4670=VECTOR('',#7675,1.);
#4671=VECTOR('',#7676,1.);
#4672=VECTOR('',#7677,1.);
#4673=VECTOR('',#7678,1.);
#4674=VECTOR('',#7681,1.);
#4675=VECTOR('',#7682,1.);
#4676=VECTOR('',#7683,1.);
#4677=VECTOR('',#7684,1.);
#4678=VECTOR('',#7689,1.);
#4679=VECTOR('',#7692,1.);
#4680=VECTOR('',#7695,1.);
#4681=VECTOR('',#7698,1.);
#4682=VECTOR('',#7701,1.);
#4683=VECTOR('',#7702,1.);
#4684=VECTOR('',#7703,1.);
#4685=VECTOR('',#7706,1.);
#4686=VECTOR('',#7709,1.);
#4687=VECTOR('',#7712,1.);
#4688=VECTOR('',#7713,1.);
#4689=VECTOR('',#7716,1.);
#4690=VECTOR('',#7719,1.);
#4691=VECTOR('',#7720,1.);
#4692=VECTOR('',#7723,1.);
#4693=VECTOR('',#7726,1.);
#4694=VECTOR('',#7727,1.);
#4695=VECTOR('',#7728,1.);
#4696=VECTOR('',#7729,1.);
#4697=VECTOR('',#7730,1.);
#4698=VECTOR('',#7731,1.);
#4699=VECTOR('',#7732,1.);
#4700=VECTOR('',#7733,1.);
#4701=VECTOR('',#7734,1.);
#4702=VECTOR('',#7737,1.);
#4703=VECTOR('',#7738,1.);
#4704=VECTOR('',#7739,1.);
#4705=VECTOR('',#7740,1.);
#4706=VECTOR('',#7741,1.);
#4707=VECTOR('',#7742,1.);
#4708=VECTOR('',#7743,1.);
#4709=VECTOR('',#7744,1.);
#4710=VECTOR('',#7747,1.);
#4711=VECTOR('',#7748,1.);
#4712=VECTOR('',#7749,1.);
#4713=VECTOR('',#7750,1.);
#4714=VECTOR('',#7751,1.);
#4715=VECTOR('',#7754,1.);
#4716=VECTOR('',#7759,1.);
#4717=VECTOR('',#7760,1.);
#4718=VECTOR('',#7761,1.);
#4719=VECTOR('',#7762,1.);
#4720=VECTOR('',#7763,1.);
#4721=VECTOR('',#7766,1.);
#4722=VECTOR('',#7769,1.);
#4723=VECTOR('',#7770,1.);
#4724=VECTOR('',#7773,1.);
#4725=VECTOR('',#7776,1.);
#4726=VECTOR('',#7779,1.);
#4727=VECTOR('',#7780,1.);
#4728=VECTOR('',#7781,1.);
#4729=VECTOR('',#7782,1.);
#4730=VECTOR('',#7783,1.);
#4731=VECTOR('',#7784,1.);
#4732=VECTOR('',#7785,1.);
#4733=VECTOR('',#7786,1.);
#4734=VECTOR('',#7787,1.);
#4735=VECTOR('',#7788,1.);
#4736=VECTOR('',#7789,1.);
#4737=VECTOR('',#7790,1.);
#4738=VECTOR('',#7791,1.);
#4739=VECTOR('',#7794,1.);
#4740=VECTOR('',#7799,1.);
#4741=VECTOR('',#7802,1.);
#4742=VECTOR('',#7805,1.);
#4743=VECTOR('',#7808,1.);
#4744=VECTOR('',#7811,1.);
#4745=VECTOR('',#7812,1.);
#4746=VECTOR('',#7813,1.);
#4747=VECTOR('',#7814,1.);
#4748=VECTOR('',#7815,1.);
#4749=VECTOR('',#7816,1.);
#4750=VECTOR('',#7819,1.);
#4751=VECTOR('',#7820,1.);
#4752=VECTOR('',#7823,1.);
#4753=VECTOR('',#7826,1.);
#4754=VECTOR('',#7827,1.);
#4755=VECTOR('',#7830,1.);
#4756=VECTOR('',#7833,1.);
#4757=VECTOR('',#7834,1.);
#4758=VECTOR('',#7837,1.);
#4759=VECTOR('',#7840,1.);
#4760=VECTOR('',#7841,1.);
#4761=VECTOR('',#7844,1.);
#4762=VECTOR('',#7861,1.);
#4763=VECTOR('',#7862,1.);
#4764=VECTOR('',#7863,1.);
#4765=VECTOR('',#7864,1.);
#4766=VECTOR('',#7865,1.);
#4767=VECTOR('',#7866,1.);
#4768=VECTOR('',#7867,1.);
#4769=VECTOR('',#7872,1.);
#4770=VECTOR('',#7875,1.);
#4771=VECTOR('',#7880,1.);
#4772=VECTOR('',#7885,1.);
#4773=VECTOR('',#7886,1.);
#4774=VECTOR('',#7887,1.);
#4775=VECTOR('',#7888,1.);
#4776=VECTOR('',#7889,1.);
#4777=VECTOR('',#7890,1.);
#4778=VECTOR('',#7891,1.);
#4779=VECTOR('',#7894,1.);
#4780=VECTOR('',#7895,1.);
#4781=VECTOR('',#7896,1.);
#4782=VECTOR('',#7897,1.);
#4783=VECTOR('',#7898,1.);
#4784=VECTOR('',#7899,1.);
#4785=VECTOR('',#7900,1.);
#4786=VECTOR('',#7905,1.);
#4787=VECTOR('',#7910,1.);
#4788=VECTOR('',#7917,1.);
#4789=VECTOR('',#7920,1.);
#4790=VECTOR('',#7923,1.);
#4791=VECTOR('',#7926,1.);
#4792=VECTOR('',#7931,1.);
#4793=VECTOR('',#7932,1.);
#4794=VECTOR('',#7933,1.);
#4795=VECTOR('',#7934,1.);
#4796=VECTOR('',#7935,1.);
#4797=VECTOR('',#7936,1.);
#4798=VECTOR('',#7937,1.);
#4799=VECTOR('',#7942,1.);
#4800=VECTOR('',#7945,1.);
#4801=VECTOR('',#7948,1.);
#4802=VECTOR('',#7953,1.);
#4803=VECTOR('',#7956,1.);
#4804=VECTOR('',#7959,1.);
#4805=VECTOR('',#7966,1.);
#4806=VECTOR('',#7967,1.);
#4807=VECTOR('',#7968,1.);
#4808=VECTOR('',#7969,1.);
#4809=VECTOR('',#7970,1.);
#4810=VECTOR('',#7971,1.);
#4811=VECTOR('',#7972,1.);
#4812=VECTOR('',#7975,1.);
#4813=VECTOR('',#7976,1.);
#4814=VECTOR('',#7977,1.);
#4815=VECTOR('',#7980,1.);
#4816=VECTOR('',#7981,1.);
#4817=VECTOR('',#7982,1.);
#4818=VECTOR('',#7983,1.);
#4819=VECTOR('',#7984,1.);
#4820=VECTOR('',#7985,1.);
#4821=VECTOR('',#7986,1.);
#4822=VECTOR('',#7989,1.);
#4823=VECTOR('',#7990,1.);
#4824=VECTOR('',#7991,1.);
#4825=VECTOR('',#7992,1.);
#4826=VECTOR('',#7993,1.);
#4827=VECTOR('',#7996,1.);
#4828=VECTOR('',#7997,1.);
#4829=VECTOR('',#7998,1.);
#4830=VECTOR('',#7999,1.);
#4831=VECTOR('',#8000,1.);
#4832=VECTOR('',#8001,1.);
#4833=VECTOR('',#8004,1.);
#4834=VECTOR('',#8005,1.);
#4835=VECTOR('',#8006,1.);
#4836=VECTOR('',#8009,1.);
#4837=VECTOR('',#8010,1.);
#4838=VECTOR('',#8011,1.);
#4839=VECTOR('',#8012,1.);
#4840=VECTOR('',#8013,1.);
#4841=VECTOR('',#8014,1.);
#4842=VECTOR('',#8015,1.);
#4843=VECTOR('',#8016,1.);
#4844=VECTOR('',#8017,1.);
#4845=VECTOR('',#8018,1.);
#4846=VECTOR('',#8021,1.);
#4847=VECTOR('',#8022,1.);
#4848=VECTOR('',#8023,1.);
#4849=VECTOR('',#8026,1.);
#4850=VECTOR('',#8027,1.);
#4851=VECTOR('',#8028,1.);
#4852=VECTOR('',#8029,1.);
#4853=VECTOR('',#8030,1.);
#4854=VECTOR('',#8031,1.);
#4855=VECTOR('',#8032,1.);
#4856=VECTOR('',#8033,1.);
#4857=VECTOR('',#8034,1.);
#4858=VECTOR('',#8037,1.);
#4859=VECTOR('',#8038,1.);
#4860=VECTOR('',#8039,1.);
#4861=VECTOR('',#8040,1.);
#4862=VECTOR('',#8041,1.);
#4863=VECTOR('',#8046,1.);
#4864=VECTOR('',#8049,1.);
#4865=VECTOR('',#8054,1.);
#4866=VECTOR('',#8055,1.);
#4867=VECTOR('',#8056,1.);
#4868=VECTOR('',#8057,1.);
#4869=VECTOR('',#8058,1.);
#4870=VECTOR('',#8059,1.);
#4871=VECTOR('',#8062,1.);
#4872=VECTOR('',#8063,1.);
#4873=VECTOR('',#8064,1.);
#4874=VECTOR('',#8067,1.);
#4875=VECTOR('',#8068,1.);
#4876=VECTOR('',#8069,1.);
#4877=VECTOR('',#8072,1.);
#4878=VECTOR('',#8073,1.);
#4879=VECTOR('',#8074,1.);
#4880=VECTOR('',#8081,1.);
#4881=VECTOR('',#8094,1.);
#4882=VECTOR('',#8105,1.);
#4883=VECTOR('',#8108,1.);
#4884=VECTOR('',#8131,1.);
#4885=VECTOR('',#8132,1.);
#4886=VECTOR('',#8135,1.);
#4887=VECTOR('',#8138,1.);
#4888=VECTOR('',#8141,1.);
#4889=VECTOR('',#8144,1.);
#4890=VECTOR('',#8147,1.);
#4891=VECTOR('',#8150,1.);
#4892=VECTOR('',#8203,1.);
#4893=VECTOR('',#8204,1.);
#4894=VECTOR('',#8205,1.);
#4895=VECTOR('',#8206,1.);
#4896=VECTOR('',#8207,1.);
#4897=VECTOR('',#8210,1.);
#4898=VECTOR('',#8211,1.);
#4899=VECTOR('',#8212,1.);
#4900=VECTOR('',#8215,1.);
#4901=VECTOR('',#8218,1.);
#4902=VECTOR('',#8227,1.);
#4903=VECTOR('',#8230,1.);
#4904=VECTOR('',#8231,1.);
#4905=VECTOR('',#8234,1.);
#4906=VECTOR('',#8235,1.);
#4907=VECTOR('',#8236,1.);
#4908=VECTOR('',#8239,1.);
#4909=VECTOR('',#8250,1.);
#4910=VECTOR('',#8257,1.);
#4911=VECTOR('',#8264,1.);
#4912=VECTOR('',#8265,1.);
#4913=VECTOR('',#8268,1.);
#4914=VECTOR('',#8269,1.);
#4915=VECTOR('',#8272,1.);
#4916=VECTOR('',#8273,1.);
#4917=VECTOR('',#8280,1.);
#4918=VECTOR('',#8285,1.);
#4919=VECTOR('',#8286,1.);
#4920=VECTOR('',#8289,1.);
#4921=VECTOR('',#8290,1.);
#4922=VECTOR('',#8291,1.);
#4923=VECTOR('',#8302,1.);
#4924=VECTOR('',#8309,1.);
#4925=VECTOR('',#8310,1.);
#4926=VECTOR('',#8313,1.);
#4927=VECTOR('',#8322,1.);
#4928=VECTOR('',#8325,1.);
#4929=VECTOR('',#8326,1.);
#4930=VECTOR('',#8331,1.);
#4931=VECTOR('',#8338,1.);
#4932=VECTOR('',#8339,1.);
#4933=VECTOR('',#8340,1.);
#4934=VECTOR('',#8343,1.);
#4935=VECTOR('',#8344,1.);
#4936=VECTOR('',#8353,1.);
#4937=VECTOR('',#8360,1.);
#4938=VECTOR('',#8361,1.);
#4939=VECTOR('',#8362,1.);
#4940=VECTOR('',#8365,1.);
#4941=VECTOR('',#8376,1.);
#4942=VECTOR('',#8377,1.);
#4943=VECTOR('',#8382,1.);
#4944=VECTOR('',#8383,1.);
#4945=VECTOR('',#8386,1.);
#4946=VECTOR('',#8387,1.);
#4947=VECTOR('',#8388,1.);
#4948=VECTOR('',#8397,1.);
#4949=VECTOR('',#8404,1.);
#4950=VECTOR('',#8405,1.);
#4951=VECTOR('',#8406,1.);
#4952=VECTOR('',#8411,1.);
#4953=VECTOR('',#8414,1.);
#4954=VECTOR('',#8415,1.);
#4955=VECTOR('',#8420,1.);
#4956=VECTOR('',#8423,1.);
#4957=VECTOR('',#8424,1.);
#4958=VECTOR('',#8427,1.);
#4959=VECTOR('',#8428,1.);
#4960=VECTOR('',#8429,1.);
#4961=VECTOR('',#8432,1.);
#4962=VECTOR('',#8437,1.);
#4963=VECTOR('',#8438,1.);
#4964=VECTOR('',#8445,1.);
#4965=VECTOR('',#8452,1.);
#4966=VECTOR('',#8455,1.);
#4967=VECTOR('',#8502,1.);
#4968=VECTOR('',#8507,1.);
#4969=VECTOR('',#8508,1.);
#4970=VECTOR('',#8511,1.);
#4971=VECTOR('',#8512,1.);
#4972=VECTOR('',#8513,1.);
#4973=VECTOR('',#8516,1.);
#4974=VECTOR('',#8517,1.);
#4975=VECTOR('',#8518,1.);
#4976=VECTOR('',#8519,1.);
#4977=VECTOR('',#8522,1.);
#4978=VECTOR('',#8523,1.);
#4979=VECTOR('',#8524,1.);
#4980=VECTOR('',#8527,1.);
#4981=VECTOR('',#8528,1.);
#4982=VECTOR('',#8529,1.);
#4983=VECTOR('',#8532,1.);
#4984=VECTOR('',#8533,1.);
#4985=VECTOR('',#8534,1.);
#4986=VECTOR('',#8535,1.);
#4987=VECTOR('',#8538,1.);
#4988=VECTOR('',#8539,1.);
#4989=VECTOR('',#8540,1.);
#4990=VECTOR('',#8543,1.);
#4991=VECTOR('',#8544,1.);
#4992=VECTOR('',#8545,1.);
#4993=VECTOR('',#8548,1.);
#4994=VECTOR('',#8549,1.);
#4995=VECTOR('',#8550,1.);
#4996=VECTOR('',#8551,1.);
#4997=VECTOR('',#8554,1.);
#4998=VECTOR('',#8555,1.);
#4999=VECTOR('',#8556,1.);
#5000=VECTOR('',#8559,1.);
#5001=VECTOR('',#8560,1.);
#5002=VECTOR('',#8561,1.);
#5003=VECTOR('',#8564,1.);
#5004=VECTOR('',#8565,1.);
#5005=VECTOR('',#8566,1.);
#5006=VECTOR('',#8567,1.);
#5007=VECTOR('',#8570,1.);
#5008=VECTOR('',#8571,1.);
#5009=VECTOR('',#8572,1.);
#5010=VECTOR('',#8575,1.);
#5011=VECTOR('',#8576,1.);
#5012=VECTOR('',#8577,1.);
#5013=VECTOR('',#8580,1.);
#5014=VECTOR('',#8581,1.);
#5015=VECTOR('',#8582,1.);
#5016=VECTOR('',#8583,1.);
#5017=VECTOR('',#8586,1.);
#5018=VECTOR('',#8587,1.);
#5019=VECTOR('',#8588,1.);
#5020=VECTOR('',#8591,1.);
#5021=VECTOR('',#8592,1.);
#5022=VECTOR('',#8593,1.);
#5023=VECTOR('',#8596,1.);
#5024=VECTOR('',#8597,1.);
#5025=VECTOR('',#8598,1.);
#5026=VECTOR('',#8599,1.);
#5027=VECTOR('',#8602,1.);
#5028=VECTOR('',#8603,1.);
#5029=VECTOR('',#8604,1.);
#5030=VECTOR('',#8607,1.);
#5031=VECTOR('',#8608,1.);
#5032=VECTOR('',#8609,1.);
#5033=VECTOR('',#8612,1.);
#5034=VECTOR('',#8613,1.);
#5035=VECTOR('',#8614,1.);
#5036=VECTOR('',#8615,1.);
#5037=VECTOR('',#8618,1.);
#5038=VECTOR('',#8619,1.);
#5039=VECTOR('',#8620,1.);
#5040=VECTOR('',#8623,1.);
#5041=VECTOR('',#8624,1.);
#5042=VECTOR('',#8625,1.);
#5043=VECTOR('',#8628,1.);
#5044=VECTOR('',#8629,1.);
#5045=VECTOR('',#8630,1.);
#5046=VECTOR('',#8631,1.);
#5047=VECTOR('',#8634,1.);
#5048=VECTOR('',#8635,1.);
#5049=VECTOR('',#8636,1.);
#5050=VECTOR('',#8639,1.);
#5051=VECTOR('',#8640,1.);
#5052=VECTOR('',#8641,1.);
#5053=VECTOR('',#8644,1.);
#5054=VECTOR('',#8645,1.);
#5055=VECTOR('',#8646,1.);
#5056=VECTOR('',#8647,1.);
#5057=VECTOR('',#8650,1.);
#5058=VECTOR('',#8651,1.);
#5059=VECTOR('',#8652,1.);
#5060=VECTOR('',#8655,1.);
#5061=VECTOR('',#8656,1.);
#5062=VECTOR('',#8657,1.);
#5063=VECTOR('',#8660,1.);
#5064=VECTOR('',#8661,1.);
#5065=VECTOR('',#8662,1.);
#5066=VECTOR('',#8663,1.);
#5067=VECTOR('',#8666,1.);
#5068=VECTOR('',#8667,1.);
#5069=VECTOR('',#8668,1.);
#5070=VECTOR('',#8671,1.);
#5071=VECTOR('',#8672,1.);
#5072=VECTOR('',#8673,1.);
#5073=VECTOR('',#8676,1.);
#5074=VECTOR('',#8677,1.);
#5075=VECTOR('',#8678,1.);
#5076=VECTOR('',#8679,1.);
#5077=VECTOR('',#8682,1.);
#5078=VECTOR('',#8683,1.);
#5079=VECTOR('',#8684,1.);
#5080=VECTOR('',#8687,1.);
#5081=VECTOR('',#8688,1.);
#5082=VECTOR('',#8689,1.);
#5083=VECTOR('',#8692,1.);
#5084=VECTOR('',#8693,1.);
#5085=VECTOR('',#8694,1.);
#5086=VECTOR('',#8695,1.);
#5087=VECTOR('',#8698,1.);
#5088=VECTOR('',#8699,1.);
#5089=VECTOR('',#8700,1.);
#5090=VECTOR('',#8703,1.);
#5091=VECTOR('',#8704,1.);
#5092=VECTOR('',#8705,1.);
#5093=VECTOR('',#8708,1.);
#5094=VECTOR('',#8709,1.);
#5095=VECTOR('',#8710,1.);
#5096=VECTOR('',#8711,1.);
#5097=VECTOR('',#8714,1.);
#5098=VECTOR('',#8715,1.);
#5099=VECTOR('',#8716,1.);
#5100=VECTOR('',#8719,1.);
#5101=VECTOR('',#8720,1.);
#5102=VECTOR('',#8721,1.);
#5103=VECTOR('',#8724,1.);
#5104=VECTOR('',#8725,1.);
#5105=VECTOR('',#8726,1.);
#5106=VECTOR('',#8727,1.);
#5107=VECTOR('',#8730,1.);
#5108=VECTOR('',#8731,1.);
#5109=VECTOR('',#8732,1.);
#5110=VECTOR('',#8735,1.);
#5111=VECTOR('',#8736,1.);
#5112=VECTOR('',#8737,1.);
#5113=VECTOR('',#8740,1.);
#5114=VECTOR('',#8741,1.);
#5115=VECTOR('',#8742,1.);
#5116=VECTOR('',#8743,1.);
#5117=VECTOR('',#8746,1.);
#5118=VECTOR('',#8747,1.);
#5119=VECTOR('',#8748,1.);
#5120=VECTOR('',#8751,1.);
#5121=VECTOR('',#8752,1.);
#5122=VECTOR('',#8753,1.);
#5123=VECTOR('',#8756,1.);
#5124=VECTOR('',#8757,1.);
#5125=VECTOR('',#8758,1.);
#5126=VECTOR('',#8759,1.);
#5127=VECTOR('',#8762,1.);
#5128=VECTOR('',#8763,1.);
#5129=VECTOR('',#8764,1.);
#5130=VECTOR('',#8767,1.);
#5131=VECTOR('',#8768,1.);
#5132=VECTOR('',#8769,1.);
#5133=VECTOR('',#8772,1.);
#5134=VECTOR('',#8773,1.);
#5135=VECTOR('',#8774,1.);
#5136=VECTOR('',#8775,1.);
#5137=VECTOR('',#8778,1.);
#5138=VECTOR('',#8779,1.);
#5139=VECTOR('',#8780,1.);
#5140=VECTOR('',#8783,1.);
#5141=VECTOR('',#8784,1.);
#5142=VECTOR('',#8785,1.);
#5143=VECTOR('',#8788,1.);
#5144=VECTOR('',#8789,1.);
#5145=VECTOR('',#8790,1.);
#5146=VECTOR('',#8791,1.);
#5147=VECTOR('',#8794,1.);
#5148=VECTOR('',#8795,1.);
#5149=VECTOR('',#8796,1.);
#5150=VECTOR('',#8799,1.);
#5151=VECTOR('',#8800,1.);
#5152=VECTOR('',#8801,1.);
#5153=VECTOR('',#8804,1.);
#5154=VECTOR('',#8805,1.);
#5155=VECTOR('',#8806,1.);
#5156=VECTOR('',#8807,1.);
#5157=VECTOR('',#8810,1.);
#5158=VECTOR('',#8811,1.);
#5159=VECTOR('',#8812,1.);
#5160=VECTOR('',#8815,1.);
#5161=VECTOR('',#8816,1.);
#5162=VECTOR('',#8817,1.);
#5163=VECTOR('',#8820,1.);
#5164=VECTOR('',#8821,1.);
#5165=VECTOR('',#8822,1.);
#5166=VECTOR('',#8823,1.);
#5167=VECTOR('',#8826,1.);
#5168=VECTOR('',#8827,1.);
#5169=VECTOR('',#8828,1.);
#5170=VECTOR('',#8831,1.);
#5171=VECTOR('',#8832,1.);
#5172=VECTOR('',#8833,1.);
#5173=VECTOR('',#8836,1.);
#5174=VECTOR('',#8837,1.);
#5175=VECTOR('',#8838,1.);
#5176=VECTOR('',#8839,1.);
#5177=VECTOR('',#8842,1.);
#5178=VECTOR('',#8843,1.);
#5179=VECTOR('',#8844,1.);
#5180=VECTOR('',#8847,1.);
#5181=VECTOR('',#8848,1.);
#5182=VECTOR('',#8849,1.);
#5183=VECTOR('',#8852,1.);
#5184=VECTOR('',#8853,1.);
#5185=VECTOR('',#8854,1.);
#5186=VECTOR('',#8855,1.);
#5187=VECTOR('',#8858,1.);
#5188=VECTOR('',#8859,1.);
#5189=VECTOR('',#8860,1.);
#5190=VECTOR('',#8863,1.);
#5191=VECTOR('',#8864,1.);
#5192=VECTOR('',#8865,1.);
#5193=VECTOR('',#8868,1.);
#5194=VECTOR('',#8869,1.);
#5195=VECTOR('',#8870,1.);
#5196=VECTOR('',#8871,1.);
#5197=VECTOR('',#8874,1.);
#5198=VECTOR('',#8875,1.);
#5199=VECTOR('',#8876,1.);
#5200=VECTOR('',#8879,1.);
#5201=VECTOR('',#8880,1.);
#5202=VECTOR('',#8881,1.);
#5203=VECTOR('',#8884,1.);
#5204=VECTOR('',#8885,1.);
#5205=VECTOR('',#8886,1.);
#5206=VECTOR('',#8887,1.);
#5207=VECTOR('',#8890,1.);
#5208=VECTOR('',#8891,1.);
#5209=VECTOR('',#8892,1.);
#5210=VECTOR('',#8895,1.);
#5211=VECTOR('',#8896,1.);
#5212=VECTOR('',#8897,1.);
#5213=VECTOR('',#8900,1.);
#5214=VECTOR('',#8901,1.);
#5215=VECTOR('',#8902,1.);
#5216=VECTOR('',#8903,1.);
#5217=VECTOR('',#8906,1.);
#5218=VECTOR('',#8907,1.);
#5219=VECTOR('',#8908,1.);
#5220=VECTOR('',#8911,1.);
#5221=VECTOR('',#8912,1.);
#5222=VECTOR('',#8913,1.);
#5223=VECTOR('',#8916,1.);
#5224=VECTOR('',#8917,1.);
#5225=VECTOR('',#8918,1.);
#5226=VECTOR('',#8921,1.);
#5227=VECTOR('',#8922,1.);
#5228=VECTOR('',#8925,1.);
#5229=VECTOR('',#8926,1.);
#5230=VECTOR('',#8929,1.);
#5231=VECTOR('',#8930,1.);
#5232=VECTOR('',#8933,1.);
#5233=VECTOR('',#8934,1.);
#5234=VECTOR('',#8937,1.);
#5235=VECTOR('',#8938,1.);
#5236=VECTOR('',#8941,1.);
#5237=VECTOR('',#8942,1.);
#5238=VECTOR('',#8945,1.);
#5239=VECTOR('',#8946,1.);
#5240=VECTOR('',#8949,1.);
#5241=VECTOR('',#8950,1.);
#5242=VECTOR('',#8953,1.);
#5243=VECTOR('',#8954,1.);
#5244=VECTOR('',#8957,1.);
#5245=VECTOR('',#8958,1.);
#5246=VECTOR('',#8961,1.);
#5247=VECTOR('',#8962,1.);
#5248=VECTOR('',#8965,1.);
#5249=VECTOR('',#8966,1.);
#5250=VECTOR('',#8969,1.);
#5251=VECTOR('',#8970,1.);
#5252=VECTOR('',#8973,1.);
#5253=VECTOR('',#8974,1.);
#5254=VECTOR('',#8977,1.);
#5255=VECTOR('',#8978,1.);
#5256=VECTOR('',#8981,1.);
#5257=VECTOR('',#8982,1.);
#5258=VECTOR('',#8985,1.);
#5259=VECTOR('',#8986,1.);
#5260=VECTOR('',#8989,1.);
#5261=VECTOR('',#8990,1.);
#5262=VECTOR('',#8993,1.);
#5263=VECTOR('',#8994,1.);
#5264=VECTOR('',#8997,1.);
#5265=VECTOR('',#8998,1.);
#5266=VECTOR('',#9001,1.);
#5267=VECTOR('',#9002,1.);
#5268=VECTOR('',#9005,1.);
#5269=VECTOR('',#9006,1.);
#5270=VECTOR('',#9009,1.);
#5271=VECTOR('',#9010,1.);
#5272=VECTOR('',#9013,1.);
#5273=VECTOR('',#9014,1.);
#5274=VECTOR('',#9017,1.);
#5275=VECTOR('',#9018,1.);
#5276=VECTOR('',#9021,1.);
#5277=VECTOR('',#9022,1.);
#5278=VECTOR('',#9025,1.);
#5279=VECTOR('',#9028,1.);
#5280=VECTOR('',#9029,1.);
#5281=VECTOR('',#9084,1.);
#5282=VECTOR('',#9085,1.);
#5283=VECTOR('',#9088,1.);
#5284=VECTOR('',#9089,1.);
#5285=VECTOR('',#9090,1.);
#5286=VECTOR('',#9091,1.);
#5287=VECTOR('',#9094,1.);
#5288=VECTOR('',#9095,1.);
#5289=VECTOR('',#9096,1.);
#5290=VECTOR('',#9097,1.);
#5291=VECTOR('',#9100,1.);
#5292=VECTOR('',#9101,1.);
#5293=VECTOR('',#9102,1.);
#5294=VECTOR('',#9103,1.);
#5295=VECTOR('',#9106,1.);
#5296=VECTOR('',#9111,1.);
#5297=VECTOR('',#9114,1.);
#5298=VECTOR('',#9115,1.);
#5299=VECTOR('',#9116,1.);
#5300=VECTOR('',#9119,1.);
#5301=VECTOR('',#9124,1.);
#5302=VECTOR('',#9127,1.);
#5303=VECTOR('',#9132,1.);
#5304=VECTOR('',#9133,1.);
#5305=VECTOR('',#9136,1.);
#5306=VECTOR('',#9137,1.);
#5307=VECTOR('',#9282,1.);
#5308=VECTOR('',#9283,1.);
#5309=VECTOR('',#9286,1.);
#5310=VECTOR('',#9289,1.);
#5311=VECTOR('',#9292,1.);
#5312=VECTOR('',#9295,1.);
#5313=VECTOR('',#9298,1.);
#5314=VECTOR('',#9301,1.);
#5315=VECTOR('',#9306,1.);
#5316=VECTOR('',#9309,1.);
#5317=VECTOR('',#9312,1.);
#5318=VECTOR('',#9315,1.);
#5319=VECTOR('',#9318,1.);
#5320=VECTOR('',#9321,1.);
#5321=VECTOR('',#9326,1.);
#5322=VECTOR('',#9329,1.);
#5323=VECTOR('',#9332,1.);
#5324=VECTOR('',#9335,1.);
#5325=VECTOR('',#9338,1.);
#5326=VECTOR('',#9341,1.);
#5327=VECTOR('',#9344,1.);
#5328=VECTOR('',#9347,1.);
#5329=VECTOR('',#9350,1.);
#5330=VECTOR('',#9353,1.);
#5331=VECTOR('',#9356,1.);
#5332=VECTOR('',#9359,1.);
#5333=VECTOR('',#9362,1.);
#5334=VECTOR('',#9365,1.);
#5335=VECTOR('',#9368,1.);
#5336=VECTOR('',#9371,1.);
#5337=VECTOR('',#9374,1.);
#5338=VECTOR('',#9377,1.);
#5339=VECTOR('',#9380,1.);
#5340=VECTOR('',#9383,1.);
#5341=VECTOR('',#9386,1.);
#5342=VECTOR('',#9389,1.);
#5343=VECTOR('',#9394,1.);
#5344=VECTOR('',#9397,1.);
#5345=VECTOR('',#9400,1.);
#5346=VECTOR('',#9403,1.);
#5347=VECTOR('',#9408,1.);
#5348=VECTOR('',#9409,1.);
#5349=VECTOR('',#9412,1.);
#5350=VECTOR('',#9415,1.);
#5351=VECTOR('',#9418,1.);
#5352=VECTOR('',#9421,1.);
#5353=VECTOR('',#9424,1.);
#5354=VECTOR('',#9427,1.);
#5355=VECTOR('',#9430,1.);
#5356=VECTOR('',#9433,1.);
#5357=VECTOR('',#9436,1.);
#5358=VECTOR('',#9439,1.);
#5359=VECTOR('',#9442,1.);
#5360=VECTOR('',#9445,1.);
#5361=VECTOR('',#9448,1.);
#5362=VECTOR('',#9451,1.);
#5363=VECTOR('',#9454,1.);
#5364=VECTOR('',#9457,1.);
#5365=VECTOR('',#9460,1.);
#5366=VECTOR('',#9463,1.);
#5367=VECTOR('',#9468,1.);
#5368=VECTOR('',#9471,1.);
#5369=VECTOR('',#9476,1.);
#5370=VECTOR('',#9485,1.);
#5371=VECTOR('',#9490,1.);
#5372=VECTOR('',#9493,1.);
#5373=VECTOR('',#9496,1.);
#5374=VECTOR('',#9503,1.);
#5375=VECTOR('',#9506,1.);
#5376=VECTOR('',#9509,1.);
#5377=VECTOR('',#9522,1.);
#5378=VECTOR('',#9525,1.);
#5379=VECTOR('',#9530,1.);
#5380=VECTOR('',#9531,1.);
#5381=VECTOR('',#9532,1.);
#5382=VECTOR('',#9537,1.);
#5383=VECTOR('',#9542,1.);
#5384=VECTOR('',#9543,1.);
#5385=VECTOR('',#9548,1.);
#5386=VECTOR('',#9551,1.);
#5387=VECTOR('',#9556,1.);
#5388=VECTOR('',#9557,1.);
#5389=VECTOR('',#9558,1.);
#5390=VECTOR('',#9563,1.);
#5391=VECTOR('',#9568,1.);
#5392=VECTOR('',#9569,1.);
#5393=VECTOR('',#9574,1.);
#5394=VECTOR('',#9575,1.);
#5395=VECTOR('',#9578,1.);
#5396=VECTOR('',#9581,1.);
#5397=VECTOR('',#9586,1.);
#5398=VECTOR('',#9587,1.);
#5399=VECTOR('',#9590,1.);
#5400=VECTOR('',#9593,1.);
#5401=EDGE_LOOP('',(#370,#371,#372,#373,#374,#375,#376,#377,#378,#379,#380,
#381));
#5402=EDGE_LOOP('',(#382,#383,#384,#385));
#5403=EDGE_LOOP('',(#386,#387,#388,#389));
#5404=EDGE_LOOP('',(#390,#391,#392,#393,#394,#395,#396,#397));
#5405=EDGE_LOOP('',(#398,#399,#400,#401,#402,#403,#404,#405,#406,#407,#408,
#409,#410,#411,#412,#413,#414,#415,#416,#417));
#5406=EDGE_LOOP('',(#418,#419,#420,#421));
#5407=EDGE_LOOP('',(#422,#423,#424,#425));
#5408=EDGE_LOOP('',(#426,#427,#428,#429,#430,#431,#432,#433));
#5409=EDGE_LOOP('',(#434,#435,#436,#437));
#5410=EDGE_LOOP('',(#438,#439,#440,#441));
#5411=EDGE_LOOP('',(#442,#443,#444,#445,#446,#447,#448,#449,#450,#451,#452,
#453));
#5412=EDGE_LOOP('',(#454,#455,#456,#457));
#5413=EDGE_LOOP('',(#458,#459,#460,#461,#462,#463,#464,#465,#466,#467,#468,
#469,#470,#471,#472,#473));
#5414=EDGE_LOOP('',(#474,#475,#476,#477));
#5415=EDGE_LOOP('',(#478,#479,#480,#481));
#5416=EDGE_LOOP('',(#482,#483,#484,#485,#486,#487,#488,#489,#490,#491,#492,
#493,#494,#495,#496,#497,#498,#499,#500,#501,#502,#503,#504,#505,#506,#507,
#508,#509,#510,#511,#512,#513,#514,#515));
#5417=EDGE_LOOP('',(#516));
#5418=EDGE_LOOP('',(#517));
#5419=EDGE_LOOP('',(#518));
#5420=EDGE_LOOP('',(#519));
#5421=EDGE_LOOP('',(#520));
#5422=EDGE_LOOP('',(#521));
#5423=EDGE_LOOP('',(#522));
#5424=EDGE_LOOP('',(#523,#524,#525,#526,#527,#528,#529));
#5425=EDGE_LOOP('',(#530));
#5426=EDGE_LOOP('',(#531,#532,#533,#534,#535,#536,#537,#538));
#5427=EDGE_LOOP('',(#539,#540,#541,#542,#543,#544,#545,#546,#547));
#5428=EDGE_LOOP('',(#548,#549,#550,#551,#552,#553,#554));
#5429=EDGE_LOOP('',(#555));
#5430=EDGE_LOOP('',(#556,#557,#558,#559,#560,#561));
#5431=EDGE_LOOP('',(#562));
#5432=EDGE_LOOP('',(#563,#564,#565,#566,#567,#568,#569,#570));
#5433=EDGE_LOOP('',(#571,#572,#573,#574,#575,#576,#577,#578));
#5434=EDGE_LOOP('',(#579));
#5435=EDGE_LOOP('',(#580,#581,#582,#583,#584,#585));
#5436=EDGE_LOOP('',(#586,#587,#588,#589,#590,#591));
#5437=EDGE_LOOP('',(#592));
#5438=EDGE_LOOP('',(#593,#594,#595,#596,#597,#598,#599,#600,#601));
#5439=EDGE_LOOP('',(#602,#603,#604,#605));
#5440=EDGE_LOOP('',(#606,#607,#608,#609,#610,#611,#612,#613));
#5441=EDGE_LOOP('',(#614,#615,#616,#617,#618,#619));
#5442=EDGE_LOOP('',(#620,#621,#622,#623,#624,#625));
#5443=EDGE_LOOP('',(#626,#627,#628,#629));
#5444=EDGE_LOOP('',(#630,#631,#632,#633,#634,#635,#636,#637,#638,#639,#640,
#641));
#5445=EDGE_LOOP('',(#642,#643,#644,#645));
#5446=EDGE_LOOP('',(#646,#647,#648,#649,#650,#651,#652,#653,#654,#655,#656));
#5447=EDGE_LOOP('',(#657,#658,#659,#660,#661,#662,#663,#664));
#5448=EDGE_LOOP('',(#665,#666,#667,#668,#669,#670,#671,#672));
#5449=EDGE_LOOP('',(#673,#674,#675,#676,#677,#678,#679,#680));
#5450=EDGE_LOOP('',(#681,#682,#683,#684));
#5451=EDGE_LOOP('',(#685,#686,#687,#688));
#5452=EDGE_LOOP('',(#689,#690,#691,#692));
#5453=EDGE_LOOP('',(#693,#694,#695,#696,#697,#698,#699,#700));
#5454=EDGE_LOOP('',(#701));
#5455=EDGE_LOOP('',(#702,#703,#704,#705,#706,#707,#708,#709));
#5456=EDGE_LOOP('',(#710));
#5457=EDGE_LOOP('',(#711,#712,#713,#714,#715,#716));
#5458=EDGE_LOOP('',(#717));
#5459=EDGE_LOOP('',(#718,#719,#720,#721));
#5460=EDGE_LOOP('',(#722,#723,#724,#725));
#5461=EDGE_LOOP('',(#726,#727,#728,#729));
#5462=EDGE_LOOP('',(#730,#731,#732,#733));
#5463=EDGE_LOOP('',(#734,#735,#736,#737));
#5464=EDGE_LOOP('',(#738,#739,#740));
#5465=EDGE_LOOP('',(#741,#742,#743));
#5466=EDGE_LOOP('',(#744,#745,#746,#747));
#5467=EDGE_LOOP('',(#748,#749,#750,#751));
#5468=EDGE_LOOP('',(#752,#753,#754));
#5469=EDGE_LOOP('',(#755,#756,#757));
#5470=EDGE_LOOP('',(#758,#759,#760,#761));
#5471=EDGE_LOOP('',(#762));
#5472=EDGE_LOOP('',(#763));
#5473=EDGE_LOOP('',(#764));
#5474=EDGE_LOOP('',(#765));
#5475=EDGE_LOOP('',(#766));
#5476=EDGE_LOOP('',(#767));
#5477=EDGE_LOOP('',(#768));
#5478=EDGE_LOOP('',(#769));
#5479=EDGE_LOOP('',(#770));
#5480=EDGE_LOOP('',(#771));
#5481=EDGE_LOOP('',(#772));
#5482=EDGE_LOOP('',(#773));
#5483=EDGE_LOOP('',(#774));
#5484=EDGE_LOOP('',(#775));
#5485=EDGE_LOOP('',(#776));
#5486=EDGE_LOOP('',(#777));
#5487=EDGE_LOOP('',(#778));
#5488=EDGE_LOOP('',(#779));
#5489=EDGE_LOOP('',(#780));
#5490=EDGE_LOOP('',(#781));
#5491=EDGE_LOOP('',(#782));
#5492=EDGE_LOOP('',(#783));
#5493=EDGE_LOOP('',(#784));
#5494=EDGE_LOOP('',(#785));
#5495=EDGE_LOOP('',(#786,#787,#788,#789));
#5496=EDGE_LOOP('',(#790,#791,#792,#793));
#5497=EDGE_LOOP('',(#794,#795,#796,#797));
#5498=EDGE_LOOP('',(#798,#799,#800,#801));
#5499=EDGE_LOOP('',(#802,#803,#804,#805));
#5500=EDGE_LOOP('',(#806,#807,#808,#809));
#5501=EDGE_LOOP('',(#810,#811,#812,#813));
#5502=EDGE_LOOP('',(#814,#815,#816,#817,#818,#819,#820));
#5503=EDGE_LOOP('',(#821,#822,#823,#824));
#5504=EDGE_LOOP('',(#825,#826,#827,#828));
#5505=EDGE_LOOP('',(#829,#830,#831,#832,#833,#834,#835));
#5506=EDGE_LOOP('',(#836,#837,#838,#839,#840,#841,#842,#843));
#5507=EDGE_LOOP('',(#844,#845,#846,#847,#848));
#5508=EDGE_LOOP('',(#849,#850,#851,#852));
#5509=EDGE_LOOP('',(#853,#854,#855,#856));
#5510=EDGE_LOOP('',(#857,#858,#859,#860,#861,#862,#863,#864,#865,#866,#867,
#868,#869,#870));
#5511=EDGE_LOOP('',(#871,#872,#873,#874));
#5512=EDGE_LOOP('',(#875,#876,#877,#878));
#5513=EDGE_LOOP('',(#879,#880,#881,#882,#883));
#5514=EDGE_LOOP('',(#884,#885,#886,#887,#888,#889,#890,#891,#892,#893,#894,
#895,#896,#897));
#5515=EDGE_LOOP('',(#898,#899,#900,#901,#902,#903,#904));
#5516=EDGE_LOOP('',(#905,#906,#907,#908));
#5517=EDGE_LOOP('',(#909,#910,#911,#912,#913,#914,#915,#916));
#5518=EDGE_LOOP('',(#917,#918,#919,#920));
#5519=EDGE_LOOP('',(#921,#922,#923,#924));
#5520=EDGE_LOOP('',(#925,#926,#927,#928,#929));
#5521=EDGE_LOOP('',(#930,#931,#932,#933,#934,#935,#936,#937));
#5522=EDGE_LOOP('',(#938,#939,#940,#941));
#5523=EDGE_LOOP('',(#942,#943,#944,#945,#946,#947,#948));
#5524=EDGE_LOOP('',(#949,#950,#951,#952,#953,#954));
#5525=EDGE_LOOP('',(#955,#956,#957,#958));
#5526=EDGE_LOOP('',(#959,#960,#961,#962));
#5527=EDGE_LOOP('',(#963,#964,#965,#966,#967));
#5528=EDGE_LOOP('',(#968,#969,#970,#971,#972,#973,#974,#975));
#5529=EDGE_LOOP('',(#976,#977,#978,#979));
#5530=EDGE_LOOP('',(#980,#981,#982,#983));
#5531=EDGE_LOOP('',(#984,#985,#986,#987));
#5532=EDGE_LOOP('',(#988,#989,#990,#991));
#5533=EDGE_LOOP('',(#992,#993,#994,#995));
#5534=EDGE_LOOP('',(#996,#997,#998,#999));
#5535=EDGE_LOOP('',(#1000,#1001,#1002,#1003));
#5536=EDGE_LOOP('',(#1004,#1005,#1006,#1007));
#5537=EDGE_LOOP('',(#1008,#1009,#1010,#1011));
#5538=EDGE_LOOP('',(#1012,#1013,#1014));
#5539=EDGE_LOOP('',(#1015,#1016,#1017));
#5540=EDGE_LOOP('',(#1018,#1019,#1020,#1021));
#5541=EDGE_LOOP('',(#1022,#1023,#1024,#1025));
#5542=EDGE_LOOP('',(#1026,#1027,#1028,#1029));
#5543=EDGE_LOOP('',(#1030));
#5544=EDGE_LOOP('',(#1031));
#5545=EDGE_LOOP('',(#1032));
#5546=EDGE_LOOP('',(#1033));
#5547=EDGE_LOOP('',(#1034));
#5548=EDGE_LOOP('',(#1035));
#5549=EDGE_LOOP('',(#1036));
#5550=EDGE_LOOP('',(#1037));
#5551=EDGE_LOOP('',(#1038));
#5552=EDGE_LOOP('',(#1039));
#5553=EDGE_LOOP('',(#1040));
#5554=EDGE_LOOP('',(#1041));
#5555=EDGE_LOOP('',(#1042));
#5556=EDGE_LOOP('',(#1043));
#5557=EDGE_LOOP('',(#1044));
#5558=EDGE_LOOP('',(#1045));
#5559=EDGE_LOOP('',(#1046));
#5560=EDGE_LOOP('',(#1047));
#5561=EDGE_LOOP('',(#1048));
#5562=EDGE_LOOP('',(#1049));
#5563=EDGE_LOOP('',(#1050));
#5564=EDGE_LOOP('',(#1051,#1052,#1053,#1054,#1055,#1056));
#5565=EDGE_LOOP('',(#1057,#1058,#1059,#1060,#1061));
#5566=EDGE_LOOP('',(#1062,#1063,#1064,#1065));
#5567=EDGE_LOOP('',(#1066,#1067,#1068,#1069));
#5568=EDGE_LOOP('',(#1070,#1071,#1072,#1073));
#5569=EDGE_LOOP('',(#1074,#1075,#1076,#1077));
#5570=EDGE_LOOP('',(#1078,#1079,#1080,#1081));
#5571=EDGE_LOOP('',(#1082,#1083,#1084,#1085));
#5572=EDGE_LOOP('',(#1086,#1087,#1088,#1089));
#5573=EDGE_LOOP('',(#1090,#1091,#1092,#1093));
#5574=EDGE_LOOP('',(#1094,#1095,#1096,#1097));
#5575=EDGE_LOOP('',(#1098,#1099,#1100,#1101));
#5576=EDGE_LOOP('',(#1102,#1103,#1104,#1105));
#5577=EDGE_LOOP('',(#1106,#1107,#1108,#1109));
#5578=EDGE_LOOP('',(#1110,#1111,#1112,#1113));
#5579=EDGE_LOOP('',(#1114,#1115,#1116,#1117));
#5580=EDGE_LOOP('',(#1118,#1119,#1120,#1121));
#5581=EDGE_LOOP('',(#1122,#1123,#1124,#1125));
#5582=EDGE_LOOP('',(#1126,#1127,#1128,#1129));
#5583=EDGE_LOOP('',(#1130,#1131,#1132,#1133));
#5584=EDGE_LOOP('',(#1134,#1135,#1136,#1137));
#5585=EDGE_LOOP('',(#1138,#1139,#1140,#1141));
#5586=EDGE_LOOP('',(#1142,#1143,#1144,#1145));
#5587=EDGE_LOOP('',(#1146,#1147,#1148,#1149));
#5588=EDGE_LOOP('',(#1150,#1151,#1152,#1153));
#5589=EDGE_LOOP('',(#1154,#1155,#1156,#1157));
#5590=EDGE_LOOP('',(#1158,#1159,#1160,#1161));
#5591=EDGE_LOOP('',(#1162,#1163,#1164,#1165));
#5592=EDGE_LOOP('',(#1166,#1167,#1168,#1169));
#5593=EDGE_LOOP('',(#1170,#1171,#1172,#1173));
#5594=EDGE_LOOP('',(#1174,#1175,#1176,#1177));
#5595=EDGE_LOOP('',(#1178,#1179,#1180,#1181));
#5596=EDGE_LOOP('',(#1182,#1183,#1184,#1185));
#5597=EDGE_LOOP('',(#1186,#1187,#1188,#1189));
#5598=EDGE_LOOP('',(#1190,#1191,#1192,#1193));
#5599=EDGE_LOOP('',(#1194,#1195,#1196,#1197));
#5600=EDGE_LOOP('',(#1198,#1199,#1200,#1201));
#5601=EDGE_LOOP('',(#1202,#1203,#1204,#1205));
#5602=EDGE_LOOP('',(#1206,#1207,#1208,#1209));
#5603=EDGE_LOOP('',(#1210,#1211,#1212,#1213));
#5604=EDGE_LOOP('',(#1214,#1215,#1216,#1217));
#5605=EDGE_LOOP('',(#1218,#1219,#1220,#1221));
#5606=EDGE_LOOP('',(#1222,#1223,#1224,#1225));
#5607=EDGE_LOOP('',(#1226,#1227,#1228,#1229));
#5608=EDGE_LOOP('',(#1230,#1231,#1232,#1233));
#5609=EDGE_LOOP('',(#1234,#1235,#1236,#1237));
#5610=EDGE_LOOP('',(#1238,#1239,#1240,#1241));
#5611=EDGE_LOOP('',(#1242,#1243,#1244,#1245));
#5612=EDGE_LOOP('',(#1246,#1247,#1248,#1249));
#5613=EDGE_LOOP('',(#1250,#1251,#1252,#1253));
#5614=EDGE_LOOP('',(#1254,#1255,#1256,#1257));
#5615=EDGE_LOOP('',(#1258,#1259,#1260,#1261));
#5616=EDGE_LOOP('',(#1262,#1263,#1264,#1265));
#5617=EDGE_LOOP('',(#1266,#1267,#1268,#1269));
#5618=EDGE_LOOP('',(#1270,#1271,#1272,#1273));
#5619=EDGE_LOOP('',(#1274,#1275,#1276,#1277));
#5620=EDGE_LOOP('',(#1278,#1279,#1280,#1281));
#5621=EDGE_LOOP('',(#1282,#1283,#1284,#1285));
#5622=EDGE_LOOP('',(#1286,#1287,#1288,#1289));
#5623=EDGE_LOOP('',(#1290,#1291,#1292,#1293));
#5624=EDGE_LOOP('',(#1294,#1295,#1296,#1297));
#5625=EDGE_LOOP('',(#1298,#1299,#1300,#1301));
#5626=EDGE_LOOP('',(#1302,#1303,#1304,#1305));
#5627=EDGE_LOOP('',(#1306,#1307,#1308,#1309));
#5628=EDGE_LOOP('',(#1310,#1311,#1312,#1313));
#5629=EDGE_LOOP('',(#1314,#1315,#1316,#1317));
#5630=EDGE_LOOP('',(#1318,#1319,#1320,#1321));
#5631=EDGE_LOOP('',(#1322,#1323,#1324,#1325));
#5632=EDGE_LOOP('',(#1326,#1327,#1328,#1329));
#5633=EDGE_LOOP('',(#1330,#1331,#1332,#1333));
#5634=EDGE_LOOP('',(#1334,#1335,#1336,#1337));
#5635=EDGE_LOOP('',(#1338,#1339,#1340,#1341));
#5636=EDGE_LOOP('',(#1342,#1343,#1344,#1345));
#5637=EDGE_LOOP('',(#1346,#1347,#1348,#1349));
#5638=EDGE_LOOP('',(#1350,#1351,#1352,#1353));
#5639=EDGE_LOOP('',(#1354,#1355,#1356,#1357));
#5640=EDGE_LOOP('',(#1358,#1359,#1360,#1361));
#5641=EDGE_LOOP('',(#1362,#1363,#1364,#1365));
#5642=EDGE_LOOP('',(#1366,#1367,#1368,#1369));
#5643=EDGE_LOOP('',(#1370,#1371,#1372,#1373));
#5644=EDGE_LOOP('',(#1374,#1375,#1376,#1377));
#5645=EDGE_LOOP('',(#1378,#1379,#1380,#1381));
#5646=EDGE_LOOP('',(#1382,#1383,#1384,#1385));
#5647=EDGE_LOOP('',(#1386,#1387,#1388,#1389));
#5648=EDGE_LOOP('',(#1390,#1391,#1392,#1393));
#5649=EDGE_LOOP('',(#1394,#1395,#1396,#1397));
#5650=EDGE_LOOP('',(#1398,#1399,#1400,#1401));
#5651=EDGE_LOOP('',(#1402,#1403,#1404,#1405));
#5652=EDGE_LOOP('',(#1406,#1407,#1408,#1409));
#5653=EDGE_LOOP('',(#1410,#1411,#1412,#1413));
#5654=EDGE_LOOP('',(#1414,#1415,#1416,#1417));
#5655=EDGE_LOOP('',(#1418,#1419,#1420,#1421));
#5656=EDGE_LOOP('',(#1422,#1423,#1424,#1425));
#5657=EDGE_LOOP('',(#1426,#1427,#1428,#1429));
#5658=EDGE_LOOP('',(#1430,#1431,#1432,#1433));
#5659=EDGE_LOOP('',(#1434,#1435,#1436,#1437));
#5660=EDGE_LOOP('',(#1438,#1439,#1440,#1441));
#5661=EDGE_LOOP('',(#1442,#1443,#1444,#1445));
#5662=EDGE_LOOP('',(#1446,#1447,#1448,#1449));
#5663=EDGE_LOOP('',(#1450,#1451,#1452,#1453));
#5664=EDGE_LOOP('',(#1454,#1455,#1456,#1457));
#5665=EDGE_LOOP('',(#1458,#1459,#1460,#1461));
#5666=EDGE_LOOP('',(#1462,#1463,#1464,#1465));
#5667=EDGE_LOOP('',(#1466,#1467,#1468,#1469));
#5668=EDGE_LOOP('',(#1470,#1471,#1472,#1473));
#5669=EDGE_LOOP('',(#1474,#1475,#1476,#1477));
#5670=EDGE_LOOP('',(#1478,#1479,#1480,#1481));
#5671=EDGE_LOOP('',(#1482,#1483,#1484,#1485));
#5672=EDGE_LOOP('',(#1486,#1487,#1488,#1489));
#5673=EDGE_LOOP('',(#1490,#1491,#1492,#1493));
#5674=EDGE_LOOP('',(#1494,#1495,#1496,#1497));
#5675=EDGE_LOOP('',(#1498,#1499,#1500,#1501));
#5676=EDGE_LOOP('',(#1502,#1503,#1504,#1505));
#5677=EDGE_LOOP('',(#1506,#1507,#1508,#1509));
#5678=EDGE_LOOP('',(#1510,#1511,#1512,#1513));
#5679=EDGE_LOOP('',(#1514,#1515,#1516,#1517));
#5680=EDGE_LOOP('',(#1518,#1519,#1520,#1521));
#5681=EDGE_LOOP('',(#1522,#1523,#1524,#1525));
#5682=EDGE_LOOP('',(#1526,#1527,#1528,#1529));
#5683=EDGE_LOOP('',(#1530,#1531,#1532,#1533));
#5684=EDGE_LOOP('',(#1534,#1535,#1536,#1537));
#5685=EDGE_LOOP('',(#1538,#1539,#1540,#1541));
#5686=EDGE_LOOP('',(#1542,#1543,#1544,#1545));
#5687=EDGE_LOOP('',(#1546,#1547,#1548,#1549));
#5688=EDGE_LOOP('',(#1550,#1551,#1552,#1553));
#5689=EDGE_LOOP('',(#1554,#1555,#1556,#1557));
#5690=EDGE_LOOP('',(#1558,#1559,#1560,#1561));
#5691=EDGE_LOOP('',(#1562,#1563,#1564,#1565));
#5692=EDGE_LOOP('',(#1566,#1567,#1568,#1569));
#5693=EDGE_LOOP('',(#1570,#1571,#1572,#1573));
#5694=EDGE_LOOP('',(#1574,#1575,#1576,#1577));
#5695=EDGE_LOOP('',(#1578,#1579,#1580,#1581));
#5696=EDGE_LOOP('',(#1582,#1583,#1584,#1585));
#5697=EDGE_LOOP('',(#1586,#1587,#1588,#1589));
#5698=EDGE_LOOP('',(#1590,#1591,#1592,#1593));
#5699=EDGE_LOOP('',(#1594,#1595,#1596,#1597));
#5700=EDGE_LOOP('',(#1598,#1599,#1600,#1601));
#5701=EDGE_LOOP('',(#1602,#1603,#1604,#1605));
#5702=EDGE_LOOP('',(#1606,#1607,#1608,#1609));
#5703=EDGE_LOOP('',(#1610,#1611,#1612,#1613));
#5704=EDGE_LOOP('',(#1614,#1615,#1616,#1617));
#5705=EDGE_LOOP('',(#1618,#1619,#1620,#1621));
#5706=EDGE_LOOP('',(#1622,#1623,#1624,#1625));
#5707=EDGE_LOOP('',(#1626,#1627,#1628,#1629));
#5708=EDGE_LOOP('',(#1630,#1631,#1632,#1633));
#5709=EDGE_LOOP('',(#1634,#1635,#1636,#1637));
#5710=EDGE_LOOP('',(#1638,#1639,#1640,#1641));
#5711=EDGE_LOOP('',(#1642,#1643,#1644,#1645));
#5712=EDGE_LOOP('',(#1646,#1647,#1648,#1649));
#5713=EDGE_LOOP('',(#1650,#1651,#1652,#1653));
#5714=EDGE_LOOP('',(#1654,#1655,#1656,#1657));
#5715=EDGE_LOOP('',(#1658,#1659,#1660,#1661));
#5716=EDGE_LOOP('',(#1662,#1663,#1664,#1665));
#5717=EDGE_LOOP('',(#1666,#1667,#1668,#1669));
#5718=EDGE_LOOP('',(#1670,#1671,#1672,#1673));
#5719=EDGE_LOOP('',(#1674,#1675,#1676,#1677));
#5720=EDGE_LOOP('',(#1678,#1679,#1680,#1681));
#5721=EDGE_LOOP('',(#1682,#1683,#1684,#1685));
#5722=EDGE_LOOP('',(#1686,#1687,#1688,#1689));
#5723=EDGE_LOOP('',(#1690,#1691,#1692,#1693));
#5724=EDGE_LOOP('',(#1694,#1695,#1696,#1697));
#5725=EDGE_LOOP('',(#1698,#1699,#1700,#1701,#1702,#1703,#1704,#1705,#1706,
#1707,#1708,#1709,#1710,#1711,#1712,#1713,#1714,#1715));
#5726=EDGE_LOOP('',(#1716,#1717,#1718,#1719,#1720));
#5727=EDGE_LOOP('',(#1721,#1722,#1723,#1724,#1725));
#5728=EDGE_LOOP('',(#1726,#1727,#1728,#1729));
#5729=EDGE_LOOP('',(#1730,#1731,#1732,#1733));
#5730=EDGE_LOOP('',(#1734,#1735,#1736,#1737));
#5731=EDGE_LOOP('',(#1738,#1739,#1740,#1741));
#5732=EDGE_LOOP('',(#1742,#1743,#1744,#1745));
#5733=EDGE_LOOP('',(#1746,#1747,#1748,#1749));
#5734=EDGE_LOOP('',(#1750,#1751,#1752,#1753));
#5735=EDGE_LOOP('',(#1754,#1755,#1756,#1757));
#5736=EDGE_LOOP('',(#1758,#1759,#1760,#1761));
#5737=EDGE_LOOP('',(#1762,#1763,#1764,#1765));
#5738=EDGE_LOOP('',(#1766,#1767,#1768,#1769));
#5739=EDGE_LOOP('',(#1770,#1771,#1772,#1773));
#5740=EDGE_LOOP('',(#1774,#1775,#1776,#1777));
#5741=EDGE_LOOP('',(#1778,#1779,#1780,#1781));
#5742=EDGE_LOOP('',(#1782,#1783,#1784,#1785));
#5743=EDGE_LOOP('',(#1786,#1787,#1788,#1789));
#5744=EDGE_LOOP('',(#1790,#1791,#1792,#1793));
#5745=EDGE_LOOP('',(#1794,#1795,#1796,#1797));
#5746=EDGE_LOOP('',(#1798,#1799,#1800,#1801));
#5747=EDGE_LOOP('',(#1802,#1803,#1804,#1805));
#5748=EDGE_LOOP('',(#1806,#1807,#1808,#1809));
#5749=EDGE_LOOP('',(#1810,#1811,#1812,#1813));
#5750=EDGE_LOOP('',(#1814,#1815,#1816,#1817));
#5751=EDGE_LOOP('',(#1818,#1819,#1820,#1821));
#5752=EDGE_LOOP('',(#1822,#1823,#1824,#1825));
#5753=EDGE_LOOP('',(#1826,#1827,#1828,#1829));
#5754=EDGE_LOOP('',(#1830,#1831,#1832,#1833));
#5755=EDGE_LOOP('',(#1834,#1835,#1836,#1837));
#5756=EDGE_LOOP('',(#1838,#1839,#1840,#1841));
#5757=EDGE_LOOP('',(#1842,#1843,#1844,#1845));
#5758=EDGE_LOOP('',(#1846,#1847,#1848,#1849));
#5759=EDGE_LOOP('',(#1850,#1851,#1852,#1853));
#5760=EDGE_LOOP('',(#1854,#1855,#1856,#1857));
#5761=EDGE_LOOP('',(#1858,#1859,#1860,#1861));
#5762=EDGE_LOOP('',(#1862,#1863,#1864,#1865));
#5763=EDGE_LOOP('',(#1866,#1867,#1868,#1869));
#5764=EDGE_LOOP('',(#1870,#1871,#1872,#1873));
#5765=EDGE_LOOP('',(#1874,#1875,#1876,#1877));
#5766=EDGE_LOOP('',(#1878,#1879,#1880,#1881));
#5767=EDGE_LOOP('',(#1882,#1883,#1884,#1885));
#5768=EDGE_LOOP('',(#1886,#1887,#1888,#1889));
#5769=EDGE_LOOP('',(#1890,#1891,#1892,#1893));
#5770=EDGE_LOOP('',(#1894,#1895,#1896,#1897));
#5771=EDGE_LOOP('',(#1898,#1899,#1900,#1901));
#5772=EDGE_LOOP('',(#1902,#1903,#1904,#1905));
#5773=EDGE_LOOP('',(#1906,#1907,#1908,#1909));
#5774=EDGE_LOOP('',(#1910,#1911,#1912,#1913));
#5775=EDGE_LOOP('',(#1914,#1915,#1916,#1917));
#5776=EDGE_LOOP('',(#1918,#1919,#1920,#1921));
#5777=EDGE_LOOP('',(#1922,#1923,#1924,#1925));
#5778=EDGE_LOOP('',(#1926,#1927,#1928,#1929));
#5779=EDGE_LOOP('',(#1930,#1931,#1932,#1933));
#5780=EDGE_LOOP('',(#1934,#1935,#1936,#1937));
#5781=EDGE_LOOP('',(#1938,#1939,#1940,#1941));
#5782=EDGE_LOOP('',(#1942,#1943,#1944,#1945));
#5783=EDGE_LOOP('',(#1946,#1947,#1948,#1949));
#5784=EDGE_LOOP('',(#1950,#1951,#1952,#1953));
#5785=EDGE_LOOP('',(#1954,#1955,#1956,#1957));
#5786=EDGE_LOOP('',(#1958,#1959,#1960,#1961));
#5787=EDGE_LOOP('',(#1962,#1963,#1964,#1965));
#5788=EDGE_LOOP('',(#1966,#1967,#1968,#1969));
#5789=EDGE_LOOP('',(#1970,#1971,#1972,#1973));
#5790=EDGE_LOOP('',(#1974,#1975,#1976,#1977));
#5791=EDGE_LOOP('',(#1978,#1979,#1980,#1981));
#5792=EDGE_LOOP('',(#1982,#1983,#1984,#1985));
#5793=EDGE_LOOP('',(#1986,#1987,#1988,#1989));
#5794=EDGE_LOOP('',(#1990,#1991,#1992,#1993));
#5795=EDGE_LOOP('',(#1994,#1995,#1996,#1997));
#5796=EDGE_LOOP('',(#1998,#1999,#2000,#2001));
#5797=EDGE_LOOP('',(#2002,#2003,#2004,#2005));
#5798=EDGE_LOOP('',(#2006,#2007,#2008,#2009));
#5799=EDGE_LOOP('',(#2010,#2011,#2012,#2013));
#5800=EDGE_LOOP('',(#2014,#2015,#2016,#2017));
#5801=EDGE_LOOP('',(#2018,#2019,#2020,#2021));
#5802=EDGE_LOOP('',(#2022,#2023,#2024,#2025));
#5803=EDGE_LOOP('',(#2026,#2027,#2028,#2029));
#5804=EDGE_LOOP('',(#2030,#2031,#2032,#2033));
#5805=EDGE_LOOP('',(#2034,#2035,#2036,#2037));
#5806=EDGE_LOOP('',(#2038,#2039,#2040,#2041));
#5807=EDGE_LOOP('',(#2042,#2043,#2044,#2045,#2046));
#5808=EDGE_LOOP('',(#2047,#2048,#2049,#2050));
#5809=EDGE_LOOP('',(#2051,#2052,#2053,#2054));
#5810=EDGE_LOOP('',(#2055,#2056,#2057,#2058));
#5811=EDGE_LOOP('',(#2059,#2060,#2061,#2062,#2063));
#5812=EDGE_LOOP('',(#2064,#2065,#2066,#2067));
#5813=EDGE_LOOP('',(#2068,#2069,#2070,#2071));
#5814=EDGE_LOOP('',(#2072,#2073,#2074,#2075));
#5815=EDGE_LOOP('',(#2076,#2077,#2078,#2079));
#5816=EDGE_LOOP('',(#2080,#2081,#2082,#2083));
#5817=EDGE_LOOP('',(#2084,#2085,#2086,#2087));
#5818=EDGE_LOOP('',(#2088,#2089,#2090,#2091));
#5819=EDGE_LOOP('',(#2092,#2093,#2094,#2095));
#5820=EDGE_LOOP('',(#2096,#2097,#2098,#2099));
#5821=EDGE_LOOP('',(#2100,#2101,#2102,#2103));
#5822=EDGE_LOOP('',(#2104,#2105,#2106,#2107));
#5823=EDGE_LOOP('',(#2108,#2109,#2110,#2111));
#5824=EDGE_LOOP('',(#2112,#2113,#2114,#2115));
#5825=EDGE_LOOP('',(#2116,#2117,#2118,#2119));
#5826=EDGE_LOOP('',(#2120,#2121,#2122,#2123));
#5827=EDGE_LOOP('',(#2124,#2125,#2126,#2127));
#5828=EDGE_LOOP('',(#2128,#2129,#2130,#2131));
#5829=EDGE_LOOP('',(#2132,#2133,#2134,#2135));
#5830=EDGE_LOOP('',(#2136,#2137,#2138,#2139));
#5831=EDGE_LOOP('',(#2140,#2141,#2142,#2143));
#5832=EDGE_LOOP('',(#2144,#2145,#2146,#2147));
#5833=EDGE_LOOP('',(#2148,#2149,#2150,#2151));
#5834=EDGE_LOOP('',(#2152,#2153,#2154,#2155));
#5835=EDGE_LOOP('',(#2156,#2157,#2158,#2159));
#5836=EDGE_LOOP('',(#2160,#2161,#2162,#2163));
#5837=EDGE_LOOP('',(#2164,#2165,#2166,#2167));
#5838=EDGE_LOOP('',(#2168,#2169,#2170,#2171));
#5839=EDGE_LOOP('',(#2172,#2173,#2174,#2175));
#5840=EDGE_LOOP('',(#2176,#2177,#2178,#2179));
#5841=EDGE_LOOP('',(#2180,#2181,#2182,#2183));
#5842=EDGE_LOOP('',(#2184,#2185,#2186,#2187));
#5843=EDGE_LOOP('',(#2188,#2189,#2190,#2191));
#5844=EDGE_LOOP('',(#2192,#2193,#2194,#2195));
#5845=EDGE_LOOP('',(#2196,#2197,#2198,#2199));
#5846=EDGE_LOOP('',(#2200,#2201,#2202,#2203));
#5847=EDGE_LOOP('',(#2204,#2205,#2206,#2207));
#5848=EDGE_LOOP('',(#2208,#2209,#2210,#2211));
#5849=EDGE_LOOP('',(#2212,#2213,#2214,#2215));
#5850=EDGE_LOOP('',(#2216,#2217,#2218,#2219));
#5851=EDGE_LOOP('',(#2220,#2221,#2222,#2223));
#5852=EDGE_LOOP('',(#2224,#2225,#2226,#2227));
#5853=EDGE_LOOP('',(#2228,#2229,#2230,#2231));
#5854=EDGE_LOOP('',(#2232,#2233,#2234,#2235));
#5855=EDGE_LOOP('',(#2236,#2237,#2238,#2239));
#5856=EDGE_LOOP('',(#2240,#2241,#2242,#2243));
#5857=EDGE_LOOP('',(#2244,#2245,#2246,#2247));
#5858=EDGE_LOOP('',(#2248,#2249,#2250,#2251));
#5859=EDGE_LOOP('',(#2252,#2253,#2254,#2255));
#5860=EDGE_LOOP('',(#2256,#2257,#2258,#2259));
#5861=EDGE_LOOP('',(#2260,#2261,#2262,#2263));
#5862=EDGE_LOOP('',(#2264,#2265,#2266,#2267));
#5863=EDGE_LOOP('',(#2268,#2269,#2270,#2271));
#5864=EDGE_LOOP('',(#2272,#2273,#2274,#2275));
#5865=EDGE_LOOP('',(#2276,#2277,#2278,#2279));
#5866=EDGE_LOOP('',(#2280,#2281,#2282,#2283));
#5867=EDGE_LOOP('',(#2284,#2285,#2286,#2287));
#5868=EDGE_LOOP('',(#2288,#2289,#2290,#2291));
#5869=EDGE_LOOP('',(#2292,#2293,#2294,#2295));
#5870=EDGE_LOOP('',(#2296,#2297,#2298,#2299));
#5871=EDGE_LOOP('',(#2300,#2301,#2302,#2303));
#5872=EDGE_LOOP('',(#2304,#2305,#2306,#2307));
#5873=EDGE_LOOP('',(#2308,#2309,#2310,#2311));
#5874=EDGE_LOOP('',(#2312,#2313,#2314,#2315));
#5875=EDGE_LOOP('',(#2316,#2317,#2318,#2319));
#5876=FACE_BOUND('',#5401,.T.);
#5877=FACE_BOUND('',#5402,.T.);
#5878=FACE_BOUND('',#5403,.T.);
#5879=FACE_BOUND('',#5404,.T.);
#5880=FACE_BOUND('',#5405,.T.);
#5881=FACE_BOUND('',#5406,.T.);
#5882=FACE_BOUND('',#5407,.T.);
#5883=FACE_BOUND('',#5408,.T.);
#5884=FACE_BOUND('',#5409,.T.);
#5885=FACE_BOUND('',#5410,.T.);
#5886=FACE_BOUND('',#5411,.T.);
#5887=FACE_BOUND('',#5412,.T.);
#5888=FACE_BOUND('',#5413,.T.);
#5889=FACE_BOUND('',#5414,.T.);
#5890=FACE_BOUND('',#5415,.T.);
#5891=FACE_BOUND('',#5416,.T.);
#5892=FACE_BOUND('',#5417,.T.);
#5893=FACE_BOUND('',#5418,.T.);
#5894=FACE_BOUND('',#5419,.T.);
#5895=FACE_BOUND('',#5420,.T.);
#5896=FACE_BOUND('',#5421,.T.);
#5897=FACE_BOUND('',#5422,.T.);
#5898=FACE_BOUND('',#5423,.T.);
#5899=FACE_BOUND('',#5424,.T.);
#5900=FACE_BOUND('',#5425,.T.);
#5901=FACE_BOUND('',#5426,.T.);
#5902=FACE_BOUND('',#5427,.T.);
#5903=FACE_BOUND('',#5428,.T.);
#5904=FACE_BOUND('',#5429,.T.);
#5905=FACE_BOUND('',#5430,.T.);
#5906=FACE_BOUND('',#5431,.T.);
#5907=FACE_BOUND('',#5432,.T.);
#5908=FACE_BOUND('',#5433,.T.);
#5909=FACE_BOUND('',#5434,.T.);
#5910=FACE_BOUND('',#5435,.T.);
#5911=FACE_BOUND('',#5436,.T.);
#5912=FACE_BOUND('',#5437,.T.);
#5913=FACE_BOUND('',#5438,.T.);
#5914=FACE_BOUND('',#5439,.T.);
#5915=FACE_BOUND('',#5440,.T.);
#5916=FACE_BOUND('',#5441,.T.);
#5917=FACE_BOUND('',#5442,.T.);
#5918=FACE_BOUND('',#5443,.T.);
#5919=FACE_BOUND('',#5444,.T.);
#5920=FACE_BOUND('',#5445,.T.);
#5921=FACE_BOUND('',#5446,.T.);
#5922=FACE_BOUND('',#5447,.T.);
#5923=FACE_BOUND('',#5448,.T.);
#5924=FACE_BOUND('',#5449,.T.);
#5925=FACE_BOUND('',#5450,.T.);
#5926=FACE_BOUND('',#5451,.T.);
#5927=FACE_BOUND('',#5452,.T.);
#5928=FACE_BOUND('',#5453,.T.);
#5929=FACE_BOUND('',#5454,.T.);
#5930=FACE_BOUND('',#5455,.T.);
#5931=FACE_BOUND('',#5456,.T.);
#5932=FACE_BOUND('',#5457,.T.);
#5933=FACE_BOUND('',#5458,.T.);
#5934=FACE_BOUND('',#5459,.T.);
#5935=FACE_BOUND('',#5460,.T.);
#5936=FACE_BOUND('',#5461,.T.);
#5937=FACE_BOUND('',#5462,.T.);
#5938=FACE_BOUND('',#5463,.T.);
#5939=FACE_BOUND('',#5464,.T.);
#5940=FACE_BOUND('',#5465,.T.);
#5941=FACE_BOUND('',#5466,.T.);
#5942=FACE_BOUND('',#5467,.T.);
#5943=FACE_BOUND('',#5468,.T.);
#5944=FACE_BOUND('',#5469,.T.);
#5945=FACE_BOUND('',#5470,.T.);
#5946=FACE_BOUND('',#5471,.T.);
#5947=FACE_BOUND('',#5472,.T.);
#5948=FACE_BOUND('',#5473,.T.);
#5949=FACE_BOUND('',#5474,.T.);
#5950=FACE_BOUND('',#5475,.T.);
#5951=FACE_BOUND('',#5476,.T.);
#5952=FACE_BOUND('',#5477,.T.);
#5953=FACE_BOUND('',#5478,.T.);
#5954=FACE_BOUND('',#5479,.T.);
#5955=FACE_BOUND('',#5480,.T.);
#5956=FACE_BOUND('',#5481,.T.);
#5957=FACE_BOUND('',#5482,.T.);
#5958=FACE_BOUND('',#5483,.T.);
#5959=FACE_BOUND('',#5484,.T.);
#5960=FACE_BOUND('',#5485,.T.);
#5961=FACE_BOUND('',#5486,.T.);
#5962=FACE_BOUND('',#5487,.T.);
#5963=FACE_BOUND('',#5488,.T.);
#5964=FACE_BOUND('',#5489,.T.);
#5965=FACE_BOUND('',#5490,.T.);
#5966=FACE_BOUND('',#5491,.T.);
#5967=FACE_BOUND('',#5492,.T.);
#5968=FACE_BOUND('',#5493,.T.);
#5969=FACE_BOUND('',#5494,.T.);
#5970=FACE_BOUND('',#5495,.T.);
#5971=FACE_BOUND('',#5496,.T.);
#5972=FACE_BOUND('',#5497,.T.);
#5973=FACE_BOUND('',#5498,.T.);
#5974=FACE_BOUND('',#5499,.T.);
#5975=FACE_BOUND('',#5500,.T.);
#5976=FACE_BOUND('',#5501,.T.);
#5977=FACE_BOUND('',#5502,.T.);
#5978=FACE_BOUND('',#5503,.T.);
#5979=FACE_BOUND('',#5504,.T.);
#5980=FACE_BOUND('',#5505,.T.);
#5981=FACE_BOUND('',#5506,.T.);
#5982=FACE_BOUND('',#5507,.T.);
#5983=FACE_BOUND('',#5508,.T.);
#5984=FACE_BOUND('',#5509,.T.);
#5985=FACE_BOUND('',#5510,.T.);
#5986=FACE_BOUND('',#5511,.T.);
#5987=FACE_BOUND('',#5512,.T.);
#5988=FACE_BOUND('',#5513,.T.);
#5989=FACE_BOUND('',#5514,.T.);
#5990=FACE_BOUND('',#5515,.T.);
#5991=FACE_BOUND('',#5516,.T.);
#5992=FACE_BOUND('',#5517,.T.);
#5993=FACE_BOUND('',#5518,.T.);
#5994=FACE_BOUND('',#5519,.T.);
#5995=FACE_BOUND('',#5520,.T.);
#5996=FACE_BOUND('',#5521,.T.);
#5997=FACE_BOUND('',#5522,.T.);
#5998=FACE_BOUND('',#5523,.T.);
#5999=FACE_BOUND('',#5524,.T.);
#6000=FACE_BOUND('',#5525,.T.);
#6001=FACE_BOUND('',#5526,.T.);
#6002=FACE_BOUND('',#5527,.T.);
#6003=FACE_BOUND('',#5528,.T.);
#6004=FACE_BOUND('',#5529,.T.);
#6005=FACE_BOUND('',#5530,.T.);
#6006=FACE_BOUND('',#5531,.T.);
#6007=FACE_BOUND('',#5532,.T.);
#6008=FACE_BOUND('',#5533,.T.);
#6009=FACE_BOUND('',#5534,.T.);
#6010=FACE_BOUND('',#5535,.T.);
#6011=FACE_BOUND('',#5536,.T.);
#6012=FACE_BOUND('',#5537,.T.);
#6013=FACE_BOUND('',#5538,.T.);
#6014=FACE_BOUND('',#5539,.T.);
#6015=FACE_BOUND('',#5540,.T.);
#6016=FACE_BOUND('',#5541,.T.);
#6017=FACE_BOUND('',#5542,.T.);
#6018=FACE_BOUND('',#5543,.T.);
#6019=FACE_BOUND('',#5544,.T.);
#6020=FACE_BOUND('',#5545,.T.);
#6021=FACE_BOUND('',#5546,.T.);
#6022=FACE_BOUND('',#5547,.T.);
#6023=FACE_BOUND('',#5548,.T.);
#6024=FACE_BOUND('',#5549,.T.);
#6025=FACE_BOUND('',#5550,.T.);
#6026=FACE_BOUND('',#5551,.T.);
#6027=FACE_BOUND('',#5552,.T.);
#6028=FACE_BOUND('',#5553,.T.);
#6029=FACE_BOUND('',#5554,.T.);
#6030=FACE_BOUND('',#5555,.T.);
#6031=FACE_BOUND('',#5556,.T.);
#6032=FACE_BOUND('',#5557,.T.);
#6033=FACE_BOUND('',#5558,.T.);
#6034=FACE_BOUND('',#5559,.T.);
#6035=FACE_BOUND('',#5560,.T.);
#6036=FACE_BOUND('',#5561,.T.);
#6037=FACE_BOUND('',#5562,.T.);
#6038=FACE_BOUND('',#5563,.T.);
#6039=FACE_BOUND('',#5564,.T.);
#6040=FACE_BOUND('',#5565,.T.);
#6041=FACE_BOUND('',#5566,.T.);
#6042=FACE_BOUND('',#5567,.T.);
#6043=FACE_BOUND('',#5568,.T.);
#6044=FACE_BOUND('',#5569,.T.);
#6045=FACE_BOUND('',#5570,.T.);
#6046=FACE_BOUND('',#5571,.T.);
#6047=FACE_BOUND('',#5572,.T.);
#6048=FACE_BOUND('',#5573,.T.);
#6049=FACE_BOUND('',#5574,.T.);
#6050=FACE_BOUND('',#5575,.T.);
#6051=FACE_BOUND('',#5576,.T.);
#6052=FACE_BOUND('',#5577,.T.);
#6053=FACE_BOUND('',#5578,.T.);
#6054=FACE_BOUND('',#5579,.T.);
#6055=FACE_BOUND('',#5580,.T.);
#6056=FACE_BOUND('',#5581,.T.);
#6057=FACE_BOUND('',#5582,.T.);
#6058=FACE_BOUND('',#5583,.T.);
#6059=FACE_BOUND('',#5584,.T.);
#6060=FACE_BOUND('',#5585,.T.);
#6061=FACE_BOUND('',#5586,.T.);
#6062=FACE_BOUND('',#5587,.T.);
#6063=FACE_BOUND('',#5588,.T.);
#6064=FACE_BOUND('',#5589,.T.);
#6065=FACE_BOUND('',#5590,.T.);
#6066=FACE_BOUND('',#5591,.T.);
#6067=FACE_BOUND('',#5592,.T.);
#6068=FACE_BOUND('',#5593,.T.);
#6069=FACE_BOUND('',#5594,.T.);
#6070=FACE_BOUND('',#5595,.T.);
#6071=FACE_BOUND('',#5596,.T.);
#6072=FACE_BOUND('',#5597,.T.);
#6073=FACE_BOUND('',#5598,.T.);
#6074=FACE_BOUND('',#5599,.T.);
#6075=FACE_BOUND('',#5600,.T.);
#6076=FACE_BOUND('',#5601,.T.);
#6077=FACE_BOUND('',#5602,.T.);
#6078=FACE_BOUND('',#5603,.T.);
#6079=FACE_BOUND('',#5604,.T.);
#6080=FACE_BOUND('',#5605,.T.);
#6081=FACE_BOUND('',#5606,.T.);
#6082=FACE_BOUND('',#5607,.T.);
#6083=FACE_BOUND('',#5608,.T.);
#6084=FACE_BOUND('',#5609,.T.);
#6085=FACE_BOUND('',#5610,.T.);
#6086=FACE_BOUND('',#5611,.T.);
#6087=FACE_BOUND('',#5612,.T.);
#6088=FACE_BOUND('',#5613,.T.);
#6089=FACE_BOUND('',#5614,.T.);
#6090=FACE_BOUND('',#5615,.T.);
#6091=FACE_BOUND('',#5616,.T.);
#6092=FACE_BOUND('',#5617,.T.);
#6093=FACE_BOUND('',#5618,.T.);
#6094=FACE_BOUND('',#5619,.T.);
#6095=FACE_BOUND('',#5620,.T.);
#6096=FACE_BOUND('',#5621,.T.);
#6097=FACE_BOUND('',#5622,.T.);
#6098=FACE_BOUND('',#5623,.T.);
#6099=FACE_BOUND('',#5624,.T.);
#6100=FACE_BOUND('',#5625,.T.);
#6101=FACE_BOUND('',#5626,.T.);
#6102=FACE_BOUND('',#5627,.T.);
#6103=FACE_BOUND('',#5628,.T.);
#6104=FACE_BOUND('',#5629,.T.);
#6105=FACE_BOUND('',#5630,.T.);
#6106=FACE_BOUND('',#5631,.T.);
#6107=FACE_BOUND('',#5632,.T.);
#6108=FACE_BOUND('',#5633,.T.);
#6109=FACE_BOUND('',#5634,.T.);
#6110=FACE_BOUND('',#5635,.T.);
#6111=FACE_BOUND('',#5636,.T.);
#6112=FACE_BOUND('',#5637,.T.);
#6113=FACE_BOUND('',#5638,.T.);
#6114=FACE_BOUND('',#5639,.T.);
#6115=FACE_BOUND('',#5640,.T.);
#6116=FACE_BOUND('',#5641,.T.);
#6117=FACE_BOUND('',#5642,.T.);
#6118=FACE_BOUND('',#5643,.T.);
#6119=FACE_BOUND('',#5644,.T.);
#6120=FACE_BOUND('',#5645,.T.);
#6121=FACE_BOUND('',#5646,.T.);
#6122=FACE_BOUND('',#5647,.T.);
#6123=FACE_BOUND('',#5648,.T.);
#6124=FACE_BOUND('',#5649,.T.);
#6125=FACE_BOUND('',#5650,.T.);
#6126=FACE_BOUND('',#5651,.T.);
#6127=FACE_BOUND('',#5652,.T.);
#6128=FACE_BOUND('',#5653,.T.);
#6129=FACE_BOUND('',#5654,.T.);
#6130=FACE_BOUND('',#5655,.T.);
#6131=FACE_BOUND('',#5656,.T.);
#6132=FACE_BOUND('',#5657,.T.);
#6133=FACE_BOUND('',#5658,.T.);
#6134=FACE_BOUND('',#5659,.T.);
#6135=FACE_BOUND('',#5660,.T.);
#6136=FACE_BOUND('',#5661,.T.);
#6137=FACE_BOUND('',#5662,.T.);
#6138=FACE_BOUND('',#5663,.T.);
#6139=FACE_BOUND('',#5664,.T.);
#6140=FACE_BOUND('',#5665,.T.);
#6141=FACE_BOUND('',#5666,.T.);
#6142=FACE_BOUND('',#5667,.T.);
#6143=FACE_BOUND('',#5668,.T.);
#6144=FACE_BOUND('',#5669,.T.);
#6145=FACE_BOUND('',#5670,.T.);
#6146=FACE_BOUND('',#5671,.T.);
#6147=FACE_BOUND('',#5672,.T.);
#6148=FACE_BOUND('',#5673,.T.);
#6149=FACE_BOUND('',#5674,.T.);
#6150=FACE_BOUND('',#5675,.T.);
#6151=FACE_BOUND('',#5676,.T.);
#6152=FACE_BOUND('',#5677,.T.);
#6153=FACE_BOUND('',#5678,.T.);
#6154=FACE_BOUND('',#5679,.T.);
#6155=FACE_BOUND('',#5680,.T.);
#6156=FACE_BOUND('',#5681,.T.);
#6157=FACE_BOUND('',#5682,.T.);
#6158=FACE_BOUND('',#5683,.T.);
#6159=FACE_BOUND('',#5684,.T.);
#6160=FACE_BOUND('',#5685,.T.);
#6161=FACE_BOUND('',#5686,.T.);
#6162=FACE_BOUND('',#5687,.T.);
#6163=FACE_BOUND('',#5688,.T.);
#6164=FACE_BOUND('',#5689,.T.);
#6165=FACE_BOUND('',#5690,.T.);
#6166=FACE_BOUND('',#5691,.T.);
#6167=FACE_BOUND('',#5692,.T.);
#6168=FACE_BOUND('',#5693,.T.);
#6169=FACE_BOUND('',#5694,.T.);
#6170=FACE_BOUND('',#5695,.T.);
#6171=FACE_BOUND('',#5696,.T.);
#6172=FACE_BOUND('',#5697,.T.);
#6173=FACE_BOUND('',#5698,.T.);
#6174=FACE_BOUND('',#5699,.T.);
#6175=FACE_BOUND('',#5700,.T.);
#6176=FACE_BOUND('',#5701,.T.);
#6177=FACE_BOUND('',#5702,.T.);
#6178=FACE_BOUND('',#5703,.T.);
#6179=FACE_BOUND('',#5704,.T.);
#6180=FACE_BOUND('',#5705,.T.);
#6181=FACE_BOUND('',#5706,.T.);
#6182=FACE_BOUND('',#5707,.T.);
#6183=FACE_BOUND('',#5708,.T.);
#6184=FACE_BOUND('',#5709,.T.);
#6185=FACE_BOUND('',#5710,.T.);
#6186=FACE_BOUND('',#5711,.T.);
#6187=FACE_BOUND('',#5712,.T.);
#6188=FACE_BOUND('',#5713,.T.);
#6189=FACE_BOUND('',#5714,.T.);
#6190=FACE_BOUND('',#5715,.T.);
#6191=FACE_BOUND('',#5716,.T.);
#6192=FACE_BOUND('',#5717,.T.);
#6193=FACE_BOUND('',#5718,.T.);
#6194=FACE_BOUND('',#5719,.T.);
#6195=FACE_BOUND('',#5720,.T.);
#6196=FACE_BOUND('',#5721,.T.);
#6197=FACE_BOUND('',#5722,.T.);
#6198=FACE_BOUND('',#5723,.T.);
#6199=FACE_BOUND('',#5724,.T.);
#6200=FACE_BOUND('',#5725,.T.);
#6201=FACE_BOUND('',#5726,.T.);
#6202=FACE_BOUND('',#5727,.T.);
#6203=FACE_BOUND('',#5728,.T.);
#6204=FACE_BOUND('',#5729,.T.);
#6205=FACE_BOUND('',#5730,.T.);
#6206=FACE_BOUND('',#5731,.T.);
#6207=FACE_BOUND('',#5732,.T.);
#6208=FACE_BOUND('',#5733,.T.);
#6209=FACE_BOUND('',#5734,.T.);
#6210=FACE_BOUND('',#5735,.T.);
#6211=FACE_BOUND('',#5736,.T.);
#6212=FACE_BOUND('',#5737,.T.);
#6213=FACE_BOUND('',#5738,.T.);
#6214=FACE_BOUND('',#5739,.T.);
#6215=FACE_BOUND('',#5740,.T.);
#6216=FACE_BOUND('',#5741,.T.);
#6217=FACE_BOUND('',#5742,.T.);
#6218=FACE_BOUND('',#5743,.T.);
#6219=FACE_BOUND('',#5744,.T.);
#6220=FACE_BOUND('',#5745,.T.);
#6221=FACE_BOUND('',#5746,.T.);
#6222=FACE_BOUND('',#5747,.T.);
#6223=FACE_BOUND('',#5748,.T.);
#6224=FACE_BOUND('',#5749,.T.);
#6225=FACE_BOUND('',#5750,.T.);
#6226=FACE_BOUND('',#5751,.T.);
#6227=FACE_BOUND('',#5752,.T.);
#6228=FACE_BOUND('',#5753,.T.);
#6229=FACE_BOUND('',#5754,.T.);
#6230=FACE_BOUND('',#5755,.T.);
#6231=FACE_BOUND('',#5756,.T.);
#6232=FACE_BOUND('',#5757,.T.);
#6233=FACE_BOUND('',#5758,.T.);
#6234=FACE_BOUND('',#5759,.T.);
#6235=FACE_BOUND('',#5760,.T.);
#6236=FACE_BOUND('',#5761,.T.);
#6237=FACE_BOUND('',#5762,.T.);
#6238=FACE_BOUND('',#5763,.T.);
#6239=FACE_BOUND('',#5764,.T.);
#6240=FACE_BOUND('',#5765,.T.);
#6241=FACE_BOUND('',#5766,.T.);
#6242=FACE_BOUND('',#5767,.T.);
#6243=FACE_BOUND('',#5768,.T.);
#6244=FACE_BOUND('',#5769,.T.);
#6245=FACE_BOUND('',#5770,.T.);
#6246=FACE_BOUND('',#5771,.T.);
#6247=FACE_BOUND('',#5772,.T.);
#6248=FACE_BOUND('',#5773,.T.);
#6249=FACE_BOUND('',#5774,.T.);
#6250=FACE_BOUND('',#5775,.T.);
#6251=FACE_BOUND('',#5776,.T.);
#6252=FACE_BOUND('',#5777,.T.);
#6253=FACE_BOUND('',#5778,.T.);
#6254=FACE_BOUND('',#5779,.T.);
#6255=FACE_BOUND('',#5780,.T.);
#6256=FACE_BOUND('',#5781,.T.);
#6257=FACE_BOUND('',#5782,.T.);
#6258=FACE_BOUND('',#5783,.T.);
#6259=FACE_BOUND('',#5784,.T.);
#6260=FACE_BOUND('',#5785,.T.);
#6261=FACE_BOUND('',#5786,.T.);
#6262=FACE_BOUND('',#5787,.T.);
#6263=FACE_BOUND('',#5788,.T.);
#6264=FACE_BOUND('',#5789,.T.);
#6265=FACE_BOUND('',#5790,.T.);
#6266=FACE_BOUND('',#5791,.T.);
#6267=FACE_BOUND('',#5792,.T.);
#6268=FACE_BOUND('',#5793,.T.);
#6269=FACE_BOUND('',#5794,.T.);
#6270=FACE_BOUND('',#5795,.T.);
#6271=FACE_BOUND('',#5796,.T.);
#6272=FACE_BOUND('',#5797,.T.);
#6273=FACE_BOUND('',#5798,.T.);
#6274=FACE_BOUND('',#5799,.T.);
#6275=FACE_BOUND('',#5800,.T.);
#6276=FACE_BOUND('',#5801,.T.);
#6277=FACE_BOUND('',#5802,.T.);
#6278=FACE_BOUND('',#5803,.T.);
#6279=FACE_BOUND('',#5804,.T.);
#6280=FACE_BOUND('',#5805,.T.);
#6281=FACE_BOUND('',#5806,.T.);
#6282=FACE_BOUND('',#5807,.T.);
#6283=FACE_BOUND('',#5808,.T.);
#6284=FACE_BOUND('',#5809,.T.);
#6285=FACE_BOUND('',#5810,.T.);
#6286=FACE_BOUND('',#5811,.T.);
#6287=FACE_BOUND('',#5812,.T.);
#6288=FACE_BOUND('',#5813,.T.);
#6289=FACE_BOUND('',#5814,.T.);
#6290=FACE_BOUND('',#5815,.T.);
#6291=FACE_BOUND('',#5816,.T.);
#6292=FACE_BOUND('',#5817,.T.);
#6293=FACE_BOUND('',#5818,.T.);
#6294=FACE_BOUND('',#5819,.T.);
#6295=FACE_BOUND('',#5820,.T.);
#6296=FACE_BOUND('',#5821,.T.);
#6297=FACE_BOUND('',#5822,.T.);
#6298=FACE_BOUND('',#5823,.T.);
#6299=FACE_BOUND('',#5824,.T.);
#6300=FACE_BOUND('',#5825,.T.);
#6301=FACE_BOUND('',#5826,.T.);
#6302=FACE_BOUND('',#5827,.T.);
#6303=FACE_BOUND('',#5828,.T.);
#6304=FACE_BOUND('',#5829,.T.);
#6305=FACE_BOUND('',#5830,.T.);
#6306=FACE_BOUND('',#5831,.T.);
#6307=FACE_BOUND('',#5832,.T.);
#6308=FACE_BOUND('',#5833,.T.);
#6309=FACE_BOUND('',#5834,.T.);
#6310=FACE_BOUND('',#5835,.T.);
#6311=FACE_BOUND('',#5836,.T.);
#6312=FACE_BOUND('',#5837,.T.);
#6313=FACE_BOUND('',#5838,.T.);
#6314=FACE_BOUND('',#5839,.T.);
#6315=FACE_BOUND('',#5840,.T.);
#6316=FACE_BOUND('',#5841,.T.);
#6317=FACE_BOUND('',#5842,.T.);
#6318=FACE_BOUND('',#5843,.T.);
#6319=FACE_BOUND('',#5844,.T.);
#6320=FACE_BOUND('',#5845,.T.);
#6321=FACE_BOUND('',#5846,.T.);
#6322=FACE_BOUND('',#5847,.T.);
#6323=FACE_BOUND('',#5848,.T.);
#6324=FACE_BOUND('',#5849,.T.);
#6325=FACE_BOUND('',#5850,.T.);
#6326=FACE_BOUND('',#5851,.T.);
#6327=FACE_BOUND('',#5852,.T.);
#6328=FACE_BOUND('',#5853,.T.);
#6329=FACE_BOUND('',#5854,.T.);
#6330=FACE_BOUND('',#5855,.T.);
#6331=FACE_BOUND('',#5856,.T.);
#6332=FACE_BOUND('',#5857,.T.);
#6333=FACE_BOUND('',#5858,.T.);
#6334=FACE_BOUND('',#5859,.T.);
#6335=FACE_BOUND('',#5860,.T.);
#6336=FACE_BOUND('',#5861,.T.);
#6337=FACE_BOUND('',#5862,.T.);
#6338=FACE_BOUND('',#5863,.T.);
#6339=FACE_BOUND('',#5864,.T.);
#6340=FACE_BOUND('',#5865,.T.);
#6341=FACE_BOUND('',#5866,.T.);
#6342=FACE_BOUND('',#5867,.T.);
#6343=FACE_BOUND('',#5868,.T.);
#6344=FACE_BOUND('',#5869,.T.);
#6345=FACE_BOUND('',#5870,.T.);
#6346=FACE_BOUND('',#5871,.T.);
#6347=FACE_BOUND('',#5872,.T.);
#6348=FACE_BOUND('',#5873,.T.);
#6349=FACE_BOUND('',#5874,.T.);
#6350=FACE_BOUND('',#5875,.T.);
#6351=PLANE('',#7062);
#6352=PLANE('',#7063);
#6353=PLANE('',#7064);
#6354=PLANE('',#7065);
#6355=PLANE('',#7078);
#6356=PLANE('',#7079);
#6357=PLANE('',#7082);
#6358=PLANE('',#7087);
#6359=PLANE('',#7090);
#6360=PLANE('',#7110);
#6361=PLANE('',#7111);
#6362=PLANE('',#7117);
#6363=PLANE('',#7118);
#6364=PLANE('',#7119);
#6365=PLANE('',#7124);
#6366=PLANE('',#7130);
#6367=PLANE('',#7131);
#6368=PLANE('',#7136);
#6369=PLANE('',#7141);
#6370=PLANE('',#7142);
#6371=PLANE('',#7143);
#6372=PLANE('',#7144);
#6373=PLANE('',#7145);
#6374=PLANE('',#7146);
#6375=PLANE('',#7147);
#6376=PLANE('',#7148);
#6377=PLANE('',#7149);
#6378=PLANE('',#7150);
#6379=PLANE('',#7155);
#6380=PLANE('',#7156);
#6381=PLANE('',#7157);
#6382=PLANE('',#7158);
#6383=PLANE('',#7159);
#6384=PLANE('',#7165);
#6385=PLANE('',#7171);
#6386=PLANE('',#7184);
#6387=PLANE('',#7187);
#6388=PLANE('',#7188);
#6389=PLANE('',#7191);
#6390=PLANE('',#7194);
#6391=PLANE('',#7197);
#6392=PLANE('',#7200);
#6393=PLANE('',#7203);
#6394=PLANE('',#7206);
#6395=PLANE('',#7209);
#6396=PLANE('',#7212);
#6397=PLANE('',#7215);
#6398=PLANE('',#7216);
#6399=PLANE('',#7217);
#6400=PLANE('',#7218);
#6401=PLANE('',#7224);
#6402=PLANE('',#7225);
#6403=PLANE('',#7231);
#6404=PLANE('',#7237);
#6405=PLANE('',#7238);
#6406=PLANE('',#7239);
#6407=PLANE('',#7244);
#6408=PLANE('',#7245);
#6409=PLANE('',#7249);
#6410=PLANE('',#7259);
#6411=PLANE('',#7260);
#6412=PLANE('',#7264);
#6413=PLANE('',#7265);
#6414=PLANE('',#7269);
#6415=PLANE('',#7272);
#6416=PLANE('',#7278);
#6417=PLANE('',#7280);
#6418=PLANE('',#7281);
#6419=PLANE('',#7285);
#6420=PLANE('',#7288);
#6421=PLANE('',#7291);
#6422=PLANE('',#7294);
#6423=PLANE('',#7295);
#6424=PLANE('',#7298);
#6425=PLANE('',#7305);
#6426=PLANE('',#7306);
#6427=PLANE('',#7309);
#6428=PLANE('',#7312);
#6429=PLANE('',#7315);
#6430=PLANE('',#7318);
#6431=PLANE('',#7321);
#6432=PLANE('',#7324);
#6433=PLANE('',#7327);
#6434=PLANE('',#7328);
#6435=PLANE('',#7331);
#6436=PLANE('',#7332);
#6437=PLANE('',#7333);
#6438=PLANE('',#7334);
#6439=PLANE('',#7335);
#6440=PLANE('',#7336);
#6441=PLANE('',#7337);
#6442=PLANE('',#7338);
#6443=PLANE('',#7339);
#6444=PLANE('',#7340);
#6445=PLANE('',#7341);
#6446=PLANE('',#7342);
#6447=PLANE('',#7343);
#6448=PLANE('',#7344);
#6449=PLANE('',#7345);
#6450=PLANE('',#7346);
#6451=PLANE('',#7347);
#6452=PLANE('',#7348);
#6453=PLANE('',#7349);
#6454=PLANE('',#7350);
#6455=PLANE('',#7351);
#6456=PLANE('',#7352);
#6457=PLANE('',#7353);
#6458=PLANE('',#7354);
#6459=PLANE('',#7355);
#6460=PLANE('',#7356);
#6461=PLANE('',#7357);
#6462=PLANE('',#7358);
#6463=PLANE('',#7359);
#6464=PLANE('',#7360);
#6465=PLANE('',#7361);
#6466=PLANE('',#7362);
#6467=PLANE('',#7363);
#6468=PLANE('',#7364);
#6469=PLANE('',#7365);
#6470=PLANE('',#7366);
#6471=PLANE('',#7367);
#6472=PLANE('',#7368);
#6473=PLANE('',#7369);
#6474=PLANE('',#7370);
#6475=PLANE('',#7371);
#6476=PLANE('',#7372);
#6477=PLANE('',#7373);
#6478=PLANE('',#7374);
#6479=PLANE('',#7375);
#6480=PLANE('',#7376);
#6481=PLANE('',#7377);
#6482=PLANE('',#7378);
#6483=PLANE('',#7379);
#6484=PLANE('',#7380);
#6485=PLANE('',#7381);
#6486=PLANE('',#7382);
#6487=PLANE('',#7383);
#6488=PLANE('',#7384);
#6489=PLANE('',#7385);
#6490=PLANE('',#7386);
#6491=PLANE('',#7387);
#6492=PLANE('',#7388);
#6493=PLANE('',#7389);
#6494=PLANE('',#7390);
#6495=PLANE('',#7391);
#6496=PLANE('',#7392);
#6497=PLANE('',#7393);
#6498=PLANE('',#7394);
#6499=PLANE('',#7395);
#6500=PLANE('',#7396);
#6501=PLANE('',#7397);
#6502=PLANE('',#7398);
#6503=PLANE('',#7399);
#6504=PLANE('',#7400);
#6505=PLANE('',#7401);
#6506=PLANE('',#7402);
#6507=PLANE('',#7403);
#6508=PLANE('',#7404);
#6509=PLANE('',#7405);
#6510=PLANE('',#7406);
#6511=PLANE('',#7407);
#6512=PLANE('',#7408);
#6513=PLANE('',#7409);
#6514=PLANE('',#7410);
#6515=PLANE('',#7411);
#6516=PLANE('',#7412);
#6517=PLANE('',#7413);
#6518=PLANE('',#7414);
#6519=PLANE('',#7415);
#6520=PLANE('',#7416);
#6521=PLANE('',#7417);
#6522=PLANE('',#7418);
#6523=PLANE('',#7419);
#6524=PLANE('',#7420);
#6525=PLANE('',#7421);
#6526=PLANE('',#7422);
#6527=PLANE('',#7423);
#6528=PLANE('',#7424);
#6529=PLANE('',#7425);
#6530=PLANE('',#7426);
#6531=PLANE('',#7427);
#6532=PLANE('',#7428);
#6533=PLANE('',#7429);
#6534=PLANE('',#7430);
#6535=PLANE('',#7431);
#6536=PLANE('',#7432);
#6537=PLANE('',#7433);
#6538=PLANE('',#7434);
#6539=PLANE('',#7435);
#6540=PLANE('',#7436);
#6541=PLANE('',#7437);
#6542=PLANE('',#7438);
#6543=PLANE('',#7439);
#6544=PLANE('',#7440);
#6545=PLANE('',#7441);
#6546=PLANE('',#7442);
#6547=PLANE('',#7443);
#6548=PLANE('',#7444);
#6549=PLANE('',#7445);
#6550=PLANE('',#7446);
#6551=PLANE('',#7447);
#6552=PLANE('',#7448);
#6553=PLANE('',#7449);
#6554=PLANE('',#7450);
#6555=PLANE('',#7451);
#6556=PLANE('',#7452);
#6557=PLANE('',#7453);
#6558=PLANE('',#7454);
#6559=PLANE('',#7455);
#6560=PLANE('',#7456);
#6561=PLANE('',#7457);
#6562=PLANE('',#7458);
#6563=PLANE('',#7459);
#6564=PLANE('',#7460);
#6565=PLANE('',#7461);
#6566=PLANE('',#7462);
#6567=PLANE('',#7463);
#6568=PLANE('',#7464);
#6569=PLANE('',#7465);
#6570=PLANE('',#7466);
#6571=PLANE('',#7475);
#6572=PLANE('',#7476);
#6573=PLANE('',#7548);
#6574=PLANE('',#7551);
#6575=PLANE('',#7552);
#6576=PLANE('',#7555);
#6577=PLANE('',#7557);
#6578=PLANE('',#7559);
#6579=PLANE('',#7561);
#6580=PLANE('',#7563);
#6581=PLANE('',#7564);
#6582=PLANE('',#7566);
#6583=PLANE('',#7567);
#6584=PLANE('',#7569);
#6585=PLANE('',#7571);
#6586=PLANE('',#7572);
#6587=PLANE('',#7574);
#6588=PLANE('',#7576);
#6589=PLANE('',#7577);
#6590=PLANE('',#7579);
#6591=PLANE('',#7581);
#6592=PLANE('',#7582);
#6593=PLANE('',#7584);
#6594=PLANE('',#7585);
#6595=PLANE('',#7587);
#6596=PLANE('',#7588);
#6597=PLANE('',#7589);
#6598=PLANE('',#7592);
#6599=PLANE('',#7593);
#6600=PLANE('',#7594);
#6601=PLANE('',#7597);
#6602=PLANE('',#7598);
#6603=PLANE('',#7599);
#6604=PLANE('',#7602);
#6605=PLANE('',#7603);
#6606=PLANE('',#7606);
#6607=PLANE('',#7607);
#6608=PLANE('',#7608);
#6609=PLANE('',#7610);
#6610=PLANE('',#7611);
#6611=PLANE('',#7612);
#6612=PLANE('',#7614);
#6613=PLANE('',#7615);
#6614=PLANE('',#7616);
#6615=PLANE('',#7617);
#6616=PLANE('',#7618);
#6617=PLANE('',#7620);
#6618=PLANE('',#7621);
#6619=PLANE('',#7623);
#6620=PLANE('',#7624);
#6621=PLANE('',#7625);
#6622=PLANE('',#7627);
#6623=PLANE('',#7628);
#6624=PLANE('',#7629);
#6625=PLANE('',#7630);
#6626=PLANE('',#7631);
#6627=PLANE('',#7632);
#6628=PLANE('',#7636);
#6629=PLANE('',#7640);
#6630=PLANE('',#7641);
#6631=PLANE('',#7645);
#6632=PLANE('',#7649);
#6633=PLANE('',#7650);
#6634=PLANE('',#7652);
#6635=PLANE('',#7653);
#6636=PLANE('',#7656);
#6637=PLANE('',#7657);
#6638=ADVANCED_FACE('',(#5876),#6351,.F.);
#6639=ADVANCED_FACE('',(#5877),#6352,.T.);
#6640=ADVANCED_FACE('',(#5878),#6353,.F.);
#6641=ADVANCED_FACE('',(#5879,#5880,#5881,#5882),#6354,.T.);
#6642=ADVANCED_FACE('',(#5883),#6355,.T.);
#6643=ADVANCED_FACE('',(#5884,#5885),#6356,.F.);
#6644=ADVANCED_FACE('',(#5886,#5887),#6357,.T.);
#6645=ADVANCED_FACE('',(#5888),#6358,.F.);
#6646=ADVANCED_FACE('',(#5889,#5890,#5891,#5892,#5893,#5894,#5895,#5896,
#5897,#5898),#6359,.T.);
#6647=ADVANCED_FACE('',(#5899),#6360,.T.);
#6648=ADVANCED_FACE('',(#5900,#5901),#6361,.F.);
#6649=ADVANCED_FACE('',(#5902),#6362,.F.);
#6650=ADVANCED_FACE('',(#5903),#6363,.T.);
#6651=ADVANCED_FACE('',(#5904,#5905),#6364,.F.);
#6652=ADVANCED_FACE('',(#5906,#5907),#6365,.F.);
#6653=ADVANCED_FACE('',(#5908),#6366,.F.);
#6654=ADVANCED_FACE('',(#5909,#5910),#6367,.F.);
#6655=ADVANCED_FACE('',(#5911,#5912),#6368,.F.);
#6656=ADVANCED_FACE('',(#5913),#6369,.T.);
#6657=ADVANCED_FACE('',(#5914),#6370,.T.);
#6658=ADVANCED_FACE('',(#5915),#6371,.F.);
#6659=ADVANCED_FACE('',(#5916),#6372,.T.);
#6660=ADVANCED_FACE('',(#5917),#6373,.F.);
#6661=ADVANCED_FACE('',(#5918),#6374,.F.);
#6662=ADVANCED_FACE('',(#5919),#6375,.T.);
#6663=ADVANCED_FACE('',(#5920),#6376,.T.);
#6664=ADVANCED_FACE('',(#5921),#6377,.T.);
#6665=ADVANCED_FACE('',(#5922,#5923),#6378,.F.);
#6666=ADVANCED_FACE('',(#5924),#6379,.F.);
#6667=ADVANCED_FACE('',(#5925),#6380,.T.);
#6668=ADVANCED_FACE('',(#5926),#6381,.T.);
#6669=ADVANCED_FACE('',(#5927),#6382,.F.);
#6670=ADVANCED_FACE('',(#5928,#5929),#6383,.F.);
#6671=ADVANCED_FACE('',(#5930,#5931),#6384,.F.);
#6672=ADVANCED_FACE('',(#5932,#5933),#6385,.F.);
#6673=ADVANCED_FACE('',(#5934),#62,.T.);
#6674=ADVANCED_FACE('',(#5935),#63,.T.);
#6675=ADVANCED_FACE('',(#5936),#64,.T.);
#6676=ADVANCED_FACE('',(#5937),#65,.T.);
#6677=ADVANCED_FACE('',(#5938),#6386,.F.);
#6678=ADVANCED_FACE('',(#5939),#24,.T.);
#6679=ADVANCED_FACE('',(#5940),#25,.T.);
#6680=ADVANCED_FACE('',(#5941),#6387,.T.);
#6681=ADVANCED_FACE('',(#5942),#6388,.F.);
#6682=ADVANCED_FACE('',(#5943),#26,.T.);
#6683=ADVANCED_FACE('',(#5944),#27,.T.);
#6684=ADVANCED_FACE('',(#5945),#6389,.T.);
#6685=ADVANCED_FACE('',(#5946,#5947),#66,.F.);
#6686=ADVANCED_FACE('',(#5948),#6390,.T.);
#6687=ADVANCED_FACE('',(#5949,#5950),#67,.F.);
#6688=ADVANCED_FACE('',(#5951),#6391,.T.);
#6689=ADVANCED_FACE('',(#5952,#5953),#68,.F.);
#6690=ADVANCED_FACE('',(#5954),#6392,.T.);
#6691=ADVANCED_FACE('',(#5955,#5956),#69,.F.);
#6692=ADVANCED_FACE('',(#5957),#6393,.T.);
#6693=ADVANCED_FACE('',(#5958,#5959),#70,.F.);
#6694=ADVANCED_FACE('',(#5960),#6394,.T.);
#6695=ADVANCED_FACE('',(#5961,#5962),#71,.F.);
#6696=ADVANCED_FACE('',(#5963),#6395,.T.);
#6697=ADVANCED_FACE('',(#5964,#5965),#72,.F.);
#6698=ADVANCED_FACE('',(#5966),#6396,.T.);
#6699=ADVANCED_FACE('',(#5967,#5968),#73,.F.);
#6700=ADVANCED_FACE('',(#5969),#6397,.T.);
#6701=ADVANCED_FACE('',(#5970),#6398,.T.);
#6702=ADVANCED_FACE('',(#5971),#14,.F.);
#6703=ADVANCED_FACE('',(#5972),#15,.F.);
#6704=ADVANCED_FACE('',(#5973),#6399,.F.);
#6705=ADVANCED_FACE('',(#5974),#16,.F.);
#6706=ADVANCED_FACE('',(#5975),#17,.F.);
#6707=ADVANCED_FACE('',(#5976),#6400,.F.);
#6708=ADVANCED_FACE('',(#5977),#74,.T.);
#6709=ADVANCED_FACE('',(#5978),#6401,.F.);
#6710=ADVANCED_FACE('',(#5979),#6402,.F.);
#6711=ADVANCED_FACE('',(#5980),#75,.T.);
#6712=ADVANCED_FACE('',(#5981),#6403,.T.);
#6713=ADVANCED_FACE('',(#5982),#76,.T.);
#6714=ADVANCED_FACE('',(#5983),#6404,.F.);
#6715=ADVANCED_FACE('',(#5984),#6405,.F.);
#6716=ADVANCED_FACE('',(#5985),#6406,.T.);
#6717=ADVANCED_FACE('',(#5986),#6407,.F.);
#6718=ADVANCED_FACE('',(#5987),#6408,.F.);
#6719=ADVANCED_FACE('',(#5988),#77,.T.);
#6720=ADVANCED_FACE('',(#5989),#6409,.T.);
#6721=ADVANCED_FACE('',(#5990),#78,.T.);
#6722=ADVANCED_FACE('',(#5991),#6410,.F.);
#6723=ADVANCED_FACE('',(#5992),#6411,.T.);
#6724=ADVANCED_FACE('',(#5993),#6412,.T.);
#6725=ADVANCED_FACE('',(#5994),#6413,.F.);
#6726=ADVANCED_FACE('',(#5995),#79,.T.);
#6727=ADVANCED_FACE('',(#5996),#6414,.T.);
#6728=ADVANCED_FACE('',(#5997),#6415,.T.);
#6729=ADVANCED_FACE('',(#5998),#80,.T.);
#6730=ADVANCED_FACE('',(#5999),#6416,.T.);
#6731=ADVANCED_FACE('',(#6000),#6417,.T.);
#6732=ADVANCED_FACE('',(#6001),#6418,.T.);
#6733=ADVANCED_FACE('',(#6002),#81,.T.);
#6734=ADVANCED_FACE('',(#6003),#6419,.T.);
#6735=ADVANCED_FACE('',(#6004),#6420,.F.);
#6736=ADVANCED_FACE('',(#6005),#82,.F.);
#6737=ADVANCED_FACE('',(#6006),#6421,.F.);
#6738=ADVANCED_FACE('',(#6007),#83,.F.);
#6739=ADVANCED_FACE('',(#6008),#6422,.F.);
#6740=ADVANCED_FACE('',(#6009),#6423,.T.);
#6741=ADVANCED_FACE('',(#6010),#84,.F.);
#6742=ADVANCED_FACE('',(#6011),#6424,.F.);
#6743=ADVANCED_FACE('',(#6012),#85,.F.);
#6744=ADVANCED_FACE('',(#6013),#86,.F.);
#6745=ADVANCED_FACE('',(#6014),#87,.F.);
#6746=ADVANCED_FACE('',(#6015),#6425,.T.);
#6747=ADVANCED_FACE('',(#6016,#6017),#6426,.F.);
#6748=ADVANCED_FACE('',(#6018,#6019),#88,.F.);
#6749=ADVANCED_FACE('',(#6020),#6427,.T.);
#6750=ADVANCED_FACE('',(#6021,#6022),#89,.F.);
#6751=ADVANCED_FACE('',(#6023),#6428,.T.);
#6752=ADVANCED_FACE('',(#6024,#6025),#90,.F.);
#6753=ADVANCED_FACE('',(#6026),#6429,.T.);
#6754=ADVANCED_FACE('',(#6027,#6028),#91,.F.);
#6755=ADVANCED_FACE('',(#6029),#6430,.T.);
#6756=ADVANCED_FACE('',(#6030,#6031),#92,.F.);
#6757=ADVANCED_FACE('',(#6032),#6431,.T.);
#6758=ADVANCED_FACE('',(#6033,#6034),#93,.F.);
#6759=ADVANCED_FACE('',(#6035),#6432,.T.);
#6760=ADVANCED_FACE('',(#6036,#6037),#94,.F.);
#6761=ADVANCED_FACE('',(#6038),#6433,.T.);
#6762=ADVANCED_FACE('',(#6039),#6434,.T.);
#6763=ADVANCED_FACE('',(#6040),#6435,.F.);
#6764=ADVANCED_FACE('',(#6041),#6436,.F.);
#6765=ADVANCED_FACE('',(#6042),#6437,.F.);
#6766=ADVANCED_FACE('',(#6043),#6438,.T.);
#6767=ADVANCED_FACE('',(#6044),#6439,.F.);
#6768=ADVANCED_FACE('',(#6045),#6440,.F.);
#6769=ADVANCED_FACE('',(#6046),#6441,.T.);
#6770=ADVANCED_FACE('',(#6047),#6442,.F.);
#6771=ADVANCED_FACE('',(#6048),#6443,.F.);
#6772=ADVANCED_FACE('',(#6049),#6444,.T.);
#6773=ADVANCED_FACE('',(#6050),#6445,.F.);
#6774=ADVANCED_FACE('',(#6051),#6446,.F.);
#6775=ADVANCED_FACE('',(#6052),#6447,.T.);
#6776=ADVANCED_FACE('',(#6053),#6448,.F.);
#6777=ADVANCED_FACE('',(#6054),#6449,.F.);
#6778=ADVANCED_FACE('',(#6055),#6450,.T.);
#6779=ADVANCED_FACE('',(#6056),#6451,.F.);
#6780=ADVANCED_FACE('',(#6057),#6452,.F.);
#6781=ADVANCED_FACE('',(#6058),#6453,.T.);
#6782=ADVANCED_FACE('',(#6059),#6454,.F.);
#6783=ADVANCED_FACE('',(#6060),#6455,.F.);
#6784=ADVANCED_FACE('',(#6061),#6456,.T.);
#6785=ADVANCED_FACE('',(#6062),#6457,.F.);
#6786=ADVANCED_FACE('',(#6063),#6458,.F.);
#6787=ADVANCED_FACE('',(#6064),#6459,.T.);
#6788=ADVANCED_FACE('',(#6065),#6460,.F.);
#6789=ADVANCED_FACE('',(#6066),#6461,.F.);
#6790=ADVANCED_FACE('',(#6067),#6462,.T.);
#6791=ADVANCED_FACE('',(#6068),#6463,.F.);
#6792=ADVANCED_FACE('',(#6069),#6464,.F.);
#6793=ADVANCED_FACE('',(#6070),#6465,.T.);
#6794=ADVANCED_FACE('',(#6071),#6466,.F.);
#6795=ADVANCED_FACE('',(#6072),#6467,.F.);
#6796=ADVANCED_FACE('',(#6073),#6468,.T.);
#6797=ADVANCED_FACE('',(#6074),#6469,.F.);
#6798=ADVANCED_FACE('',(#6075),#6470,.F.);
#6799=ADVANCED_FACE('',(#6076),#6471,.T.);
#6800=ADVANCED_FACE('',(#6077),#6472,.F.);
#6801=ADVANCED_FACE('',(#6078),#6473,.F.);
#6802=ADVANCED_FACE('',(#6079),#6474,.T.);
#6803=ADVANCED_FACE('',(#6080),#6475,.F.);
#6804=ADVANCED_FACE('',(#6081),#6476,.F.);
#6805=ADVANCED_FACE('',(#6082),#6477,.T.);
#6806=ADVANCED_FACE('',(#6083),#6478,.F.);
#6807=ADVANCED_FACE('',(#6084),#6479,.F.);
#6808=ADVANCED_FACE('',(#6085),#6480,.T.);
#6809=ADVANCED_FACE('',(#6086),#6481,.F.);
#6810=ADVANCED_FACE('',(#6087),#6482,.F.);
#6811=ADVANCED_FACE('',(#6088),#6483,.T.);
#6812=ADVANCED_FACE('',(#6089),#6484,.F.);
#6813=ADVANCED_FACE('',(#6090),#6485,.F.);
#6814=ADVANCED_FACE('',(#6091),#6486,.T.);
#6815=ADVANCED_FACE('',(#6092),#6487,.F.);
#6816=ADVANCED_FACE('',(#6093),#6488,.F.);
#6817=ADVANCED_FACE('',(#6094),#6489,.T.);
#6818=ADVANCED_FACE('',(#6095),#6490,.F.);
#6819=ADVANCED_FACE('',(#6096),#6491,.F.);
#6820=ADVANCED_FACE('',(#6097),#6492,.T.);
#6821=ADVANCED_FACE('',(#6098),#6493,.F.);
#6822=ADVANCED_FACE('',(#6099),#6494,.F.);
#6823=ADVANCED_FACE('',(#6100),#6495,.T.);
#6824=ADVANCED_FACE('',(#6101),#6496,.F.);
#6825=ADVANCED_FACE('',(#6102),#6497,.F.);
#6826=ADVANCED_FACE('',(#6103),#6498,.T.);
#6827=ADVANCED_FACE('',(#6104),#6499,.F.);
#6828=ADVANCED_FACE('',(#6105),#6500,.F.);
#6829=ADVANCED_FACE('',(#6106),#6501,.T.);
#6830=ADVANCED_FACE('',(#6107),#6502,.F.);
#6831=ADVANCED_FACE('',(#6108),#6503,.F.);
#6832=ADVANCED_FACE('',(#6109),#6504,.T.);
#6833=ADVANCED_FACE('',(#6110),#6505,.F.);
#6834=ADVANCED_FACE('',(#6111),#6506,.F.);
#6835=ADVANCED_FACE('',(#6112),#6507,.T.);
#6836=ADVANCED_FACE('',(#6113),#6508,.F.);
#6837=ADVANCED_FACE('',(#6114),#6509,.F.);
#6838=ADVANCED_FACE('',(#6115),#6510,.T.);
#6839=ADVANCED_FACE('',(#6116),#6511,.T.);
#6840=ADVANCED_FACE('',(#6117),#6512,.F.);
#6841=ADVANCED_FACE('',(#6118),#6513,.F.);
#6842=ADVANCED_FACE('',(#6119),#6514,.T.);
#6843=ADVANCED_FACE('',(#6120),#6515,.T.);
#6844=ADVANCED_FACE('',(#6121),#6516,.T.);
#6845=ADVANCED_FACE('',(#6122),#6517,.T.);
#6846=ADVANCED_FACE('',(#6123),#6518,.T.);
#6847=ADVANCED_FACE('',(#6124),#6519,.T.);
#6848=ADVANCED_FACE('',(#6125),#6520,.T.);
#6849=ADVANCED_FACE('',(#6126),#6521,.T.);
#6850=ADVANCED_FACE('',(#6127),#6522,.T.);
#6851=ADVANCED_FACE('',(#6128),#6523,.T.);
#6852=ADVANCED_FACE('',(#6129),#6524,.T.);
#6853=ADVANCED_FACE('',(#6130),#6525,.T.);
#6854=ADVANCED_FACE('',(#6131),#6526,.T.);
#6855=ADVANCED_FACE('',(#6132),#6527,.T.);
#6856=ADVANCED_FACE('',(#6133),#6528,.T.);
#6857=ADVANCED_FACE('',(#6134),#6529,.T.);
#6858=ADVANCED_FACE('',(#6135),#6530,.T.);
#6859=ADVANCED_FACE('',(#6136),#6531,.T.);
#6860=ADVANCED_FACE('',(#6137),#6532,.T.);
#6861=ADVANCED_FACE('',(#6138),#6533,.T.);
#6862=ADVANCED_FACE('',(#6139),#6534,.T.);
#6863=ADVANCED_FACE('',(#6140),#6535,.T.);
#6864=ADVANCED_FACE('',(#6141),#6536,.T.);
#6865=ADVANCED_FACE('',(#6142),#6537,.T.);
#6866=ADVANCED_FACE('',(#6143),#6538,.T.);
#6867=ADVANCED_FACE('',(#6144),#6539,.T.);
#6868=ADVANCED_FACE('',(#6145,#6146,#6147,#6148,#6149,#6150,#6151,#6152,
#6153,#6154,#6155,#6156,#6157,#6158,#6159,#6160,#6161,#6162,#6163,#6164,
#6165,#6166,#6167,#6168,#6169,#6170),#6540,.T.);
#6869=ADVANCED_FACE('',(#6171),#6541,.T.);
#6870=ADVANCED_FACE('',(#6172),#6542,.T.);
#6871=ADVANCED_FACE('',(#6173),#6543,.T.);
#6872=ADVANCED_FACE('',(#6174),#6544,.T.);
#6873=ADVANCED_FACE('',(#6175),#6545,.T.);
#6874=ADVANCED_FACE('',(#6176),#6546,.T.);
#6875=ADVANCED_FACE('',(#6177),#6547,.T.);
#6876=ADVANCED_FACE('',(#6178),#6548,.T.);
#6877=ADVANCED_FACE('',(#6179),#6549,.T.);
#6878=ADVANCED_FACE('',(#6180),#6550,.T.);
#6879=ADVANCED_FACE('',(#6181),#6551,.T.);
#6880=ADVANCED_FACE('',(#6182),#6552,.T.);
#6881=ADVANCED_FACE('',(#6183),#6553,.T.);
#6882=ADVANCED_FACE('',(#6184),#6554,.T.);
#6883=ADVANCED_FACE('',(#6185),#6555,.T.);
#6884=ADVANCED_FACE('',(#6186),#6556,.T.);
#6885=ADVANCED_FACE('',(#6187),#6557,.T.);
#6886=ADVANCED_FACE('',(#6188),#6558,.T.);
#6887=ADVANCED_FACE('',(#6189),#6559,.T.);
#6888=ADVANCED_FACE('',(#6190),#6560,.T.);
#6889=ADVANCED_FACE('',(#6191),#6561,.T.);
#6890=ADVANCED_FACE('',(#6192),#6562,.T.);
#6891=ADVANCED_FACE('',(#6193),#6563,.T.);
#6892=ADVANCED_FACE('',(#6194),#6564,.T.);
#6893=ADVANCED_FACE('',(#6195),#6565,.T.);
#6894=ADVANCED_FACE('',(#6196),#6566,.F.);
#6895=ADVANCED_FACE('',(#6197),#6567,.T.);
#6896=ADVANCED_FACE('',(#6198),#6568,.T.);
#6897=ADVANCED_FACE('',(#6199),#6569,.F.);
#6898=ADVANCED_FACE('',(#6200),#6570,.F.);
#6899=ADVANCED_FACE('',(#6201),#6571,.T.);
#6900=ADVANCED_FACE('',(#6202),#6572,.F.);
#6901=ADVANCED_FACE('',(#6203),#95,.F.);
#6902=ADVANCED_FACE('',(#6204),#12,.F.);
#6903=ADVANCED_FACE('',(#6205),#96,.F.);
#6904=ADVANCED_FACE('',(#6206),#13,.F.);
#6905=ADVANCED_FACE('',(#6207),#97,.F.);
#6906=ADVANCED_FACE('',(#6208),#98,.F.);
#6907=ADVANCED_FACE('',(#6209),#99,.F.);
#6908=ADVANCED_FACE('',(#6210),#100,.F.);
#6909=ADVANCED_FACE('',(#6211),#101,.F.);
#6910=ADVANCED_FACE('',(#6212),#102,.F.);
#6911=ADVANCED_FACE('',(#6213),#103,.F.);
#6912=ADVANCED_FACE('',(#6214),#104,.F.);
#6913=ADVANCED_FACE('',(#6215),#105,.F.);
#6914=ADVANCED_FACE('',(#6216),#106,.F.);
#6915=ADVANCED_FACE('',(#6217),#107,.F.);
#6916=ADVANCED_FACE('',(#6218),#108,.F.);
#6917=ADVANCED_FACE('',(#6219),#109,.F.);
#6918=ADVANCED_FACE('',(#6220),#110,.F.);
#6919=ADVANCED_FACE('',(#6221),#111,.F.);
#6920=ADVANCED_FACE('',(#6222),#112,.F.);
#6921=ADVANCED_FACE('',(#6223),#113,.F.);
#6922=ADVANCED_FACE('',(#6224),#114,.F.);
#6923=ADVANCED_FACE('',(#6225),#115,.F.);
#6924=ADVANCED_FACE('',(#6226),#116,.F.);
#6925=ADVANCED_FACE('',(#6227),#117,.F.);
#6926=ADVANCED_FACE('',(#6228),#118,.F.);
#6927=ADVANCED_FACE('',(#6229),#119,.F.);
#6928=ADVANCED_FACE('',(#6230),#120,.F.);
#6929=ADVANCED_FACE('',(#6231),#121,.F.);
#6930=ADVANCED_FACE('',(#6232),#122,.F.);
#6931=ADVANCED_FACE('',(#6233),#123,.F.);
#6932=ADVANCED_FACE('',(#6234),#124,.F.);
#6933=ADVANCED_FACE('',(#6235),#125,.F.);
#6934=ADVANCED_FACE('',(#6236),#126,.F.);
#6935=ADVANCED_FACE('',(#6237),#127,.F.);
#6936=ADVANCED_FACE('',(#6238),#128,.F.);
#6937=ADVANCED_FACE('',(#6239),#129,.F.);
#6938=ADVANCED_FACE('',(#6240),#130,.F.);
#6939=ADVANCED_FACE('',(#6241),#131,.F.);
#6940=ADVANCED_FACE('',(#6242),#6573,.F.);
#6941=ADVANCED_FACE('',(#6243),#28,.F.);
#6942=ADVANCED_FACE('',(#6244),#29,.F.);
#6943=ADVANCED_FACE('',(#6245),#6574,.F.);
#6944=ADVANCED_FACE('',(#6246),#6575,.T.);
#6945=ADVANCED_FACE('',(#6247),#30,.F.);
#6946=ADVANCED_FACE('',(#6248),#31,.F.);
#6947=ADVANCED_FACE('',(#6249),#6576,.T.);
#6948=ADVANCED_FACE('',(#6250),#32,.F.);
#6949=ADVANCED_FACE('',(#6251),#6577,.F.);
#6950=ADVANCED_FACE('',(#6252),#33,.F.);
#6951=ADVANCED_FACE('',(#6253),#6578,.T.);
#6952=ADVANCED_FACE('',(#6254),#34,.F.);
#6953=ADVANCED_FACE('',(#6255),#6579,.T.);
#6954=ADVANCED_FACE('',(#6256),#35,.F.);
#6955=ADVANCED_FACE('',(#6257),#18,.T.);
#6956=ADVANCED_FACE('',(#6258),#6580,.T.);
#6957=ADVANCED_FACE('',(#6259),#6581,.T.);
#6958=ADVANCED_FACE('',(#6260),#36,.F.);
#6959=ADVANCED_FACE('',(#6261),#6582,.F.);
#6960=ADVANCED_FACE('',(#6262),#6583,.T.);
#6961=ADVANCED_FACE('',(#6263),#37,.F.);
#6962=ADVANCED_FACE('',(#6264),#6584,.F.);
#6963=ADVANCED_FACE('',(#6265),#38,.F.);
#6964=ADVANCED_FACE('',(#6266),#6585,.F.);
#6965=ADVANCED_FACE('',(#6267),#6586,.F.);
#6966=ADVANCED_FACE('',(#6268),#39,.F.);
#6967=ADVANCED_FACE('',(#6269),#6587,.F.);
#6968=ADVANCED_FACE('',(#6270),#40,.F.);
#6969=ADVANCED_FACE('',(#6271),#6588,.T.);
#6970=ADVANCED_FACE('',(#6272),#6589,.T.);
#6971=ADVANCED_FACE('',(#6273),#41,.F.);
#6972=ADVANCED_FACE('',(#6274),#6590,.T.);
#6973=ADVANCED_FACE('',(#6275),#42,.F.);
#6974=ADVANCED_FACE('',(#6276),#6591,.F.);
#6975=ADVANCED_FACE('',(#6277),#6592,.T.);
#6976=ADVANCED_FACE('',(#6278),#43,.F.);
#6977=ADVANCED_FACE('',(#6279),#6593,.T.);
#6978=ADVANCED_FACE('',(#6280),#6594,.T.);
#6979=ADVANCED_FACE('',(#6281),#19,.T.);
#6980=ADVANCED_FACE('',(#6282),#44,.F.);
#6981=ADVANCED_FACE('',(#6283),#6595,.T.);
#6982=ADVANCED_FACE('',(#6284),#6596,.F.);
#6983=ADVANCED_FACE('',(#6285),#6597,.F.);
#6984=ADVANCED_FACE('',(#6286),#45,.F.);
#6985=ADVANCED_FACE('',(#6287),#46,.F.);
#6986=ADVANCED_FACE('',(#6288),#6598,.F.);
#6987=ADVANCED_FACE('',(#6289),#6599,.F.);
#6988=ADVANCED_FACE('',(#6290),#6600,.F.);
#6989=ADVANCED_FACE('',(#6291),#47,.F.);
#6990=ADVANCED_FACE('',(#6292),#48,.F.);
#6991=ADVANCED_FACE('',(#6293),#6601,.T.);
#6992=ADVANCED_FACE('',(#6294),#6602,.F.);
#6993=ADVANCED_FACE('',(#6295),#6603,.F.);
#6994=ADVANCED_FACE('',(#6296),#49,.F.);
#6995=ADVANCED_FACE('',(#6297),#50,.F.);
#6996=ADVANCED_FACE('',(#6298),#6604,.T.);
#6997=ADVANCED_FACE('',(#6299),#6605,.T.);
#6998=ADVANCED_FACE('',(#6300),#51,.F.);
#6999=ADVANCED_FACE('',(#6301),#52,.F.);
#7000=ADVANCED_FACE('',(#6302),#6606,.F.);
#7001=ADVANCED_FACE('',(#6303),#6607,.T.);
#7002=ADVANCED_FACE('',(#6304),#6608,.T.);
#7003=ADVANCED_FACE('',(#6305),#53,.F.);
#7004=ADVANCED_FACE('',(#6306),#6609,.T.);
#7005=ADVANCED_FACE('',(#6307),#6610,.F.);
#7006=ADVANCED_FACE('',(#6308),#6611,.F.);
#7007=ADVANCED_FACE('',(#6309),#54,.F.);
#7008=ADVANCED_FACE('',(#6310),#6612,.T.);
#7009=ADVANCED_FACE('',(#6311),#6613,.F.);
#7010=ADVANCED_FACE('',(#6312),#6614,.F.);
#7011=ADVANCED_FACE('',(#6313),#6615,.F.);
#7012=ADVANCED_FACE('',(#6314),#6616,.F.);
#7013=ADVANCED_FACE('',(#6315),#55,.F.);
#7014=ADVANCED_FACE('',(#6316),#6617,.T.);
#7015=ADVANCED_FACE('',(#6317),#6618,.T.);
#7016=ADVANCED_FACE('',(#6318),#56,.F.);
#7017=ADVANCED_FACE('',(#6319),#6619,.T.);
#7018=ADVANCED_FACE('',(#6320),#6620,.T.);
#7019=ADVANCED_FACE('',(#6321),#6621,.T.);
#7020=ADVANCED_FACE('',(#6322),#57,.F.);
#7021=ADVANCED_FACE('',(#6323),#6622,.F.);
#7022=ADVANCED_FACE('',(#6324),#6623,.T.);
#7023=ADVANCED_FACE('',(#6325),#20,.T.);
#7024=ADVANCED_FACE('',(#6326),#6624,.F.);
#7025=ADVANCED_FACE('',(#6327),#6625,.T.);
#7026=ADVANCED_FACE('',(#6328),#21,.T.);
#7027=ADVANCED_FACE('',(#6329),#22,.T.);
#7028=ADVANCED_FACE('',(#6330),#6626,.T.);
#7029=ADVANCED_FACE('',(#6331),#6627,.F.);
#7030=ADVANCED_FACE('',(#6332),#23,.T.);
#7031=ADVANCED_FACE('',(#6333),#132,.F.);
#7032=ADVANCED_FACE('',(#6334),#6628,.T.);
#7033=ADVANCED_FACE('',(#6335),#133,.F.);
#7034=ADVANCED_FACE('',(#6336),#6629,.F.);
#7035=ADVANCED_FACE('',(#6337),#6630,.T.);
#7036=ADVANCED_FACE('',(#6338),#134,.F.);
#7037=ADVANCED_FACE('',(#6339),#6631,.T.);
#7038=ADVANCED_FACE('',(#6340),#135,.F.);
#7039=ADVANCED_FACE('',(#6341),#6632,.F.);
#7040=ADVANCED_FACE('',(#6342),#6633,.T.);
#7041=ADVANCED_FACE('',(#6343),#58,.F.);
#7042=ADVANCED_FACE('',(#6344),#6634,.T.);
#7043=ADVANCED_FACE('',(#6345),#6635,.F.);
#7044=ADVANCED_FACE('',(#6346),#59,.F.);
#7045=ADVANCED_FACE('',(#6347),#60,.F.);
#7046=ADVANCED_FACE('',(#6348),#6636,.T.);
#7047=ADVANCED_FACE('',(#6349),#6637,.F.);
#7048=ADVANCED_FACE('',(#6350),#61,.F.);
#7049=CLOSED_SHELL('',(#6638,#6639,#6640,#6641,#6642,#6643,#6644,#6645,
#6646,#6647,#6648,#6649,#6650,#6651,#6652,#6653,#6654,#6655,#6656,#6657,
#6658,#6659,#6660,#6661,#6662,#6663,#6664,#6665,#6666,#6667,#6668,#6669,
#6670,#6671,#6672,#6673,#6674,#6675,#6676,#6677,#6678,#6679,#6680,#6681,
#6682,#6683,#6684,#6685,#6686,#6687,#6688,#6689,#6690,#6691,#6692,#6693,
#6694,#6695,#6696,#6697,#6698,#6699,#6700,#6701,#6702,#6703,#6704,#6705,
#6706,#6707,#6708,#6709,#6710,#6711,#6712,#6713,#6714,#6715,#6716,#6717,
#6718,#6719,#6720,#6721,#6722,#6723,#6724,#6725,#6726,#6727,#6728,#6729,
#6730,#6731,#6732,#6733,#6734,#6735,#6736,#6737,#6738,#6739,#6740,#6741,
#6742,#6743,#6744,#6745,#6746,#6747,#6748,#6749,#6750,#6751,#6752,#6753,
#6754,#6755,#6756,#6757,#6758,#6759,#6760,#6761,#6762,#6763,#6764,#6765,
#6766,#6767,#6768,#6769,#6770,#6771,#6772,#6773,#6774,#6775,#6776,#6777,
#6778,#6779,#6780,#6781,#6782,#6783,#6784,#6785,#6786,#6787,#6788,#6789,
#6790,#6791,#6792,#6793,#6794,#6795,#6796,#6797,#6798,#6799,#6800,#6801,
#6802,#6803,#6804,#6805,#6806,#6807,#6808,#6809,#6810,#6811,#6812,#6813,
#6814,#6815,#6816,#6817,#6818,#6819,#6820,#6821,#6822,#6823,#6824,#6825,
#6826,#6827,#6828,#6829,#6830,#6831,#6832,#6833,#6834,#6835,#6836,#6837,
#6838,#6839,#6840,#6841,#6842,#6843,#6844,#6845,#6846,#6847,#6848,#6849,
#6850,#6851,#6852,#6853,#6854,#6855,#6856,#6857,#6858,#6859,#6860,#6861,
#6862,#6863,#6864,#6865,#6866,#6867,#6868,#6869,#6870,#6871,#6872,#6873,
#6874,#6875,#6876,#6877,#6878,#6879,#6880,#6881,#6882,#6883,#6884,#6885,
#6886,#6887,#6888,#6889,#6890,#6891,#6892,#6893,#6894,#6895,#6896,#6897,
#6898,#6899,#6900,#6901,#6902,#6903,#6904,#6905,#6906,#6907,#6908,#6909,
#6910,#6911,#6912,#6913,#6914,#6915,#6916,#6917,#6918,#6919,#6920,#6921,
#6922,#6923,#6924,#6925,#6926,#6927,#6928,#6929,#6930,#6931,#6932,#6933,
#6934,#6935,#6936,#6937,#6938,#6939,#6940,#6941,#6942,#6943,#6944,#6945,
#6946,#6947,#6948,#6949,#6950,#6951,#6952,#6953,#6954,#6955,#6956,#6957,
#6958,#6959,#6960,#6961,#6962,#6963,#6964,#6965,#6966,#6967,#6968,#6969,
#6970,#6971,#6972,#6973,#6974,#6975,#6976,#6977,#6978,#6979,#6980,#6981,
#6982,#6983,#6984,#6985,#6986,#6987,#6988,#6989,#6990,#6991,#6992,#6993,
#6994,#6995,#6996,#6997,#6998,#6999,#7000,#7001,#7002,#7003,#7004,#7005,
#7006,#7007,#7008,#7009,#7010,#7011,#7012,#7013,#7014,#7015,#7016,#7017,
#7018,#7019,#7020,#7021,#7022,#7023,#7024,#7025,#7026,#7027,#7028,#7029,
#7030,#7031,#7032,#7033,#7034,#7035,#7036,#7037,#7038,#7039,#7040,#7041,
#7042,#7043,#7044,#7045,#7046,#7047,#7048));
#7050=STYLED_ITEM('',(#7051),#7058);
#7051=PRESENTATION_STYLE_ASSIGNMENT((#7052));
#7052=SURFACE_STYLE_USAGE(.BOTH.,#7053);
#7053=SURFACE_SIDE_STYLE('',(#7054));
#7054=SURFACE_STYLE_FILL_AREA(#7055);
#7055=FILL_AREA_STYLE('',(#7056));
#7056=FILL_AREA_STYLE_COLOUR('',#7057);
#7057=COLOUR_RGB('',0.615686274509804,0.811764705882353,0.929411764705882);
#7058=MANIFOLD_SOLID_BREP('Beep_Top',#7049);
#7059=SHAPE_DEFINITION_REPRESENTATION(#11867,#7060);
#7060=SHAPE_REPRESENTATION('Beep_Top',(#7061),#11862);
#7061=AXIS2_PLACEMENT_3D('',#9596,#7659,#7660);
#7062=AXIS2_PLACEMENT_3D('',#9597,#7661,#7662);
#7063=AXIS2_PLACEMENT_3D('',#9628,#7673,#7674);
#7064=AXIS2_PLACEMENT_3D('',#9637,#7679,#7680);
#7065=AXIS2_PLACEMENT_3D('',#9646,#7685,#7686);
#7066=AXIS2_PLACEMENT_3D('',#9647,#7687,#7688);
#7067=AXIS2_PLACEMENT_3D('',#9652,#7690,#7691);
#7068=AXIS2_PLACEMENT_3D('',#9656,#7693,#7694);
#7069=AXIS2_PLACEMENT_3D('',#9660,#7696,#7697);
#7070=AXIS2_PLACEMENT_3D('',#9663,#7699,#7700);
#7071=AXIS2_PLACEMENT_3D('',#9672,#7704,#7705);
#7072=AXIS2_PLACEMENT_3D('',#9676,#7707,#7708);
#7073=AXIS2_PLACEMENT_3D('',#9680,#7710,#7711);
#7074=AXIS2_PLACEMENT_3D('',#9686,#7714,#7715);
#7075=AXIS2_PLACEMENT_3D('',#9690,#7717,#7718);
#7076=AXIS2_PLACEMENT_3D('',#9696,#7721,#7722);
#7077=AXIS2_PLACEMENT_3D('',#9700,#7724,#7725);
#7078=AXIS2_PLACEMENT_3D('',#9719,#7735,#7736);
#7079=AXIS2_PLACEMENT_3D('',#9736,#7745,#7746);
#7080=AXIS2_PLACEMENT_3D('',#9748,#7752,#7753);
#7081=AXIS2_PLACEMENT_3D('',#9752,#7755,#7756);
#7082=AXIS2_PLACEMENT_3D('',#9753,#7757,#7758);
#7083=AXIS2_PLACEMENT_3D('',#9770,#7764,#7765);
#7084=AXIS2_PLACEMENT_3D('',#9774,#7767,#7768);
#7085=AXIS2_PLACEMENT_3D('',#9784,#7771,#7772);
#7086=AXIS2_PLACEMENT_3D('',#9789,#7774,#7775);
#7087=AXIS2_PLACEMENT_3D('',#9792,#7777,#7778);
#7088=AXIS2_PLACEMENT_3D('',#9820,#7792,#7793);
#7089=AXIS2_PLACEMENT_3D('',#9824,#7795,#7796);
#7090=AXIS2_PLACEMENT_3D('',#9825,#7797,#7798);
#7091=AXIS2_PLACEMENT_3D('',#9829,#7800,#7801);
#7092=AXIS2_PLACEMENT_3D('',#9833,#7803,#7804);
#7093=AXIS2_PLACEMENT_3D('',#9837,#7806,#7807);
#7094=AXIS2_PLACEMENT_3D('',#9841,#7809,#7810);
#7095=AXIS2_PLACEMENT_3D('',#9887,#7817,#7818);
#7096=AXIS2_PLACEMENT_3D('',#9893,#7821,#7822);
#7097=AXIS2_PLACEMENT_3D('',#9897,#7824,#7825);
#7098=AXIS2_PLACEMENT_3D('',#9903,#7828,#7829);
#7099=AXIS2_PLACEMENT_3D('',#9907,#7831,#7832);
#7100=AXIS2_PLACEMENT_3D('',#9913,#7835,#7836);
#7101=AXIS2_PLACEMENT_3D('',#9917,#7838,#7839);
#7102=AXIS2_PLACEMENT_3D('',#9923,#7842,#7843);
#7103=AXIS2_PLACEMENT_3D('',#9926,#7845,#7846);
#7104=AXIS2_PLACEMENT_3D('',#9928,#7847,#7848);
#7105=AXIS2_PLACEMENT_3D('',#9930,#7849,#7850);
#7106=AXIS2_PLACEMENT_3D('',#9932,#7851,#7852);
#7107=AXIS2_PLACEMENT_3D('',#9934,#7853,#7854);
#7108=AXIS2_PLACEMENT_3D('',#9936,#7855,#7856);
#7109=AXIS2_PLACEMENT_3D('',#9938,#7857,#7858);
#7110=AXIS2_PLACEMENT_3D('',#9940,#7859,#7860);
#7111=AXIS2_PLACEMENT_3D('',#9955,#7868,#7869);
#7112=AXIS2_PLACEMENT_3D('',#9956,#7870,#7871);
#7113=AXIS2_PLACEMENT_3D('',#9961,#7873,#7874);
#7114=AXIS2_PLACEMENT_3D('',#9965,#7876,#7877);
#7115=AXIS2_PLACEMENT_3D('',#9966,#7878,#7879);
#7116=AXIS2_PLACEMENT_3D('',#9970,#7881,#7882);
#7117=AXIS2_PLACEMENT_3D('',#9971,#7883,#7884);
#7118=AXIS2_PLACEMENT_3D('',#9990,#7892,#7893);
#7119=AXIS2_PLACEMENT_3D('',#10005,#7901,#7902);
#7120=AXIS2_PLACEMENT_3D('',#10006,#7903,#7904);
#7121=AXIS2_PLACEMENT_3D('',#10011,#7906,#7907);
#7122=AXIS2_PLACEMENT_3D('',#10012,#7908,#7909);
#7123=AXIS2_PLACEMENT_3D('',#10016,#7911,#7912);
#7124=AXIS2_PLACEMENT_3D('',#10017,#7913,#7914);
#7125=AXIS2_PLACEMENT_3D('',#10018,#7915,#7916);
#7126=AXIS2_PLACEMENT_3D('',#10023,#7918,#7919);
#7127=AXIS2_PLACEMENT_3D('',#10027,#7921,#7922);
#7128=AXIS2_PLACEMENT_3D('',#10031,#7924,#7925);
#7129=AXIS2_PLACEMENT_3D('',#10035,#7927,#7928);
#7130=AXIS2_PLACEMENT_3D('',#10036,#7929,#7930);
#7131=AXIS2_PLACEMENT_3D('',#10056,#7938,#7939);
#7132=AXIS2_PLACEMENT_3D('',#10057,#7940,#7941);
#7133=AXIS2_PLACEMENT_3D('',#10062,#7943,#7944);
#7134=AXIS2_PLACEMENT_3D('',#10066,#7946,#7947);
#7135=AXIS2_PLACEMENT_3D('',#10070,#7949,#7950);
#7136=AXIS2_PLACEMENT_3D('',#10071,#7951,#7952);
#7137=AXIS2_PLACEMENT_3D('',#10075,#7954,#7955);
#7138=AXIS2_PLACEMENT_3D('',#10079,#7957,#7958);
#7139=AXIS2_PLACEMENT_3D('',#10083,#7960,#7961);
#7140=AXIS2_PLACEMENT_3D('',#10084,#7962,#7963);
#7141=AXIS2_PLACEMENT_3D('',#10086,#7964,#7965);
#7142=AXIS2_PLACEMENT_3D('',#10105,#7973,#7974);
#7143=AXIS2_PLACEMENT_3D('',#10111,#7978,#7979);
#7144=AXIS2_PLACEMENT_3D('',#10125,#7987,#7988);
#7145=AXIS2_PLACEMENT_3D('',#10135,#7994,#7995);
#7146=AXIS2_PLACEMENT_3D('',#10148,#8002,#8003);
#7147=AXIS2_PLACEMENT_3D('',#10154,#8007,#8008);
#7148=AXIS2_PLACEMENT_3D('',#10173,#8019,#8020);
#7149=AXIS2_PLACEMENT_3D('',#10179,#8024,#8025);
#7150=AXIS2_PLACEMENT_3D('',#10196,#8035,#8036);
#7151=AXIS2_PLACEMENT_3D('',#10232,#8042,#8043);
#7152=AXIS2_PLACEMENT_3D('',#10233,#8044,#8045);
#7153=AXIS2_PLACEMENT_3D('',#10237,#8047,#8048);
#7154=AXIS2_PLACEMENT_3D('',#10241,#8050,#8051);
#7155=AXIS2_PLACEMENT_3D('',#10242,#8052,#8053);
#7156=AXIS2_PLACEMENT_3D('',#10259,#8060,#8061);
#7157=AXIS2_PLACEMENT_3D('',#10265,#8065,#8066);
#7158=AXIS2_PLACEMENT_3D('',#10271,#8070,#8071);
#7159=AXIS2_PLACEMENT_3D('',#10277,#8075,#8076);
#7160=AXIS2_PLACEMENT_3D('',#10278,#8077,#8078);
#7161=AXIS2_PLACEMENT_3D('',#10279,#8079,#8080);
#7162=AXIS2_PLACEMENT_3D('',#10283,#8082,#8083);
#7163=AXIS2_PLACEMENT_3D('',#10284,#8084,#8085);
#7164=AXIS2_PLACEMENT_3D('',#10285,#8086,#8087);
#7165=AXIS2_PLACEMENT_3D('',#10287,#8088,#8089);
#7166=AXIS2_PLACEMENT_3D('',#10288,#8090,#8091);
#7167=AXIS2_PLACEMENT_3D('',#10289,#8092,#8093);
#7168=AXIS2_PLACEMENT_3D('',#10293,#8095,#8096);
#7169=AXIS2_PLACEMENT_3D('',#10294,#8097,#8098);
#7170=AXIS2_PLACEMENT_3D('',#10295,#8099,#8100);
#7171=AXIS2_PLACEMENT_3D('',#10297,#8101,#8102);
#7172=AXIS2_PLACEMENT_3D('',#10298,#8103,#8104);
#7173=AXIS2_PLACEMENT_3D('',#10302,#8106,#8107);
#7174=AXIS2_PLACEMENT_3D('',#10306,#8109,#8110);
#7175=AXIS2_PLACEMENT_3D('',#10307,#8111,#8112);
#7176=AXIS2_PLACEMENT_3D('',#10309,#8113,#8114);
#7177=AXIS2_PLACEMENT_3D('',#10310,#8115,#8116);
#7178=AXIS2_PLACEMENT_3D('',#10311,#8117,#8118);
#7179=AXIS2_PLACEMENT_3D('',#10312,#8119,#8120);
#7180=AXIS2_PLACEMENT_3D('',#10313,#8121,#8122);
#7181=AXIS2_PLACEMENT_3D('',#10314,#8123,#8124);
#7182=AXIS2_PLACEMENT_3D('',#10315,#8125,#8126);
#7183=AXIS2_PLACEMENT_3D('',#10316,#8127,#8128);
#7184=AXIS2_PLACEMENT_3D('',#10317,#8129,#8130);
#7185=AXIS2_PLACEMENT_3D('',#10320,#8133,#8134);
#7186=AXIS2_PLACEMENT_3D('',#10322,#8136,#8137);
#7187=AXIS2_PLACEMENT_3D('',#10324,#8139,#8140);
#7188=AXIS2_PLACEMENT_3D('',#10326,#8142,#8143);
#7189=AXIS2_PLACEMENT_3D('',#10328,#8145,#8146);
#7190=AXIS2_PLACEMENT_3D('',#10330,#8148,#8149);
#7191=AXIS2_PLACEMENT_3D('',#10332,#8151,#8152);
#7192=AXIS2_PLACEMENT_3D('',#10333,#8153,#8154);
#7193=AXIS2_PLACEMENT_3D('',#10334,#8155,#8156);
#7194=AXIS2_PLACEMENT_3D('',#10336,#8157,#8158);
#7195=AXIS2_PLACEMENT_3D('',#10337,#8159,#8160);
#7196=AXIS2_PLACEMENT_3D('',#10338,#8161,#8162);
#7197=AXIS2_PLACEMENT_3D('',#10340,#8163,#8164);
#7198=AXIS2_PLACEMENT_3D('',#10341,#8165,#8166);
#7199=AXIS2_PLACEMENT_3D('',#10342,#8167,#8168);
#7200=AXIS2_PLACEMENT_3D('',#10344,#8169,#8170);
#7201=AXIS2_PLACEMENT_3D('',#10345,#8171,#8172);
#7202=AXIS2_PLACEMENT_3D('',#10346,#8173,#8174);
#7203=AXIS2_PLACEMENT_3D('',#10348,#8175,#8176);
#7204=AXIS2_PLACEMENT_3D('',#10349,#8177,#8178);
#7205=AXIS2_PLACEMENT_3D('',#10350,#8179,#8180);
#7206=AXIS2_PLACEMENT_3D('',#10352,#8181,#8182);
#7207=AXIS2_PLACEMENT_3D('',#10353,#8183,#8184);
#7208=AXIS2_PLACEMENT_3D('',#10354,#8185,#8186);
#7209=AXIS2_PLACEMENT_3D('',#10356,#8187,#8188);
#7210=AXIS2_PLACEMENT_3D('',#10357,#8189,#8190);
#7211=AXIS2_PLACEMENT_3D('',#10358,#8191,#8192);
#7212=AXIS2_PLACEMENT_3D('',#10360,#8193,#8194);
#7213=AXIS2_PLACEMENT_3D('',#10361,#8195,#8196);
#7214=AXIS2_PLACEMENT_3D('',#10362,#8197,#8198);
#7215=AXIS2_PLACEMENT_3D('',#10364,#8199,#8200);
#7216=AXIS2_PLACEMENT_3D('',#10365,#8201,#8202);
#7217=AXIS2_PLACEMENT_3D('',#10405,#8208,#8209);
#7218=AXIS2_PLACEMENT_3D('',#10441,#8213,#8214);
#7219=AXIS2_PLACEMENT_3D('',#10443,#8216,#8217);
#7220=AXIS2_PLACEMENT_3D('',#10446,#8219,#8220);
#7221=AXIS2_PLACEMENT_3D('',#10448,#8221,#8222);
#7222=AXIS2_PLACEMENT_3D('',#10449,#8223,#8224);
#7223=AXIS2_PLACEMENT_3D('',#10451,#8225,#8226);
#7224=AXIS2_PLACEMENT_3D('',#10454,#8228,#8229);
#7225=AXIS2_PLACEMENT_3D('',#10458,#8232,#8233);
#7226=AXIS2_PLACEMENT_3D('',#10464,#8237,#8238);
#7227=AXIS2_PLACEMENT_3D('',#10467,#8240,#8241);
#7228=AXIS2_PLACEMENT_3D('',#10469,#8242,#8243);
#7229=AXIS2_PLACEMENT_3D('',#10470,#8244,#8245);
#7230=AXIS2_PLACEMENT_3D('',#10472,#8246,#8247);
#7231=AXIS2_PLACEMENT_3D('',#10473,#8248,#8249);
#7232=AXIS2_PLACEMENT_3D('',#10475,#8251,#8252);
#7233=AXIS2_PLACEMENT_3D('',#10476,#8253,#8254);
#7234=AXIS2_PLACEMENT_3D('',#10477,#8255,#8256);
#7235=AXIS2_PLACEMENT_3D('',#10480,#8258,#8259);
#7236=AXIS2_PLACEMENT_3D('',#10482,#8260,#8261);
#7237=AXIS2_PLACEMENT_3D('',#10483,#8262,#8263);
#7238=AXIS2_PLACEMENT_3D('',#10487,#8266,#8267);
#7239=AXIS2_PLACEMENT_3D('',#10491,#8270,#8271);
#7240=AXIS2_PLACEMENT_3D('',#10496,#8274,#8275);
#7241=AXIS2_PLACEMENT_3D('',#10497,#8276,#8277);
#7242=AXIS2_PLACEMENT_3D('',#10498,#8278,#8279);
#7243=AXIS2_PLACEMENT_3D('',#10501,#8281,#8282);
#7244=AXIS2_PLACEMENT_3D('',#10502,#8283,#8284);
#7245=AXIS2_PLACEMENT_3D('',#10506,#8287,#8288);
#7246=AXIS2_PLACEMENT_3D('',#10512,#8292,#8293);
#7247=AXIS2_PLACEMENT_3D('',#10513,#8294,#8295);
#7248=AXIS2_PLACEMENT_3D('',#10515,#8296,#8297);
#7249=AXIS2_PLACEMENT_3D('',#10516,#8298,#8299);
#7250=AXIS2_PLACEMENT_3D('',#10517,#8300,#8301);
#7251=AXIS2_PLACEMENT_3D('',#10521,#8303,#8304);
#7252=AXIS2_PLACEMENT_3D('',#10522,#8305,#8306);
#7253=AXIS2_PLACEMENT_3D('',#10523,#8307,#8308);
#7254=AXIS2_PLACEMENT_3D('',#10527,#8311,#8312);
#7255=AXIS2_PLACEMENT_3D('',#10530,#8314,#8315);
#7256=AXIS2_PLACEMENT_3D('',#10532,#8316,#8317);
#7257=AXIS2_PLACEMENT_3D('',#10533,#8318,#8319);
#7258=AXIS2_PLACEMENT_3D('',#10535,#8320,#8321);
#7259=AXIS2_PLACEMENT_3D('',#10538,#8323,#8324);
#7260=AXIS2_PLACEMENT_3D('',#10542,#8327,#8328);
#7261=AXIS2_PLACEMENT_3D('',#10543,#8329,#8330);
#7262=AXIS2_PLACEMENT_3D('',#10546,#8332,#8333);
#7263=AXIS2_PLACEMENT_3D('',#10547,#8334,#8335);
#7264=AXIS2_PLACEMENT_3D('',#10548,#8336,#8337);
#7265=AXIS2_PLACEMENT_3D('',#10554,#8341,#8342);
#7266=AXIS2_PLACEMENT_3D('',#10558,#8345,#8346);
#7267=AXIS2_PLACEMENT_3D('',#10559,#8347,#8348);
#7268=AXIS2_PLACEMENT_3D('',#10561,#8349,#8350);
#7269=AXIS2_PLACEMENT_3D('',#10562,#8351,#8352);
#7270=AXIS2_PLACEMENT_3D('',#10564,#8354,#8355);
#7271=AXIS2_PLACEMENT_3D('',#10565,#8356,#8357);
#7272=AXIS2_PLACEMENT_3D('',#10566,#8358,#8359);
#7273=AXIS2_PLACEMENT_3D('',#10572,#8363,#8364);
#7274=AXIS2_PLACEMENT_3D('',#10575,#8366,#8367);
#7275=AXIS2_PLACEMENT_3D('',#10577,#8368,#8369);
#7276=AXIS2_PLACEMENT_3D('',#10578,#8370,#8371);
#7277=AXIS2_PLACEMENT_3D('',#10580,#8372,#8373);
#7278=AXIS2_PLACEMENT_3D('',#10581,#8374,#8375);
#7279=AXIS2_PLACEMENT_3D('',#10585,#8378,#8379);
#7280=AXIS2_PLACEMENT_3D('',#10586,#8380,#8381);
#7281=AXIS2_PLACEMENT_3D('',#10590,#8384,#8385);
#7282=AXIS2_PLACEMENT_3D('',#10596,#8389,#8390);
#7283=AXIS2_PLACEMENT_3D('',#10597,#8391,#8392);
#7284=AXIS2_PLACEMENT_3D('',#10599,#8393,#8394);
#7285=AXIS2_PLACEMENT_3D('',#10600,#8395,#8396);
#7286=AXIS2_PLACEMENT_3D('',#10602,#8398,#8399);
#7287=AXIS2_PLACEMENT_3D('',#10603,#8400,#8401);
#7288=AXIS2_PLACEMENT_3D('',#10604,#8402,#8403);
#7289=AXIS2_PLACEMENT_3D('',#10610,#8407,#8408);
#7290=AXIS2_PLACEMENT_3D('',#10611,#8409,#8410);
#7291=AXIS2_PLACEMENT_3D('',#10614,#8412,#8413);
#7292=AXIS2_PLACEMENT_3D('',#10618,#8416,#8417);
#7293=AXIS2_PLACEMENT_3D('',#10619,#8418,#8419);
#7294=AXIS2_PLACEMENT_3D('',#10622,#8421,#8422);
#7295=AXIS2_PLACEMENT_3D('',#10626,#8425,#8426);
#7296=AXIS2_PLACEMENT_3D('',#10632,#8430,#8431);
#7297=AXIS2_PLACEMENT_3D('',#10635,#8433,#8434);
#7298=AXIS2_PLACEMENT_3D('',#10636,#8435,#8436);
#7299=AXIS2_PLACEMENT_3D('',#10640,#8439,#8440);
#7300=AXIS2_PLACEMENT_3D('',#10641,#8441,#8442);
#7301=AXIS2_PLACEMENT_3D('',#10642,#8443,#8444);
#7302=AXIS2_PLACEMENT_3D('',#10645,#8446,#8447);
#7303=AXIS2_PLACEMENT_3D('',#10646,#8448,#8449);
#7304=AXIS2_PLACEMENT_3D('',#10647,#8450,#8451);
#7305=AXIS2_PLACEMENT_3D('',#10650,#8453,#8454);
#7306=AXIS2_PLACEMENT_3D('',#10652,#8456,#8457);
#7307=AXIS2_PLACEMENT_3D('',#10653,#8458,#8459);
#7308=AXIS2_PLACEMENT_3D('',#10654,#8460,#8461);
#7309=AXIS2_PLACEMENT_3D('',#10656,#8462,#8463);
#7310=AXIS2_PLACEMENT_3D('',#10657,#8464,#8465);
#7311=AXIS2_PLACEMENT_3D('',#10658,#8466,#8467);
#7312=AXIS2_PLACEMENT_3D('',#10660,#8468,#8469);
#7313=AXIS2_PLACEMENT_3D('',#10661,#8470,#8471);
#7314=AXIS2_PLACEMENT_3D('',#10662,#8472,#8473);
#7315=AXIS2_PLACEMENT_3D('',#10664,#8474,#8475);
#7316=AXIS2_PLACEMENT_3D('',#10665,#8476,#8477);
#7317=AXIS2_PLACEMENT_3D('',#10666,#8478,#8479);
#7318=AXIS2_PLACEMENT_3D('',#10668,#8480,#8481);
#7319=AXIS2_PLACEMENT_3D('',#10669,#8482,#8483);
#7320=AXIS2_PLACEMENT_3D('',#10670,#8484,#8485);
#7321=AXIS2_PLACEMENT_3D('',#10672,#8486,#8487);
#7322=AXIS2_PLACEMENT_3D('',#10673,#8488,#8489);
#7323=AXIS2_PLACEMENT_3D('',#10674,#8490,#8491);
#7324=AXIS2_PLACEMENT_3D('',#10676,#8492,#8493);
#7325=AXIS2_PLACEMENT_3D('',#10677,#8494,#8495);
#7326=AXIS2_PLACEMENT_3D('',#10678,#8496,#8497);
#7327=AXIS2_PLACEMENT_3D('',#10680,#8498,#8499);
#7328=AXIS2_PLACEMENT_3D('',#10681,#8500,#8501);
#7329=AXIS2_PLACEMENT_3D('',#10685,#8503,#8504);
#7330=AXIS2_PLACEMENT_3D('',#10686,#8505,#8506);
#7331=AXIS2_PLACEMENT_3D('',#10691,#8509,#8510);
#7332=AXIS2_PLACEMENT_3D('',#10696,#8514,#8515);
#7333=AXIS2_PLACEMENT_3D('',#10705,#8520,#8521);
#7334=AXIS2_PLACEMENT_3D('',#10711,#8525,#8526);
#7335=AXIS2_PLACEMENT_3D('',#10717,#8530,#8531);
#7336=AXIS2_PLACEMENT_3D('',#10726,#8536,#8537);
#7337=AXIS2_PLACEMENT_3D('',#10732,#8541,#8542);
#7338=AXIS2_PLACEMENT_3D('',#10738,#8546,#8547);
#7339=AXIS2_PLACEMENT_3D('',#10747,#8552,#8553);
#7340=AXIS2_PLACEMENT_3D('',#10753,#8557,#8558);
#7341=AXIS2_PLACEMENT_3D('',#10759,#8562,#8563);
#7342=AXIS2_PLACEMENT_3D('',#10768,#8568,#8569);
#7343=AXIS2_PLACEMENT_3D('',#10774,#8573,#8574);
#7344=AXIS2_PLACEMENT_3D('',#10780,#8578,#8579);
#7345=AXIS2_PLACEMENT_3D('',#10789,#8584,#8585);
#7346=AXIS2_PLACEMENT_3D('',#10795,#8589,#8590);
#7347=AXIS2_PLACEMENT_3D('',#10801,#8594,#8595);
#7348=AXIS2_PLACEMENT_3D('',#10810,#8600,#8601);
#7349=AXIS2_PLACEMENT_3D('',#10816,#8605,#8606);
#7350=AXIS2_PLACEMENT_3D('',#10822,#8610,#8611);
#7351=AXIS2_PLACEMENT_3D('',#10831,#8616,#8617);
#7352=AXIS2_PLACEMENT_3D('',#10837,#8621,#8622);
#7353=AXIS2_PLACEMENT_3D('',#10843,#8626,#8627);
#7354=AXIS2_PLACEMENT_3D('',#10852,#8632,#8633);
#7355=AXIS2_PLACEMENT_3D('',#10858,#8637,#8638);
#7356=AXIS2_PLACEMENT_3D('',#10864,#8642,#8643);
#7357=AXIS2_PLACEMENT_3D('',#10873,#8648,#8649);
#7358=AXIS2_PLACEMENT_3D('',#10879,#8653,#8654);
#7359=AXIS2_PLACEMENT_3D('',#10885,#8658,#8659);
#7360=AXIS2_PLACEMENT_3D('',#10894,#8664,#8665);
#7361=AXIS2_PLACEMENT_3D('',#10900,#8669,#8670);
#7362=AXIS2_PLACEMENT_3D('',#10906,#8674,#8675);
#7363=AXIS2_PLACEMENT_3D('',#10915,#8680,#8681);
#7364=AXIS2_PLACEMENT_3D('',#10921,#8685,#8686);
#7365=AXIS2_PLACEMENT_3D('',#10927,#8690,#8691);
#7366=AXIS2_PLACEMENT_3D('',#10936,#8696,#8697);
#7367=AXIS2_PLACEMENT_3D('',#10942,#8701,#8702);
#7368=AXIS2_PLACEMENT_3D('',#10948,#8706,#8707);
#7369=AXIS2_PLACEMENT_3D('',#10957,#8712,#8713);
#7370=AXIS2_PLACEMENT_3D('',#10963,#8717,#8718);
#7371=AXIS2_PLACEMENT_3D('',#10969,#8722,#8723);
#7372=AXIS2_PLACEMENT_3D('',#10978,#8728,#8729);
#7373=AXIS2_PLACEMENT_3D('',#10984,#8733,#8734);
#7374=AXIS2_PLACEMENT_3D('',#10990,#8738,#8739);
#7375=AXIS2_PLACEMENT_3D('',#10999,#8744,#8745);
#7376=AXIS2_PLACEMENT_3D('',#11005,#8749,#8750);
#7377=AXIS2_PLACEMENT_3D('',#11011,#8754,#8755);
#7378=AXIS2_PLACEMENT_3D('',#11020,#8760,#8761);
#7379=AXIS2_PLACEMENT_3D('',#11026,#8765,#8766);
#7380=AXIS2_PLACEMENT_3D('',#11032,#8770,#8771);
#7381=AXIS2_PLACEMENT_3D('',#11041,#8776,#8777);
#7382=AXIS2_PLACEMENT_3D('',#11047,#8781,#8782);
#7383=AXIS2_PLACEMENT_3D('',#11053,#8786,#8787);
#7384=AXIS2_PLACEMENT_3D('',#11062,#8792,#8793);
#7385=AXIS2_PLACEMENT_3D('',#11068,#8797,#8798);
#7386=AXIS2_PLACEMENT_3D('',#11074,#8802,#8803);
#7387=AXIS2_PLACEMENT_3D('',#11083,#8808,#8809);
#7388=AXIS2_PLACEMENT_3D('',#11089,#8813,#8814);
#7389=AXIS2_PLACEMENT_3D('',#11095,#8818,#8819);
#7390=AXIS2_PLACEMENT_3D('',#11104,#8824,#8825);
#7391=AXIS2_PLACEMENT_3D('',#11110,#8829,#8830);
#7392=AXIS2_PLACEMENT_3D('',#11116,#8834,#8835);
#7393=AXIS2_PLACEMENT_3D('',#11125,#8840,#8841);
#7394=AXIS2_PLACEMENT_3D('',#11131,#8845,#8846);
#7395=AXIS2_PLACEMENT_3D('',#11137,#8850,#8851);
#7396=AXIS2_PLACEMENT_3D('',#11146,#8856,#8857);
#7397=AXIS2_PLACEMENT_3D('',#11152,#8861,#8862);
#7398=AXIS2_PLACEMENT_3D('',#11158,#8866,#8867);
#7399=AXIS2_PLACEMENT_3D('',#11167,#8872,#8873);
#7400=AXIS2_PLACEMENT_3D('',#11173,#8877,#8878);
#7401=AXIS2_PLACEMENT_3D('',#11179,#8882,#8883);
#7402=AXIS2_PLACEMENT_3D('',#11188,#8888,#8889);
#7403=AXIS2_PLACEMENT_3D('',#11194,#8893,#8894);
#7404=AXIS2_PLACEMENT_3D('',#11200,#8898,#8899);
#7405=AXIS2_PLACEMENT_3D('',#11209,#8904,#8905);
#7406=AXIS2_PLACEMENT_3D('',#11215,#8909,#8910);
#7407=AXIS2_PLACEMENT_3D('',#11221,#8914,#8915);
#7408=AXIS2_PLACEMENT_3D('',#11227,#8919,#8920);
#7409=AXIS2_PLACEMENT_3D('',#11231,#8923,#8924);
#7410=AXIS2_PLACEMENT_3D('',#11235,#8927,#8928);
#7411=AXIS2_PLACEMENT_3D('',#11238,#8931,#8932);
#7412=AXIS2_PLACEMENT_3D('',#11241,#8935,#8936);
#7413=AXIS2_PLACEMENT_3D('',#11244,#8939,#8940);
#7414=AXIS2_PLACEMENT_3D('',#11247,#8943,#8944);
#7415=AXIS2_PLACEMENT_3D('',#11250,#8947,#8948);
#7416=AXIS2_PLACEMENT_3D('',#11253,#8951,#8952);
#7417=AXIS2_PLACEMENT_3D('',#11256,#8955,#8956);
#7418=AXIS2_PLACEMENT_3D('',#11259,#8959,#8960);
#7419=AXIS2_PLACEMENT_3D('',#11262,#8963,#8964);
#7420=AXIS2_PLACEMENT_3D('',#11265,#8967,#8968);
#7421=AXIS2_PLACEMENT_3D('',#11268,#8971,#8972);
#7422=AXIS2_PLACEMENT_3D('',#11271,#8975,#8976);
#7423=AXIS2_PLACEMENT_3D('',#11274,#8979,#8980);
#7424=AXIS2_PLACEMENT_3D('',#11277,#8983,#8984);
#7425=AXIS2_PLACEMENT_3D('',#11280,#8987,#8988);
#7426=AXIS2_PLACEMENT_3D('',#11283,#8991,#8992);
#7427=AXIS2_PLACEMENT_3D('',#11286,#8995,#8996);
#7428=AXIS2_PLACEMENT_3D('',#11289,#8999,#9000);
#7429=AXIS2_PLACEMENT_3D('',#11292,#9003,#9004);
#7430=AXIS2_PLACEMENT_3D('',#11295,#9007,#9008);
#7431=AXIS2_PLACEMENT_3D('',#11298,#9011,#9012);
#7432=AXIS2_PLACEMENT_3D('',#11301,#9015,#9016);
#7433=AXIS2_PLACEMENT_3D('',#11304,#9019,#9020);
#7434=AXIS2_PLACEMENT_3D('',#11307,#9023,#9024);
#7435=AXIS2_PLACEMENT_3D('',#11309,#9026,#9027);
#7436=AXIS2_PLACEMENT_3D('',#11312,#9030,#9031);
#7437=AXIS2_PLACEMENT_3D('',#11313,#9032,#9033);
#7438=AXIS2_PLACEMENT_3D('',#11314,#9034,#9035);
#7439=AXIS2_PLACEMENT_3D('',#11315,#9036,#9037);
#7440=AXIS2_PLACEMENT_3D('',#11316,#9038,#9039);
#7441=AXIS2_PLACEMENT_3D('',#11317,#9040,#9041);
#7442=AXIS2_PLACEMENT_3D('',#11318,#9042,#9043);
#7443=AXIS2_PLACEMENT_3D('',#11319,#9044,#9045);
#7444=AXIS2_PLACEMENT_3D('',#11320,#9046,#9047);
#7445=AXIS2_PLACEMENT_3D('',#11321,#9048,#9049);
#7446=AXIS2_PLACEMENT_3D('',#11322,#9050,#9051);
#7447=AXIS2_PLACEMENT_3D('',#11323,#9052,#9053);
#7448=AXIS2_PLACEMENT_3D('',#11324,#9054,#9055);
#7449=AXIS2_PLACEMENT_3D('',#11325,#9056,#9057);
#7450=AXIS2_PLACEMENT_3D('',#11326,#9058,#9059);
#7451=AXIS2_PLACEMENT_3D('',#11327,#9060,#9061);
#7452=AXIS2_PLACEMENT_3D('',#11328,#9062,#9063);
#7453=AXIS2_PLACEMENT_3D('',#11329,#9064,#9065);
#7454=AXIS2_PLACEMENT_3D('',#11330,#9066,#9067);
#7455=AXIS2_PLACEMENT_3D('',#11331,#9068,#9069);
#7456=AXIS2_PLACEMENT_3D('',#11332,#9070,#9071);
#7457=AXIS2_PLACEMENT_3D('',#11333,#9072,#9073);
#7458=AXIS2_PLACEMENT_3D('',#11334,#9074,#9075);
#7459=AXIS2_PLACEMENT_3D('',#11335,#9076,#9077);
#7460=AXIS2_PLACEMENT_3D('',#11336,#9078,#9079);
#7461=AXIS2_PLACEMENT_3D('',#11337,#9080,#9081);
#7462=AXIS2_PLACEMENT_3D('',#11338,#9082,#9083);
#7463=AXIS2_PLACEMENT_3D('',#11341,#9086,#9087);
#7464=AXIS2_PLACEMENT_3D('',#11350,#9092,#9093);
#7465=AXIS2_PLACEMENT_3D('',#11359,#9098,#9099);
#7466=AXIS2_PLACEMENT_3D('',#11368,#9104,#9105);
#7467=AXIS2_PLACEMENT_3D('',#11372,#9107,#9108);
#7468=AXIS2_PLACEMENT_3D('',#11373,#9109,#9110);
#7469=AXIS2_PLACEMENT_3D('',#11377,#9112,#9113);
#7470=AXIS2_PLACEMENT_3D('',#11385,#9117,#9118);
#7471=AXIS2_PLACEMENT_3D('',#11389,#9120,#9121);
#7472=AXIS2_PLACEMENT_3D('',#11390,#9122,#9123);
#7473=AXIS2_PLACEMENT_3D('',#11394,#9125,#9126);
#7474=AXIS2_PLACEMENT_3D('',#11398,#9128,#9129);
#7475=AXIS2_PLACEMENT_3D('',#11399,#9130,#9131);
#7476=AXIS2_PLACEMENT_3D('',#11407,#9134,#9135);
#7477=AXIS2_PLACEMENT_3D('',#11415,#9138,#9139);
#7478=AXIS2_PLACEMENT_3D('',#11423,#9140,#9141);
#7479=AXIS2_PLACEMENT_3D('',#11439,#9142,#9143);
#7480=AXIS2_PLACEMENT_3D('',#11440,#9144,#9145);
#7481=AXIS2_PLACEMENT_3D('',#11441,#9146,#9147);
#7482=AXIS2_PLACEMENT_3D('',#11457,#9148,#9149);
#7483=AXIS2_PLACEMENT_3D('',#11458,#9150,#9151);
#7484=AXIS2_PLACEMENT_3D('',#11464,#9152,#9153);
#7485=AXIS2_PLACEMENT_3D('',#11465,#9154,#9155);
#7486=AXIS2_PLACEMENT_3D('',#11466,#9156,#9157);
#7487=AXIS2_PLACEMENT_3D('',#11467,#9158,#9159);
#7488=AXIS2_PLACEMENT_3D('',#11468,#9160,#9161);
#7489=AXIS2_PLACEMENT_3D('',#11469,#9162,#9163);
#7490=AXIS2_PLACEMENT_3D('',#11470,#9164,#9165);
#7491=AXIS2_PLACEMENT_3D('',#11471,#9166,#9167);
#7492=AXIS2_PLACEMENT_3D('',#11472,#9168,#9169);
#7493=AXIS2_PLACEMENT_3D('',#11473,#9170,#9171);
#7494=AXIS2_PLACEMENT_3D('',#11474,#9172,#9173);
#7495=AXIS2_PLACEMENT_3D('',#11475,#9174,#9175);
#7496=AXIS2_PLACEMENT_3D('',#11476,#9176,#9177);
#7497=AXIS2_PLACEMENT_3D('',#11477,#9178,#9179);
#7498=AXIS2_PLACEMENT_3D('',#11478,#9180,#9181);
#7499=AXIS2_PLACEMENT_3D('',#11479,#9182,#9183);
#7500=AXIS2_PLACEMENT_3D('',#11480,#9184,#9185);
#7501=AXIS2_PLACEMENT_3D('',#11481,#9186,#9187);
#7502=AXIS2_PLACEMENT_3D('',#11482,#9188,#9189);
#7503=AXIS2_PLACEMENT_3D('',#11483,#9190,#9191);
#7504=AXIS2_PLACEMENT_3D('',#11484,#9192,#9193);
#7505=AXIS2_PLACEMENT_3D('',#11485,#9194,#9195);
#7506=AXIS2_PLACEMENT_3D('',#11486,#9196,#9197);
#7507=AXIS2_PLACEMENT_3D('',#11487,#9198,#9199);
#7508=AXIS2_PLACEMENT_3D('',#11488,#9200,#9201);
#7509=AXIS2_PLACEMENT_3D('',#11489,#9202,#9203);
#7510=AXIS2_PLACEMENT_3D('',#11490,#9204,#9205);
#7511=AXIS2_PLACEMENT_3D('',#11491,#9206,#9207);
#7512=AXIS2_PLACEMENT_3D('',#11492,#9208,#9209);
#7513=AXIS2_PLACEMENT_3D('',#11493,#9210,#9211);
#7514=AXIS2_PLACEMENT_3D('',#11494,#9212,#9213);
#7515=AXIS2_PLACEMENT_3D('',#11495,#9214,#9215);
#7516=AXIS2_PLACEMENT_3D('',#11496,#9216,#9217);
#7517=AXIS2_PLACEMENT_3D('',#11497,#9218,#9219);
#7518=AXIS2_PLACEMENT_3D('',#11498,#9220,#9221);
#7519=AXIS2_PLACEMENT_3D('',#11499,#9222,#9223);
#7520=AXIS2_PLACEMENT_3D('',#11500,#9224,#9225);
#7521=AXIS2_PLACEMENT_3D('',#11501,#9226,#9227);
#7522=AXIS2_PLACEMENT_3D('',#11502,#9228,#9229);
#7523=AXIS2_PLACEMENT_3D('',#11503,#9230,#9231);
#7524=AXIS2_PLACEMENT_3D('',#11504,#9232,#9233);
#7525=AXIS2_PLACEMENT_3D('',#11505,#9234,#9235);
#7526=AXIS2_PLACEMENT_3D('',#11506,#9236,#9237);
#7527=AXIS2_PLACEMENT_3D('',#11507,#9238,#9239);
#7528=AXIS2_PLACEMENT_3D('',#11508,#9240,#9241);
#7529=AXIS2_PLACEMENT_3D('',#11509,#9242,#9243);
#7530=AXIS2_PLACEMENT_3D('',#11510,#9244,#9245);
#7531=AXIS2_PLACEMENT_3D('',#11511,#9246,#9247);
#7532=AXIS2_PLACEMENT_3D('',#11512,#9248,#9249);
#7533=AXIS2_PLACEMENT_3D('',#11513,#9250,#9251);
#7534=AXIS2_PLACEMENT_3D('',#11514,#9252,#9253);
#7535=AXIS2_PLACEMENT_3D('',#11515,#9254,#9255);
#7536=AXIS2_PLACEMENT_3D('',#11516,#9256,#9257);
#7537=AXIS2_PLACEMENT_3D('',#11517,#9258,#9259);
#7538=AXIS2_PLACEMENT_3D('',#11518,#9260,#9261);
#7539=AXIS2_PLACEMENT_3D('',#11519,#9262,#9263);
#7540=AXIS2_PLACEMENT_3D('',#11520,#9264,#9265);
#7541=AXIS2_PLACEMENT_3D('',#11521,#9266,#9267);
#7542=AXIS2_PLACEMENT_3D('',#11522,#9268,#9269);
#7543=AXIS2_PLACEMENT_3D('',#11523,#9270,#9271);
#7544=AXIS2_PLACEMENT_3D('',#11524,#9272,#9273);
#7545=AXIS2_PLACEMENT_3D('',#11525,#9274,#9275);
#7546=AXIS2_PLACEMENT_3D('',#11526,#9276,#9277);
#7547=AXIS2_PLACEMENT_3D('',#11527,#9278,#9279);
#7548=AXIS2_PLACEMENT_3D('',#11528,#9280,#9281);
#7549=AXIS2_PLACEMENT_3D('',#11531,#9284,#9285);
#7550=AXIS2_PLACEMENT_3D('',#11533,#9287,#9288);
#7551=AXIS2_PLACEMENT_3D('',#11535,#9290,#9291);
#7552=AXIS2_PLACEMENT_3D('',#11537,#9293,#9294);
#7553=AXIS2_PLACEMENT_3D('',#11539,#9296,#9297);
#7554=AXIS2_PLACEMENT_3D('',#11541,#9299,#9300);
#7555=AXIS2_PLACEMENT_3D('',#11543,#9302,#9303);
#7556=AXIS2_PLACEMENT_3D('',#11544,#9304,#9305);
#7557=AXIS2_PLACEMENT_3D('',#11546,#9307,#9308);
#7558=AXIS2_PLACEMENT_3D('',#11548,#9310,#9311);
#7559=AXIS2_PLACEMENT_3D('',#11550,#9313,#9314);
#7560=AXIS2_PLACEMENT_3D('',#11552,#9316,#9317);
#7561=AXIS2_PLACEMENT_3D('',#11554,#9319,#9320);
#7562=AXIS2_PLACEMENT_3D('',#11556,#9322,#9323);
#7563=AXIS2_PLACEMENT_3D('',#11577,#9324,#9325);
#7564=AXIS2_PLACEMENT_3D('',#11579,#9327,#9328);
#7565=AXIS2_PLACEMENT_3D('',#11581,#9330,#9331);
#7566=AXIS2_PLACEMENT_3D('',#11583,#9333,#9334);
#7567=AXIS2_PLACEMENT_3D('',#11585,#9336,#9337);
#7568=AXIS2_PLACEMENT_3D('',#11587,#9339,#9340);
#7569=AXIS2_PLACEMENT_3D('',#11589,#9342,#9343);
#7570=AXIS2_PLACEMENT_3D('',#11591,#9345,#9346);
#7571=AXIS2_PLACEMENT_3D('',#11593,#9348,#9349);
#7572=AXIS2_PLACEMENT_3D('',#11595,#9351,#9352);
#7573=AXIS2_PLACEMENT_3D('',#11597,#9354,#9355);
#7574=AXIS2_PLACEMENT_3D('',#11599,#9357,#9358);
#7575=AXIS2_PLACEMENT_3D('',#11601,#9360,#9361);
#7576=AXIS2_PLACEMENT_3D('',#11603,#9363,#9364);
#7577=AXIS2_PLACEMENT_3D('',#11605,#9366,#9367);
#7578=AXIS2_PLACEMENT_3D('',#11607,#9369,#9370);
#7579=AXIS2_PLACEMENT_3D('',#11609,#9372,#9373);
#7580=AXIS2_PLACEMENT_3D('',#11611,#9375,#9376);
#7581=AXIS2_PLACEMENT_3D('',#11613,#9378,#9379);
#7582=AXIS2_PLACEMENT_3D('',#11615,#9381,#9382);
#7583=AXIS2_PLACEMENT_3D('',#11617,#9384,#9385);
#7584=AXIS2_PLACEMENT_3D('',#11619,#9387,#9388);
#7585=AXIS2_PLACEMENT_3D('',#11621,#9390,#9391);
#7586=AXIS2_PLACEMENT_3D('',#11634,#9392,#9393);
#7587=AXIS2_PLACEMENT_3D('',#11636,#9395,#9396);
#7588=AXIS2_PLACEMENT_3D('',#11638,#9398,#9399);
#7589=AXIS2_PLACEMENT_3D('',#11640,#9401,#9402);
#7590=AXIS2_PLACEMENT_3D('',#11642,#9404,#9405);
#7591=AXIS2_PLACEMENT_3D('',#11643,#9406,#9407);
#7592=AXIS2_PLACEMENT_3D('',#11646,#9410,#9411);
#7593=AXIS2_PLACEMENT_3D('',#11648,#9413,#9414);
#7594=AXIS2_PLACEMENT_3D('',#11650,#9416,#9417);
#7595=AXIS2_PLACEMENT_3D('',#11652,#9419,#9420);
#7596=AXIS2_PLACEMENT_3D('',#11654,#9422,#9423);
#7597=AXIS2_PLACEMENT_3D('',#11656,#9425,#9426);
#7598=AXIS2_PLACEMENT_3D('',#11658,#9428,#9429);
#7599=AXIS2_PLACEMENT_3D('',#11660,#9431,#9432);
#7600=AXIS2_PLACEMENT_3D('',#11662,#9434,#9435);
#7601=AXIS2_PLACEMENT_3D('',#11664,#9437,#9438);
#7602=AXIS2_PLACEMENT_3D('',#11666,#9440,#9441);
#7603=AXIS2_PLACEMENT_3D('',#11668,#9443,#9444);
#7604=AXIS2_PLACEMENT_3D('',#11670,#9446,#9447);
#7605=AXIS2_PLACEMENT_3D('',#11672,#9449,#9450);
#7606=AXIS2_PLACEMENT_3D('',#11674,#9452,#9453);
#7607=AXIS2_PLACEMENT_3D('',#11676,#9455,#9456);
#7608=AXIS2_PLACEMENT_3D('',#11678,#9458,#9459);
#7609=AXIS2_PLACEMENT_3D('',#11680,#9461,#9462);
#7610=AXIS2_PLACEMENT_3D('',#11682,#9464,#9465);
#7611=AXIS2_PLACEMENT_3D('',#11683,#9466,#9467);
#7612=AXIS2_PLACEMENT_3D('',#11685,#9469,#9470);
#7613=AXIS2_PLACEMENT_3D('',#11687,#9472,#9473);
#7614=AXIS2_PLACEMENT_3D('',#11688,#9474,#9475);
#7615=AXIS2_PLACEMENT_3D('',#11690,#9477,#9478);
#7616=AXIS2_PLACEMENT_3D('',#11691,#9479,#9480);
#7617=AXIS2_PLACEMENT_3D('',#11692,#9481,#9482);
#7618=AXIS2_PLACEMENT_3D('',#11693,#9483,#9484);
#7619=AXIS2_PLACEMENT_3D('',#11695,#9486,#9487);
#7620=AXIS2_PLACEMENT_3D('',#11696,#9488,#9489);
#7621=AXIS2_PLACEMENT_3D('',#11698,#9491,#9492);
#7622=AXIS2_PLACEMENT_3D('',#11700,#9494,#9495);
#7623=AXIS2_PLACEMENT_3D('',#11702,#9497,#9498);
#7624=AXIS2_PLACEMENT_3D('',#11703,#9499,#9500);
#7625=AXIS2_PLACEMENT_3D('',#11704,#9501,#9502);
#7626=AXIS2_PLACEMENT_3D('',#11706,#9504,#9505);
#7627=AXIS2_PLACEMENT_3D('',#11708,#9507,#9508);
#7628=AXIS2_PLACEMENT_3D('',#11710,#9510,#9511);
#7629=AXIS2_PLACEMENT_3D('',#11731,#9512,#9513);
#7630=AXIS2_PLACEMENT_3D('',#11736,#9514,#9515);
#7631=AXIS2_PLACEMENT_3D('',#11773,#9516,#9517);
#7632=AXIS2_PLACEMENT_3D('',#11778,#9518,#9519);
#7633=AXIS2_PLACEMENT_3D('',#11795,#9520,#9521);
#7634=AXIS2_PLACEMENT_3D('',#11799,#9523,#9524);
#7635=AXIS2_PLACEMENT_3D('',#11803,#9526,#9527);
#7636=AXIS2_PLACEMENT_3D('',#11804,#9528,#9529);
#7637=AXIS2_PLACEMENT_3D('',#11810,#9533,#9534);
#7638=AXIS2_PLACEMENT_3D('',#11811,#9535,#9536);
#7639=AXIS2_PLACEMENT_3D('',#11815,#9538,#9539);
#7640=AXIS2_PLACEMENT_3D('',#11816,#9540,#9541);
#7641=AXIS2_PLACEMENT_3D('',#11819,#9544,#9545);
#7642=AXIS2_PLACEMENT_3D('',#11820,#9546,#9547);
#7643=AXIS2_PLACEMENT_3D('',#11824,#9549,#9550);
#7644=AXIS2_PLACEMENT_3D('',#11828,#9552,#9553);
#7645=AXIS2_PLACEMENT_3D('',#11829,#9554,#9555);
#7646=AXIS2_PLACEMENT_3D('',#11835,#9559,#9560);
#7647=AXIS2_PLACEMENT_3D('',#11836,#9561,#9562);
#7648=AXIS2_PLACEMENT_3D('',#11840,#9564,#9565);
#7649=AXIS2_PLACEMENT_3D('',#11841,#9566,#9567);
#7650=AXIS2_PLACEMENT_3D('',#11844,#9570,#9571);
#7651=AXIS2_PLACEMENT_3D('',#11845,#9572,#9573);
#7652=AXIS2_PLACEMENT_3D('',#11848,#9576,#9577);
#7653=AXIS2_PLACEMENT_3D('',#11850,#9579,#9580);
#7654=AXIS2_PLACEMENT_3D('',#11852,#9582,#9583);
#7655=AXIS2_PLACEMENT_3D('',#11853,#9584,#9585);
#7656=AXIS2_PLACEMENT_3D('',#11856,#9588,#9589);
#7657=AXIS2_PLACEMENT_3D('',#11858,#9591,#9592);
#7658=AXIS2_PLACEMENT_3D('',#11860,#9594,#9595);
#7659=DIRECTION('',(0.,0.,1.));
#7660=DIRECTION('',(1.,0.,0.));
#7661=DIRECTION('',(0.,-1.,0.));
#7662=DIRECTION('',(0.,0.,-1.));
#7663=DIRECTION('',(0.,0.,1.));
#7664=DIRECTION('',(1.,0.,0.));
#7665=DIRECTION('',(0.,0.,1.));
#7666=DIRECTION('',(1.,0.,0.));
#7667=DIRECTION('',(0.,0.,1.));
#7668=DIRECTION('',(-1.,0.,0.));
#7669=DIRECTION('',(-1.,0.,0.));
#7670=DIRECTION('',(-1.,0.,0.));
#7671=DIRECTION('',(0.,0.,1.));
#7672=DIRECTION('',(1.,0.,0.));
#7673=DIRECTION('',(-1.,0.,0.));
#7674=DIRECTION('',(0.,0.,1.));
#7675=DIRECTION('',(0.,0.,1.));
#7676=DIRECTION('',(0.,-1.,0.));
#7677=DIRECTION('',(0.,0.,1.));
#7678=DIRECTION('',(0.,1.,0.));
#7679=DIRECTION('',(-1.,0.,0.));
#7680=DIRECTION('',(0.,0.,1.));
#7681=DIRECTION('',(0.,0.,1.));
#7682=DIRECTION('',(0.,1.,0.));
#7683=DIRECTION('',(0.,0.,1.));
#7684=DIRECTION('',(0.,-1.,0.));
#7685=DIRECTION('',(0.,0.,1.));
#7686=DIRECTION('',(1.,0.,0.));
#7687=DIRECTION('',(0.,0.,1.));
#7688=DIRECTION('',(1.,0.,0.));
#7689=DIRECTION('',(-1.,0.,0.));
#7690=DIRECTION('',(0.,0.,1.));
#7691=DIRECTION('',(1.,0.,0.));
#7692=DIRECTION('',(0.,1.,0.));
#7693=DIRECTION('',(0.,0.,1.));
#7694=DIRECTION('',(1.,0.,0.));
#7695=DIRECTION('',(1.,0.,0.));
#7696=DIRECTION('',(0.,0.,1.));
#7697=DIRECTION('',(1.,0.,0.));
#7698=DIRECTION('',(0.,-1.,0.));
#7699=DIRECTION('',(0.,0.,1.));
#7700=DIRECTION('',(1.,0.,0.));
#7701=DIRECTION('',(0.,1.,0.));
#7702=DIRECTION('',(-1.,0.,0.));
#7703=DIRECTION('',(0.,-1.,0.));
#7704=DIRECTION('',(0.,0.,1.));
#7705=DIRECTION('',(1.,0.,0.));
#7706=DIRECTION('',(-1.,0.,0.));
#7707=DIRECTION('',(0.,0.,1.));
#7708=DIRECTION('',(1.,0.,0.));
#7709=DIRECTION('',(0.,1.,0.));
#7710=DIRECTION('',(0.,0.,1.));
#7711=DIRECTION('',(1.,0.,0.));
#7712=DIRECTION('',(1.,0.,0.));
#7713=DIRECTION('',(-1.82123199577617E-16,1.,0.));
#7714=DIRECTION('',(0.,0.,1.));
#7715=DIRECTION('',(1.,0.,0.));
#7716=DIRECTION('',(1.,0.,0.));
#7717=DIRECTION('',(0.,0.,1.));
#7718=DIRECTION('',(1.,0.,0.));
#7719=DIRECTION('',(0.,-1.,0.));
#7720=DIRECTION('',(1.,0.,0.));
#7721=DIRECTION('',(0.,0.,1.));
#7722=DIRECTION('',(1.,0.,0.));
#7723=DIRECTION('',(0.,-1.,0.));
#7724=DIRECTION('',(0.,0.,1.));
#7725=DIRECTION('',(1.,0.,0.));
#7726=DIRECTION('',(-1.,0.,0.));
#7727=DIRECTION('',(1.,0.,0.));
#7728=DIRECTION('',(0.,1.,0.));
#7729=DIRECTION('',(-1.,0.,0.));
#7730=DIRECTION('',(5.71749420447604E-17,-1.,0.));
#7731=DIRECTION('',(1.,0.,0.));
#7732=DIRECTION('',(0.,1.,0.));
#7733=DIRECTION('',(1.,0.,0.));
#7734=DIRECTION('',(0.,1.,0.));
#7735=DIRECTION('',(1.,1.82123199577617E-16,0.));
#7736=DIRECTION('',(-1.82123199577617E-16,1.,0.));
#7737=DIRECTION('',(0.,0.,-1.));
#7738=DIRECTION('',(-1.82123199577617E-16,1.,0.));
#7739=DIRECTION('',(0.,0.,-1.));
#7740=DIRECTION('',(0.,1.,0.));
#7741=DIRECTION('',(0.,0.,1.));
#7742=DIRECTION('',(1.82123199577617E-16,-1.,0.));
#7743=DIRECTION('',(0.,0.,1.));
#7744=DIRECTION('',(-1.82123199577617E-16,1.,0.));
#7745=DIRECTION('',(0.,-1.,0.));
#7746=DIRECTION('',(0.,0.,-1.));
#7747=DIRECTION('',(0.,0.,1.));
#7748=DIRECTION('',(1.,0.,0.));
#7749=DIRECTION('',(0.,0.,1.));
#7750=DIRECTION('',(-1.,-5.71749420447604E-17,0.));
#7751=DIRECTION('',(-1.,0.,7.35761418588183E-34));
#7752=DIRECTION('',(0.,-1.,0.));
#7753=DIRECTION('',(7.18079857356011E-16,0.,1.));
#7754=DIRECTION('',(-1.,0.,7.18079857356011E-16));
#7755=DIRECTION('',(0.,-1.,0.));
#7756=DIRECTION('',(7.18079857356011E-16,0.,1.));
#7757=DIRECTION('',(6.25847833199956E-17,-0.996194698091745,0.0871557427476582));
#7758=DIRECTION('',(0.,-0.0871557427476582,-0.996194698091746));
#7759=DIRECTION('',(4.9831245404654E-18,-0.0871557427476582,-0.996194698091745));
#7760=DIRECTION('',(1.,6.27809372451287E-17,-4.90461027812968E-19));
#7761=DIRECTION('',(4.9831245404654E-18,-0.0871557427476582,-0.996194698091745));
#7762=DIRECTION('',(1.,6.28238470249636E-17,0.));
#7763=DIRECTION('',(7.70371977754895E-34,-0.0871557427476582,-0.996194698091746));
#7764=DIRECTION('',(6.25847833199956E-17,-0.996194698091745,0.0871557427476582));
#7765=DIRECTION('',(-7.15347346704535E-16,-0.0871557427476582,-0.996194698091746));
#7766=DIRECTION('',(1.,8.71068291850046E-17,2.77555756156289E-16));
#7767=DIRECTION('',(6.25847833199956E-17,-0.996194698091745,0.0871557427476582));
#7768=DIRECTION('',(-7.15347346704535E-16,-0.0871557427476582,-0.996194698091746));
#7769=DIRECTION('',(-7.70371977754895E-34,0.0871557427476582,0.996194698091746));
#7770=DIRECTION('',(1.,6.28238470249636E-17,0.));
#7771=DIRECTION('',(6.25847833199956E-17,-0.996194698091746,0.0871557427476582));
#7772=DIRECTION('',(0.,-0.0871557427476582,-0.996194698091746));
#7773=DIRECTION('',(-1.,-6.23466293246003E-17,5.45462327495547E-18));
#7774=DIRECTION('',(6.25847833199956E-17,-0.996194698091746,0.0871557427476582));
#7775=DIRECTION('',(0.,-0.0871557427476582,-0.996194698091746));
#7776=DIRECTION('',(-1.,-6.23466293246003E-17,5.45462327495547E-18));
#7777=DIRECTION('',(0.,1.,0.));
#7778=DIRECTION('',(0.,0.,1.));
#7779=DIRECTION('',(0.,0.,1.));
#7780=DIRECTION('',(1.,0.,0.));
#7781=DIRECTION('',(0.,0.,-1.));
#7782=DIRECTION('',(1.,0.,0.));
#7783=DIRECTION('',(0.,0.,-1.));
#7784=DIRECTION('',(1.,0.,0.));
#7785=DIRECTION('',(0.,0.,-1.));
#7786=DIRECTION('',(1.,0.,0.));
#7787=DIRECTION('',(0.,0.,-1.));
#7788=DIRECTION('',(1.,0.,0.));
#7789=DIRECTION('',(0.,0.,-1.));
#7790=DIRECTION('',(1.,0.,0.));
#7791=DIRECTION('',(0.,0.,-1.));
#7792=DIRECTION('',(0.,-1.,0.));
#7793=DIRECTION('',(0.,0.,-1.));
#7794=DIRECTION('',(-1.,0.,-2.77555756156289E-16));
#7795=DIRECTION('',(0.,-1.,0.));
#7796=DIRECTION('',(0.,0.,-1.));
#7797=DIRECTION('',(0.,0.,-1.));
#7798=DIRECTION('',(1.,0.,0.));
#7799=DIRECTION('',(0.,1.,0.));
#7800=DIRECTION('',(0.,0.,-1.));
#7801=DIRECTION('',(-1.,0.,0.));
#7802=DIRECTION('',(0.,-1.,0.));
#7803=DIRECTION('',(0.,0.,-1.));
#7804=DIRECTION('',(-1.,0.,0.));
#7805=DIRECTION('',(-7.65319180578003E-17,1.,0.));
#7806=DIRECTION('',(0.,0.,-1.));
#7807=DIRECTION('',(-1.,0.,0.));
#7808=DIRECTION('',(5.10212787052002E-17,-1.,0.));
#7809=DIRECTION('',(0.,0.,-1.));
#7810=DIRECTION('',(-1.,0.,0.));
#7811=DIRECTION('',(0.,1.,0.));
#7812=DIRECTION('',(-4.34307920528345E-19,1.,0.));
#7813=DIRECTION('',(-1.,-6.63095327926864E-35,0.));
#7814=DIRECTION('',(6.22700713858071E-17,-1.,0.));
#7815=DIRECTION('',(0.,-1.,0.));
#7816=DIRECTION('',(-1.,0.,0.));
#7817=DIRECTION('',(0.,0.,-1.));
#7818=DIRECTION('',(-1.,0.,0.));
#7819=DIRECTION('',(1.82123199577617E-16,-1.,0.));
#7820=DIRECTION('',(-1.,0.,0.));
#7821=DIRECTION('',(0.,0.,-1.));
#7822=DIRECTION('',(-1.,0.,0.));
#7823=DIRECTION('',(0.,-1.,0.));
#7824=DIRECTION('',(0.,0.,-1.));
#7825=DIRECTION('',(-1.,0.,0.));
#7826=DIRECTION('',(1.,0.,0.));
#7827=DIRECTION('',(0.,-1.,0.));
#7828=DIRECTION('',(0.,0.,-1.));
#7829=DIRECTION('',(-1.,0.,0.));
#7830=DIRECTION('',(1.,0.,0.));
#7831=DIRECTION('',(0.,0.,-1.));
#7832=DIRECTION('',(-1.,0.,0.));
#7833=DIRECTION('',(0.,1.,0.));
#7834=DIRECTION('',(1.,-1.21415466385078E-16,0.));
#7835=DIRECTION('',(0.,0.,-1.));
#7836=DIRECTION('',(-1.,0.,0.));
#7837=DIRECTION('',(0.,1.,0.));
#7838=DIRECTION('',(0.,0.,-1.));
#7839=DIRECTION('',(-1.,0.,0.));
#7840=DIRECTION('',(-1.,0.,0.));
#7841=DIRECTION('',(0.,1.,0.));
#7842=DIRECTION('',(0.,0.,-1.));
#7843=DIRECTION('',(-1.,0.,0.));
#7844=DIRECTION('',(-1.,0.,0.));
#7845=DIRECTION('',(0.,0.,-1.));
#7846=DIRECTION('',(-1.,0.,0.));
#7847=DIRECTION('',(0.,0.,-1.));
#7848=DIRECTION('',(-1.,0.,0.));
#7849=DIRECTION('',(0.,0.,-1.));
#7850=DIRECTION('',(-1.,0.,0.));
#7851=DIRECTION('',(0.,0.,-1.));
#7852=DIRECTION('',(-1.,0.,0.));
#7853=DIRECTION('',(0.,0.,-1.));
#7854=DIRECTION('',(-1.,0.,0.));
#7855=DIRECTION('',(0.,0.,-1.));
#7856=DIRECTION('',(-1.,0.,0.));
#7857=DIRECTION('',(0.,0.,-1.));
#7858=DIRECTION('',(-1.,0.,0.));
#7859=DIRECTION('',(0.,-1.,0.));
#7860=DIRECTION('',(0.,0.,-1.));
#7861=DIRECTION('',(0.,0.,1.));
#7862=DIRECTION('',(-1.,0.,0.));
#7863=DIRECTION('',(0.,0.,1.));
#7864=DIRECTION('',(1.,0.,0.));
#7865=DIRECTION('',(1.,0.,0.));
#7866=DIRECTION('',(0.,0.,-1.));
#7867=DIRECTION('',(1.,0.,0.));
#7868=DIRECTION('',(0.,0.,1.));
#7869=DIRECTION('',(1.,0.,0.));
#7870=DIRECTION('',(0.,0.,-1.));
#7871=DIRECTION('',(-1.,0.,0.));
#7872=DIRECTION('',(-1.,0.,0.));
#7873=DIRECTION('',(0.,0.,1.));
#7874=DIRECTION('',(1.,0.,0.));
#7875=DIRECTION('',(0.,1.,0.));
#7876=DIRECTION('',(0.,0.,1.));
#7877=DIRECTION('',(1.,0.,0.));
#7878=DIRECTION('',(0.,0.,-1.));
#7879=DIRECTION('',(-1.,0.,0.));
#7880=DIRECTION('',(0.,1.,0.));
#7881=DIRECTION('',(0.,0.,1.));
#7882=DIRECTION('',(1.,0.,0.));
#7883=DIRECTION('',(1.,0.,0.));
#7884=DIRECTION('',(0.,0.,-1.));
#7885=DIRECTION('',(0.,0.,-1.));
#7886=DIRECTION('',(0.,-1.,0.));
#7887=DIRECTION('',(0.,0.,-1.));
#7888=DIRECTION('',(0.,-1.,0.));
#7889=DIRECTION('',(0.,1.,0.));
#7890=DIRECTION('',(0.,0.,1.));
#7891=DIRECTION('',(0.,1.,0.));
#7892=DIRECTION('',(0.,-1.,0.));
#7893=DIRECTION('',(0.,0.,-1.));
#7894=DIRECTION('',(0.,0.,1.));
#7895=DIRECTION('',(-1.,0.,0.));
#7896=DIRECTION('',(0.,0.,1.));
#7897=DIRECTION('',(1.,0.,0.));
#7898=DIRECTION('',(0.,0.,-1.));
#7899=DIRECTION('',(1.,0.,0.));
#7900=DIRECTION('',(1.,0.,0.));
#7901=DIRECTION('',(0.,0.,1.));
#7902=DIRECTION('',(1.,0.,0.));
#7903=DIRECTION('',(0.,0.,-1.));
#7904=DIRECTION('',(-1.,0.,0.));
#7905=DIRECTION('',(0.,-1.,0.));
#7906=DIRECTION('',(0.,0.,1.));
#7907=DIRECTION('',(1.,0.,0.));
#7908=DIRECTION('',(0.,0.,1.));
#7909=DIRECTION('',(1.,0.,0.));
#7910=DIRECTION('',(0.,1.,0.));
#7911=DIRECTION('',(0.,0.,-1.));
#7912=DIRECTION('',(-1.,0.,0.));
#7913=DIRECTION('',(0.,0.,1.));
#7914=DIRECTION('',(1.,0.,0.));
#7915=DIRECTION('',(0.,0.,-1.));
#7916=DIRECTION('',(-1.,0.,0.));
#7917=DIRECTION('',(1.,0.,0.));
#7918=DIRECTION('',(0.,0.,1.));
#7919=DIRECTION('',(1.,0.,0.));
#7920=DIRECTION('',(0.,-1.,0.));
#7921=DIRECTION('',(0.,0.,1.));
#7922=DIRECTION('',(1.,0.,0.));
#7923=DIRECTION('',(1.,0.,0.));
#7924=DIRECTION('',(0.,0.,-1.));
#7925=DIRECTION('',(-1.,0.,0.));
#7926=DIRECTION('',(0.,1.,0.));
#7927=DIRECTION('',(0.,0.,1.));
#7928=DIRECTION('',(1.,0.,0.));
#7929=DIRECTION('',(0.,-1.,0.));
#7930=DIRECTION('',(0.,0.,-1.));
#7931=DIRECTION('',(0.,0.,1.));
#7932=DIRECTION('',(1.,0.,0.));
#7933=DIRECTION('',(0.,0.,1.));
#7934=DIRECTION('',(1.,0.,0.));
#7935=DIRECTION('',(0.,0.,-1.));
#7936=DIRECTION('',(-1.,0.,0.));
#7937=DIRECTION('',(0.,0.,1.));
#7938=DIRECTION('',(0.,0.,1.));
#7939=DIRECTION('',(1.,0.,0.));
#7940=DIRECTION('',(0.,0.,-1.));
#7941=DIRECTION('',(-1.,0.,0.));
#7942=DIRECTION('',(0.,1.,0.));
#7943=DIRECTION('',(0.,0.,1.));
#7944=DIRECTION('',(1.,0.,0.));
#7945=DIRECTION('',(1.,0.,0.));
#7946=DIRECTION('',(0.,0.,1.));
#7947=DIRECTION('',(1.,0.,0.));
#7948=DIRECTION('',(0.,-1.,0.));
#7949=DIRECTION('',(0.,0.,-1.));
#7950=DIRECTION('',(-1.,0.,0.));
#7951=DIRECTION('',(0.,0.,1.));
#7952=DIRECTION('',(1.,0.,0.));
#7953=DIRECTION('',(0.,-1.,0.));
#7954=DIRECTION('',(0.,0.,-1.));
#7955=DIRECTION('',(-1.,0.,0.));
#7956=DIRECTION('',(0.,1.,0.));
#7957=DIRECTION('',(0.,0.,1.));
#7958=DIRECTION('',(1.,0.,0.));
#7959=DIRECTION('',(1.,0.,0.));
#7960=DIRECTION('',(0.,0.,1.));
#7961=DIRECTION('',(1.,0.,0.));
#7962=DIRECTION('',(0.,0.,-1.));
#7963=DIRECTION('',(-1.,0.,0.));
#7964=DIRECTION('',(1.,0.,0.));
#7965=DIRECTION('',(0.,0.,-1.));
#7966=DIRECTION('',(0.,0.,-1.));
#7967=DIRECTION('',(0.,1.,0.));
#7968=DIRECTION('',(0.,0.,-1.));
#7969=DIRECTION('',(0.,-1.,0.));
#7970=DIRECTION('',(0.,0.,1.));
#7971=DIRECTION('',(0.,-1.,0.));
#7972=DIRECTION('',(0.,0.,1.));
#7973=DIRECTION('',(0.,-1.,0.));
#7974=DIRECTION('',(0.,0.,-1.));
#7975=DIRECTION('',(-1.,0.,0.));
#7976=DIRECTION('',(0.,0.,1.));
#7977=DIRECTION('',(1.,0.,0.));
#7978=DIRECTION('',(1.,0.,0.));
#7979=DIRECTION('',(0.,0.,-1.));
#7980=DIRECTION('',(0.,0.,-1.));
#7981=DIRECTION('',(0.,-1.,0.));
#7982=DIRECTION('',(0.,0.,-1.));
#7983=DIRECTION('',(0.,-1.,0.));
#7984=DIRECTION('',(0.,0.,1.));
#7985=DIRECTION('',(0.,1.,0.));
#7986=DIRECTION('',(0.,0.,1.));
#7987=DIRECTION('',(0.,1.,0.));
#7988=DIRECTION('',(0.,0.,1.));
#7989=DIRECTION('',(0.,0.,-1.));
#7990=DIRECTION('',(-1.,0.,0.));
#7991=DIRECTION('',(0.,0.,-1.));
#7992=DIRECTION('',(0.,0.,-1.));
#7993=DIRECTION('',(1.,0.,0.));
#7994=DIRECTION('',(-1.21415466385078E-16,-1.,0.));
#7995=DIRECTION('',(1.,-1.21415466385078E-16,0.));
#7996=DIRECTION('',(0.,0.,-1.));
#7997=DIRECTION('',(-1.,1.21415466385078E-16,0.));
#7998=DIRECTION('',(0.,0.,-1.));
#7999=DIRECTION('',(-1.,1.21415466385078E-16,0.));
#8000=DIRECTION('',(0.,0.,-1.));
#8001=DIRECTION('',(-1.,1.21415466385078E-16,0.));
#8002=DIRECTION('',(1.,0.,0.));
#8003=DIRECTION('',(0.,0.,-1.));
#8004=DIRECTION('',(0.,-1.,0.));
#8005=DIRECTION('',(0.,0.,-1.));
#8006=DIRECTION('',(0.,-1.,0.));
#8007=DIRECTION('',(0.,1.,0.));
#8008=DIRECTION('',(0.,0.,1.));
#8009=DIRECTION('',(0.,0.,-1.));
#8010=DIRECTION('',(-1.,0.,0.));
#8011=DIRECTION('',(0.,0.,-1.));
#8012=DIRECTION('',(1.,0.,0.));
#8013=DIRECTION('',(0.,0.,-1.));
#8014=DIRECTION('',(0.,0.,-1.));
#8015=DIRECTION('',(1.,0.,0.));
#8016=DIRECTION('',(0.,0.,-1.));
#8017=DIRECTION('',(0.,0.,-1.));
#8018=DIRECTION('',(1.,0.,0.));
#8019=DIRECTION('',(1.,0.,0.));
#8020=DIRECTION('',(0.,0.,-1.));
#8021=DIRECTION('',(0.,0.,-1.));
#8022=DIRECTION('',(0.,1.,0.));
#8023=DIRECTION('',(0.,-1.,0.));
#8024=DIRECTION('',(0.,-1.,0.));
#8025=DIRECTION('',(0.,0.,-1.));
#8026=DIRECTION('',(1.,0.,0.));
#8027=DIRECTION('',(0.,0.,-1.));
#8028=DIRECTION('',(0.,0.,-1.));
#8029=DIRECTION('',(-1.,0.,0.));
#8030=DIRECTION('',(0.,0.,-1.));
#8031=DIRECTION('',(-1.,0.,0.));
#8032=DIRECTION('',(0.,0.,-1.));
#8033=DIRECTION('',(-1.,0.,0.));
#8034=DIRECTION('',(-0.707106781186548,0.,0.707106781186548));
#8035=DIRECTION('',(-4.9831245404654E-18,0.0871557427476582,0.996194698091746));
#8036=DIRECTION('',(0.,-0.996194698091746,0.0871557427476582));
#8037=DIRECTION('',(6.2071966036085E-17,-0.996194698091746,0.0871557427476582));
#8038=DIRECTION('',(1.,4.34307920528345E-19,4.9641622471425E-18));
#8039=DIRECTION('',(-9.62964972193618E-35,0.996194698091746,-0.0871557427476582));
#8040=DIRECTION('',(-1.,-6.27809372451287E-17,4.90461027812969E-19));
#8041=DIRECTION('',(-5.69573741286931E-17,0.996194698091746,-0.0871557427476582));
#8042=DIRECTION('',(-4.9831245404654E-18,0.0871557427476582,0.996194698091746));
#8043=DIRECTION('',(-5.69573741286931E-17,0.996194698091746,-0.0871557427476582));
#8044=DIRECTION('',(-4.9831245404654E-18,0.0871557427476582,0.996194698091746));
#8045=DIRECTION('',(5.69573741286931E-17,-0.996194698091746,0.0871557427476582));
#8046=DIRECTION('',(0.,-0.996194698091746,0.0871557427476582));
#8047=DIRECTION('',(-4.9831245404654E-18,0.0871557427476582,0.996194698091746));
#8048=DIRECTION('',(-5.69573741286931E-17,0.996194698091746,-0.0871557427476582));
#8049=DIRECTION('',(1.,0.,0.));
#8050=DIRECTION('',(-4.9831245404654E-18,0.0871557427476582,0.996194698091746));
#8051=DIRECTION('',(5.69573741286931E-17,-0.996194698091746,0.0871557427476582));
#8052=DIRECTION('',(0.,-1.,0.));
#8053=DIRECTION('',(0.,0.,-1.));
#8054=DIRECTION('',(0.,0.,1.));
#8055=DIRECTION('',(1.,0.,0.));
#8056=DIRECTION('',(0.,0.,1.));
#8057=DIRECTION('',(0.,0.,1.));
#8058=DIRECTION('',(-1.,0.,0.));
#8059=DIRECTION('',(0.,0.,-1.));
#8060=DIRECTION('',(-1.,-5.71749420447604E-17,0.));
#8061=DIRECTION('',(5.71749420447604E-17,-1.,0.));
#8062=DIRECTION('',(0.,0.,1.));
#8063=DIRECTION('',(-5.71749420447604E-17,1.,0.));
#8064=DIRECTION('',(0.,0.,1.));
#8065=DIRECTION('',(0.,-1.,0.));
#8066=DIRECTION('',(0.,0.,-1.));
#8067=DIRECTION('',(0.,0.,1.));
#8068=DIRECTION('',(-1.,0.,0.));
#8069=DIRECTION('',(0.,0.,1.));
#8070=DIRECTION('',(-1.,0.,0.));
#8071=DIRECTION('',(0.,0.,1.));
#8072=DIRECTION('',(0.,0.,1.));
#8073=DIRECTION('',(0.,-1.,0.));
#8074=DIRECTION('',(0.,0.,1.));
#8075=DIRECTION('',(0.,0.,1.));
#8076=DIRECTION('',(1.,0.,0.));
#8077=DIRECTION('',(0.,0.,1.));
#8078=DIRECTION('',(1.,0.,0.));
#8079=DIRECTION('',(0.,0.,1.));
#8080=DIRECTION('',(1.,0.,0.));
#8081=DIRECTION('',(0.,-1.,0.));
#8082=DIRECTION('',(0.,0.,-1.));
#8083=DIRECTION('',(-1.,0.,0.));
#8084=DIRECTION('',(0.,0.,1.));
#8085=DIRECTION('',(1.,0.,0.));
#8086=DIRECTION('',(0.,0.,-1.));
#8087=DIRECTION('',(-1.,0.,0.));
#8088=DIRECTION('',(0.,0.,1.));
#8089=DIRECTION('',(1.,0.,0.));
#8090=DIRECTION('',(0.,0.,1.));
#8091=DIRECTION('',(1.,0.,0.));
#8092=DIRECTION('',(0.,0.,1.));
#8093=DIRECTION('',(1.,0.,0.));
#8094=DIRECTION('',(0.,-1.,0.));
#8095=DIRECTION('',(0.,0.,-1.));
#8096=DIRECTION('',(-1.,0.,0.));
#8097=DIRECTION('',(0.,0.,1.));
#8098=DIRECTION('',(1.,0.,0.));
#8099=DIRECTION('',(0.,0.,-1.));
#8100=DIRECTION('',(-1.,0.,0.));
#8101=DIRECTION('',(0.,0.,1.));
#8102=DIRECTION('',(1.,0.,0.));
#8103=DIRECTION('',(0.,0.,1.));
#8104=DIRECTION('',(1.,0.,0.));
#8105=DIRECTION('',(0.,-1.,0.));
#8106=DIRECTION('',(0.,0.,-1.));
#8107=DIRECTION('',(-1.,0.,0.));
#8108=DIRECTION('',(0.,1.,0.));
#8109=DIRECTION('',(0.,0.,1.));
#8110=DIRECTION('',(1.,0.,0.));
#8111=DIRECTION('',(0.,0.,-1.));
#8112=DIRECTION('',(-1.,0.,0.));
#8113=DIRECTION('',(0.,0.,-1.));
#8114=DIRECTION('',(-1.,0.,0.));
#8115=DIRECTION('',(0.,0.,1.));
#8116=DIRECTION('',(1.,0.,0.));
#8117=DIRECTION('',(0.,0.,1.));
#8118=DIRECTION('',(1.,0.,0.));
#8119=DIRECTION('',(0.,0.,1.));
#8120=DIRECTION('',(1.,0.,0.));
#8121=DIRECTION('',(0.,0.,1.));
#8122=DIRECTION('',(1.,0.,0.));
#8123=DIRECTION('',(0.,0.,1.));
#8124=DIRECTION('',(1.,0.,0.));
#8125=DIRECTION('',(0.,0.,-1.));
#8126=DIRECTION('',(-1.,0.,0.));
#8127=DIRECTION('',(0.,0.,1.));
#8128=DIRECTION('',(1.,0.,0.));
#8129=DIRECTION('',(0.707106781186548,4.04287892337979E-17,-0.707106781186547));
#8130=DIRECTION('',(5.71749420447604E-17,-1.,0.));
#8131=DIRECTION('',(0.707106781186548,0.,0.707106781186548));
#8132=DIRECTION('',(-0.707106781186547,0.,-0.707106781186548));
#8133=DIRECTION('',(0.,0.,-1.));
#8134=DIRECTION('',(-1.,0.,0.));
#8135=DIRECTION('',(0.,-0.707106781186548,0.707106781186547));
#8136=DIRECTION('',(0.,0.,-1.));
#8137=DIRECTION('',(-1.,0.,0.));
#8138=DIRECTION('',(0.,-0.707106781186548,-0.707106781186548));
#8139=DIRECTION('',(0.,0.707106781186547,0.707106781186548));
#8140=DIRECTION('',(-1.,0.,0.));
#8141=DIRECTION('',(0.,-0.707106781186548,0.707106781186547));
#8142=DIRECTION('',(0.,0.707106781186548,-0.707106781186548));
#8143=DIRECTION('',(1.,0.,0.));
#8144=DIRECTION('',(0.,-0.707106781186548,-0.707106781186548));
#8145=DIRECTION('',(0.,0.,-1.));
#8146=DIRECTION('',(-1.,0.,0.));
#8147=DIRECTION('',(-0.707106781186548,0.,0.707106781186547));
#8148=DIRECTION('',(0.,0.,-1.));
#8149=DIRECTION('',(-1.,0.,0.));
#8150=DIRECTION('',(0.707106781186548,0.,-0.707106781186547));
#8151=DIRECTION('',(0.707106781186547,0.,0.707106781186548));
#8152=DIRECTION('',(0.,1.,0.));
#8153=DIRECTION('',(0.,0.,-1.));
#8154=DIRECTION('',(-1.,0.,0.));
#8155=DIRECTION('',(0.,0.,-1.));
#8156=DIRECTION('',(-1.,0.,0.));
#8157=DIRECTION('',(0.,0.,-1.));
#8158=DIRECTION('',(1.,0.,0.));
#8159=DIRECTION('',(0.,0.,-1.));
#8160=DIRECTION('',(-1.,0.,0.));
#8161=DIRECTION('',(0.,0.,-1.));
#8162=DIRECTION('',(-1.,0.,0.));
#8163=DIRECTION('',(0.,0.,-1.));
#8164=DIRECTION('',(1.,0.,0.));
#8165=DIRECTION('',(0.,0.,-1.));
#8166=DIRECTION('',(-1.,0.,0.));
#8167=DIRECTION('',(0.,0.,-1.));
#8168=DIRECTION('',(-1.,0.,0.));
#8169=DIRECTION('',(0.,0.,-1.));
#8170=DIRECTION('',(1.,0.,0.));
#8171=DIRECTION('',(0.,0.,-1.));
#8172=DIRECTION('',(-1.,0.,0.));
#8173=DIRECTION('',(0.,0.,-1.));
#8174=DIRECTION('',(-1.,0.,0.));
#8175=DIRECTION('',(0.,0.,-1.));
#8176=DIRECTION('',(1.,0.,0.));
#8177=DIRECTION('',(0.,0.,-1.));
#8178=DIRECTION('',(-1.,0.,0.));
#8179=DIRECTION('',(0.,0.,-1.));
#8180=DIRECTION('',(-1.,0.,0.));
#8181=DIRECTION('',(0.,0.,-1.));
#8182=DIRECTION('',(1.,0.,0.));
#8183=DIRECTION('',(0.,0.,-1.));
#8184=DIRECTION('',(-1.,0.,0.));
#8185=DIRECTION('',(0.,0.,-1.));
#8186=DIRECTION('',(-1.,0.,0.));
#8187=DIRECTION('',(0.,0.,-1.));
#8188=DIRECTION('',(1.,0.,0.));
#8189=DIRECTION('',(0.,0.,-1.));
#8190=DIRECTION('',(-1.,0.,0.));
#8191=DIRECTION('',(0.,0.,-1.));
#8192=DIRECTION('',(-1.,0.,0.));
#8193=DIRECTION('',(0.,0.,-1.));
#8194=DIRECTION('',(1.,0.,0.));
#8195=DIRECTION('',(0.,0.,-1.));
#8196=DIRECTION('',(-1.,0.,0.));
#8197=DIRECTION('',(0.,0.,-1.));
#8198=DIRECTION('',(-1.,0.,0.));
#8199=DIRECTION('',(0.,0.,-1.));
#8200=DIRECTION('',(1.,0.,0.));
#8201=DIRECTION('',(-6.60572050010149E-35,0.996194698091745,-0.0871557427476582));
#8202=DIRECTION('',(0.,0.0871557427476582,0.996194698091746));
#8203=DIRECTION('',(4.9831245404654E-18,-0.0871557427476582,-0.996194698091745));
#8204=DIRECTION('',(-1.,-4.34307920528345E-19,-4.9641622471425E-18));
#8205=DIRECTION('',(4.9831245404654E-18,-0.0871557427476582,-0.996194698091745));
#8206=DIRECTION('',(4.9831245404654E-18,-0.0871557427476582,-0.996194698091745));
#8207=DIRECTION('',(4.9831245404654E-18,-0.0871557427476582,-0.996194698091745));
#8208=DIRECTION('',(1.,4.34307920528345E-19,4.9641622471425E-18));
#8209=DIRECTION('',(4.9641622471425E-18,0.,-1.));
#8210=DIRECTION('',(4.9831245404654E-18,-0.0871557427476582,-0.996194698091745));
#8211=DIRECTION('',(9.62964972193618E-35,-0.996194698091746,0.0871557427476582));
#8212=DIRECTION('',(4.9831245404654E-18,-0.0871557427476582,-0.996194698091745));
#8213=DIRECTION('',(-1.,-6.22700713858071E-17,4.45766056539905E-19));
#8214=DIRECTION('',(6.22700713858071E-17,-1.,0.));
#8215=DIRECTION('',(-6.2071966036085E-17,0.996194698091746,-0.0871557427476582));
#8216=DIRECTION('',(0.,0.,-1.));
#8217=DIRECTION('',(-1.,0.,0.));
#8218=DIRECTION('',(0.,0.,-1.));
#8219=DIRECTION('',(0.,0.,-1.));
#8220=DIRECTION('',(-1.,0.,0.));
#8221=DIRECTION('',(0.,0.707106781186548,-0.707106781186548));
#8222=DIRECTION('',(0.,-0.707106781186548,-0.707106781186548));
#8223=DIRECTION('',(0.,0.707106781186548,-0.707106781186548));
#8224=DIRECTION('',(0.,-0.707106781186548,-0.707106781186548));
#8225=DIRECTION('',(0.,0.,-1.));
#8226=DIRECTION('',(-1.,0.,0.));
#8227=DIRECTION('',(0.,0.,-1.));
#8228=DIRECTION('',(1.,0.,0.));
#8229=DIRECTION('',(0.,0.,-1.));
#8230=DIRECTION('',(0.,0.,-1.));
#8231=DIRECTION('',(0.,-1.,0.));
#8232=DIRECTION('',(-1.,0.,0.));
#8233=DIRECTION('',(0.,0.,1.));
#8234=DIRECTION('',(0.,1.,0.));
#8235=DIRECTION('',(0.,0.,-1.));
#8236=DIRECTION('',(0.,0.,-1.));
#8237=DIRECTION('',(0.,0.,-1.));
#8238=DIRECTION('',(-1.,0.,0.));
#8239=DIRECTION('',(0.,0.,-1.));
#8240=DIRECTION('',(0.,0.,-1.));
#8241=DIRECTION('',(-1.,0.,0.));
#8242=DIRECTION('',(0.,0.707106781186548,-0.707106781186548));
#8243=DIRECTION('',(0.,-0.707106781186548,-0.707106781186548));
#8244=DIRECTION('',(0.,0.707106781186548,-0.707106781186548));
#8245=DIRECTION('',(0.,-0.707106781186548,-0.707106781186548));
#8246=DIRECTION('',(0.,0.,-1.));
#8247=DIRECTION('',(-1.,0.,0.));
#8248=DIRECTION('',(0.,0.,-1.));
#8249=DIRECTION('',(1.,0.,0.));
#8250=DIRECTION('',(1.,0.,0.));
#8251=DIRECTION('',(0.,0.,-1.));
#8252=DIRECTION('',(-1.,0.,0.));
#8253=DIRECTION('',(0.,0.,-1.));
#8254=DIRECTION('',(-1.,0.,0.));
#8255=DIRECTION('',(0.,0.,-1.));
#8256=DIRECTION('',(-1.,0.,0.));
#8257=DIRECTION('',(0.,0.,-1.));
#8258=DIRECTION('',(0.,0.,-1.));
#8259=DIRECTION('',(-1.,0.,0.));
#8260=DIRECTION('',(0.,0.707106781186548,-0.707106781186548));
#8261=DIRECTION('',(0.,-0.707106781186548,-0.707106781186548));
#8262=DIRECTION('',(1.,0.,0.));
#8263=DIRECTION('',(0.,0.,-1.));
#8264=DIRECTION('',(0.,0.,-1.));
#8265=DIRECTION('',(0.,-1.,0.));
#8266=DIRECTION('',(-1.,0.,0.));
#8267=DIRECTION('',(0.,0.,1.));
#8268=DIRECTION('',(0.,1.,0.));
#8269=DIRECTION('',(0.,0.,-1.));
#8270=DIRECTION('',(0.,0.,-1.));
#8271=DIRECTION('',(1.,0.,0.));
#8272=DIRECTION('',(0.,1.,0.));
#8273=DIRECTION('',(1.,0.,0.));
#8274=DIRECTION('',(0.,0.,-1.));
#8275=DIRECTION('',(-1.,0.,0.));
#8276=DIRECTION('',(0.,0.,-1.));
#8277=DIRECTION('',(-1.,0.,0.));
#8278=DIRECTION('',(0.,0.,-1.));
#8279=DIRECTION('',(-1.,0.,0.));
#8280=DIRECTION('',(1.,0.,0.));
#8281=DIRECTION('',(0.,0.,-1.));
#8282=DIRECTION('',(-1.,0.,0.));
#8283=DIRECTION('',(1.,0.,0.));
#8284=DIRECTION('',(0.,0.,-1.));
#8285=DIRECTION('',(0.,0.,-1.));
#8286=DIRECTION('',(0.,-1.,0.));
#8287=DIRECTION('',(-1.,0.,0.));
#8288=DIRECTION('',(0.,0.,1.));
#8289=DIRECTION('',(0.,1.,0.));
#8290=DIRECTION('',(0.,0.,-1.));
#8291=DIRECTION('',(0.,0.,-1.));
#8292=DIRECTION('',(0.,0.,-1.));
#8293=DIRECTION('',(-1.,0.,0.));
#8294=DIRECTION('',(0.,0.707106781186548,-0.707106781186548));
#8295=DIRECTION('',(0.,-0.707106781186548,-0.707106781186548));
#8296=DIRECTION('',(0.,0.,-1.));
#8297=DIRECTION('',(-1.,0.,0.));
#8298=DIRECTION('',(0.,0.,-1.));
#8299=DIRECTION('',(1.,0.,0.));
#8300=DIRECTION('',(0.,0.,-1.));
#8301=DIRECTION('',(-1.,0.,0.));
#8302=DIRECTION('',(1.,0.,0.));
#8303=DIRECTION('',(0.,0.,-1.));
#8304=DIRECTION('',(-1.,0.,0.));
#8305=DIRECTION('',(0.,0.,-1.));
#8306=DIRECTION('',(-1.,0.,0.));
#8307=DIRECTION('',(0.,0.,-1.));
#8308=DIRECTION('',(-1.,0.,0.));
#8309=DIRECTION('',(1.,0.,0.));
#8310=DIRECTION('',(0.,-1.,0.));
#8311=DIRECTION('',(0.,0.,-1.));
#8312=DIRECTION('',(-1.,0.,0.));
#8313=DIRECTION('',(0.,0.,-1.));
#8314=DIRECTION('',(0.,0.,-1.));
#8315=DIRECTION('',(-1.,0.,0.));
#8316=DIRECTION('',(0.,0.707106781186548,0.707106781186548));
#8317=DIRECTION('',(0.,0.707106781186548,-0.707106781186548));
#8318=DIRECTION('',(0.,0.707106781186548,0.707106781186548));
#8319=DIRECTION('',(0.,0.707106781186548,-0.707106781186548));
#8320=DIRECTION('',(0.,0.,-1.));
#8321=DIRECTION('',(-1.,0.,0.));
#8322=DIRECTION('',(0.,0.,-1.));
#8323=DIRECTION('',(-1.,0.,0.));
#8324=DIRECTION('',(0.,0.,1.));
#8325=DIRECTION('',(0.,0.,-1.));
#8326=DIRECTION('',(0.,1.,0.));
#8327=DIRECTION('',(0.,0.,-1.));
#8328=DIRECTION('',(1.,0.,0.));
#8329=DIRECTION('',(0.,0.,-1.));
#8330=DIRECTION('',(-1.,0.,0.));
#8331=DIRECTION('',(-1.,0.,0.));
#8332=DIRECTION('',(0.,0.,-1.));
#8333=DIRECTION('',(-1.,0.,0.));
#8334=DIRECTION('',(0.,0.,-1.));
#8335=DIRECTION('',(-1.,0.,0.));
#8336=DIRECTION('',(1.,0.,0.));
#8337=DIRECTION('',(0.,0.,-1.));
#8338=DIRECTION('',(0.,0.,-1.));
#8339=DIRECTION('',(0.,-1.,0.));
#8340=DIRECTION('',(0.,0.,-1.));
#8341=DIRECTION('',(1.,0.,0.));
#8342=DIRECTION('',(0.,0.,-1.));
#8343=DIRECTION('',(0.,-1.,0.));
#8344=DIRECTION('',(0.,0.,-1.));
#8345=DIRECTION('',(0.,0.,-1.));
#8346=DIRECTION('',(-1.,0.,0.));
#8347=DIRECTION('',(0.,0.,-1.));
#8348=DIRECTION('',(-1.,0.,0.));
#8349=DIRECTION('',(0.,0.707106781186548,0.707106781186548));
#8350=DIRECTION('',(0.,0.707106781186548,-0.707106781186548));
#8351=DIRECTION('',(0.,0.,-1.));
#8352=DIRECTION('',(1.,0.,0.));
#8353=DIRECTION('',(-1.,0.,0.));
#8354=DIRECTION('',(0.,0.,-1.));
#8355=DIRECTION('',(-1.,0.,0.));
#8356=DIRECTION('',(0.,0.,-1.));
#8357=DIRECTION('',(-1.,0.,0.));
#8358=DIRECTION('',(-1.,0.,0.));
#8359=DIRECTION('',(0.,0.,1.));
#8360=DIRECTION('',(0.,1.,0.));
#8361=DIRECTION('',(0.,0.,-1.));
#8362=DIRECTION('',(0.,0.,-1.));
#8363=DIRECTION('',(0.,0.,-1.));
#8364=DIRECTION('',(-1.,0.,0.));
#8365=DIRECTION('',(0.,0.,-1.));
#8366=DIRECTION('',(0.,0.,-1.));
#8367=DIRECTION('',(-1.,0.,0.));
#8368=DIRECTION('',(0.,0.707106781186548,0.707106781186548));
#8369=DIRECTION('',(0.,0.707106781186548,-0.707106781186548));
#8370=DIRECTION('',(0.,0.707106781186548,0.707106781186548));
#8371=DIRECTION('',(0.,0.707106781186548,-0.707106781186548));
#8372=DIRECTION('',(0.,0.,-1.));
#8373=DIRECTION('',(-1.,0.,0.));
#8374=DIRECTION('',(0.,0.,-1.));
#8375=DIRECTION('',(1.,0.,0.));
#8376=DIRECTION('',(-1.,0.,0.));
#8377=DIRECTION('',(0.,1.,0.));
#8378=DIRECTION('',(0.,0.,-1.));
#8379=DIRECTION('',(-1.,0.,0.));
#8380=DIRECTION('',(1.,0.,0.));
#8381=DIRECTION('',(0.,0.,-1.));
#8382=DIRECTION('',(0.,0.,-1.));
#8383=DIRECTION('',(0.,-1.,0.));
#8384=DIRECTION('',(-1.,0.,0.));
#8385=DIRECTION('',(0.,0.,1.));
#8386=DIRECTION('',(0.,1.,0.));
#8387=DIRECTION('',(0.,0.,-1.));
#8388=DIRECTION('',(0.,0.,-1.));
#8389=DIRECTION('',(0.,0.,-1.));
#8390=DIRECTION('',(-1.,0.,0.));
#8391=DIRECTION('',(0.,0.707106781186548,0.707106781186548));
#8392=DIRECTION('',(0.,0.707106781186548,-0.707106781186548));
#8393=DIRECTION('',(0.,0.,-1.));
#8394=DIRECTION('',(-1.,0.,0.));
#8395=DIRECTION('',(0.,0.,-1.));
#8396=DIRECTION('',(1.,0.,0.));
#8397=DIRECTION('',(-1.,0.,0.));
#8398=DIRECTION('',(0.,0.,-1.));
#8399=DIRECTION('',(-1.,0.,0.));
#8400=DIRECTION('',(0.,0.,-1.));
#8401=DIRECTION('',(-1.,0.,0.));
#8402=DIRECTION('',(-1.,0.,0.));
#8403=DIRECTION('',(0.,0.,1.));
#8404=DIRECTION('',(0.,1.,0.));
#8405=DIRECTION('',(0.,0.0871557427476582,0.996194698091746));
#8406=DIRECTION('',(0.,-1.,0.));
#8407=DIRECTION('',(0.,-1.,0.));
#8408=DIRECTION('',(0.,0.,-1.));
#8409=DIRECTION('',(-5.22146173508664E-17,0.997352817253308,-0.0727142208710908));
#8410=DIRECTION('',(0.,-0.0727142208710908,-0.997352817253308));
#8411=DIRECTION('',(0.,-1.,0.));
#8412=DIRECTION('',(-2.77555756156289E-16,0.,1.));
#8413=DIRECTION('',(1.,0.,2.77555756156289E-16));
#8414=DIRECTION('',(1.,8.71068291850046E-17,2.77555756156289E-16));
#8415=DIRECTION('',(0.,-1.,0.));
#8416=DIRECTION('',(0.,-1.,0.));
#8417=DIRECTION('',(0.,0.,-1.));
#8418=DIRECTION('',(-5.22146173508662E-17,0.997352817253308,-0.0727142208710906));
#8419=DIRECTION('',(0.,-0.0727142208710906,-0.997352817253308));
#8420=DIRECTION('',(0.,-1.,0.));
#8421=DIRECTION('',(1.,0.,0.));
#8422=DIRECTION('',(0.,0.,-1.));
#8423=DIRECTION('',(0.,-0.0871557427476582,-0.996194698091746));
#8424=DIRECTION('',(0.,-1.,0.));
#8425=DIRECTION('',(0.,0.0871557427476582,0.996194698091745));
#8426=DIRECTION('',(0.,-0.996194698091746,0.0871557427476582));
#8427=DIRECTION('',(1.,6.23466293246003E-17,-5.45462327495547E-18));
#8428=DIRECTION('',(6.25847833199956E-17,-0.996194698091745,0.0871557427476582));
#8429=DIRECTION('',(6.25847833199956E-17,-0.996194698091745,0.0871557427476582));
#8430=DIRECTION('',(6.25847833199956E-17,-0.996194698091745,0.0871557427476582));
#8431=DIRECTION('',(0.,-0.0871557427476582,-0.996194698091746));
#8432=DIRECTION('',(6.25847833199956E-17,-0.996194698091745,0.0871557427476582));
#8433=DIRECTION('',(6.25847833199956E-17,-0.996194698091746,0.0871557427476582));
#8434=DIRECTION('',(0.,-0.0871557427476582,-0.996194698091746));
#8435=DIRECTION('',(0.,0.0871557427476582,0.996194698091745));
#8436=DIRECTION('',(0.,-0.996194698091746,0.0871557427476582));
#8437=DIRECTION('',(6.25847833199956E-17,-0.996194698091745,0.0871557427476582));
#8438=DIRECTION('',(1.,6.23466293246003E-17,-5.45462327495547E-18));
#8439=DIRECTION('',(6.25847833199956E-17,-0.996194698091745,0.0871557427476582));
#8440=DIRECTION('',(0.,-0.0871557427476582,-0.996194698091746));
#8441=DIRECTION('',(6.25847833199956E-17,-0.996194698091746,0.0871557427476582));
#8442=DIRECTION('',(0.,-0.0871557427476582,-0.996194698091746));
#8443=DIRECTION('',(6.25847833199956E-17,-0.996194698091746,0.0871557427476582));
#8444=DIRECTION('',(0.,-0.0871557427476582,-0.996194698091746));
#8445=DIRECTION('',(6.25847833199956E-17,-0.996194698091746,0.0871557427476582));
#8446=DIRECTION('',(6.25847833199956E-17,-0.996194698091746,0.0871557427476582));
#8447=DIRECTION('',(0.,-0.0871557427476582,-0.996194698091746));
#8448=DIRECTION('',(6.25847833199956E-17,-0.996194698091746,0.0871557427476582));
#8449=DIRECTION('',(0.,-0.0871557427476582,-0.996194698091746));
#8450=DIRECTION('',(6.25847833199956E-17,-0.996194698091746,0.0871557427476582));
#8451=DIRECTION('',(0.,-0.0871557427476582,-0.996194698091746));
#8452=DIRECTION('',(6.25847833199956E-17,-0.996194698091746,0.0871557427476582));
#8453=DIRECTION('',(7.32961624258009E-34,0.0871557427476582,0.996194698091746));
#8454=DIRECTION('',(0.,-0.996194698091746,0.0871557427476582));
#8455=DIRECTION('',(-1.,-6.23466293246003E-17,5.45462327495547E-18));
#8456=DIRECTION('',(6.25847833199956E-17,-0.996194698091746,0.0871557427476582));
#8457=DIRECTION('',(1.,6.23466293246003E-17,-5.45462327495547E-18));
#8458=DIRECTION('',(0.,0.,-1.));
#8459=DIRECTION('',(-1.,0.,0.));
#8460=DIRECTION('',(0.,0.,-1.));
#8461=DIRECTION('',(-1.,0.,0.));
#8462=DIRECTION('',(0.,0.,-1.));
#8463=DIRECTION('',(1.,0.,0.));
#8464=DIRECTION('',(0.,0.,-1.));
#8465=DIRECTION('',(-1.,0.,0.));
#8466=DIRECTION('',(0.,0.,-1.));
#8467=DIRECTION('',(-1.,0.,0.));
#8468=DIRECTION('',(0.,0.,-1.));
#8469=DIRECTION('',(1.,0.,0.));
#8470=DIRECTION('',(0.,0.,-1.));
#8471=DIRECTION('',(-1.,0.,0.));
#8472=DIRECTION('',(0.,0.,-1.));
#8473=DIRECTION('',(-1.,0.,0.));
#8474=DIRECTION('',(0.,0.,-1.));
#8475=DIRECTION('',(1.,0.,0.));
#8476=DIRECTION('',(0.,0.,-1.));
#8477=DIRECTION('',(-1.,0.,0.));
#8478=DIRECTION('',(0.,0.,-1.));
#8479=DIRECTION('',(-1.,0.,0.));
#8480=DIRECTION('',(0.,0.,-1.));
#8481=DIRECTION('',(1.,0.,0.));
#8482=DIRECTION('',(0.,0.,-1.));
#8483=DIRECTION('',(-1.,0.,0.));
#8484=DIRECTION('',(0.,0.,-1.));
#8485=DIRECTION('',(-1.,0.,0.));
#8486=DIRECTION('',(0.,0.,-1.));
#8487=DIRECTION('',(1.,0.,0.));
#8488=DIRECTION('',(0.,0.,-1.));
#8489=DIRECTION('',(-1.,0.,0.));
#8490=DIRECTION('',(0.,0.,-1.));
#8491=DIRECTION('',(-1.,0.,0.));
#8492=DIRECTION('',(0.,0.,-1.));
#8493=DIRECTION('',(1.,0.,0.));
#8494=DIRECTION('',(0.,0.,-1.));
#8495=DIRECTION('',(-1.,0.,0.));
#8496=DIRECTION('',(0.,0.,-1.));
#8497=DIRECTION('',(-1.,0.,0.));
#8498=DIRECTION('',(0.,0.,-1.));
#8499=DIRECTION('',(1.,0.,0.));
#8500=DIRECTION('',(0.,0.,-1.));
#8501=DIRECTION('',(1.,0.,0.));
#8502=DIRECTION('',(-1.,0.,0.));
#8503=DIRECTION('',(0.,0.,-1.));
#8504=DIRECTION('',(-1.,0.,0.));
#8505=DIRECTION('',(0.,0.,-1.));
#8506=DIRECTION('',(-1.,0.,0.));
#8507=DIRECTION('',(-1.,0.,0.));
#8508=DIRECTION('',(1.82123199577617E-16,-1.,0.));
#8509=DIRECTION('',(0.,1.,0.));
#8510=DIRECTION('',(0.,0.,1.));
#8511=DIRECTION('',(0.,0.,-1.));
#8512=DIRECTION('',(1.,0.,0.));
#8513=DIRECTION('',(0.707106781186547,0.,0.707106781186548));
#8514=DIRECTION('',(0.,-1.,0.));
#8515=DIRECTION('',(0.,0.,-1.));
#8516=DIRECTION('',(1.,0.,0.));
#8517=DIRECTION('',(0.,0.,1.));
#8518=DIRECTION('',(1.,0.,0.));
#8519=DIRECTION('',(0.,0.,1.));
#8520=DIRECTION('',(-1.,0.,0.));
#8521=DIRECTION('',(0.,0.,1.));
#8522=DIRECTION('',(0.,-1.,0.));
#8523=DIRECTION('',(0.,0.,1.));
#8524=DIRECTION('',(0.,-1.,0.));
#8525=DIRECTION('',(0.,-1.,0.));
#8526=DIRECTION('',(0.,0.,-1.));
#8527=DIRECTION('',(1.,0.,0.));
#8528=DIRECTION('',(0.,0.,1.));
#8529=DIRECTION('',(1.,0.,0.));
#8530=DIRECTION('',(0.,-1.,0.));
#8531=DIRECTION('',(0.,0.,-1.));
#8532=DIRECTION('',(1.,0.,0.));
#8533=DIRECTION('',(0.,0.,1.));
#8534=DIRECTION('',(1.,0.,0.));
#8535=DIRECTION('',(0.,0.,1.));
#8536=DIRECTION('',(-1.,0.,0.));
#8537=DIRECTION('',(0.,0.,1.));
#8538=DIRECTION('',(0.,-1.,0.));
#8539=DIRECTION('',(0.,0.,1.));
#8540=DIRECTION('',(0.,-1.,0.));
#8541=DIRECTION('',(0.,-1.,0.));
#8542=DIRECTION('',(0.,0.,-1.));
#8543=DIRECTION('',(1.,0.,0.));
#8544=DIRECTION('',(0.,0.,1.));
#8545=DIRECTION('',(1.,0.,0.));
#8546=DIRECTION('',(0.,-1.,0.));
#8547=DIRECTION('',(0.,0.,-1.));
#8548=DIRECTION('',(1.,0.,0.));
#8549=DIRECTION('',(0.,0.,1.));
#8550=DIRECTION('',(1.,0.,0.));
#8551=DIRECTION('',(0.,0.,1.));
#8552=DIRECTION('',(-1.,0.,0.));
#8553=DIRECTION('',(0.,0.,1.));
#8554=DIRECTION('',(0.,-1.,0.));
#8555=DIRECTION('',(0.,0.,1.));
#8556=DIRECTION('',(0.,-1.,0.));
#8557=DIRECTION('',(0.,-1.,0.));
#8558=DIRECTION('',(0.,0.,-1.));
#8559=DIRECTION('',(1.,0.,0.));
#8560=DIRECTION('',(0.,0.,1.));
#8561=DIRECTION('',(1.,0.,0.));
#8562=DIRECTION('',(0.,-1.,0.));
#8563=DIRECTION('',(0.,0.,-1.));
#8564=DIRECTION('',(1.,0.,0.));
#8565=DIRECTION('',(0.,0.,1.));
#8566=DIRECTION('',(1.,0.,0.));
#8567=DIRECTION('',(0.,0.,1.));
#8568=DIRECTION('',(-1.,0.,0.));
#8569=DIRECTION('',(0.,0.,1.));
#8570=DIRECTION('',(0.,-1.,0.));
#8571=DIRECTION('',(0.,0.,1.));
#8572=DIRECTION('',(0.,-1.,0.));
#8573=DIRECTION('',(0.,-1.,0.));
#8574=DIRECTION('',(0.,0.,-1.));
#8575=DIRECTION('',(1.,0.,0.));
#8576=DIRECTION('',(0.,0.,1.));
#8577=DIRECTION('',(1.,0.,0.));
#8578=DIRECTION('',(0.,-1.,0.));
#8579=DIRECTION('',(0.,0.,-1.));
#8580=DIRECTION('',(1.,0.,0.));
#8581=DIRECTION('',(0.,0.,1.));
#8582=DIRECTION('',(1.,0.,0.));
#8583=DIRECTION('',(0.,0.,1.));
#8584=DIRECTION('',(-1.,0.,0.));
#8585=DIRECTION('',(0.,0.,1.));
#8586=DIRECTION('',(0.,-1.,0.));
#8587=DIRECTION('',(0.,0.,1.));
#8588=DIRECTION('',(0.,-1.,0.));
#8589=DIRECTION('',(0.,-1.,0.));
#8590=DIRECTION('',(0.,0.,-1.));
#8591=DIRECTION('',(1.,0.,0.));
#8592=DIRECTION('',(0.,0.,1.));
#8593=DIRECTION('',(1.,0.,0.));
#8594=DIRECTION('',(0.,-1.,0.));
#8595=DIRECTION('',(0.,0.,-1.));
#8596=DIRECTION('',(1.,0.,0.));
#8597=DIRECTION('',(0.,0.,1.));
#8598=DIRECTION('',(1.,0.,0.));
#8599=DIRECTION('',(0.,0.,1.));
#8600=DIRECTION('',(-1.,0.,0.));
#8601=DIRECTION('',(0.,0.,1.));
#8602=DIRECTION('',(0.,-1.,0.));
#8603=DIRECTION('',(0.,0.,1.));
#8604=DIRECTION('',(0.,-1.,0.));
#8605=DIRECTION('',(0.,-1.,0.));
#8606=DIRECTION('',(0.,0.,-1.));
#8607=DIRECTION('',(1.,0.,0.));
#8608=DIRECTION('',(0.,0.,1.));
#8609=DIRECTION('',(1.,0.,0.));
#8610=DIRECTION('',(0.,-1.,0.));
#8611=DIRECTION('',(0.,0.,-1.));
#8612=DIRECTION('',(1.,0.,0.));
#8613=DIRECTION('',(0.,0.,1.));
#8614=DIRECTION('',(1.,0.,0.));
#8615=DIRECTION('',(0.,0.,1.));
#8616=DIRECTION('',(-1.,0.,0.));
#8617=DIRECTION('',(0.,0.,1.));
#8618=DIRECTION('',(0.,-1.,0.));
#8619=DIRECTION('',(0.,0.,1.));
#8620=DIRECTION('',(0.,-1.,0.));
#8621=DIRECTION('',(0.,-1.,0.));
#8622=DIRECTION('',(0.,0.,-1.));
#8623=DIRECTION('',(1.,0.,0.));
#8624=DIRECTION('',(0.,0.,1.));
#8625=DIRECTION('',(1.,0.,0.));
#8626=DIRECTION('',(0.,-1.,0.));
#8627=DIRECTION('',(0.,0.,-1.));
#8628=DIRECTION('',(1.,0.,0.));
#8629=DIRECTION('',(0.,0.,1.));
#8630=DIRECTION('',(1.,0.,0.));
#8631=DIRECTION('',(0.,0.,1.));
#8632=DIRECTION('',(-1.,0.,0.));
#8633=DIRECTION('',(0.,0.,1.));
#8634=DIRECTION('',(0.,-1.,0.));
#8635=DIRECTION('',(0.,0.,1.));
#8636=DIRECTION('',(0.,-1.,0.));
#8637=DIRECTION('',(0.,-1.,0.));
#8638=DIRECTION('',(0.,0.,-1.));
#8639=DIRECTION('',(1.,0.,0.));
#8640=DIRECTION('',(0.,0.,1.));
#8641=DIRECTION('',(1.,0.,0.));
#8642=DIRECTION('',(0.,-1.,0.));
#8643=DIRECTION('',(0.,0.,-1.));
#8644=DIRECTION('',(1.,0.,0.));
#8645=DIRECTION('',(0.,0.,1.));
#8646=DIRECTION('',(1.,0.,0.));
#8647=DIRECTION('',(0.,0.,1.));
#8648=DIRECTION('',(-1.,0.,0.));
#8649=DIRECTION('',(0.,0.,1.));
#8650=DIRECTION('',(0.,-1.,0.));
#8651=DIRECTION('',(0.,0.,1.));
#8652=DIRECTION('',(0.,-1.,0.));
#8653=DIRECTION('',(0.,-1.,0.));
#8654=DIRECTION('',(0.,0.,-1.));
#8655=DIRECTION('',(1.,0.,0.));
#8656=DIRECTION('',(0.,0.,1.));
#8657=DIRECTION('',(1.,0.,0.));
#8658=DIRECTION('',(0.,-1.,0.));
#8659=DIRECTION('',(0.,0.,-1.));
#8660=DIRECTION('',(1.,0.,0.));
#8661=DIRECTION('',(0.,0.,1.));
#8662=DIRECTION('',(1.,0.,0.));
#8663=DIRECTION('',(0.,0.,1.));
#8664=DIRECTION('',(-1.,0.,0.));
#8665=DIRECTION('',(0.,0.,1.));
#8666=DIRECTION('',(0.,-1.,0.));
#8667=DIRECTION('',(0.,0.,1.));
#8668=DIRECTION('',(0.,-1.,0.));
#8669=DIRECTION('',(0.,-1.,0.));
#8670=DIRECTION('',(0.,0.,-1.));
#8671=DIRECTION('',(1.,0.,0.));
#8672=DIRECTION('',(0.,0.,1.));
#8673=DIRECTION('',(1.,0.,0.));
#8674=DIRECTION('',(0.,-1.,0.));
#8675=DIRECTION('',(0.,0.,-1.));
#8676=DIRECTION('',(1.,0.,0.));
#8677=DIRECTION('',(0.,0.,1.));
#8678=DIRECTION('',(1.,0.,0.));
#8679=DIRECTION('',(0.,0.,1.));
#8680=DIRECTION('',(-1.,0.,0.));
#8681=DIRECTION('',(0.,0.,1.));
#8682=DIRECTION('',(0.,-1.,0.));
#8683=DIRECTION('',(0.,0.,1.));
#8684=DIRECTION('',(0.,-1.,0.));
#8685=DIRECTION('',(0.,-1.,0.));
#8686=DIRECTION('',(0.,0.,-1.));
#8687=DIRECTION('',(1.,0.,0.));
#8688=DIRECTION('',(0.,0.,1.));
#8689=DIRECTION('',(1.,0.,0.));
#8690=DIRECTION('',(0.,-1.,0.));
#8691=DIRECTION('',(0.,0.,-1.));
#8692=DIRECTION('',(1.,0.,0.));
#8693=DIRECTION('',(0.,0.,1.));
#8694=DIRECTION('',(1.,0.,0.));
#8695=DIRECTION('',(0.,0.,1.));
#8696=DIRECTION('',(-1.,0.,0.));
#8697=DIRECTION('',(0.,0.,1.));
#8698=DIRECTION('',(0.,-1.,0.));
#8699=DIRECTION('',(0.,0.,1.));
#8700=DIRECTION('',(0.,-1.,0.));
#8701=DIRECTION('',(0.,-1.,0.));
#8702=DIRECTION('',(0.,0.,-1.));
#8703=DIRECTION('',(1.,0.,0.));
#8704=DIRECTION('',(0.,0.,1.));
#8705=DIRECTION('',(1.,0.,0.));
#8706=DIRECTION('',(0.,-1.,0.));
#8707=DIRECTION('',(0.,0.,-1.));
#8708=DIRECTION('',(1.,0.,0.));
#8709=DIRECTION('',(0.,0.,1.));
#8710=DIRECTION('',(1.,0.,0.));
#8711=DIRECTION('',(0.,0.,1.));
#8712=DIRECTION('',(-1.,0.,0.));
#8713=DIRECTION('',(0.,0.,1.));
#8714=DIRECTION('',(0.,-1.,0.));
#8715=DIRECTION('',(0.,0.,1.));
#8716=DIRECTION('',(0.,-1.,0.));
#8717=DIRECTION('',(0.,-1.,0.));
#8718=DIRECTION('',(0.,0.,-1.));
#8719=DIRECTION('',(1.,0.,0.));
#8720=DIRECTION('',(0.,0.,1.));
#8721=DIRECTION('',(1.,0.,0.));
#8722=DIRECTION('',(0.,-1.,0.));
#8723=DIRECTION('',(0.,0.,-1.));
#8724=DIRECTION('',(1.,0.,0.));
#8725=DIRECTION('',(0.,0.,1.));
#8726=DIRECTION('',(1.,0.,0.));
#8727=DIRECTION('',(0.,0.,1.));
#8728=DIRECTION('',(-1.,0.,0.));
#8729=DIRECTION('',(0.,0.,1.));
#8730=DIRECTION('',(0.,-1.,0.));
#8731=DIRECTION('',(0.,0.,1.));
#8732=DIRECTION('',(0.,-1.,0.));
#8733=DIRECTION('',(0.,-1.,0.));
#8734=DIRECTION('',(0.,0.,-1.));
#8735=DIRECTION('',(1.,0.,0.));
#8736=DIRECTION('',(0.,0.,1.));
#8737=DIRECTION('',(1.,0.,0.));
#8738=DIRECTION('',(0.,-1.,0.));
#8739=DIRECTION('',(0.,0.,-1.));
#8740=DIRECTION('',(1.,0.,0.));
#8741=DIRECTION('',(0.,0.,1.));
#8742=DIRECTION('',(1.,0.,0.));
#8743=DIRECTION('',(0.,0.,1.));
#8744=DIRECTION('',(-1.,0.,0.));
#8745=DIRECTION('',(0.,0.,1.));
#8746=DIRECTION('',(0.,-1.,0.));
#8747=DIRECTION('',(0.,0.,1.));
#8748=DIRECTION('',(0.,-1.,0.));
#8749=DIRECTION('',(0.,-1.,0.));
#8750=DIRECTION('',(0.,0.,-1.));
#8751=DIRECTION('',(1.,0.,0.));
#8752=DIRECTION('',(0.,0.,1.));
#8753=DIRECTION('',(1.,0.,0.));
#8754=DIRECTION('',(0.,-1.,0.));
#8755=DIRECTION('',(0.,0.,-1.));
#8756=DIRECTION('',(1.,0.,0.));
#8757=DIRECTION('',(0.,0.,1.));
#8758=DIRECTION('',(1.,0.,0.));
#8759=DIRECTION('',(0.,0.,1.));
#8760=DIRECTION('',(-1.,0.,0.));
#8761=DIRECTION('',(0.,0.,1.));
#8762=DIRECTION('',(0.,-1.,0.));
#8763=DIRECTION('',(0.,0.,1.));
#8764=DIRECTION('',(0.,-1.,0.));
#8765=DIRECTION('',(0.,-1.,0.));
#8766=DIRECTION('',(0.,0.,-1.));
#8767=DIRECTION('',(1.,0.,0.));
#8768=DIRECTION('',(0.,0.,1.));
#8769=DIRECTION('',(1.,0.,0.));
#8770=DIRECTION('',(0.,-1.,0.));
#8771=DIRECTION('',(0.,0.,-1.));
#8772=DIRECTION('',(1.,0.,0.));
#8773=DIRECTION('',(0.,0.,1.));
#8774=DIRECTION('',(1.,0.,0.));
#8775=DIRECTION('',(0.,0.,1.));
#8776=DIRECTION('',(-1.,0.,0.));
#8777=DIRECTION('',(0.,0.,1.));
#8778=DIRECTION('',(0.,-1.,0.));
#8779=DIRECTION('',(0.,0.,1.));
#8780=DIRECTION('',(0.,-1.,0.));
#8781=DIRECTION('',(0.,-1.,0.));
#8782=DIRECTION('',(0.,0.,-1.));
#8783=DIRECTION('',(1.,0.,0.));
#8784=DIRECTION('',(0.,0.,1.));
#8785=DIRECTION('',(1.,0.,0.));
#8786=DIRECTION('',(0.,-1.,0.));
#8787=DIRECTION('',(0.,0.,-1.));
#8788=DIRECTION('',(1.,0.,0.));
#8789=DIRECTION('',(0.,0.,1.));
#8790=DIRECTION('',(1.,0.,0.));
#8791=DIRECTION('',(0.,0.,1.));
#8792=DIRECTION('',(-1.,0.,0.));
#8793=DIRECTION('',(0.,0.,1.));
#8794=DIRECTION('',(0.,-1.,0.));
#8795=DIRECTION('',(0.,0.,1.));
#8796=DIRECTION('',(0.,-1.,0.));
#8797=DIRECTION('',(0.,-1.,0.));
#8798=DIRECTION('',(0.,0.,-1.));
#8799=DIRECTION('',(1.,0.,0.));
#8800=DIRECTION('',(0.,0.,1.));
#8801=DIRECTION('',(1.,0.,0.));
#8802=DIRECTION('',(0.,-1.,0.));
#8803=DIRECTION('',(0.,0.,-1.));
#8804=DIRECTION('',(1.,0.,0.));
#8805=DIRECTION('',(0.,0.,1.));
#8806=DIRECTION('',(1.,0.,0.));
#8807=DIRECTION('',(0.,0.,1.));
#8808=DIRECTION('',(-1.,0.,0.));
#8809=DIRECTION('',(0.,0.,1.));
#8810=DIRECTION('',(0.,-1.,0.));
#8811=DIRECTION('',(0.,0.,1.));
#8812=DIRECTION('',(0.,-1.,0.));
#8813=DIRECTION('',(0.,-1.,0.));
#8814=DIRECTION('',(0.,0.,-1.));
#8815=DIRECTION('',(1.,0.,0.));
#8816=DIRECTION('',(0.,0.,1.));
#8817=DIRECTION('',(1.,0.,0.));
#8818=DIRECTION('',(0.,-1.,0.));
#8819=DIRECTION('',(0.,0.,-1.));
#8820=DIRECTION('',(1.,0.,0.));
#8821=DIRECTION('',(0.,0.,1.));
#8822=DIRECTION('',(1.,0.,0.));
#8823=DIRECTION('',(0.,0.,1.));
#8824=DIRECTION('',(-1.,0.,0.));
#8825=DIRECTION('',(0.,0.,1.));
#8826=DIRECTION('',(0.,-1.,0.));
#8827=DIRECTION('',(0.,0.,1.));
#8828=DIRECTION('',(0.,-1.,0.));
#8829=DIRECTION('',(0.,-1.,0.));
#8830=DIRECTION('',(0.,0.,-1.));
#8831=DIRECTION('',(1.,0.,0.));
#8832=DIRECTION('',(0.,0.,1.));
#8833=DIRECTION('',(1.,0.,0.));
#8834=DIRECTION('',(0.,-1.,0.));
#8835=DIRECTION('',(0.,0.,-1.));
#8836=DIRECTION('',(1.,0.,0.));
#8837=DIRECTION('',(0.,0.,1.));
#8838=DIRECTION('',(1.,0.,0.));
#8839=DIRECTION('',(0.,0.,1.));
#8840=DIRECTION('',(-1.,0.,0.));
#8841=DIRECTION('',(0.,0.,1.));
#8842=DIRECTION('',(0.,-1.,0.));
#8843=DIRECTION('',(0.,0.,1.));
#8844=DIRECTION('',(0.,-1.,0.));
#8845=DIRECTION('',(0.,-1.,0.));
#8846=DIRECTION('',(0.,0.,-1.));
#8847=DIRECTION('',(1.,0.,0.));
#8848=DIRECTION('',(0.,0.,1.));
#8849=DIRECTION('',(1.,0.,0.));
#8850=DIRECTION('',(0.,-1.,0.));
#8851=DIRECTION('',(0.,0.,-1.));
#8852=DIRECTION('',(1.,0.,0.));
#8853=DIRECTION('',(0.,0.,1.));
#8854=DIRECTION('',(1.,0.,0.));
#8855=DIRECTION('',(0.,0.,1.));
#8856=DIRECTION('',(-1.,0.,0.));
#8857=DIRECTION('',(0.,0.,1.));
#8858=DIRECTION('',(0.,-1.,0.));
#8859=DIRECTION('',(0.,0.,1.));
#8860=DIRECTION('',(0.,-1.,0.));
#8861=DIRECTION('',(0.,-1.,0.));
#8862=DIRECTION('',(0.,0.,-1.));
#8863=DIRECTION('',(1.,0.,0.));
#8864=DIRECTION('',(0.,0.,1.));
#8865=DIRECTION('',(1.,0.,0.));
#8866=DIRECTION('',(0.,-1.,0.));
#8867=DIRECTION('',(0.,0.,-1.));
#8868=DIRECTION('',(1.,0.,0.));
#8869=DIRECTION('',(0.,0.,1.));
#8870=DIRECTION('',(1.,0.,0.));
#8871=DIRECTION('',(0.,0.,1.));
#8872=DIRECTION('',(-1.,0.,0.));
#8873=DIRECTION('',(0.,0.,1.));
#8874=DIRECTION('',(0.,-1.,0.));
#8875=DIRECTION('',(0.,0.,1.));
#8876=DIRECTION('',(0.,-1.,0.));
#8877=DIRECTION('',(0.,-1.,0.));
#8878=DIRECTION('',(0.,0.,-1.));
#8879=DIRECTION('',(1.,0.,0.));
#8880=DIRECTION('',(0.,0.,1.));
#8881=DIRECTION('',(1.,0.,0.));
#8882=DIRECTION('',(0.,-1.,0.));
#8883=DIRECTION('',(0.,0.,-1.));
#8884=DIRECTION('',(1.,0.,0.));
#8885=DIRECTION('',(0.,0.,1.));
#8886=DIRECTION('',(1.,0.,0.));
#8887=DIRECTION('',(0.,0.,1.));
#8888=DIRECTION('',(-1.,0.,0.));
#8889=DIRECTION('',(0.,0.,1.));
#8890=DIRECTION('',(0.,-1.,0.));
#8891=DIRECTION('',(0.,0.,1.));
#8892=DIRECTION('',(0.,-1.,0.));
#8893=DIRECTION('',(0.,-1.,0.));
#8894=DIRECTION('',(0.,0.,-1.));
#8895=DIRECTION('',(1.,0.,0.));
#8896=DIRECTION('',(0.,0.,1.));
#8897=DIRECTION('',(1.,0.,0.));
#8898=DIRECTION('',(0.,-1.,0.));
#8899=DIRECTION('',(0.,0.,-1.));
#8900=DIRECTION('',(1.,0.,0.));
#8901=DIRECTION('',(0.,0.,1.));
#8902=DIRECTION('',(1.,0.,0.));
#8903=DIRECTION('',(0.,0.,1.));
#8904=DIRECTION('',(-1.,0.,0.));
#8905=DIRECTION('',(0.,0.,1.));
#8906=DIRECTION('',(0.,-1.,0.));
#8907=DIRECTION('',(0.,0.,1.));
#8908=DIRECTION('',(0.,-1.,0.));
#8909=DIRECTION('',(0.,-1.,0.));
#8910=DIRECTION('',(0.,0.,-1.));
#8911=DIRECTION('',(1.,0.,0.));
#8912=DIRECTION('',(0.,0.,1.));
#8913=DIRECTION('',(1.,0.,0.));
#8914=DIRECTION('',(1.,0.,0.));
#8915=DIRECTION('',(0.,0.,-1.));
#8916=DIRECTION('',(0.,0.,1.));
#8917=DIRECTION('',(0.,1.,0.));
#8918=DIRECTION('',(0.,0.,1.));
#8919=DIRECTION('',(0.,-1.,0.));
#8920=DIRECTION('',(0.,0.,-1.));
#8921=DIRECTION('',(0.,0.,1.));
#8922=DIRECTION('',(1.,0.,0.));
#8923=DIRECTION('',(1.,0.,0.));
#8924=DIRECTION('',(0.,0.,-1.));
#8925=DIRECTION('',(0.,0.,1.));
#8926=DIRECTION('',(0.,1.,0.));
#8927=DIRECTION('',(-1.,0.,0.));
#8928=DIRECTION('',(0.,0.,1.));
#8929=DIRECTION('',(0.,-1.,0.));
#8930=DIRECTION('',(0.,-1.,0.));
#8931=DIRECTION('',(-1.,0.,0.));
#8932=DIRECTION('',(0.,0.,1.));
#8933=DIRECTION('',(0.,-1.,0.));
#8934=DIRECTION('',(0.,-1.,0.));
#8935=DIRECTION('',(-1.,0.,0.));
#8936=DIRECTION('',(0.,0.,1.));
#8937=DIRECTION('',(0.,-1.,0.));
#8938=DIRECTION('',(0.,-1.,0.));
#8939=DIRECTION('',(-1.,0.,0.));
#8940=DIRECTION('',(0.,0.,1.));
#8941=DIRECTION('',(0.,-1.,0.));
#8942=DIRECTION('',(0.,-1.,0.));
#8943=DIRECTION('',(-1.,0.,0.));
#8944=DIRECTION('',(0.,0.,1.));
#8945=DIRECTION('',(0.,-1.,0.));
#8946=DIRECTION('',(0.,-1.,0.));
#8947=DIRECTION('',(-1.,0.,0.));
#8948=DIRECTION('',(0.,0.,1.));
#8949=DIRECTION('',(0.,-1.,0.));
#8950=DIRECTION('',(0.,-1.,0.));
#8951=DIRECTION('',(-1.,0.,0.));
#8952=DIRECTION('',(0.,0.,1.));
#8953=DIRECTION('',(0.,-1.,0.));
#8954=DIRECTION('',(0.,-1.,0.));
#8955=DIRECTION('',(-1.,0.,0.));
#8956=DIRECTION('',(0.,0.,1.));
#8957=DIRECTION('',(0.,-1.,0.));
#8958=DIRECTION('',(0.,-1.,0.));
#8959=DIRECTION('',(-1.,0.,0.));
#8960=DIRECTION('',(0.,0.,1.));
#8961=DIRECTION('',(0.,-1.,0.));
#8962=DIRECTION('',(0.,-1.,0.));
#8963=DIRECTION('',(-1.,0.,0.));
#8964=DIRECTION('',(0.,0.,1.));
#8965=DIRECTION('',(0.,-1.,0.));
#8966=DIRECTION('',(0.,-1.,0.));
#8967=DIRECTION('',(-1.,0.,0.));
#8968=DIRECTION('',(0.,0.,1.));
#8969=DIRECTION('',(0.,-1.,0.));
#8970=DIRECTION('',(0.,-1.,0.));
#8971=DIRECTION('',(-1.,0.,0.));
#8972=DIRECTION('',(0.,0.,1.));
#8973=DIRECTION('',(0.,-1.,0.));
#8974=DIRECTION('',(0.,-1.,0.));
#8975=DIRECTION('',(-1.,0.,0.));
#8976=DIRECTION('',(0.,0.,1.));
#8977=DIRECTION('',(0.,-1.,0.));
#8978=DIRECTION('',(0.,-1.,0.));
#8979=DIRECTION('',(-1.,0.,0.));
#8980=DIRECTION('',(0.,0.,1.));
#8981=DIRECTION('',(0.,-1.,0.));
#8982=DIRECTION('',(0.,-1.,0.));
#8983=DIRECTION('',(-1.,0.,0.));
#8984=DIRECTION('',(0.,0.,1.));
#8985=DIRECTION('',(0.,-1.,0.));
#8986=DIRECTION('',(0.,-1.,0.));
#8987=DIRECTION('',(-1.,0.,0.));
#8988=DIRECTION('',(0.,0.,1.));
#8989=DIRECTION('',(0.,-1.,0.));
#8990=DIRECTION('',(0.,-1.,0.));
#8991=DIRECTION('',(-1.,0.,0.));
#8992=DIRECTION('',(0.,0.,1.));
#8993=DIRECTION('',(0.,-1.,0.));
#8994=DIRECTION('',(0.,-1.,0.));
#8995=DIRECTION('',(-1.,0.,0.));
#8996=DIRECTION('',(0.,0.,1.));
#8997=DIRECTION('',(0.,-1.,0.));
#8998=DIRECTION('',(0.,-1.,0.));
#8999=DIRECTION('',(-1.,0.,0.));
#9000=DIRECTION('',(0.,0.,1.));
#9001=DIRECTION('',(0.,-1.,0.));
#9002=DIRECTION('',(0.,-1.,0.));
#9003=DIRECTION('',(-1.,0.,0.));
#9004=DIRECTION('',(0.,0.,1.));
#9005=DIRECTION('',(0.,-1.,0.));
#9006=DIRECTION('',(0.,-1.,0.));
#9007=DIRECTION('',(-1.,0.,0.));
#9008=DIRECTION('',(0.,0.,1.));
#9009=DIRECTION('',(0.,-1.,0.));
#9010=DIRECTION('',(0.,-1.,0.));
#9011=DIRECTION('',(-1.,0.,0.));
#9012=DIRECTION('',(0.,0.,1.));
#9013=DIRECTION('',(0.,-1.,0.));
#9014=DIRECTION('',(0.,-1.,0.));
#9015=DIRECTION('',(-1.,0.,0.));
#9016=DIRECTION('',(0.,0.,1.));
#9017=DIRECTION('',(0.,-1.,0.));
#9018=DIRECTION('',(0.,-1.,0.));
#9019=DIRECTION('',(-1.,0.,0.));
#9020=DIRECTION('',(0.,0.,1.));
#9021=DIRECTION('',(0.,-1.,0.));
#9022=DIRECTION('',(0.,-1.,0.));
#9023=DIRECTION('',(0.,-1.,0.));
#9024=DIRECTION('',(0.,0.,-1.));
#9025=DIRECTION('',(1.,0.,0.));
#9026=DIRECTION('',(-1.,0.,0.));
#9027=DIRECTION('',(0.,0.,1.));
#9028=DIRECTION('',(0.,-1.,0.));
#9029=DIRECTION('',(0.,-1.,0.));
#9030=DIRECTION('',(0.,0.,1.));
#9031=DIRECTION('',(1.,0.,0.));
#9032=DIRECTION('',(0.,0.,1.));
#9033=DIRECTION('',(1.,0.,0.));
#9034=DIRECTION('',(0.,0.,1.));
#9035=DIRECTION('',(1.,0.,0.));
#9036=DIRECTION('',(0.,0.,1.));
#9037=DIRECTION('',(1.,0.,0.));
#9038=DIRECTION('',(0.,0.,1.));
#9039=DIRECTION('',(1.,0.,0.));
#9040=DIRECTION('',(0.,0.,1.));
#9041=DIRECTION('',(1.,0.,0.));
#9042=DIRECTION('',(0.,0.,1.));
#9043=DIRECTION('',(1.,0.,0.));
#9044=DIRECTION('',(0.,0.,1.));
#9045=DIRECTION('',(1.,0.,0.));
#9046=DIRECTION('',(0.,0.,1.));
#9047=DIRECTION('',(1.,0.,0.));
#9048=DIRECTION('',(0.,0.,1.));
#9049=DIRECTION('',(1.,0.,0.));
#9050=DIRECTION('',(0.,0.,1.));
#9051=DIRECTION('',(1.,0.,0.));
#9052=DIRECTION('',(0.,0.,1.));
#9053=DIRECTION('',(1.,0.,0.));
#9054=DIRECTION('',(0.,0.,1.));
#9055=DIRECTION('',(1.,0.,0.));
#9056=DIRECTION('',(0.,0.,1.));
#9057=DIRECTION('',(1.,0.,0.));
#9058=DIRECTION('',(0.,0.,1.));
#9059=DIRECTION('',(1.,0.,0.));
#9060=DIRECTION('',(0.,0.,1.));
#9061=DIRECTION('',(1.,0.,0.));
#9062=DIRECTION('',(0.,0.,1.));
#9063=DIRECTION('',(1.,0.,0.));
#9064=DIRECTION('',(0.,0.,1.));
#9065=DIRECTION('',(1.,0.,0.));
#9066=DIRECTION('',(0.,0.,1.));
#9067=DIRECTION('',(1.,0.,0.));
#9068=DIRECTION('',(0.,0.,1.));
#9069=DIRECTION('',(1.,0.,0.));
#9070=DIRECTION('',(0.,0.,1.));
#9071=DIRECTION('',(1.,0.,0.));
#9072=DIRECTION('',(0.,0.,1.));
#9073=DIRECTION('',(1.,0.,0.));
#9074=DIRECTION('',(0.,0.,1.));
#9075=DIRECTION('',(1.,0.,0.));
#9076=DIRECTION('',(0.,0.,1.));
#9077=DIRECTION('',(1.,0.,0.));
#9078=DIRECTION('',(0.,0.,1.));
#9079=DIRECTION('',(1.,0.,0.));
#9080=DIRECTION('',(0.,0.,1.));
#9081=DIRECTION('',(1.,0.,0.));
#9082=DIRECTION('',(0.,-1.,0.));
#9083=DIRECTION('',(0.,0.,-1.));
#9084=DIRECTION('',(-1.,0.,0.));
#9085=DIRECTION('',(1.,0.,0.));
#9086=DIRECTION('',(1.,0.,0.));
#9087=DIRECTION('',(0.,0.,-1.));
#9088=DIRECTION('',(0.,0.,1.));
#9089=DIRECTION('',(0.,-1.,0.));
#9090=DIRECTION('',(0.,0.,1.));
#9091=DIRECTION('',(0.,1.,0.));
#9092=DIRECTION('',(0.,-1.,0.));
#9093=DIRECTION('',(0.,0.,-1.));
#9094=DIRECTION('',(0.,0.,1.));
#9095=DIRECTION('',(-1.,0.,0.));
#9096=DIRECTION('',(0.,0.,1.));
#9097=DIRECTION('',(1.,0.,0.));
#9098=DIRECTION('',(1.,0.,0.));
#9099=DIRECTION('',(0.,0.,-1.));
#9100=DIRECTION('',(0.,0.,1.));
#9101=DIRECTION('',(0.,1.,0.));
#9102=DIRECTION('',(0.,0.,1.));
#9103=DIRECTION('',(0.,-1.,0.));
#9104=DIRECTION('',(0.,0.,1.));
#9105=DIRECTION('',(1.,0.,0.));
#9106=DIRECTION('',(0.,-1.,0.));
#9107=DIRECTION('',(0.,0.,1.));
#9108=DIRECTION('',(1.,0.,0.));
#9109=DIRECTION('',(0.,0.,1.));
#9110=DIRECTION('',(1.,0.,0.));
#9111=DIRECTION('',(0.,-1.,0.));
#9112=DIRECTION('',(0.,0.,1.));
#9113=DIRECTION('',(1.,0.,0.));
#9114=DIRECTION('',(0.,1.,0.));
#9115=DIRECTION('',(1.,0.,0.));
#9116=DIRECTION('',(0.,-1.,0.));
#9117=DIRECTION('',(0.,0.,1.));
#9118=DIRECTION('',(1.,0.,0.));
#9119=DIRECTION('',(0.,-1.,0.));
#9120=DIRECTION('',(0.,0.,1.));
#9121=DIRECTION('',(1.,0.,0.));
#9122=DIRECTION('',(0.,0.,1.));
#9123=DIRECTION('',(1.,0.,0.));
#9124=DIRECTION('',(0.,1.,0.));
#9125=DIRECTION('',(0.,0.,1.));
#9126=DIRECTION('',(1.,0.,0.));
#9127=DIRECTION('',(-1.,0.,0.));
#9128=DIRECTION('',(0.,0.,1.));
#9129=DIRECTION('',(1.,0.,0.));
#9130=DIRECTION('',(-1.,0.,0.));
#9131=DIRECTION('',(0.,0.,1.));
#9132=DIRECTION('',(0.,-1.,0.));
#9133=DIRECTION('',(0.,0.,1.));
#9134=DIRECTION('',(-1.,0.,0.));
#9135=DIRECTION('',(0.,0.,1.));
#9136=DIRECTION('',(0.,0.,1.));
#9137=DIRECTION('',(0.,1.,0.));
#9138=DIRECTION('',(0.,-0.0871557427476582,-0.996194698091746));
#9139=DIRECTION('',(0.,0.996194698091746,-0.0871557427476582));
#9140=DIRECTION('',(0.,-0.0871557427476595,-0.996194698091745));
#9141=DIRECTION('',(0.,0.996194698091746,-0.0871557427476595));
#9142=DIRECTION('',(1.,0.,0.));
#9143=DIRECTION('',(0.,0.,-1.));
#9144=DIRECTION('',(1.,8.71068291850046E-17,2.77555756156289E-16));
#9145=DIRECTION('',(2.77555756156289E-16,0.,-1.));
#9146=DIRECTION('',(1.,0.,0.));
#9147=DIRECTION('',(0.,0.,-1.));
#9148=DIRECTION('',(0.,0.0871557427476595,0.996194698091745));
#9149=DIRECTION('',(0.,-0.996194698091746,0.0871557427476595));
#9150=DIRECTION('',(0.,0.0871557427476582,0.996194698091746));
#9151=DIRECTION('',(0.,-0.996194698091746,0.0871557427476582));
#9152=DIRECTION('',(0.,0.,1.));
#9153=DIRECTION('',(1.,0.,0.));
#9154=DIRECTION('',(0.,0.,-1.));
#9155=DIRECTION('',(-1.,0.,0.));
#9156=DIRECTION('',(0.,0.,-1.));
#9157=DIRECTION('',(-1.,0.,0.));
#9158=DIRECTION('',(0.,0.,-1.));
#9159=DIRECTION('',(-1.,0.,0.));
#9160=DIRECTION('',(0.,0.,-1.));
#9161=DIRECTION('',(-1.,0.,0.));
#9162=DIRECTION('',(0.,0.,-1.));
#9163=DIRECTION('',(-1.,0.,0.));
#9164=DIRECTION('',(0.,0.,1.));
#9165=DIRECTION('',(1.,0.,0.));
#9166=DIRECTION('',(0.,0.,1.));
#9167=DIRECTION('',(1.,0.,0.));
#9168=DIRECTION('',(0.,0.,-1.));
#9169=DIRECTION('',(-1.,0.,0.));
#9170=DIRECTION('',(0.,0.,1.));
#9171=DIRECTION('',(1.,0.,0.));
#9172=DIRECTION('',(0.,0.,1.));
#9173=DIRECTION('',(1.,0.,0.));
#9174=DIRECTION('',(0.,0.,1.));
#9175=DIRECTION('',(1.,0.,0.));
#9176=DIRECTION('',(0.,0.,-1.));
#9177=DIRECTION('',(-1.,0.,0.));
#9178=DIRECTION('',(0.,0.,-1.));
#9179=DIRECTION('',(-1.,0.,0.));
#9180=DIRECTION('',(0.,0.,-1.));
#9181=DIRECTION('',(-1.,0.,0.));
#9182=DIRECTION('',(0.,0.,-1.));
#9183=DIRECTION('',(-1.,0.,0.));
#9184=DIRECTION('',(0.,0.,1.));
#9185=DIRECTION('',(1.,0.,0.));
#9186=DIRECTION('',(0.,0.,1.));
#9187=DIRECTION('',(1.,0.,0.));
#9188=DIRECTION('',(0.,0.,-1.));
#9189=DIRECTION('',(-1.,0.,0.));
#9190=DIRECTION('',(0.,0.,1.));
#9191=DIRECTION('',(1.,0.,0.));
#9192=DIRECTION('',(0.,0.,-1.));
#9193=DIRECTION('',(-1.,0.,0.));
#9194=DIRECTION('',(0.,0.,-1.));
#9195=DIRECTION('',(-1.,0.,0.));
#9196=DIRECTION('',(0.,0.,-1.));
#9197=DIRECTION('',(-1.,0.,0.));
#9198=DIRECTION('',(0.,0.,-1.));
#9199=DIRECTION('',(-1.,0.,0.));
#9200=DIRECTION('',(0.,0.,-1.));
#9201=DIRECTION('',(-1.,0.,0.));
#9202=DIRECTION('',(0.,0.,-1.));
#9203=DIRECTION('',(-1.,0.,0.));
#9204=DIRECTION('',(0.,0.,-1.));
#9205=DIRECTION('',(-1.,0.,0.));
#9206=DIRECTION('',(0.,0.,1.));
#9207=DIRECTION('',(1.,0.,0.));
#9208=DIRECTION('',(0.,0.,-1.));
#9209=DIRECTION('',(-1.,0.,0.));
#9210=DIRECTION('',(0.,0.,-1.));
#9211=DIRECTION('',(-1.,0.,0.));
#9212=DIRECTION('',(0.,0.,1.));
#9213=DIRECTION('',(1.,0.,0.));
#9214=DIRECTION('',(0.,0.,-1.));
#9215=DIRECTION('',(-1.,0.,0.));
#9216=DIRECTION('',(0.,0.,1.));
#9217=DIRECTION('',(1.,0.,0.));
#9218=DIRECTION('',(0.,0.,1.));
#9219=DIRECTION('',(1.,0.,0.));
#9220=DIRECTION('',(0.,0.,1.));
#9221=DIRECTION('',(1.,0.,0.));
#9222=DIRECTION('',(0.,0.,1.));
#9223=DIRECTION('',(1.,0.,0.));
#9224=DIRECTION('',(0.,0.,1.));
#9225=DIRECTION('',(1.,0.,0.));
#9226=DIRECTION('',(0.,0.,1.));
#9227=DIRECTION('',(1.,0.,0.));
#9228=DIRECTION('',(0.,0.,-1.));
#9229=DIRECTION('',(-1.,0.,0.));
#9230=DIRECTION('',(0.,0.,1.));
#9231=DIRECTION('',(1.,0.,0.));
#9232=DIRECTION('',(0.,0.,1.));
#9233=DIRECTION('',(1.,0.,0.));
#9234=DIRECTION('',(0.,0.,1.));
#9235=DIRECTION('',(1.,0.,0.));
#9236=DIRECTION('',(0.,0.,1.));
#9237=DIRECTION('',(1.,0.,0.));
#9238=DIRECTION('',(0.,0.,1.));
#9239=DIRECTION('',(1.,0.,0.));
#9240=DIRECTION('',(0.,0.,1.));
#9241=DIRECTION('',(1.,0.,0.));
#9242=DIRECTION('',(0.,0.,1.));
#9243=DIRECTION('',(1.,0.,0.));
#9244=DIRECTION('',(0.,0.,-1.));
#9245=DIRECTION('',(-1.,0.,0.));
#9246=DIRECTION('',(0.,0.,1.));
#9247=DIRECTION('',(1.,0.,0.));
#9248=DIRECTION('',(0.,0.,1.));
#9249=DIRECTION('',(1.,0.,0.));
#9250=DIRECTION('',(0.,0.,-1.));
#9251=DIRECTION('',(-1.,0.,0.));
#9252=DIRECTION('',(0.,0.,1.));
#9253=DIRECTION('',(1.,0.,0.));
#9254=DIRECTION('',(0.,0.,1.));
#9255=DIRECTION('',(1.,0.,0.));
#9256=DIRECTION('',(0.,0.,1.));
#9257=DIRECTION('',(1.,0.,0.));
#9258=DIRECTION('',(0.,0.,1.));
#9259=DIRECTION('',(1.,0.,0.));
#9260=DIRECTION('',(0.,0.,1.));
#9261=DIRECTION('',(1.,0.,0.));
#9262=DIRECTION('',(0.,0.,-1.));
#9263=DIRECTION('',(-1.,0.,0.));
#9264=DIRECTION('',(0.,0.,-1.));
#9265=DIRECTION('',(-1.,0.,0.));
#9266=DIRECTION('',(0.,0.,1.));
#9267=DIRECTION('',(1.,0.,0.));
#9268=DIRECTION('',(0.,0.,1.));
#9269=DIRECTION('',(1.,0.,0.));
#9270=DIRECTION('',(0.,0.,-1.));
#9271=DIRECTION('',(-1.,0.,0.));
#9272=DIRECTION('',(0.,0.,1.));
#9273=DIRECTION('',(1.,0.,0.));
#9274=DIRECTION('',(0.,0.,-1.));
#9275=DIRECTION('',(-1.,0.,0.));
#9276=DIRECTION('',(0.,0.,-1.));
#9277=DIRECTION('',(-1.,0.,0.));
#9278=DIRECTION('',(0.,0.,1.));
#9279=DIRECTION('',(1.,0.,0.));
#9280=DIRECTION('',(0.,0.707106781186548,-0.707106781186548));
#9281=DIRECTION('',(1.,0.,0.));
#9282=DIRECTION('',(0.,-0.707106781186548,-0.707106781186548));
#9283=DIRECTION('',(0.,0.707106781186548,0.707106781186548));
#9284=DIRECTION('',(0.,0.,1.));
#9285=DIRECTION('',(1.,0.,0.));
#9286=DIRECTION('',(-0.707106781186548,0.,0.707106781186548));
#9287=DIRECTION('',(0.,0.,1.));
#9288=DIRECTION('',(1.,0.,0.));
#9289=DIRECTION('',(-0.707106781186548,0.,-0.707106781186548));
#9290=DIRECTION('',(-0.707106781186548,0.,-0.707106781186548));
#9291=DIRECTION('',(0.,1.,0.));
#9292=DIRECTION('',(-0.707106781186548,0.,0.707106781186548));
#9293=DIRECTION('',(-0.707106781186548,0.,0.707106781186548));
#9294=DIRECTION('',(0.,-1.,0.));
#9295=DIRECTION('',(-0.707106781186548,0.,-0.707106781186548));
#9296=DIRECTION('',(0.,0.,1.));
#9297=DIRECTION('',(1.,0.,0.));
#9298=DIRECTION('',(0.,-0.707106781186548,0.707106781186548));
#9299=DIRECTION('',(0.,0.,1.));
#9300=DIRECTION('',(1.,0.,0.));
#9301=DIRECTION('',(0.,0.707106781186548,-0.707106781186548));
#9302=DIRECTION('',(0.,0.70710678118655,0.707106781186545));
#9303=DIRECTION('',(-1.,0.,0.));
#9304=DIRECTION('',(0.,0.,-1.));
#9305=DIRECTION('',(-1.,0.,0.));
#9306=DIRECTION('',(-0.707106781186548,0.,0.707106781186548));
#9307=DIRECTION('',(0.707106781186548,0.,0.707106781186548));
#9308=DIRECTION('',(0.,1.,0.));
#9309=DIRECTION('',(-0.707106781186548,0.,0.707106781186548));
#9310=DIRECTION('',(0.,0.,-1.));
#9311=DIRECTION('',(-1.,0.,0.));
#9312=DIRECTION('',(0.,-0.707106781186548,0.707106781186548));
#9313=DIRECTION('',(0.,-0.707106781186548,-0.707106781186548));
#9314=DIRECTION('',(-1.,0.,0.));
#9315=DIRECTION('',(0.,-0.707106781186548,0.707106781186548));
#9316=DIRECTION('',(0.,0.,-1.));
#9317=DIRECTION('',(-1.,0.,0.));
#9318=DIRECTION('',(0.707106781186548,0.,0.707106781186548));
#9319=DIRECTION('',(0.707106781186548,0.,-0.707106781186548));
#9320=DIRECTION('',(0.,-1.,0.));
#9321=DIRECTION('',(0.707106781186548,0.,0.707106781186548));
#9322=DIRECTION('',(0.,0.,-1.));
#9323=DIRECTION('',(-1.,0.,0.));
#9324=DIRECTION('',(0.707106781186548,0.,-0.707106781186548));
#9325=DIRECTION('',(0.,1.,0.));
#9326=DIRECTION('',(-0.577350269189626,0.577350269189626,-0.577350269189626));
#9327=DIRECTION('',(0.,-0.707106781186548,-0.707106781186548));
#9328=DIRECTION('',(1.,0.,0.));
#9329=DIRECTION('',(0.,-0.707106781186548,0.707106781186548));
#9330=DIRECTION('',(0.,0.,-1.));
#9331=DIRECTION('',(-1.,0.,0.));
#9332=DIRECTION('',(0.707106781186548,0.,0.707106781186548));
#9333=DIRECTION('',(-0.707106781186541,-1.28780549432723E-16,0.707106781186554));
#9334=DIRECTION('',(-1.82123199577617E-16,1.,0.));
#9335=DIRECTION('',(0.577350269189633,-0.577350269189622,0.577350269189622));
#9336=DIRECTION('',(0.,-0.707106781186548,-0.707106781186548));
#9337=DIRECTION('',(-1.,0.,0.));
#9338=DIRECTION('',(0.,-0.707106781186548,0.707106781186548));
#9339=DIRECTION('',(0.,0.,-1.));
#9340=DIRECTION('',(-1.,0.,0.));
#9341=DIRECTION('',(0.707106781186548,0.,0.707106781186548));
#9342=DIRECTION('',(-0.707106781186555,0.,0.70710678118654));
#9343=DIRECTION('',(0.,1.,0.));
#9344=DIRECTION('',(0.70710678118654,0.,0.707106781186555));
#9345=DIRECTION('',(0.,0.,-1.));
#9346=DIRECTION('',(-1.,0.,0.));
#9347=DIRECTION('',(0.,0.707106781186548,0.707106781186548));
#9348=DIRECTION('',(0.,-0.707106781186548,0.707106781186548));
#9349=DIRECTION('',(-1.,0.,0.));
#9350=DIRECTION('',(-0.577350269189626,-0.577350269189626,-0.577350269189626));
#9351=DIRECTION('',(-0.707106781186548,0.,0.707106781186548));
#9352=DIRECTION('',(0.,1.,0.));
#9353=DIRECTION('',(0.707106781186548,0.,0.707106781186548));
#9354=DIRECTION('',(0.,0.,-1.));
#9355=DIRECTION('',(-1.,0.,0.));
#9356=DIRECTION('',(0.,0.707106781186548,0.707106781186548));
#9357=DIRECTION('',(0.,-0.707106781186548,0.707106781186548));
#9358=DIRECTION('',(-1.,0.,0.));
#9359=DIRECTION('',(0.,0.707106781186548,0.707106781186548));
#9360=DIRECTION('',(0.,0.,-1.));
#9361=DIRECTION('',(-1.,0.,0.));
#9362=DIRECTION('',(-0.707106781186548,0.,0.707106781186548));
#9363=DIRECTION('',(-0.707106781186548,0.,-0.707106781186548));
#9364=DIRECTION('',(0.,-1.,0.));
#9365=DIRECTION('',(0.577350269189626,-0.577350269189626,-0.577350269189626));
#9366=DIRECTION('',(8.58536996218163E-17,0.707106781186548,-0.707106781186547));
#9367=DIRECTION('',(-1.,1.21415466385078E-16,0.));
#9368=DIRECTION('',(0.,0.707106781186548,0.707106781186548));
#9369=DIRECTION('',(0.,0.,-1.));
#9370=DIRECTION('',(-1.,0.,0.));
#9371=DIRECTION('',(-0.707106781186548,0.,0.707106781186548));
#9372=DIRECTION('',(-0.707106781186548,0.,-0.707106781186548));
#9373=DIRECTION('',(0.,-1.,0.));
#9374=DIRECTION('',(-0.707106781186548,0.,0.707106781186548));
#9375=DIRECTION('',(0.,0.,-1.));
#9376=DIRECTION('',(-1.,0.,0.));
#9377=DIRECTION('',(0.,-0.707106781186548,0.707106781186548));
#9378=DIRECTION('',(0.,0.707106781186548,0.707106781186548));
#9379=DIRECTION('',(1.,0.,0.));
#9380=DIRECTION('',(-0.577350269189626,-0.577350269189626,0.577350269189626));
#9381=DIRECTION('',(-0.707106781186548,0.,-0.707106781186548));
#9382=DIRECTION('',(0.,-1.,0.));
#9383=DIRECTION('',(-0.707106781186548,0.,0.707106781186548));
#9384=DIRECTION('',(0.,0.,-1.));
#9385=DIRECTION('',(-1.,0.,0.));
#9386=DIRECTION('',(0.,-0.707106781186548,0.707106781186548));
#9387=DIRECTION('',(0.,-0.707106781186548,-0.707106781186548));
#9388=DIRECTION('',(1.,0.,0.));
#9389=DIRECTION('',(0.577350269189626,0.577350269189626,-0.577350269189626));
#9390=DIRECTION('',(-0.707106781186548,0.,-0.707106781186548));
#9391=DIRECTION('',(0.,1.,0.));
#9392=DIRECTION('',(0.,0.,-1.));
#9393=DIRECTION('',(-1.,0.,0.));
#9394=DIRECTION('',(-0.707106781186548,0.,0.707106781186548));
#9395=DIRECTION('',(-0.707106781186548,0.,-0.707106781186548));
#9396=DIRECTION('',(0.,1.,0.));
#9397=DIRECTION('',(-0.577350269189626,0.577350269189626,0.577350269189626));
#9398=DIRECTION('',(0.,-0.707106781186548,0.707106781186548));
#9399=DIRECTION('',(1.,0.,0.));
#9400=DIRECTION('',(-0.577350269189626,-0.577350269189626,-0.577350269189626));
#9401=DIRECTION('',(-0.707106781186548,0.,0.707106781186548));
#9402=DIRECTION('',(0.,-1.,0.));
#9403=DIRECTION('',(0.707106781186548,0.,0.707106781186548));
#9404=DIRECTION('',(0.,0.,-1.));
#9405=DIRECTION('',(-1.,0.,0.));
#9406=DIRECTION('',(0.,0.,1.));
#9407=DIRECTION('',(1.,0.,0.));
#9408=DIRECTION('',(0.,-0.707106781186548,-0.707106781186548));
#9409=DIRECTION('',(-0.707106781186548,0.,0.707106781186548));
#9410=DIRECTION('',(-0.707106781186554,-1.28780549432725E-16,-0.707106781186541));
#9411=DIRECTION('',(-1.82123199577617E-16,1.,0.));
#9412=DIRECTION('',(0.577350269189619,-0.577350269189629,-0.577350269189629));
#9413=DIRECTION('',(0.,0.707106781186548,-0.707106781186548));
#9414=DIRECTION('',(1.,0.,0.));
#9415=DIRECTION('',(0.,-0.707106781186548,-0.707106781186548));
#9416=DIRECTION('',(0.,0.707106781186548,-0.707106781186548));
#9417=DIRECTION('',(1.,0.,0.));
#9418=DIRECTION('',(0.,0.707106781186548,0.707106781186548));
#9419=DIRECTION('',(0.,0.,1.));
#9420=DIRECTION('',(1.,0.,0.));
#9421=DIRECTION('',(-0.707106781186548,0.,-0.707106781186548));
#9422=DIRECTION('',(0.,0.,1.));
#9423=DIRECTION('',(1.,0.,0.));
#9424=DIRECTION('',(-0.707106781186548,0.,0.707106781186547));
#9425=DIRECTION('',(-0.707106781186548,0.,0.707106781186548));
#9426=DIRECTION('',(0.,-1.,0.));
#9427=DIRECTION('',(0.577350269189626,0.577350269189626,0.577350269189626));
#9428=DIRECTION('',(-0.707106781186555,0.,-0.70710678118654));
#9429=DIRECTION('',(0.,1.,0.));
#9430=DIRECTION('',(-0.70710678118654,-1.83995210002006E-15,0.707106781186555));
#9431=DIRECTION('',(0.,0.707106781186548,-0.707106781186548));
#9432=DIRECTION('',(1.,0.,0.));
#9433=DIRECTION('',(0.,-0.707106781186548,-0.707106781186548));
#9434=DIRECTION('',(0.,0.,1.));
#9435=DIRECTION('',(1.,0.,0.));
#9436=DIRECTION('',(0.,-0.707106781186548,0.707106781186548));
#9437=DIRECTION('',(0.,0.,1.));
#9438=DIRECTION('',(1.,0.,0.));
#9439=DIRECTION('',(-0.707106781186548,0.,-0.707106781186548));
#9440=DIRECTION('',(0.,0.707106781186545,0.70710678118655));
#9441=DIRECTION('',(-1.,0.,0.));
#9442=DIRECTION('',(0.,-0.70710678118655,0.707106781186545));
#9443=DIRECTION('',(-0.707106781186548,0.,0.707106781186548));
#9444=DIRECTION('',(0.,-1.,0.));
#9445=DIRECTION('',(-0.707106781186548,0.,-0.707106781186548));
#9446=DIRECTION('',(0.,0.,1.));
#9447=DIRECTION('',(1.,0.,0.));
#9448=DIRECTION('',(0.707106781186548,0.,0.707106781186548));
#9449=DIRECTION('',(0.,0.,1.));
#9450=DIRECTION('',(1.,0.,0.));
#9451=DIRECTION('',(0.,0.707106781186548,-0.707106781186548));
#9452=DIRECTION('',(0.707106781186548,0.,-0.707106781186548));
#9453=DIRECTION('',(0.,-1.,0.));
#9454=DIRECTION('',(0.577350269189626,-0.577350269189626,0.577350269189626));
#9455=DIRECTION('',(0.,0.707106781186545,0.70710678118655));
#9456=DIRECTION('',(-1.,0.,0.));
#9457=DIRECTION('',(0.,0.70710678118655,-0.707106781186545));
#9458=DIRECTION('',(0.,0.707106781186548,0.707106781186548));
#9459=DIRECTION('',(-1.,0.,0.));
#9460=DIRECTION('',(0.577350269189626,0.577350269189626,-0.577350269189626));
#9461=DIRECTION('',(0.,0.,1.));
#9462=DIRECTION('',(1.,0.,0.));
#9463=DIRECTION('',(0.707106781186548,0.,-0.707106781186548));
#9464=DIRECTION('',(0.707106781186548,0.,0.707106781186548));
#9465=DIRECTION('',(0.,1.,0.));
#9466=DIRECTION('',(-0.707106781186548,-1.28780549432724E-16,0.707106781186547));
#9467=DIRECTION('',(1.82123199577617E-16,-1.,0.));
#9468=DIRECTION('',(-0.577350269189625,0.577350269189626,-0.577350269189626));
#9469=DIRECTION('',(0.,0.707106781186548,0.707106781186548));
#9470=DIRECTION('',(-1.,0.,0.));
#9471=DIRECTION('',(0.,-0.707106781186548,0.707106781186548));
#9472=DIRECTION('',(0.,0.,-1.));
#9473=DIRECTION('',(-1.,0.,0.));
#9474=DIRECTION('',(-0.707106781186548,0.,-0.707106781186548));
#9475=DIRECTION('',(0.,-1.,0.));
#9476=DIRECTION('',(0.577350269189626,0.577350269189626,-0.577350269189626));
#9477=DIRECTION('',(0.,0.707106781186548,0.707106781186548));
#9478=DIRECTION('',(1.,0.,0.));
#9479=DIRECTION('',(0.,0.707106781186548,0.707106781186548));
#9480=DIRECTION('',(1.,0.,0.));
#9481=DIRECTION('',(0.,0.707106781186548,0.707106781186548));
#9482=DIRECTION('',(1.,0.,0.));
#9483=DIRECTION('',(0.,0.707106781186548,0.707106781186548));
#9484=DIRECTION('',(1.,0.,0.));
#9485=DIRECTION('',(0.,0.707106781186548,-0.707106781186548));
#9486=DIRECTION('',(0.,0.,-1.));
#9487=DIRECTION('',(-1.,0.,0.));
#9488=DIRECTION('',(0.,0.707106781186548,-0.707106781186548));
#9489=DIRECTION('',(-1.,0.,0.));
#9490=DIRECTION('',(-0.577350269189626,-0.577350269189626,-0.577350269189626));
#9491=DIRECTION('',(0.707106781186548,0.,-0.707106781186548));
#9492=DIRECTION('',(0.,1.,0.));
#9493=DIRECTION('',(0.707106781186548,0.,0.707106781186548));
#9494=DIRECTION('',(0.,0.,-1.));
#9495=DIRECTION('',(-1.,0.,0.));
#9496=DIRECTION('',(0.,0.707106781186548,0.707106781186548));
#9497=DIRECTION('',(0.,0.707106781186548,-0.707106781186548));
#9498=DIRECTION('',(-1.,0.,0.));
#9499=DIRECTION('',(0.,0.707106781186548,-0.707106781186548));
#9500=DIRECTION('',(-1.,0.,0.));
#9501=DIRECTION('',(0.,0.707106781186548,-0.707106781186548));
#9502=DIRECTION('',(-1.,0.,0.));
#9503=DIRECTION('',(0.,0.707106781186548,0.707106781186548));
#9504=DIRECTION('',(0.,0.,-1.));
#9505=DIRECTION('',(-1.,0.,0.));
#9506=DIRECTION('',(-0.707106781186548,0.,0.707106781186548));
#9507=DIRECTION('',(0.707106781186548,0.,0.707106781186548));
#9508=DIRECTION('',(0.,-1.,0.));
#9509=DIRECTION('',(-0.577350269189626,0.577350269189626,0.577350269189626));
#9510=DIRECTION('',(0.,0.707106781186548,-0.707106781186548));
#9511=DIRECTION('',(-1.,0.,0.));
#9512=DIRECTION('',(0.707106781186539,0.0616284167162201,0.704416026402767));
#9513=DIRECTION('',(9.62964972193618E-35,-0.996194698091746,0.0871557427476582));
#9514=DIRECTION('',(4.77777258387197E-17,-0.766044443118976,-0.642787609686542));
#9515=DIRECTION('',(1.,6.27809372451287E-17,-4.90461027812967E-19));
#9516=DIRECTION('',(3.52360115406022E-18,0.642787609686532,-0.766044443118985));
#9517=DIRECTION('',(-1.,-4.34307920528345E-19,-4.9641622471425E-18));
#9518=DIRECTION('',(-0.707106781186553,0.0616284167162188,0.704416026402753));
#9519=DIRECTION('',(-6.2071966036085E-17,0.996194698091746,-0.0871557427476582));
#9520=DIRECTION('',(0.,0.,-1.));
#9521=DIRECTION('',(-1.,0.,0.));
#9522=DIRECTION('',(0.,0.,-1.));
#9523=DIRECTION('',(0.,0.,-1.));
#9524=DIRECTION('',(-1.,0.,0.));
#9525=DIRECTION('',(0.,0.,-1.));
#9526=DIRECTION('',(0.,0.,-1.));
#9527=DIRECTION('',(-1.,0.,0.));
#9528=DIRECTION('',(-1.,0.,0.));
#9529=DIRECTION('',(0.,0.,1.));
#9530=DIRECTION('',(0.,-1.,0.));
#9531=DIRECTION('',(0.,0.,-1.));
#9532=DIRECTION('',(0.,1.,0.));
#9533=DIRECTION('',(0.,0.,-1.));
#9534=DIRECTION('',(-1.,0.,0.));
#9535=DIRECTION('',(0.,0.,-1.));
#9536=DIRECTION('',(-1.,0.,0.));
#9537=DIRECTION('',(0.,0.,-1.));
#9538=DIRECTION('',(0.,0.,-1.));
#9539=DIRECTION('',(-1.,0.,0.));
#9540=DIRECTION('',(-1.,0.,0.));
#9541=DIRECTION('',(0.,0.,1.));
#9542=DIRECTION('',(0.,1.,0.));
#9543=DIRECTION('',(0.,1.,0.));
#9544=DIRECTION('',(0.,0.,-1.));
#9545=DIRECTION('',(1.,0.,0.));
#9546=DIRECTION('',(0.,0.,-1.));
#9547=DIRECTION('',(-1.,0.,0.));
#9548=DIRECTION('',(0.,0.,-1.));
#9549=DIRECTION('',(0.,0.,-1.));
#9550=DIRECTION('',(-1.,0.,0.));
#9551=DIRECTION('',(0.,0.,-1.));
#9552=DIRECTION('',(0.,0.,-1.));
#9553=DIRECTION('',(-1.,0.,0.));
#9554=DIRECTION('',(-1.,-7.65319180578003E-17,0.));
#9555=DIRECTION('',(7.65319180578003E-17,-1.,0.));
#9556=DIRECTION('',(7.65319180578003E-17,-1.,0.));
#9557=DIRECTION('',(0.,0.,-1.));
#9558=DIRECTION('',(-7.65319180578003E-17,1.,0.));
#9559=DIRECTION('',(0.,0.,-1.));
#9560=DIRECTION('',(-1.,0.,0.));
#9561=DIRECTION('',(0.,0.,-1.));
#9562=DIRECTION('',(-1.,0.,0.));
#9563=DIRECTION('',(0.,0.,-1.));
#9564=DIRECTION('',(0.,0.,-1.));
#9565=DIRECTION('',(-1.,0.,0.));
#9566=DIRECTION('',(-1.,-5.10212787052002E-17,0.));
#9567=DIRECTION('',(5.10212787052002E-17,-1.,0.));
#9568=DIRECTION('',(-5.10212787052002E-17,1.,0.));
#9569=DIRECTION('',(-5.10212787052002E-17,1.,0.));
#9570=DIRECTION('',(0.,0.,-1.));
#9571=DIRECTION('',(1.,0.,0.));
#9572=DIRECTION('',(0.,0.,-1.));
#9573=DIRECTION('',(-1.,0.,0.));
#9574=DIRECTION('',(-0.707106781186548,0.,0.707106781186548));
#9575=DIRECTION('',(-0.707106781186548,0.,-0.707106781186548));
#9576=DIRECTION('',(0.707106781186548,0.,-0.707106781186548));
#9577=DIRECTION('',(0.,-1.,0.));
#9578=DIRECTION('',(-0.707106781186548,0.,-0.707106781186548));
#9579=DIRECTION('',(0.707106781186548,0.,0.707106781186548));
#9580=DIRECTION('',(0.,1.,0.));
#9581=DIRECTION('',(-0.707106781186548,0.,0.707106781186548));
#9582=DIRECTION('',(0.,0.,-1.));
#9583=DIRECTION('',(-1.,0.,0.));
#9584=DIRECTION('',(0.,0.,-1.));
#9585=DIRECTION('',(-1.,0.,0.));
#9586=DIRECTION('',(-0.707106781186548,0.,0.707106781186548));
#9587=DIRECTION('',(-0.707106781186548,0.,-0.707106781186548));
#9588=DIRECTION('',(0.707106781186549,3.60774921572559E-17,-0.707106781186547));
#9589=DIRECTION('',(5.10212787052002E-17,-1.,0.));
#9590=DIRECTION('',(-0.707106781186548,0.,-0.707106781186548));
#9591=DIRECTION('',(0.707106781186545,5.41162382358836E-17,0.707106781186551));
#9592=DIRECTION('',(-7.65319180578003E-17,1.,0.));
#9593=DIRECTION('',(-0.707106781186551,0.,0.707106781186545));
#9594=DIRECTION('',(0.,0.,-1.));
#9595=DIRECTION('',(-1.,0.,0.));
#9596=CARTESIAN_POINT('',(0.,0.,0.));
#9597=CARTESIAN_POINT('',(0.104775,-0.0054375,-0.0078));
#9598=CARTESIAN_POINT('',(0.04745,-0.0054375,-0.0078));
#9599=CARTESIAN_POINT('',(0.04745,-0.0054375,-0.00675));
#9600=CARTESIAN_POINT('',(0.04745,-0.0054375,-0.00025));
#9601=CARTESIAN_POINT('',(0.1621,-0.0054375,-0.00025));
#9602=CARTESIAN_POINT('',(0.1621,-0.0054375,-0.00025));
#9603=CARTESIAN_POINT('',(0.1621,-0.0054375,-0.007));
#9604=CARTESIAN_POINT('',(0.1621,-0.0054375,-0.00675));
#9605=CARTESIAN_POINT('',(0.1621,-0.0054375,-0.00675));
#9606=CARTESIAN_POINT('',(0.162311009923567,-0.0054375,-0.00675));
#9607=CARTESIAN_POINT('',(0.162492473705979,-0.0054375,-0.00687586596198329));
#9608=CARTESIAN_POINT('',(0.162659016994375,-0.0054375,-0.007));
#9609=CARTESIAN_POINT('',(0.162659016994375,-0.0054375,-0.007));
#9610=CARTESIAN_POINT('',(0.104775,-0.0054375,-0.007));
#9611=CARTESIAN_POINT('',(0.1655125,-0.0054375,-0.007));
#9612=CARTESIAN_POINT('',(0.1655125,-0.0054375,-0.0078));
#9613=CARTESIAN_POINT('',(0.1655125,-0.0054375,-0.01155));
#9614=CARTESIAN_POINT('',(0.157886447,-0.0054375,-0.01155));
#9615=CARTESIAN_POINT('',(0.157886447,-0.0054375,-0.01155));
#9616=CARTESIAN_POINT('',(0.0515937,-0.0054375,-0.01155));
#9617=CARTESIAN_POINT('',(0.0515937,-0.0054375,-0.01155));
#9618=CARTESIAN_POINT('',(0.0440375,-0.0054375,-0.01155));
#9619=CARTESIAN_POINT('',(0.0440375,-0.0054375,-0.01155));
#9620=CARTESIAN_POINT('',(0.0440375,-0.0054375,-0.007));
#9621=CARTESIAN_POINT('',(0.0440375,-0.0054375,-0.007));
#9622=CARTESIAN_POINT('',(0.104775,-0.0054375,-0.007));
#9623=CARTESIAN_POINT('',(0.0468909830056251,-0.0054375,-0.007));
#9624=CARTESIAN_POINT('',(0.0468909830056251,-0.0054375,-0.007));
#9625=CARTESIAN_POINT('',(0.047057505998723,-0.0054375,-0.00687588108920548));
#9626=CARTESIAN_POINT('',(0.0472389373056534,-0.0054375,-0.00675));
#9627=CARTESIAN_POINT('',(0.04745,-0.0054375,-0.00675));
#9628=CARTESIAN_POINT('',(0.0435375,0.00646875,-0.007));
#9629=CARTESIAN_POINT('',(0.0435375,0.018375,-0.007));
#9630=CARTESIAN_POINT('',(0.0435375,0.018375,-0.00675));
#9631=CARTESIAN_POINT('',(0.0435375,0.018375,-0.00025));
#9632=CARTESIAN_POINT('',(0.0435375,-0.000175,-0.00675));
#9633=CARTESIAN_POINT('',(0.0435375,-0.000175,-0.00675));
#9634=CARTESIAN_POINT('',(0.0435375,-0.000175,-0.007));
#9635=CARTESIAN_POINT('',(0.0435375,-0.000175,-0.00025));
#9636=CARTESIAN_POINT('',(0.0435375,0.00646875,-0.00025));
#9637=CARTESIAN_POINT('',(0.1660125,0.00646875,-0.007));
#9638=CARTESIAN_POINT('',(0.1660125,-0.000175,-0.007));
#9639=CARTESIAN_POINT('',(0.1660125,-0.000175,-0.00025));
#9640=CARTESIAN_POINT('',(0.1660125,-0.000175,-0.00675));
#9641=CARTESIAN_POINT('',(0.1660125,0.00646875,-0.00675));
#9642=CARTESIAN_POINT('',(0.1660125,0.018375,-0.00675));
#9643=CARTESIAN_POINT('',(0.1660125,0.018375,-0.007));
#9644=CARTESIAN_POINT('',(0.1660125,0.018375,-0.00025));
#9645=CARTESIAN_POINT('',(0.1660125,-0.000175,-0.00025));
#9646=CARTESIAN_POINT('',(0.104775,0.04524375,0.));
#9647=CARTESIAN_POINT('',(0.1621,-0.0049375,0.));
#9648=CARTESIAN_POINT('',(0.16285,-0.0049375,0.));
#9649=CARTESIAN_POINT('',(0.1621,-0.0056875,0.));
#9650=CARTESIAN_POINT('',(0.04745,-0.0056875,0.));
#9651=CARTESIAN_POINT('',(0.04745,-0.0056875,0.));
#9652=CARTESIAN_POINT('',(0.04745,-0.0049375,0.));
#9653=CARTESIAN_POINT('',(0.0467,-0.0049375,0.));
#9654=CARTESIAN_POINT('',(0.0467,0.04524375,0.));
#9655=CARTESIAN_POINT('',(0.0467,0.0144625,0.));
#9656=CARTESIAN_POINT('',(0.04745,0.0144625,0.));
#9657=CARTESIAN_POINT('',(0.04745,0.0152125,0.));
#9658=CARTESIAN_POINT('',(0.104775,0.0152125,0.));
#9659=CARTESIAN_POINT('',(0.1621,0.0152125,0.));
#9660=CARTESIAN_POINT('',(0.1621,0.0144625,0.));
#9661=CARTESIAN_POINT('',(0.16285,0.0144625,0.));
#9662=CARTESIAN_POINT('',(0.16285,-0.0049375,0.));
#9663=CARTESIAN_POINT('',(0.1665125,-0.000175,0.));
#9664=CARTESIAN_POINT('',(0.1665125,-0.000925,0.));
#9665=CARTESIAN_POINT('',(0.1657625,-0.000175,0.));
#9666=CARTESIAN_POINT('',(0.1657625,0.018375,0.));
#9667=CARTESIAN_POINT('',(0.1657625,0.018125,0.));
#9668=CARTESIAN_POINT('',(0.0435375,0.018125,0.));
#9669=CARTESIAN_POINT('',(0.0437875,0.018125,0.));
#9670=CARTESIAN_POINT('',(0.0437875,0.04524375,0.));
#9671=CARTESIAN_POINT('',(0.0437875,-0.000175,0.));
#9672=CARTESIAN_POINT('',(0.0430375,-0.000175,0.));
#9673=CARTESIAN_POINT('',(0.0430375,-0.000925,0.));
#9674=CARTESIAN_POINT('',(-0.000175,-0.000925,0.));
#9675=CARTESIAN_POINT('',(-0.000175,-0.000925,0.));
#9676=CARTESIAN_POINT('',(-0.000175,-0.000175,0.));
#9677=CARTESIAN_POINT('',(-0.000925,-0.000175,0.));
#9678=CARTESIAN_POINT('',(-0.000925,0.04524375,0.));
#9679=CARTESIAN_POINT('',(-0.000925,0.076375,0.));
#9680=CARTESIAN_POINT('',(-0.000175,0.076375,0.));
#9681=CARTESIAN_POINT('',(-0.000175,0.077125,0.));
#9682=CARTESIAN_POINT('',(0.104775,0.077125,0.));
#9683=CARTESIAN_POINT('',(0.0086,0.077125,0.));
#9684=CARTESIAN_POINT('',(0.0086,0.04524375,0.));
#9685=CARTESIAN_POINT('',(0.0086,0.095425,0.));
#9686=CARTESIAN_POINT('',(0.00935,0.095425,0.));
#9687=CARTESIAN_POINT('',(0.00935,0.096175,0.));
#9688=CARTESIAN_POINT('',(0.104775,0.096175,0.));
#9689=CARTESIAN_POINT('',(0.124,0.096175,0.));
#9690=CARTESIAN_POINT('',(0.124,0.095425,0.));
#9691=CARTESIAN_POINT('',(0.12475,0.095425,0.));
#9692=CARTESIAN_POINT('',(0.12475,0.076875,0.));
#9693=CARTESIAN_POINT('',(0.12475,0.077125,0.));
#9694=CARTESIAN_POINT('',(0.104775,0.077125,0.));
#9695=CARTESIAN_POINT('',(0.209725,0.077125,0.));
#9696=CARTESIAN_POINT('',(0.209725,0.076375,0.));
#9697=CARTESIAN_POINT('',(0.210475,0.076375,0.));
#9698=CARTESIAN_POINT('',(0.210475,-0.000175,0.));
#9699=CARTESIAN_POINT('',(0.210475,-0.000175,0.));
#9700=CARTESIAN_POINT('',(0.209725,-0.000175,0.));
#9701=CARTESIAN_POINT('',(0.209725,-0.000925,0.));
#9702=CARTESIAN_POINT('',(0.1665125,-0.000925,0.));
#9703=CARTESIAN_POINT('',(0.104775,-0.0104375,0.));
#9704=CARTESIAN_POINT('',(-0.005675,-0.0104375,0.));
#9705=CARTESIAN_POINT('',(0.215225,-0.0104375,0.));
#9706=CARTESIAN_POINT('',(0.215225,0.100925,0.));
#9707=CARTESIAN_POINT('',(0.215225,0.100925,0.));
#9708=CARTESIAN_POINT('',(-0.005675,0.100925,0.));
#9709=CARTESIAN_POINT('',(-0.005675,0.100925,0.));
#9710=CARTESIAN_POINT('',(-0.005675,0.04524375,0.));
#9711=CARTESIAN_POINT('',(0.1698625,0.081875,0.));
#9712=CARTESIAN_POINT('',(0.1295,0.081875,0.));
#9713=CARTESIAN_POINT('',(0.210225,0.081875,0.));
#9714=CARTESIAN_POINT('',(0.1295,0.0889,0.));
#9715=CARTESIAN_POINT('',(0.1295,0.095925,0.));
#9716=CARTESIAN_POINT('',(0.1698625,0.095925,0.));
#9717=CARTESIAN_POINT('',(0.210225,0.095925,0.));
#9718=CARTESIAN_POINT('',(0.210225,0.0889,0.));
#9719=CARTESIAN_POINT('',(0.00885,0.0864,-0.0078));
#9720=CARTESIAN_POINT('',(0.00885,0.082875,-0.011798));
#9721=CARTESIAN_POINT('',(0.00885,0.082875,-0.01155));
#9722=CARTESIAN_POINT('',(0.00885,0.082875,-0.01925));
#9723=CARTESIAN_POINT('',(0.00885,0.0864,-0.01925));
#9724=CARTESIAN_POINT('',(0.00885,0.101425,-0.01925));
#9725=CARTESIAN_POINT('',(0.00885,0.101425,-0.0078));
#9726=CARTESIAN_POINT('',(0.00885,0.101425,-0.0128));
#9727=CARTESIAN_POINT('',(0.00885,0.098925,-0.0128));
#9728=CARTESIAN_POINT('',(0.00885,0.095425,-0.0128));
#9729=CARTESIAN_POINT('',(0.00885,0.095425,0.));
#9730=CARTESIAN_POINT('',(0.00885,0.095425,-0.00025));
#9731=CARTESIAN_POINT('',(0.00885,0.0864,-0.00025));
#9732=CARTESIAN_POINT('',(0.00885,0.076875,-0.00025));
#9733=CARTESIAN_POINT('',(0.00885,0.076875,-0.0078));
#9734=CARTESIAN_POINT('',(0.00885,0.076875,-0.01155));
#9735=CARTESIAN_POINT('',(0.00885,0.0864,-0.01155));
#9736=CARTESIAN_POINT('',(0.104775,0.105925,-0.0078));
#9737=CARTESIAN_POINT('',(-0.005675,0.105925,0.));
#9738=CARTESIAN_POINT('',(-0.005675,0.105925,-0.0310178429271649));
#9739=CARTESIAN_POINT('',(-0.005675,0.105925,-0.005));
#9740=CARTESIAN_POINT('',(0.215225,0.105925,-0.005));
#9741=CARTESIAN_POINT('',(0.215225,0.105925,-0.005));
#9742=CARTESIAN_POINT('',(0.215225,0.105925,-0.0078));
#9743=CARTESIAN_POINT('',(0.215225,0.105925,-0.0310178429271649));
#9744=CARTESIAN_POINT('',(0.220227,0.105925,-0.0310178429271649));
#9745=CARTESIAN_POINT('',(0.104775,0.105925,-0.0226288690544621));
#9746=CARTESIAN_POINT('',(0.107699999865278,0.105925,-0.0226288690544621));
#9747=CARTESIAN_POINT('',(0.101849999865278,0.105925,-0.0226288690544621));
#9748=CARTESIAN_POINT('',(0.107699999865278,0.105925,-0.0189147356555518));
#9749=CARTESIAN_POINT('',(0.110652085047132,0.105925,-0.016675701370078));
#9750=CARTESIAN_POINT('',(0.104775,0.105925,-0.016675701370078));
#9751=CARTESIAN_POINT('',(0.0988979146834234,0.105925,-0.016675701370078));
#9752=CARTESIAN_POINT('',(0.101849999865278,0.105925,-0.0189147356555518));
#9753=CARTESIAN_POINT('',(0.104775,0.104925215320798,-0.0194980076106038));
#9754=CARTESIAN_POINT('',(-0.005675,0.104925215320798,-0.0194980076106038));
#9755=CARTESIAN_POINT('',(-0.005675,0.104925041009312,-0.0195));
#9756=CARTESIAN_POINT('',(-0.005675,0.103954399539503,-0.0305944827671468));
#9757=CARTESIAN_POINT('',(0.215225,0.103954399539503,-0.0305944827671467));
#9758=CARTESIAN_POINT('',(0.215225,0.103954399539503,-0.0305944827671467));
#9759=CARTESIAN_POINT('',(0.215225,0.104925215320798,-0.0194980076106038));
#9760=CARTESIAN_POINT('',(0.215225,0.104925041009312,-0.0195));
#9761=CARTESIAN_POINT('',(0.104775,0.104925041009312,-0.0195));
#9762=CARTESIAN_POINT('',(0.114101413130252,0.104925021564445,-0.0195002222558513));
#9763=CARTESIAN_POINT('',(0.114101254351149,0.104925003556447,-0.0195004280882138));
#9764=CARTESIAN_POINT('',(0.113929411289509,0.104936512936197,-0.0193688752756951));
#9765=CARTESIAN_POINT('',(0.113743353498566,0.104949245773592,-0.0192233382783103));
#9766=CARTESIAN_POINT('',(0.113524975925186,0.104948901844487,-0.0192272694059625));
#9767=CARTESIAN_POINT('',(0.113524991934585,0.104949274803323,-0.0192281913717247));
#9768=CARTESIAN_POINT('',(0.113524999865278,0.104925215320798,-0.0194980076106038));
#9769=CARTESIAN_POINT('',(0.113524999865278,0.105096205766639,-0.0175435778713738));
#9770=CARTESIAN_POINT('',(0.111024999865278,0.105096205766639,-0.0175435778713738));
#9771=CARTESIAN_POINT('',(0.111024999865278,0.105314927425453,-0.0150435778713739));
#9772=CARTESIAN_POINT('',(0.104775,0.105314927425453,-0.0150435778713738));
#9773=CARTESIAN_POINT('',(0.0985249998652776,0.105314927425453,-0.0150435778713739));
#9774=CARTESIAN_POINT('',(0.0985249998652776,0.105096205766639,-0.0175435778713738));
#9775=CARTESIAN_POINT('',(0.0960249998652776,0.105096205766639,-0.0175435778713738));
#9776=CARTESIAN_POINT('',(0.0960249998652776,0.104925215320798,-0.0194980076106038));
#9777=CARTESIAN_POINT('',(0.096025015270527,0.104948860646859,-0.0192277402970048));
#9778=CARTESIAN_POINT('',(0.096025023812169,0.104948901844477,-0.0192272694060848));
#9779=CARTESIAN_POINT('',(0.0958057822010579,0.10494924713469,-0.0192233227208887));
#9780=CARTESIAN_POINT('',(0.0956209197099644,0.10493653512331,-0.0193686216758335));
#9781=CARTESIAN_POINT('',(0.0954487453781731,0.104925003556364,-0.0195004280891573));
#9782=CARTESIAN_POINT('',(0.0954484492745042,0.104924531509062,-0.0195));
#9783=CARTESIAN_POINT('',(0.104775,0.104925041009312,-0.0195));
#9784=CARTESIAN_POINT('',(0.107699999865278,0.104983451864728,-0.0188323608675515));
#9785=CARTESIAN_POINT('',(0.107699999865278,0.104835287102057,-0.0205258918543074));
#9786=CARTESIAN_POINT('',(0.107699999865278,0.105131616627399,-0.0171388298807955));
#9787=CARTESIAN_POINT('',(0.104774999865278,0.104835287102057,-0.0205258918543074));
#9788=CARTESIAN_POINT('',(0.101849999865277,0.104835287102057,-0.0205258918543074));
#9789=CARTESIAN_POINT('',(0.101849999865277,0.104983451864728,-0.0188323608675515));
#9790=CARTESIAN_POINT('',(0.101849999865277,0.105131616627399,-0.0171388298807955));
#9791=CARTESIAN_POINT('',(0.104774999865278,0.105131616627399,-0.0171388298807955));
#9792=CARTESIAN_POINT('',(0.066675,0.101925,-0.012798));
#9793=CARTESIAN_POINT('',(0.114024999865278,0.101925,-0.0185));
#9794=CARTESIAN_POINT('',(0.114024999865278,0.101925,-0.01925));
#9795=CARTESIAN_POINT('',(0.114024999865278,0.101925,-0.0175));
#9796=CARTESIAN_POINT('',(0.124,0.101925,-0.01925));
#9797=CARTESIAN_POINT('',(0.124,0.101925,-0.01925));
#9798=CARTESIAN_POINT('',(0.124,0.101925,-0.0118));
#9799=CARTESIAN_POINT('',(0.124,0.101925,-0.0118));
#9800=CARTESIAN_POINT('',(0.066675,0.101925,-0.0118));
#9801=CARTESIAN_POINT('',(0.0692780810000001,0.101925,-0.0118));
#9802=CARTESIAN_POINT('',(0.0692780810000001,0.101925,-0.0128));
#9803=CARTESIAN_POINT('',(0.0692780810000001,0.101925,-0.0128));
#9804=CARTESIAN_POINT('',(0.066675,0.101925,-0.0128));
#9805=CARTESIAN_POINT('',(0.062484319,0.101925,-0.0128));
#9806=CARTESIAN_POINT('',(0.062484319,0.101925,-0.0118));
#9807=CARTESIAN_POINT('',(0.062484319,0.101925,-0.0118));
#9808=CARTESIAN_POINT('',(0.066675,0.101925,-0.0118));
#9809=CARTESIAN_POINT('',(0.0216530810000001,0.101925,-0.0118));
#9810=CARTESIAN_POINT('',(0.0216530810000001,0.101925,-0.012798));
#9811=CARTESIAN_POINT('',(0.0216530810000001,0.101925,-0.0128));
#9812=CARTESIAN_POINT('',(0.066675,0.101925,-0.0128));
#9813=CARTESIAN_POINT('',(0.00935,0.101925,-0.0128));
#9814=CARTESIAN_POINT('',(0.00935,0.101925,-0.012798));
#9815=CARTESIAN_POINT('',(0.00935,0.101925,-0.01925));
#9816=CARTESIAN_POINT('',(0.0955249998652776,0.101925,-0.01925));
#9817=CARTESIAN_POINT('',(0.0955249998652776,0.101925,-0.01925));
#9818=CARTESIAN_POINT('',(0.0955249998652776,0.101925,-0.0185));
#9819=CARTESIAN_POINT('',(0.0955249998652776,0.101925,-0.0175));
#9820=CARTESIAN_POINT('',(0.0985249998652776,0.101925,-0.0175));
#9821=CARTESIAN_POINT('',(0.0985249998652776,0.101925,-0.0145));
#9822=CARTESIAN_POINT('',(0.104774999865278,0.101925,-0.0145));
#9823=CARTESIAN_POINT('',(0.111024999865278,0.101925,-0.0145));
#9824=CARTESIAN_POINT('',(0.111024999865278,0.101925,-0.0175));
#9825=CARTESIAN_POINT('',(0.104775,-0.00605625,-0.0195));
#9826=CARTESIAN_POINT('',(0.2161,-0.00605625,-0.0195));
#9827=CARTESIAN_POINT('',(0.2161,0.0372869602407862,-0.0195));
#9828=CARTESIAN_POINT('',(0.2161,0.0542869602407863,-0.0195));
#9829=CARTESIAN_POINT('',(0.21435,0.0542869602407863,-0.0195));
#9830=CARTESIAN_POINT('',(0.2126,0.0542869602407863,-0.0195));
#9831=CARTESIAN_POINT('',(0.2126,0.0372869602407862,-0.0195));
#9832=CARTESIAN_POINT('',(0.2126,0.0372869602407862,-0.0195));
#9833=CARTESIAN_POINT('',(0.21435,0.0372869602407862,-0.0195));
#9834=CARTESIAN_POINT('',(-0.00305,-0.00605625,-0.0195));
#9835=CARTESIAN_POINT('',(-0.00305,0.0372869602407863,-0.0195));
#9836=CARTESIAN_POINT('',(-0.00305,0.0542869602407863,-0.0195));
#9837=CARTESIAN_POINT('',(-0.0048,0.0542869602407863,-0.0195));
#9838=CARTESIAN_POINT('',(-0.00655,0.0542869602407863,-0.0195));
#9839=CARTESIAN_POINT('',(-0.00655,0.0372869602407863,-0.0195));
#9840=CARTESIAN_POINT('',(-0.00655,0.0372869602407863,-0.0195));
#9841=CARTESIAN_POINT('',(-0.0048,0.0372869602407863,-0.0195));
#9842=CARTESIAN_POINT('',(0.114274999865278,0.104423131090541,-0.0195));
#9843=CARTESIAN_POINT('',(0.114274999865278,0.102175,-0.0195));
#9844=CARTESIAN_POINT('',(0.114274999865278,0.104445003256422,-0.0195));
#9845=CARTESIAN_POINT('',(0.114274999865278,0.104445003256422,-0.0195));
#9846=CARTESIAN_POINT('',(0.114280046988204,0.104620344093071,-0.0195));
#9847=CARTESIAN_POINT('',(0.114222230518462,0.104780017010534,-0.0195));
#9848=CARTESIAN_POINT('',(0.114101550456051,0.104924022008812,-0.0195));
#9849=CARTESIAN_POINT('',(0.218225,0.101894409353171,-0.0195));
#9850=CARTESIAN_POINT('',(0.218225,0.102690746870072,-0.0195));
#9851=CARTESIAN_POINT('',(0.217581638200736,0.104254412201864,-0.0195));
#9852=CARTESIAN_POINT('',(0.216021563495816,0.104925041009312,-0.0195));
#9853=CARTESIAN_POINT('',(0.215225,0.104925041009312,-0.0195));
#9854=CARTESIAN_POINT('',(0.218225,0.101894409353171,-0.0195));
#9855=CARTESIAN_POINT('',(0.218225,0.0462363547169815,-0.0195));
#9856=CARTESIAN_POINT('',(0.218225,-0.0103204888715989,-0.0195));
#9857=CARTESIAN_POINT('',(0.215225,-0.0133511205277399,-0.0195));
#9858=CARTESIAN_POINT('',(0.216021425071591,-0.0133511205277399,-0.0195));
#9859=CARTESIAN_POINT('',(0.217578684164269,-0.0126836347325716,-0.0195));
#9860=CARTESIAN_POINT('',(0.218225,-0.0111166797619846,-0.0195));
#9861=CARTESIAN_POINT('',(0.218225,-0.0103204888715989,-0.0195));
#9862=CARTESIAN_POINT('',(0.215225,-0.0133511205277399,-0.0195));
#9863=CARTESIAN_POINT('',(0.104775,-0.0133511205277399,-0.0195));
#9864=CARTESIAN_POINT('',(-0.005675,-0.0133511205277399,-0.0195));
#9865=CARTESIAN_POINT('',(-0.008675,-0.0103204888715988,-0.0195));
#9866=CARTESIAN_POINT('',(-0.008675,-0.011116826388499,-0.0195));
#9867=CARTESIAN_POINT('',(-0.0080316382007365,-0.0126804917202912,-0.0195));
#9868=CARTESIAN_POINT('',(-0.00647156349581568,-0.0133511205277403,-0.0195));
#9869=CARTESIAN_POINT('',(-0.005675,-0.0133511205277399,-0.0195));
#9870=CARTESIAN_POINT('',(-0.008675,-0.0103204888715988,-0.0195));
#9871=CARTESIAN_POINT('',(-0.008675,0.0462363547169815,-0.0195));
#9872=CARTESIAN_POINT('',(-0.008675,0.101894409353171,-0.0195));
#9873=CARTESIAN_POINT('',(-0.005675,0.104925041009312,-0.0195));
#9874=CARTESIAN_POINT('',(-0.00647142507159107,0.104925041009312,-0.0195));
#9875=CARTESIAN_POINT('',(-0.00802868416426903,0.104257555214144,-0.0195));
#9876=CARTESIAN_POINT('',(-0.008675,0.102690600243557,-0.0195));
#9877=CARTESIAN_POINT('',(-0.008675,0.101894409353171,-0.0195));
#9878=CARTESIAN_POINT('',(0.0954484492745042,0.104924022008812,-0.0195));
#9879=CARTESIAN_POINT('',(0.0953277692120933,0.104780017010534,-0.0195));
#9880=CARTESIAN_POINT('',(0.0952699527423511,0.104620344093071,-0.0195));
#9881=CARTESIAN_POINT('',(0.0952749998652775,0.104445003256422,-0.0195));
#9882=CARTESIAN_POINT('',(0.0952749998652776,0.104445003256422,-0.0195));
#9883=CARTESIAN_POINT('',(0.0952749998652776,0.101925,-0.0195));
#9884=CARTESIAN_POINT('',(0.0952749998652776,0.102175,-0.0195));
#9885=CARTESIAN_POINT('',(0.00935,0.102175,-0.0195));
#9886=CARTESIAN_POINT('',(0.00935,0.102175,-0.0195));
#9887=CARTESIAN_POINT('',(0.00935,0.101425,-0.0195));
#9888=CARTESIAN_POINT('',(0.0086,0.101425,-0.0195));
#9889=CARTESIAN_POINT('',(0.0086,-0.00605625,-0.0195));
#9890=CARTESIAN_POINT('',(0.0086,0.083125,-0.0195));
#9891=CARTESIAN_POINT('',(-0.000175,0.083125,-0.0195));
#9892=CARTESIAN_POINT('',(-0.000175,0.083125,-0.0195));
#9893=CARTESIAN_POINT('',(-0.000175,0.082375,-0.0195));
#9894=CARTESIAN_POINT('',(-0.000925,0.082375,-0.0195));
#9895=CARTESIAN_POINT('',(-0.000925,-0.00605625,-0.0195));
#9896=CARTESIAN_POINT('',(-0.000925,-0.006175,-0.0195));
#9897=CARTESIAN_POINT('',(-0.000175,-0.006175,-0.0195));
#9898=CARTESIAN_POINT('',(-0.000175,-0.006925,-0.0195));
#9899=CARTESIAN_POINT('',(0.104775,-0.006925,-0.0195));
#9900=CARTESIAN_POINT('',(0.0419375,-0.006925,-0.0195));
#9901=CARTESIAN_POINT('',(0.0419375,-0.00605625,-0.0195));
#9902=CARTESIAN_POINT('',(0.0419375,-0.0109375,-0.0195));
#9903=CARTESIAN_POINT('',(0.0426875,-0.0109375,-0.0195));
#9904=CARTESIAN_POINT('',(0.0426875,-0.0116875,-0.0195));
#9905=CARTESIAN_POINT('',(0.104775,-0.0116875,-0.0195));
#9906=CARTESIAN_POINT('',(0.1668625,-0.0116875,-0.0195));
#9907=CARTESIAN_POINT('',(0.1668625,-0.0109375,-0.0195));
#9908=CARTESIAN_POINT('',(0.1676125,-0.0109375,-0.0195));
#9909=CARTESIAN_POINT('',(0.1676125,-0.006675,-0.0195));
#9910=CARTESIAN_POINT('',(0.1676125,-0.006925,-0.0195));
#9911=CARTESIAN_POINT('',(0.209725,-0.006925,-0.0195));
#9912=CARTESIAN_POINT('',(0.209725,-0.006925,-0.0195));
#9913=CARTESIAN_POINT('',(0.209725,-0.006175,-0.0195));
#9914=CARTESIAN_POINT('',(0.210475,-0.006175,-0.0195));
#9915=CARTESIAN_POINT('',(0.210475,0.082375,-0.0195));
#9916=CARTESIAN_POINT('',(0.210475,0.082375,-0.0195));
#9917=CARTESIAN_POINT('',(0.209725,0.082375,-0.0195));
#9918=CARTESIAN_POINT('',(0.209725,0.083125,-0.0195));
#9919=CARTESIAN_POINT('',(0.104775,0.083125,-0.0195));
#9920=CARTESIAN_POINT('',(0.12475,0.083125,-0.0195));
#9921=CARTESIAN_POINT('',(0.12475,0.101425,-0.0195));
#9922=CARTESIAN_POINT('',(0.12475,0.101425,-0.0195));
#9923=CARTESIAN_POINT('',(0.124,0.101425,-0.0195));
#9924=CARTESIAN_POINT('',(0.124,0.102175,-0.0195));
#9925=CARTESIAN_POINT('',(0.114024999865278,0.102175,-0.0195));
#9926=CARTESIAN_POINT('',(-0.004675,0.100925041009312,-0.0195));
#9927=CARTESIAN_POINT('',(-0.006125,0.100925041009312,-0.0195));
#9928=CARTESIAN_POINT('',(0.214225,0.100925041009312,-0.0195));
#9929=CARTESIAN_POINT('',(0.212775,0.100925041009312,-0.0195));
#9930=CARTESIAN_POINT('',(0.214225,-0.00935112052773995,-0.0195));
#9931=CARTESIAN_POINT('',(0.212775,-0.00935112052773995,-0.0195));
#9932=CARTESIAN_POINT('',(0.1713625,-0.00935112052773995,-0.0195));
#9933=CARTESIAN_POINT('',(0.1699125,-0.00935112052773995,-0.0195));
#9934=CARTESIAN_POINT('',(0.0381875,-0.00935112052773995,-0.0195));
#9935=CARTESIAN_POINT('',(0.0367375,-0.00935112052773995,-0.0195));
#9936=CARTESIAN_POINT('',(0.1285,0.100925041009312,-0.0195));
#9937=CARTESIAN_POINT('',(0.12705,0.100925041009312,-0.0195));
#9938=CARTESIAN_POINT('',(-0.004675,-0.00935112052773995,-0.0195));
#9939=CARTESIAN_POINT('',(-0.006125,-0.00935112052773995,-0.0195));
#9940=CARTESIAN_POINT('',(0.1673625,0.076875,-0.0078));
#9941=CARTESIAN_POINT('',(0.209725,0.076875,-0.0078));
#9942=CARTESIAN_POINT('',(0.209725,0.076875,-0.0128));
#9943=CARTESIAN_POINT('',(0.209725,0.076875,-0.00025));
#9944=CARTESIAN_POINT('',(0.1673625,0.076875,-0.00025));
#9945=CARTESIAN_POINT('',(0.1245,0.076875,-0.00025));
#9946=CARTESIAN_POINT('',(0.1245,0.076875,-0.0078));
#9947=CARTESIAN_POINT('',(0.1245,0.076875,-0.01155));
#9948=CARTESIAN_POINT('',(0.1673625,0.076875,-0.01155));
#9949=CARTESIAN_POINT('',(0.1531938,0.076875,-0.01155));
#9950=CARTESIAN_POINT('',(0.1673625,0.076875,-0.01155));
#9951=CARTESIAN_POINT('',(0.2008188,0.076875,-0.01155));
#9952=CARTESIAN_POINT('',(0.2008188,0.076875,-0.0118));
#9953=CARTESIAN_POINT('',(0.2008188,0.076875,-0.0128));
#9954=CARTESIAN_POINT('',(0.1673625,0.076875,-0.0128));
#9955=CARTESIAN_POINT('',(0.104775,0.04524375,-0.0128));
#9956=CARTESIAN_POINT('',(0.2008188,0.0797718780000001,-0.0128));
#9957=CARTESIAN_POINT('',(0.1992938,0.0797718780000001,-0.0128));
#9958=CARTESIAN_POINT('',(0.1673625,0.082875,-0.0128));
#9959=CARTESIAN_POINT('',(0.209725,0.082875,-0.0128));
#9960=CARTESIAN_POINT('',(0.197421922,0.082875,-0.0128));
#9961=CARTESIAN_POINT('',(0.209725,0.082375,-0.0128));
#9962=CARTESIAN_POINT('',(0.210225,0.082375,-0.0128));
#9963=CARTESIAN_POINT('',(0.210225,0.079875,-0.0128));
#9964=CARTESIAN_POINT('',(0.210225,0.076375,-0.0128));
#9965=CARTESIAN_POINT('',(0.209725,0.076375,-0.0128));
#9966=CARTESIAN_POINT('',(0.2008188,0.0797718780000001,-0.0128));
#9967=CARTESIAN_POINT('',(0.197921922,0.0797718780000001,-0.0128));
#9968=CARTESIAN_POINT('',(0.197921922,0.0813234390000001,-0.0128));
#9969=CARTESIAN_POINT('',(0.197921922,0.082375,-0.0128));
#9970=CARTESIAN_POINT('',(0.197421922,0.082375,-0.0128));
#9971=CARTESIAN_POINT('',(0.1245,0.0864,-0.0078));
#9972=CARTESIAN_POINT('',(0.1245,0.101425,-0.0195));
#9973=CARTESIAN_POINT('',(0.1245,0.101425,-0.0118));
#9974=CARTESIAN_POINT('',(0.1245,0.101425,-0.01925));
#9975=CARTESIAN_POINT('',(0.1245,0.082875,-0.01925));
#9976=CARTESIAN_POINT('',(0.1245,0.082875,-0.01925));
#9977=CARTESIAN_POINT('',(0.1245,0.082875,-0.012798));
#9978=CARTESIAN_POINT('',(0.1245,0.082875,-0.01155));
#9979=CARTESIAN_POINT('',(0.1245,0.076875,-0.01155));
#9980=CARTESIAN_POINT('',(0.1245,0.095425,-0.00025));
#9981=CARTESIAN_POINT('',(0.1245,0.095425,-0.00025));
#9982=CARTESIAN_POINT('',(0.1245,0.095425,-0.0078));
#9983=CARTESIAN_POINT('',(0.1245,0.095425,-0.01155));
#9984=CARTESIAN_POINT('',(0.1245,0.095425,-0.01155));
#9985=CARTESIAN_POINT('',(0.1245,0.0956360099235667,-0.01155));
#9986=CARTESIAN_POINT('',(0.1245,0.0958174737059789,-0.0116758659619833));
#9987=CARTESIAN_POINT('',(0.1245,0.095984016994375,-0.0118));
#9988=CARTESIAN_POINT('',(0.1245,0.095984016994375,-0.0118));
#9989=CARTESIAN_POINT('',(0.1245,0.098925,-0.0118));
#9990=CARTESIAN_POINT('',(0.066675,0.095925,-0.0078));
#9991=CARTESIAN_POINT('',(0.124,0.095925,-0.0078));
#9992=CARTESIAN_POINT('',(0.124,0.095925,-0.01155));
#9993=CARTESIAN_POINT('',(0.124,0.095925,-0.00025));
#9994=CARTESIAN_POINT('',(0.066675,0.095925,-0.00025));
#9995=CARTESIAN_POINT('',(0.00935,0.095925,-0.00025));
#9996=CARTESIAN_POINT('',(0.00935,0.095925,-0.0128));
#9997=CARTESIAN_POINT('',(0.00935,0.095925,-0.0128));
#9998=CARTESIAN_POINT('',(0.066675,0.095925,-0.0128));
#9999=CARTESIAN_POINT('',(0.0182562,0.095925,-0.0128));
#10000=CARTESIAN_POINT('',(0.0182562,0.095925,-0.0118));
#10001=CARTESIAN_POINT('',(0.0182562,0.095925,-0.01155));
#10002=CARTESIAN_POINT('',(0.066675,0.095925,-0.01155));
#10003=CARTESIAN_POINT('',(0.0658812,0.095925,-0.01155));
#10004=CARTESIAN_POINT('',(0.066675,0.095925,-0.01155));
#10005=CARTESIAN_POINT('',(0.104775,0.04524375,-0.0128));
#10006=CARTESIAN_POINT('',(0.0658812,0.0988218810000001,-0.0128));
#10007=CARTESIAN_POINT('',(0.0643562,0.0988218810000001,-0.0128));
#10008=CARTESIAN_POINT('',(0.062984319,0.1003734405,-0.0128));
#10009=CARTESIAN_POINT('',(0.062984319,0.101425,-0.0128));
#10010=CARTESIAN_POINT('',(0.062984319,0.0988218810000001,-0.0128));
#10011=CARTESIAN_POINT('',(0.062484319,0.101425,-0.0128));
#10012=CARTESIAN_POINT('',(0.0692780810000001,0.101425,-0.0128));
#10013=CARTESIAN_POINT('',(0.0687780810000001,0.101425,-0.0128));
#10014=CARTESIAN_POINT('',(0.0687780810000001,0.1003734405,-0.0128));
#10015=CARTESIAN_POINT('',(0.0687780810000001,0.0988218810000001,-0.0128));
#10016=CARTESIAN_POINT('',(0.0658812,0.0988218810000001,-0.0128));
#10017=CARTESIAN_POINT('',(0.104775,0.04524375,-0.0128));
#10018=CARTESIAN_POINT('',(0.00396870000000005,-0.00357187799999993,-0.0128));
#10019=CARTESIAN_POINT('',(0.00244370000000005,-0.00357187799999993,-0.0128));
#10020=CARTESIAN_POINT('',(0.02075625,-0.006675,-0.0128));
#10021=CARTESIAN_POINT('',(-0.000175,-0.006675,-0.0128));
#10022=CARTESIAN_POINT('',(0.007365578,-0.006675,-0.0128));
#10023=CARTESIAN_POINT('',(-0.000175,-0.006175,-0.0128));
#10024=CARTESIAN_POINT('',(-0.000675,-0.006175,-0.0128));
#10025=CARTESIAN_POINT('',(-0.000675,-0.003675,-0.0128));
#10026=CARTESIAN_POINT('',(-0.000675,-0.000175,-0.0128));
#10027=CARTESIAN_POINT('',(-0.000175,-0.000175,-0.0128));
#10028=CARTESIAN_POINT('',(-0.000175,-0.000675,-0.0128));
#10029=CARTESIAN_POINT('',(0.02075625,-0.000675,-0.0128));
#10030=CARTESIAN_POINT('',(0.00396870000000005,-0.000675,-0.0128));
#10031=CARTESIAN_POINT('',(0.00396870000000005,-0.00357187799999993,-0.0128));
#10032=CARTESIAN_POINT('',(0.006865578,-0.00357187799999993,-0.0128));
#10033=CARTESIAN_POINT('',(0.006865578,-0.005123439,-0.0128));
#10034=CARTESIAN_POINT('',(0.006865578,-0.006175,-0.0128));
#10035=CARTESIAN_POINT('',(0.007365578,-0.006175,-0.0128));
#10036=CARTESIAN_POINT('',(0.18879375,-0.000675,-0.0078));
#10037=CARTESIAN_POINT('',(0.1665125,-0.000675,0.));
#10038=CARTESIAN_POINT('',(0.1665125,-0.000675,-0.00675));
#10039=CARTESIAN_POINT('',(0.1665125,-0.000675,-0.00025));
#10040=CARTESIAN_POINT('',(0.209725,-0.000675,-0.00025));
#10041=CARTESIAN_POINT('',(0.209725,-0.000675,-0.00025));
#10042=CARTESIAN_POINT('',(0.209725,-0.000675,-0.0128));
#10043=CARTESIAN_POINT('',(0.209725,-0.000675,-0.0128));
#10044=CARTESIAN_POINT('',(0.18879375,-0.000675,-0.0128));
#10045=CARTESIAN_POINT('',(0.2055813,-0.000675,-0.0128));
#10046=CARTESIAN_POINT('',(0.2055813,-0.000675,-0.0118));
#10047=CARTESIAN_POINT('',(0.2055813,-0.000675,-0.01155));
#10048=CARTESIAN_POINT('',(0.1660125,-0.000675,-0.01155));
#10049=CARTESIAN_POINT('',(0.1660125,-0.000675,-0.01155));
#10050=CARTESIAN_POINT('',(0.1660125,-0.000675,-0.011802));
#10051=CARTESIAN_POINT('',(0.1660125,-0.000675,-0.00695710678118655));
#10052=CARTESIAN_POINT('',(0.1660125,-0.000675,-0.00695710678118655));
#10053=CARTESIAN_POINT('',(0.166162214902188,-0.000675,-0.00685124235860492));
#10054=CARTESIAN_POINT('',(0.166325820705491,-0.000675,-0.00675));
#10055=CARTESIAN_POINT('',(0.1665125,-0.000675,-0.00675));
#10056=CARTESIAN_POINT('',(0.104775,0.04524375,-0.0128));
#10057=CARTESIAN_POINT('',(0.157886447,-0.008334381,-0.0128));
#10058=CARTESIAN_POINT('',(0.156361447,-0.008334381,-0.0128));
#10059=CARTESIAN_POINT('',(0.160783328,-0.00988594049999997,-0.0128));
#10060=CARTESIAN_POINT('',(0.160783328,-0.0109375,-0.0128));
#10061=CARTESIAN_POINT('',(0.160783328,-0.008334381,-0.0128));
#10062=CARTESIAN_POINT('',(0.161283328,-0.0109375,-0.0128));
#10063=CARTESIAN_POINT('',(0.161283328,-0.0114375,-0.0128));
#10064=CARTESIAN_POINT('',(0.104775,-0.0114375,-0.0128));
#10065=CARTESIAN_POINT('',(0.154489566,-0.0114375,-0.0128));
#10066=CARTESIAN_POINT('',(0.154489566,-0.0109375,-0.0128));
#10067=CARTESIAN_POINT('',(0.154989566,-0.0109375,-0.0128));
#10068=CARTESIAN_POINT('',(0.154989566,-0.00988594049999997,-0.0128));
#10069=CARTESIAN_POINT('',(0.154989566,-0.008334381,-0.0128));
#10070=CARTESIAN_POINT('',(0.157886447,-0.008334381,-0.0128));
#10071=CARTESIAN_POINT('',(0.104775,0.04524375,-0.0128));
#10072=CARTESIAN_POINT('',(0.0486968220000001,-0.009885939,-0.0128));
#10073=CARTESIAN_POINT('',(0.0486968220000001,-0.008334378,-0.0128));
#10074=CARTESIAN_POINT('',(0.0486968220000001,-0.0109375,-0.0128));
#10075=CARTESIAN_POINT('',(0.0515937,-0.008334378,-0.0128));
#10076=CARTESIAN_POINT('',(0.054490578,-0.008334378,-0.0128));
#10077=CARTESIAN_POINT('',(0.054490578,-0.009885939,-0.0128));
#10078=CARTESIAN_POINT('',(0.054490578,-0.0109375,-0.0128));
#10079=CARTESIAN_POINT('',(0.054990578,-0.0109375,-0.0128));
#10080=CARTESIAN_POINT('',(0.054990578,-0.0114375,-0.0128));
#10081=CARTESIAN_POINT('',(0.104775,-0.0114375,-0.0128));
#10082=CARTESIAN_POINT('',(0.0481968220000001,-0.0114375,-0.0128));
#10083=CARTESIAN_POINT('',(0.0481968220000001,-0.0109375,-0.0128));
#10084=CARTESIAN_POINT('',(0.0515937,-0.008334378,-0.0128));
#10085=CARTESIAN_POINT('',(0.0500687,-0.008334378,-0.0128));
#10086=CARTESIAN_POINT('',(-0.000675,0.0381,-0.0078));
#10087=CARTESIAN_POINT('',(-0.000675,-0.006175,-0.0195));
#10088=CARTESIAN_POINT('',(-0.000675,-0.006175,-0.01925));
#10089=CARTESIAN_POINT('',(-0.000675,0.0381,-0.01925));
#10090=CARTESIAN_POINT('',(-0.000675,0.082375,-0.01925));
#10091=CARTESIAN_POINT('',(-0.000675,0.082375,-0.0078));
#10092=CARTESIAN_POINT('',(-0.000675000000000009,0.082375,-0.0118));
#10093=CARTESIAN_POINT('',(-0.000675000000000009,0.079875,-0.0118));
#10094=CARTESIAN_POINT('',(-0.000675000000000009,0.0769340169943749,-0.0118));
#10095=CARTESIAN_POINT('',(-0.00067500000000001,0.0769340169943749,-0.0118));
#10096=CARTESIAN_POINT('',(-0.00067500000000001,0.076767494001277,-0.0116758810892055));
#10097=CARTESIAN_POINT('',(-0.000675,0.0765860626943466,-0.01155));
#10098=CARTESIAN_POINT('',(-0.000675,0.076375,-0.01155));
#10099=CARTESIAN_POINT('',(-0.000675,0.076375,-0.01155));
#10100=CARTESIAN_POINT('',(-0.000675,0.076375,0.));
#10101=CARTESIAN_POINT('',(-0.000675,0.076375,-0.00025));
#10102=CARTESIAN_POINT('',(-0.000675,0.0381,-0.00025));
#10103=CARTESIAN_POINT('',(-0.000675,-0.000175,-0.00025));
#10104=CARTESIAN_POINT('',(-0.000675,-0.000175,-0.0078));
#10105=CARTESIAN_POINT('',(0.0040875,0.076875,-0.0078));
#10106=CARTESIAN_POINT('',(0.0040875,0.076875,-0.00025));
#10107=CARTESIAN_POINT('',(-0.000175,0.076875,-0.00025));
#10108=CARTESIAN_POINT('',(-0.000175,0.076875,-0.0118));
#10109=CARTESIAN_POINT('',(-0.000175,0.076875,-0.01155));
#10110=CARTESIAN_POINT('',(0.0040875,0.076875,-0.01155));
#10111=CARTESIAN_POINT('',(0.210225,0.0381,-0.0078));
#10112=CARTESIAN_POINT('',(0.210225,0.082375,-0.0078));
#10113=CARTESIAN_POINT('',(0.210225,0.082375,-0.01925));
#10114=CARTESIAN_POINT('',(0.210225,-0.006175,-0.01925));
#10115=CARTESIAN_POINT('',(0.210225,-0.006175,-0.01925));
#10116=CARTESIAN_POINT('',(0.210225,-0.006175,-0.0128));
#10117=CARTESIAN_POINT('',(0.210225,-0.006175,-0.0128));
#10118=CARTESIAN_POINT('',(0.210225,-0.003675,-0.0128));
#10119=CARTESIAN_POINT('',(0.210225,-0.000175,-0.0128));
#10120=CARTESIAN_POINT('',(0.210225,-0.000175,0.));
#10121=CARTESIAN_POINT('',(0.210225,-0.000175,-0.00025));
#10122=CARTESIAN_POINT('',(0.210225,0.076375,-0.00025));
#10123=CARTESIAN_POINT('',(0.210225,0.076375,-0.00025));
#10124=CARTESIAN_POINT('',(0.210225,0.076375,-0.0078));
#10125=CARTESIAN_POINT('',(0.02075625,-0.006675,-0.012798));
#10126=CARTESIAN_POINT('',(0.0421875,-0.006675,-0.012798));
#10127=CARTESIAN_POINT('',(0.0421875,-0.006675,-0.0118));
#10128=CARTESIAN_POINT('',(0.0421875,-0.006675,-0.01925));
#10129=CARTESIAN_POINT('',(0.02075625,-0.006675,-0.01925));
#10130=CARTESIAN_POINT('',(-0.000175,-0.006675,-0.01925));
#10131=CARTESIAN_POINT('',(-0.000175,-0.006675,-0.0128));
#10132=CARTESIAN_POINT('',(0.007365578,-0.006675,-0.012798));
#10133=CARTESIAN_POINT('',(0.007365578,-0.006675,-0.0118));
#10134=CARTESIAN_POINT('',(0.02075625,-0.006675,-0.0118));
#10135=CARTESIAN_POINT('',(0.18879375,-0.006675,-0.012798));
#10136=CARTESIAN_POINT('',(0.209725,-0.006675,-0.0195));
#10137=CARTESIAN_POINT('',(0.209725,-0.006675,-0.0128));
#10138=CARTESIAN_POINT('',(0.209725,-0.006675,-0.01925));
#10139=CARTESIAN_POINT('',(0.1673625,-0.006675,-0.01925));
#10140=CARTESIAN_POINT('',(0.1673625,-0.006675,-0.01925));
#10141=CARTESIAN_POINT('',(0.1673625,-0.006675,-0.012798));
#10142=CARTESIAN_POINT('',(0.1673625,-0.006675,-0.0118));
#10143=CARTESIAN_POINT('',(0.18879375,-0.006675,-0.0118));
#10144=CARTESIAN_POINT('',(0.202184419,-0.006675,-0.0118));
#10145=CARTESIAN_POINT('',(0.202184419,-0.006675,-0.0128));
#10146=CARTESIAN_POINT('',(0.202184419,-0.006675,-0.0128));
#10147=CARTESIAN_POINT('',(0.18879375,-0.006675,-0.0128));
#10148=CARTESIAN_POINT('',(0.1673625,-0.00905625,-0.012798));
#10149=CARTESIAN_POINT('',(0.1673625,-0.0109375,-0.01925));
#10150=CARTESIAN_POINT('',(0.1673625,-0.0109375,-0.01925));
#10151=CARTESIAN_POINT('',(0.1673625,-0.0109375,-0.012798));
#10152=CARTESIAN_POINT('',(0.1673625,-0.0109375,-0.0118));
#10153=CARTESIAN_POINT('',(0.1673625,-0.00905625,-0.0118));
#10154=CARTESIAN_POINT('',(0.104775,-0.0114375,-0.012798));
#10155=CARTESIAN_POINT('',(0.1668625,-0.0114375,-0.012798));
#10156=CARTESIAN_POINT('',(0.1668625,-0.0114375,-0.0118));
#10157=CARTESIAN_POINT('',(0.1668625,-0.0114375,-0.01925));
#10158=CARTESIAN_POINT('',(0.104775,-0.0114375,-0.01925));
#10159=CARTESIAN_POINT('',(0.0426875,-0.0114375,-0.01925));
#10160=CARTESIAN_POINT('',(0.0426875,-0.0114375,-0.0118));
#10161=CARTESIAN_POINT('',(0.0426875,-0.0114375,-0.0118));
#10162=CARTESIAN_POINT('',(0.104775,-0.0114375,-0.0118));
#10163=CARTESIAN_POINT('',(0.0481968220000001,-0.0114375,-0.0118));
#10164=CARTESIAN_POINT('',(0.0481968220000001,-0.0114375,-0.012798));
#10165=CARTESIAN_POINT('',(0.054990578,-0.0114375,-0.012798));
#10166=CARTESIAN_POINT('',(0.054990578,-0.0114375,-0.0118));
#10167=CARTESIAN_POINT('',(0.104775,-0.0114375,-0.0118));
#10168=CARTESIAN_POINT('',(0.154489566,-0.0114375,-0.0118));
#10169=CARTESIAN_POINT('',(0.154489566,-0.0114375,-0.012798));
#10170=CARTESIAN_POINT('',(0.161283328,-0.0114375,-0.012798));
#10171=CARTESIAN_POINT('',(0.161283328,-0.0114375,-0.0118));
#10172=CARTESIAN_POINT('',(0.104775,-0.0114375,-0.0118));
#10173=CARTESIAN_POINT('',(0.0421875,-0.00905625,-0.012798));
#10174=CARTESIAN_POINT('',(0.0421875,-0.0109375,-0.0195));
#10175=CARTESIAN_POINT('',(0.0421875,-0.0109375,-0.0118));
#10176=CARTESIAN_POINT('',(0.0421875,-0.0109375,-0.01925));
#10177=CARTESIAN_POINT('',(0.0421875,-0.00905625,-0.01925));
#10178=CARTESIAN_POINT('',(0.0421875,-0.00905625,-0.0118));
#10179=CARTESIAN_POINT('',(0.1673625,0.082875,-0.012798));
#10180=CARTESIAN_POINT('',(0.1673625,0.082875,-0.01925));
#10181=CARTESIAN_POINT('',(0.209725,0.082875,-0.01925));
#10182=CARTESIAN_POINT('',(0.209725,0.082875,-0.012798));
#10183=CARTESIAN_POINT('',(0.197421922,0.082875,-0.0118));
#10184=CARTESIAN_POINT('',(0.197421922,0.082875,-0.0118));
#10185=CARTESIAN_POINT('',(0.1673625,0.082875,-0.0118));
#10186=CARTESIAN_POINT('',(0.156590678,0.082875,-0.0118));
#10187=CARTESIAN_POINT('',(0.156590678,0.082875,-0.0128));
#10188=CARTESIAN_POINT('',(0.156590678,0.082875,-0.0128));
#10189=CARTESIAN_POINT('',(0.1673625,0.082875,-0.0128));
#10190=CARTESIAN_POINT('',(0.149796922,0.082875,-0.0128));
#10191=CARTESIAN_POINT('',(0.149796922,0.082875,-0.0118));
#10192=CARTESIAN_POINT('',(0.149796922,0.082875,-0.0118));
#10193=CARTESIAN_POINT('',(0.1673625,0.082875,-0.0118));
#10194=CARTESIAN_POINT('',(0.12475,0.082875,-0.0118));
#10195=CARTESIAN_POINT('',(0.12475,0.082875,-0.0118));
#10196=CARTESIAN_POINT('',(0.220227,0.04524375,-0.0257089214635825));
#10197=CARTESIAN_POINT('',(-0.008925,0.04524375,-0.0257089214635825));
#10198=CARTESIAN_POINT('',(-0.008925,0.100925,-0.0305803996095354));
#10199=CARTESIAN_POINT('',(-0.008925,-0.0104375,-0.0208374433176296));
#10200=CARTESIAN_POINT('',(-0.00892500000000024,-0.0104375,-0.0208374433176296));
#10201=CARTESIAN_POINT('',(-0.00892803358683889,-0.0112907960301974,-0.0207627895883557));
#10202=CARTESIAN_POINT('',(-0.00822347042029458,-0.0129813932305535,-0.0206148814987359));
#10203=CARTESIAN_POINT('',(-0.0065276078088429,-0.0136973571979872,-0.0205522427680924));
#10204=CARTESIAN_POINT('',(-0.00567500000000024,-0.0136941592783395,-0.0205525225498084));
#10205=CARTESIAN_POINT('',(-0.005675,-0.0136941592783394,-0.0205525225498084));
#10206=CARTESIAN_POINT('',(0.215225,-0.0136941592783394,-0.0205525225498084));
#10207=CARTESIAN_POINT('',(0.215225,-0.0136941592783394,-0.0205525225498084));
#10208=CARTESIAN_POINT('',(0.215225,-0.0136941592783394,-0.0205525225498084));
#10209=CARTESIAN_POINT('',(0.216081100272374,-0.0136974136287664,-0.0205522378310389));
#10210=CARTESIAN_POINT('',(0.217775102028214,-0.0129794871899634,-0.0206150482556797));
#10211=CARTESIAN_POINT('',(0.218477840377791,-0.0112879564044283,-0.0207630380234191));
#10212=CARTESIAN_POINT('',(0.218475,-0.0104375,-0.0208374433176296));
#10213=CARTESIAN_POINT('',(0.218475,-0.0104375,-0.0208374433176296));
#10214=CARTESIAN_POINT('',(0.218475,0.04524375,-0.0257089214635825));
#10215=CARTESIAN_POINT('',(0.218475,0.100925,-0.0305803996095354));
#10216=CARTESIAN_POINT('',(0.218475,0.100925,-0.0305803996095353));
#10217=CARTESIAN_POINT('',(0.218478033586838,0.10177829603016,-0.030655053338806));
#10218=CARTESIAN_POINT('',(0.217773470420308,0.103468893230572,-0.0308029614284308));
#10219=CARTESIAN_POINT('',(0.216077607808815,0.104184857197987,-0.0308656001590726));
#10220=CARTESIAN_POINT('',(0.215225,0.104181659278339,-0.0308653203773566));
#10221=CARTESIAN_POINT('',(0.215225,0.104181659278339,-0.0308653203773566));
#10222=CARTESIAN_POINT('',(-0.005675,0.104181659278339,-0.0308653203773566));
#10223=CARTESIAN_POINT('',(-0.00567500000000007,0.104181659278339,-0.0308653203773566));
#10224=CARTESIAN_POINT('',(-0.00567500000000024,0.10418165927834,-0.0308653203773566));
#10225=CARTESIAN_POINT('',(-0.0065311002724296,0.104184913628767,-0.0308656050961261));
#10226=CARTESIAN_POINT('',(-0.00822510202818725,0.103466987190024,-0.0308027946714906));
#10227=CARTESIAN_POINT('',(-0.00892784037779091,0.101775456404307,-0.0306548049037353));
#10228=CARTESIAN_POINT('',(-0.00892500000000024,0.100925,-0.0305803996095354));
#10229=CARTESIAN_POINT('',(-0.010675,0.04524375,-0.0257089214635825));
#10230=CARTESIAN_POINT('',(-0.010675,-0.0104375,-0.0208374433176296));
#10231=CARTESIAN_POINT('',(-0.010675,0.100925,-0.0305803996095354));
#10232=CARTESIAN_POINT('',(-0.005675,0.100925,-0.0305803996095354));
#10233=CARTESIAN_POINT('',(0.215225,0.100925,-0.0305803996095354));
#10234=CARTESIAN_POINT('',(0.220225,0.100925,-0.0305803996095354));
#10235=CARTESIAN_POINT('',(0.220225,0.04524375,-0.0257089214635825));
#10236=CARTESIAN_POINT('',(0.220225,-0.0104375,-0.0208374433176296));
#10237=CARTESIAN_POINT('',(0.215225,-0.0104375,-0.0208374433176296));
#10238=CARTESIAN_POINT('',(0.215225,-0.0154375,-0.0204));
#10239=CARTESIAN_POINT('',(0.104775,-0.0154375,-0.0204));
#10240=CARTESIAN_POINT('',(-0.005675,-0.0154375,-0.0204));
#10241=CARTESIAN_POINT('',(-0.005675,-0.0104375,-0.0208374433176296));
#10242=CARTESIAN_POINT('',(0.02075625,-0.000675,-0.0078));
#10243=CARTESIAN_POINT('',(-0.000175,-0.000675,-0.0078));
#10244=CARTESIAN_POINT('',(-0.000175,-0.000675,-0.00025));
#10245=CARTESIAN_POINT('',(0.0430375,-0.000675,-0.00025));
#10246=CARTESIAN_POINT('',(0.0430375,-0.000675,-0.00025));
#10247=CARTESIAN_POINT('',(0.0430375,-0.000675,-0.0078));
#10248=CARTESIAN_POINT('',(0.0430375,-0.000675,-0.00675));
#10249=CARTESIAN_POINT('',(0.0430375,-0.000675,-0.00675));
#10250=CARTESIAN_POINT('',(0.0432233035613574,-0.000675,-0.00675));
#10251=CARTESIAN_POINT('',(0.0433876343133612,-0.000675,-0.00685113573789705));
#10252=CARTESIAN_POINT('',(0.0435375,-0.000675,-0.00695710678118655));
#10253=CARTESIAN_POINT('',(0.0435375,-0.000675,-0.00695710678118655));
#10254=CARTESIAN_POINT('',(0.0435375,-0.000675,-0.011802));
#10255=CARTESIAN_POINT('',(0.0435375,-0.000675,-0.01155));
#10256=CARTESIAN_POINT('',(0.00396870000000005,-0.000675,-0.01155));
#10257=CARTESIAN_POINT('',(0.00396870000000005,-0.000675,-0.01155));
#10258=CARTESIAN_POINT('',(0.00396870000000005,-0.000675,-0.0118));
#10259=CARTESIAN_POINT('',(-0.010675,0.04524375,-0.0078));
#10260=CARTESIAN_POINT('',(-0.010675,-0.0104375,-0.0078));
#10261=CARTESIAN_POINT('',(-0.010675,-0.0104375,-0.005));
#10262=CARTESIAN_POINT('',(-0.010675,0.04524375,-0.005));
#10263=CARTESIAN_POINT('',(-0.010675,0.100925,-0.005));
#10264=CARTESIAN_POINT('',(-0.010675,0.100925,-0.0310178429271649));
#10265=CARTESIAN_POINT('',(0.104775,-0.0154375,-0.0078));
#10266=CARTESIAN_POINT('',(0.215225,-0.0154375,0.));
#10267=CARTESIAN_POINT('',(0.215225,-0.0154375,-0.005));
#10268=CARTESIAN_POINT('',(0.104775,-0.0154375,-0.005));
#10269=CARTESIAN_POINT('',(-0.005675,-0.0154375,-0.005));
#10270=CARTESIAN_POINT('',(-0.005675,-0.0154375,-0.0078));
#10271=CARTESIAN_POINT('',(0.220225,0.04524375,-0.0078));
#10272=CARTESIAN_POINT('',(0.220225,0.100925,-0.0078));
#10273=CARTESIAN_POINT('',(0.220225,0.100925,-0.005));
#10274=CARTESIAN_POINT('',(0.220225,-0.0104375,-0.005));
#10275=CARTESIAN_POINT('',(0.220225,-0.0104375,-0.005));
#10276=CARTESIAN_POINT('',(0.220225,-0.0104375,-0.0204));
#10277=CARTESIAN_POINT('',(0.104775,0.04524375,-0.0128));
#10278=CARTESIAN_POINT('',(0.209725,-0.006175,-0.0128));
#10279=CARTESIAN_POINT('',(0.202184419,-0.006175,-0.0128));
#10280=CARTESIAN_POINT('',(0.202684419,-0.006175,-0.0128));
#10281=CARTESIAN_POINT('',(0.202684419,-0.00512344049999996,-0.0128));
#10282=CARTESIAN_POINT('',(0.202684419,-0.00357188099999993,-0.0128));
#10283=CARTESIAN_POINT('',(0.2055813,-0.00357188099999993,-0.0128));
#10284=CARTESIAN_POINT('',(0.209725,-0.000175,-0.0128));
#10285=CARTESIAN_POINT('',(0.2055813,-0.00357188099999993,-0.0128));
#10286=CARTESIAN_POINT('',(0.2040563,-0.00357188099999993,-0.0128));
#10287=CARTESIAN_POINT('',(0.104775,0.04524375,-0.0128));
#10288=CARTESIAN_POINT('',(0.00935,0.101425,-0.0128));
#10289=CARTESIAN_POINT('',(0.0216530810000001,0.101425,-0.0128));
#10290=CARTESIAN_POINT('',(0.0211530810000001,0.101425,-0.0128));
#10291=CARTESIAN_POINT('',(0.0211530810000001,0.1003734405,-0.0128));
#10292=CARTESIAN_POINT('',(0.0211530810000001,0.0988218810000001,-0.0128));
#10293=CARTESIAN_POINT('',(0.0182562,0.0988218810000001,-0.0128));
#10294=CARTESIAN_POINT('',(0.00935,0.095425,-0.0128));
#10295=CARTESIAN_POINT('',(0.0182562,0.0988218810000001,-0.0128));
#10296=CARTESIAN_POINT('',(0.0167312,0.0988218810000001,-0.0128));
#10297=CARTESIAN_POINT('',(0.104775,0.04524375,-0.0128));
#10298=CARTESIAN_POINT('',(0.156590678,0.082375,-0.0128));
#10299=CARTESIAN_POINT('',(0.156090678,0.082375,-0.0128));
#10300=CARTESIAN_POINT('',(0.156090678,0.0813234390000001,-0.0128));
#10301=CARTESIAN_POINT('',(0.156090678,0.0797718780000001,-0.0128));
#10302=CARTESIAN_POINT('',(0.1531938,0.0797718780000001,-0.0128));
#10303=CARTESIAN_POINT('',(0.150296922,0.0797718780000001,-0.0128));
#10304=CARTESIAN_POINT('',(0.150296922,0.0813234390000001,-0.0128));
#10305=CARTESIAN_POINT('',(0.150296922,0.082375,-0.0128));
#10306=CARTESIAN_POINT('',(0.149796922,0.082375,-0.0128));
#10307=CARTESIAN_POINT('',(0.1531938,0.0797718780000001,-0.0128));
#10308=CARTESIAN_POINT('',(0.1516688,0.0797718780000001,-0.0128));
#10309=CARTESIAN_POINT('',(-0.005675,0.100925,-0.0078));
#10310=CARTESIAN_POINT('',(-0.005675,0.100925,-0.005));
#10311=CARTESIAN_POINT('',(0.215225,0.100925,-0.0078));
#10312=CARTESIAN_POINT('',(0.215225,0.100925,-0.005));
#10313=CARTESIAN_POINT('',(-0.005675,-0.0104375,-0.0078));
#10314=CARTESIAN_POINT('',(-0.005675,-0.0104375,-0.005));
#10315=CARTESIAN_POINT('',(0.215225,-0.0104375,-0.0078));
#10316=CARTESIAN_POINT('',(0.215225,-0.0104375,-0.005));
#10317=CARTESIAN_POINT('',(-0.005675,0.04524375,0.));
#10318=CARTESIAN_POINT('',(-0.010675,0.100925,-0.005));
#10319=CARTESIAN_POINT('',(-0.005675,-0.0104375,0.));
#10320=CARTESIAN_POINT('',(-0.005675,0.100925,-0.005));
#10321=CARTESIAN_POINT('',(-0.005675,0.105925,-0.005));
#10322=CARTESIAN_POINT('',(-0.005675,-0.0104375,-0.005));
#10323=CARTESIAN_POINT('',(-0.005675,-0.0104375,0.));
#10324=CARTESIAN_POINT('',(0.104775,0.105925,-0.005));
#10325=CARTESIAN_POINT('',(0.215225,0.105925,-0.005));
#10326=CARTESIAN_POINT('',(0.104775,-0.0104375,0.));
#10327=CARTESIAN_POINT('',(0.215225,-0.0104375,0.));
#10328=CARTESIAN_POINT('',(0.215225,0.100925,-0.005));
#10329=CARTESIAN_POINT('',(0.220225,0.100925,-0.005));
#10330=CARTESIAN_POINT('',(0.215225,-0.0104375,-0.005));
#10331=CARTESIAN_POINT('',(0.215225,-0.0104375,0.));
#10332=CARTESIAN_POINT('',(0.220225,0.04524375,-0.005));
#10333=CARTESIAN_POINT('',(0.1531938,0.0797718780000001,-0.0068));
#10334=CARTESIAN_POINT('',(0.1531938,0.0797718780000001,-0.0068));
#10335=CARTESIAN_POINT('',(0.1516688,0.0797718780000001,-0.0068));
#10336=CARTESIAN_POINT('',(0.1673625,0.079875,-0.0068));
#10337=CARTESIAN_POINT('',(0.2008188,0.0797718780000001,-0.0068));
#10338=CARTESIAN_POINT('',(0.2008188,0.0797718780000001,-0.0068));
#10339=CARTESIAN_POINT('',(0.1992938,0.0797718780000001,-0.0068));
#10340=CARTESIAN_POINT('',(0.1673625,0.079875,-0.0068));
#10341=CARTESIAN_POINT('',(0.0182562,0.0988218810000001,-0.0068));
#10342=CARTESIAN_POINT('',(0.0182562,0.0988218810000001,-0.0068));
#10343=CARTESIAN_POINT('',(0.0167312,0.0988218810000001,-0.0068));
#10344=CARTESIAN_POINT('',(0.066675,0.098925,-0.0068));
#10345=CARTESIAN_POINT('',(0.0658812,0.0988218810000001,-0.0068));
#10346=CARTESIAN_POINT('',(0.0658812,0.0988218810000001,-0.0068));
#10347=CARTESIAN_POINT('',(0.0643562,0.0988218810000001,-0.0068));
#10348=CARTESIAN_POINT('',(0.066675,0.098925,-0.0068));
#10349=CARTESIAN_POINT('',(0.157886447,-0.008334381,-0.0068));
#10350=CARTESIAN_POINT('',(0.157886447,-0.008334381,-0.0068));
#10351=CARTESIAN_POINT('',(0.156361447,-0.008334381,-0.0068));
#10352=CARTESIAN_POINT('',(0.104775,-0.00605625,-0.0068));
#10353=CARTESIAN_POINT('',(0.00396870000000005,-0.00357187799999993,-0.0068));
#10354=CARTESIAN_POINT('',(0.00396870000000005,-0.00357187799999993,-0.0068));
#10355=CARTESIAN_POINT('',(0.00244370000000005,-0.00357187799999993,-0.0068));
#10356=CARTESIAN_POINT('',(0.104775,-0.00605625,-0.0068));
#10357=CARTESIAN_POINT('',(0.0515937,-0.008334378,-0.0068));
#10358=CARTESIAN_POINT('',(0.0515937,-0.008334378,-0.0068));
#10359=CARTESIAN_POINT('',(0.0500687,-0.008334378,-0.0068));
#10360=CARTESIAN_POINT('',(0.104775,-0.00605625,-0.0068));
#10361=CARTESIAN_POINT('',(0.2055813,-0.00357188099999993,-0.0068));
#10362=CARTESIAN_POINT('',(0.2055813,-0.00357188099999993,-0.0068));
#10363=CARTESIAN_POINT('',(0.2040563,-0.00357188099999993,-0.0068));
#10364=CARTESIAN_POINT('',(0.104775,-0.00605625,-0.0068));
#10365=CARTESIAN_POINT('',(0.104775,-0.012452505886835,-0.00922878765442949));
#10366=CARTESIAN_POINT('',(0.215225,-0.012452505886835,-0.00922878765442949));
#10367=CARTESIAN_POINT('',(0.215225,-0.0134233216681296,-0.0203252628109724));
#10368=CARTESIAN_POINT('',(-0.005675,-0.0134233216681296,-0.0203252628109724));
#10369=CARTESIAN_POINT('',(-0.005675,-0.0134233216681296,-0.0203252628109724));
#10370=CARTESIAN_POINT('',(-0.005675,-0.012452505886835,-0.00922878765442949));
#10371=CARTESIAN_POINT('',(0.218225,-0.0103199175384426,-0.0194934696321413));
#10372=CARTESIAN_POINT('',(0.218225,-0.0104157110643131,-0.0205883946431067));
#10373=CARTESIAN_POINT('',(0.218225,-0.0111130791164639,-0.0194240769857201));
#10374=CARTESIAN_POINT('',(0.218225,-0.0112088726423343,-0.0205190019966854));
#10375=CARTESIAN_POINT('',(0.217568668619119,-0.0126783040814367,-0.0192871375454173));
#10376=CARTESIAN_POINT('',(0.217568668619119,-0.0127740976073072,-0.0203820625563827));
#10377=CARTESIAN_POINT('',(0.216012156031272,-0.0133275281422591,-0.019230337800007));
#10378=CARTESIAN_POINT('',(0.216012156031272,-0.0134233216681296,-0.0203252628109724));
#10379=CARTESIAN_POINT('',(0.215225,-0.0133275281422591,-0.019230337800007));
#10380=CARTESIAN_POINT('',(0.215225,-0.0134233216681296,-0.0203252628109724));
#10381=CARTESIAN_POINT('',(0.218225,-0.00944489528301853,-0.00949191948656379));
#10382=CARTESIAN_POINT('',(0.218225,-0.0104157110643131,-0.0205883946431067));
#10383=CARTESIAN_POINT('',(0.218225,-0.0104157110643131,-0.0205883946431067));
#10384=CARTESIAN_POINT('',(0.218225,-0.0112088726423343,-0.0205190019966854));
#10385=CARTESIAN_POINT('',(0.217568668619119,-0.0127740976073072,-0.0203820625563826));
#10386=CARTESIAN_POINT('',(0.216012156031272,-0.0134233216681296,-0.0203252628109724));
#10387=CARTESIAN_POINT('',(0.215225,-0.0134233216681296,-0.0203252628109724));
#10388=CARTESIAN_POINT('',(-0.005675,-0.0133275281422591,-0.019230337800007));
#10389=CARTESIAN_POINT('',(-0.005675,-0.0134233216681296,-0.0203252628109724));
#10390=CARTESIAN_POINT('',(-0.00646215603127327,-0.0133275281422594,-0.019230337800007));
#10391=CARTESIAN_POINT('',(-0.00646215603127327,-0.0134233216681299,-0.0203252628109724));
#10392=CARTESIAN_POINT('',(-0.00801866861911773,-0.0126783040814367,-0.0192871375454173));
#10393=CARTESIAN_POINT('',(-0.00801866861911773,-0.0127740976073071,-0.0203820625563826));
#10394=CARTESIAN_POINT('',(-0.008675,-0.0111130791164638,-0.0194240769857201));
#10395=CARTESIAN_POINT('',(-0.008675,-0.0112088726423343,-0.0205190019966854));
#10396=CARTESIAN_POINT('',(-0.008675,-0.0103199175384426,-0.0194934696321413));
#10397=CARTESIAN_POINT('',(-0.008675,-0.010415711064313,-0.0205883946431067));
#10398=CARTESIAN_POINT('',(-0.005675,-0.0134233216681296,-0.0203252628109724));
#10399=CARTESIAN_POINT('',(-0.00646215603127327,-0.0134233216681299,-0.0203252628109724));
#10400=CARTESIAN_POINT('',(-0.00801866861911773,-0.0127740976073071,-0.0203820625563826));
#10401=CARTESIAN_POINT('',(-0.008675,-0.0112088726423343,-0.0205190019966854));
#10402=CARTESIAN_POINT('',(-0.008675,-0.010415711064313,-0.0205883946431067));
#10403=CARTESIAN_POINT('',(-0.008675,-0.010415711064313,-0.0205883946431067));
#10404=CARTESIAN_POINT('',(-0.008675,-0.00944489528301847,-0.0094919194865638));
#10405=CARTESIAN_POINT('',(0.218225,0.0462363547169815,-0.0143633976325166));
#10406=CARTESIAN_POINT('',(0.218225,0.101917604716981,-0.0192348757784695));
#10407=CARTESIAN_POINT('',(0.218225,0.100946788935687,-0.0303313509350126));
#10408=CARTESIAN_POINT('',(0.218225,0.0452655389356869,-0.0254598727890596));
#10409=CARTESIAN_POINT('',(0.215225,0.104930864858131,-0.0194334331033971));
#10410=CARTESIAN_POINT('',(0.215225,0.103954399539503,-0.0305944827671468));
#10411=CARTESIAN_POINT('',(0.216012156031272,0.104930864858131,-0.0194334331033971));
#10412=CARTESIAN_POINT('',(0.216012156031272,0.103954399539503,-0.0305944827671468));
#10413=CARTESIAN_POINT('',(0.217568668619118,0.104281640797308,-0.0193766333579867));
#10414=CARTESIAN_POINT('',(0.217568668619118,0.103305175478681,-0.0305376830217364));
#10415=CARTESIAN_POINT('',(0.218225,0.102716415832337,-0.0192396939176844));
#10416=CARTESIAN_POINT('',(0.218225,0.101739950513709,-0.0304007435814341));
#10417=CARTESIAN_POINT('',(0.218225,0.101923254254315,-0.0191703012712628));
#10418=CARTESIAN_POINT('',(0.218225,0.100946788935687,-0.0303313509350125));
#10419=CARTESIAN_POINT('',(0.215225,0.103954399539503,-0.0305944827671467));
#10420=CARTESIAN_POINT('',(0.216012156031272,0.103954399539503,-0.0305944827671467));
#10421=CARTESIAN_POINT('',(0.217568668619118,0.103305175478681,-0.0305376830217363));
#10422=CARTESIAN_POINT('',(0.218225,0.101739950513709,-0.030400743581434));
#10423=CARTESIAN_POINT('',(0.218225,0.100946788935687,-0.0303313509350124));
#10424=CARTESIAN_POINT('',(-0.008675,0.101923254254315,-0.0191703012712628));
#10425=CARTESIAN_POINT('',(-0.008675,0.100946788935687,-0.0303313509350124));
#10426=CARTESIAN_POINT('',(-0.008675,0.102716415832337,-0.0192396939176844));
#10427=CARTESIAN_POINT('',(-0.008675,0.101739950513709,-0.030400743581434));
#10428=CARTESIAN_POINT('',(-0.00801866861911765,0.104281640797308,-0.0193766333579867));
#10429=CARTESIAN_POINT('',(-0.00801866861911765,0.10330517547868,-0.0305376830217363));
#10430=CARTESIAN_POINT('',(-0.00646215603127344,0.104930864858131,-0.0194334331033971));
#10431=CARTESIAN_POINT('',(-0.00646215603127344,0.103954399539503,-0.0305944827671467));
#10432=CARTESIAN_POINT('',(-0.005675,0.104930864858131,-0.0194334331033971));
#10433=CARTESIAN_POINT('',(-0.005675,0.103954399539503,-0.0305944827671467));
#10434=CARTESIAN_POINT('',(-0.008675,0.101917604716981,-0.0192348757784695));
#10435=CARTESIAN_POINT('',(-0.008675,0.100946788935687,-0.0303313509350124));
#10436=CARTESIAN_POINT('',(-0.008675,0.100946788935687,-0.0303313509350124));
#10437=CARTESIAN_POINT('',(-0.008675,0.101739950513709,-0.030400743581434));
#10438=CARTESIAN_POINT('',(-0.00801866861911765,0.10330517547868,-0.0305376830217363));
#10439=CARTESIAN_POINT('',(-0.00646215603127344,0.103954399539503,-0.0305944827671467));
#10440=CARTESIAN_POINT('',(-0.005675,0.103954399539503,-0.0305944827671467));
#10441=CARTESIAN_POINT('',(-0.008675,0.0462363547169815,-0.0143633976325166));
#10442=CARTESIAN_POINT('',(-0.008675,0.0452655389356869,-0.0254598727890596));
#10443=CARTESIAN_POINT('',(0.157886447,-0.008334381,-0.0118));
#10444=CARTESIAN_POINT('',(0.154989566,-0.008334381,-0.0118));
#10445=CARTESIAN_POINT('',(0.154989566,-0.008334381,-0.0118));
#10446=CARTESIAN_POINT('',(0.157886447,-0.008334381,-0.0118));
#10447=CARTESIAN_POINT('',(0.156709187258057,-0.0056875,-0.0118));
#10448=CARTESIAN_POINT('',(0.157886447,-0.008334381,-0.0144468809999999));
#10449=CARTESIAN_POINT('',(0.157886447,-0.008334381,-0.0144468809999999));
#10450=CARTESIAN_POINT('',(0.159063706741943,-0.0056875,-0.0118));
#10451=CARTESIAN_POINT('',(0.157886447,-0.008334381,-0.0118));
#10452=CARTESIAN_POINT('',(0.160783328,-0.008334381,-0.0118));
#10453=CARTESIAN_POINT('',(0.160783328,-0.008334381,-0.0118));
#10454=CARTESIAN_POINT('',(0.154989566,-0.00988594049999997,-0.0118));
#10455=CARTESIAN_POINT('',(0.154989566,-0.0109375,-0.0118));
#10456=CARTESIAN_POINT('',(0.154989566,-0.0109375,-0.0118));
#10457=CARTESIAN_POINT('',(0.154989566,-0.00988594049999997,-0.0118));
#10458=CARTESIAN_POINT('',(0.054490578,-0.009885939,-0.0118));
#10459=CARTESIAN_POINT('',(0.054490578,-0.009885939,-0.0118));
#10460=CARTESIAN_POINT('',(0.054490578,-0.0109375,-0.0118));
#10461=CARTESIAN_POINT('',(0.054490578,-0.008334378,-0.0118));
#10462=CARTESIAN_POINT('',(0.054490578,-0.0109375,-0.0118));
#10463=CARTESIAN_POINT('',(0.054490578,-0.008334378,-0.0118));
#10464=CARTESIAN_POINT('',(0.0515937,-0.008334378,-0.0118));
#10465=CARTESIAN_POINT('',(0.0486968220000001,-0.008334378,-0.0118));
#10466=CARTESIAN_POINT('',(0.0486968220000001,-0.008334378,-0.0118));
#10467=CARTESIAN_POINT('',(0.0515937,-0.008334378,-0.0118));
#10468=CARTESIAN_POINT('',(0.0504164408951298,-0.0056875,-0.0118));
#10469=CARTESIAN_POINT('',(0.0515937,-0.008334378,-0.0144468779999999));
#10470=CARTESIAN_POINT('',(0.0515937,-0.008334378,-0.0144468779999999));
#10471=CARTESIAN_POINT('',(0.0527709591048703,-0.0056875,-0.0118));
#10472=CARTESIAN_POINT('',(0.0515937,-0.008334378,-0.0118));
#10473=CARTESIAN_POINT('',(0.104775,-0.00605625,-0.0118));
#10474=CARTESIAN_POINT('',(0.157886447,-0.0056875,-0.0118));
#10475=CARTESIAN_POINT('',(0.154489566,-0.0109375,-0.0118));
#10476=CARTESIAN_POINT('',(0.054990578,-0.0109375,-0.0118));
#10477=CARTESIAN_POINT('',(0.2055813,-0.00357188099999993,-0.0118));
#10478=CARTESIAN_POINT('',(0.202684419,-0.00357188099999993,-0.0118));
#10479=CARTESIAN_POINT('',(0.202684419,-0.00357188099999993,-0.0118));
#10480=CARTESIAN_POINT('',(0.2055813,-0.00357188099999993,-0.0118));
#10481=CARTESIAN_POINT('',(0.204404040258057,-0.000925,-0.0118));
#10482=CARTESIAN_POINT('',(0.2055813,-0.00357188099999993,-0.0144468809999999));
#10483=CARTESIAN_POINT('',(0.202684419,-0.00512344049999996,-0.0118));
#10484=CARTESIAN_POINT('',(0.202684419,-0.006175,-0.0118));
#10485=CARTESIAN_POINT('',(0.202684419,-0.006175,-0.0118));
#10486=CARTESIAN_POINT('',(0.202684419,-0.00512344049999996,-0.0118));
#10487=CARTESIAN_POINT('',(0.160783328,-0.00988594049999997,-0.0118));
#10488=CARTESIAN_POINT('',(0.160783328,-0.00988594049999997,-0.0118));
#10489=CARTESIAN_POINT('',(0.160783328,-0.0109375,-0.0118));
#10490=CARTESIAN_POINT('',(0.160783328,-0.0109375,-0.0118));
#10491=CARTESIAN_POINT('',(0.104775,-0.00605625,-0.0118));
#10492=CARTESIAN_POINT('',(0.1662625,-0.00605625,-0.0118));
#10493=CARTESIAN_POINT('',(0.1662625,-0.0049375,-0.0118));
#10494=CARTESIAN_POINT('',(0.1662625,-0.000925,-0.0118));
#10495=CARTESIAN_POINT('',(0.2055813,-0.000925,-0.0118));
#10496=CARTESIAN_POINT('',(0.202184419,-0.006175,-0.0118));
#10497=CARTESIAN_POINT('',(0.1668625,-0.0109375,-0.0118));
#10498=CARTESIAN_POINT('',(0.161283328,-0.0109375,-0.0118));
#10499=CARTESIAN_POINT('',(0.1655125,-0.0056875,-0.0118));
#10500=CARTESIAN_POINT('',(0.1655125,-0.0056875,-0.0118));
#10501=CARTESIAN_POINT('',(0.1655125,-0.0049375,-0.0118));
#10502=CARTESIAN_POINT('',(0.0486968220000001,-0.009885939,-0.0118));
#10503=CARTESIAN_POINT('',(0.0486968220000001,-0.0109375,-0.0118));
#10504=CARTESIAN_POINT('',(0.0486968220000001,-0.0109375,-0.0118));
#10505=CARTESIAN_POINT('',(0.0486968220000001,-0.009885939,-0.0118));
#10506=CARTESIAN_POINT('',(0.006865578,-0.005123439,-0.0118));
#10507=CARTESIAN_POINT('',(0.006865578,-0.005123439,-0.0118));
#10508=CARTESIAN_POINT('',(0.006865578,-0.006175,-0.0118));
#10509=CARTESIAN_POINT('',(0.006865578,-0.00357187799999993,-0.0118));
#10510=CARTESIAN_POINT('',(0.006865578,-0.006175,-0.0118));
#10511=CARTESIAN_POINT('',(0.006865578,-0.00357187799999993,-0.0118));
#10512=CARTESIAN_POINT('',(0.00396870000000005,-0.00357187799999993,-0.0118));
#10513=CARTESIAN_POINT('',(0.00396870000000005,-0.00357187799999993,-0.0144468779999999));
#10514=CARTESIAN_POINT('',(0.00514595910487033,-0.000925,-0.0118));
#10515=CARTESIAN_POINT('',(0.00396870000000005,-0.00357187799999993,-0.0118));
#10516=CARTESIAN_POINT('',(0.104775,-0.00605625,-0.0118));
#10517=CARTESIAN_POINT('',(0.0440375,-0.0049375,-0.0118));
#10518=CARTESIAN_POINT('',(0.0432875,-0.0049375,-0.0118));
#10519=CARTESIAN_POINT('',(0.0440375,-0.0056875,-0.0118));
#10520=CARTESIAN_POINT('',(0.0515937,-0.0056875,-0.0118));
#10521=CARTESIAN_POINT('',(0.0481968220000001,-0.0109375,-0.0118));
#10522=CARTESIAN_POINT('',(0.0426875,-0.0109375,-0.0118));
#10523=CARTESIAN_POINT('',(0.007365578,-0.006175,-0.0118));
#10524=CARTESIAN_POINT('',(0.0435375,-0.000925,-0.0118));
#10525=CARTESIAN_POINT('',(0.0432875,-0.000925,-0.0118));
#10526=CARTESIAN_POINT('',(0.0432875,-0.0049375,-0.0118));
#10527=CARTESIAN_POINT('',(0.0658812,0.0988218810000001,-0.0118));
#10528=CARTESIAN_POINT('',(0.0687780810000001,0.0988218810000001,-0.0118));
#10529=CARTESIAN_POINT('',(0.0687780810000001,0.0988218810000001,-0.0118));
#10530=CARTESIAN_POINT('',(0.0658812,0.0988218810000001,-0.0118));
#10531=CARTESIAN_POINT('',(0.0670584597419432,0.096175,-0.0118));
#10532=CARTESIAN_POINT('',(0.0658812,0.0988218810000001,-0.0144468810000001));
#10533=CARTESIAN_POINT('',(0.0658812,0.0988218810000001,-0.0144468810000001));
#10534=CARTESIAN_POINT('',(0.0647039402580569,0.096175,-0.0118));
#10535=CARTESIAN_POINT('',(0.0658812,0.0988218810000001,-0.0118));
#10536=CARTESIAN_POINT('',(0.062984319,0.0988218810000001,-0.0118));
#10537=CARTESIAN_POINT('',(0.062984319,0.0988218810000001,-0.0118));
#10538=CARTESIAN_POINT('',(0.0687780810000001,0.1003734405,-0.0118));
#10539=CARTESIAN_POINT('',(0.0687780810000001,0.101425,-0.0118));
#10540=CARTESIAN_POINT('',(0.0687780810000001,0.101425,-0.0118));
#10541=CARTESIAN_POINT('',(0.0687780810000001,0.1003734405,-0.0118));
#10542=CARTESIAN_POINT('',(0.066675,0.098925,-0.0118));
#10543=CARTESIAN_POINT('',(0.124,0.095425,-0.0118));
#10544=CARTESIAN_POINT('',(0.124,0.096175,-0.0118));
#10545=CARTESIAN_POINT('',(0.066675,0.096175,-0.0118));
#10546=CARTESIAN_POINT('',(0.0692780810000001,0.101425,-0.0118));
#10547=CARTESIAN_POINT('',(0.124,0.101425,-0.0118));
#10548=CARTESIAN_POINT('',(0.0211530810000001,0.1003734405,-0.0118));
#10549=CARTESIAN_POINT('',(0.0211530810000001,0.101425,-0.0118));
#10550=CARTESIAN_POINT('',(0.0211530810000001,0.101425,-0.0118));
#10551=CARTESIAN_POINT('',(0.0211530810000001,0.1003734405,-0.0118));
#10552=CARTESIAN_POINT('',(0.0211530810000001,0.0988218810000001,-0.0118));
#10553=CARTESIAN_POINT('',(0.0211530810000001,0.0988218810000001,-0.0118));
#10554=CARTESIAN_POINT('',(0.062984319,0.1003734405,-0.0118));
#10555=CARTESIAN_POINT('',(0.062984319,0.1003734405,-0.0118));
#10556=CARTESIAN_POINT('',(0.062984319,0.101425,-0.0118));
#10557=CARTESIAN_POINT('',(0.062984319,0.101425,-0.0128));
#10558=CARTESIAN_POINT('',(0.0182562,0.0988218810000001,-0.0118));
#10559=CARTESIAN_POINT('',(0.0182562,0.0988218810000001,-0.0118));
#10560=CARTESIAN_POINT('',(0.0194334597419432,0.096175,-0.0118));
#10561=CARTESIAN_POINT('',(0.0182562,0.0988218810000001,-0.0144468810000001));
#10562=CARTESIAN_POINT('',(0.066675,0.098925,-0.0118));
#10563=CARTESIAN_POINT('',(0.066675,0.096175,-0.0118));
#10564=CARTESIAN_POINT('',(0.0216530810000001,0.101425,-0.0118));
#10565=CARTESIAN_POINT('',(0.062484319,0.101425,-0.0118));
#10566=CARTESIAN_POINT('',(0.150296922,0.0813234390000001,-0.0118));
#10567=CARTESIAN_POINT('',(0.150296922,0.0813234390000001,-0.0118));
#10568=CARTESIAN_POINT('',(0.150296922,0.0797718780000001,-0.0118));
#10569=CARTESIAN_POINT('',(0.150296922,0.082375,-0.0118));
#10570=CARTESIAN_POINT('',(0.150296922,0.082375,-0.0128));
#10571=CARTESIAN_POINT('',(0.150296922,0.0797718780000001,-0.0118));
#10572=CARTESIAN_POINT('',(0.1531938,0.0797718780000001,-0.0118));
#10573=CARTESIAN_POINT('',(0.156090678,0.0797718780000001,-0.0118));
#10574=CARTESIAN_POINT('',(0.156090678,0.0797718780000001,-0.0118));
#10575=CARTESIAN_POINT('',(0.1531938,0.0797718780000001,-0.0118));
#10576=CARTESIAN_POINT('',(0.154371059104871,0.077125,-0.0118));
#10577=CARTESIAN_POINT('',(0.1531938,0.0797718780000001,-0.014446878));
#10578=CARTESIAN_POINT('',(0.1531938,0.0797718780000001,-0.014446878));
#10579=CARTESIAN_POINT('',(0.15201654089513,0.077125,-0.0118));
#10580=CARTESIAN_POINT('',(0.1531938,0.0797718780000001,-0.0118));
#10581=CARTESIAN_POINT('',(0.1673625,0.079875,-0.0118));
#10582=CARTESIAN_POINT('',(0.1673625,0.077125,-0.0118));
#10583=CARTESIAN_POINT('',(0.12475,0.077125,-0.0118));
#10584=CARTESIAN_POINT('',(0.12475,0.082875,-0.0118));
#10585=CARTESIAN_POINT('',(0.149796922,0.082375,-0.0118));
#10586=CARTESIAN_POINT('',(0.156090678,0.0813234390000001,-0.0118));
#10587=CARTESIAN_POINT('',(0.156090678,0.082375,-0.0118));
#10588=CARTESIAN_POINT('',(0.156090678,0.082375,-0.0118));
#10589=CARTESIAN_POINT('',(0.156090678,0.0813234390000001,-0.0118));
#10590=CARTESIAN_POINT('',(0.197921922,0.0813234390000001,-0.0118));
#10591=CARTESIAN_POINT('',(0.197921922,0.0813234390000001,-0.0118));
#10592=CARTESIAN_POINT('',(0.197921922,0.0797718780000001,-0.0118));
#10593=CARTESIAN_POINT('',(0.197921922,0.082375,-0.0118));
#10594=CARTESIAN_POINT('',(0.197921922,0.082375,-0.0128));
#10595=CARTESIAN_POINT('',(0.197921922,0.0797718780000001,-0.0118));
#10596=CARTESIAN_POINT('',(0.2008188,0.0797718780000001,-0.0118));
#10597=CARTESIAN_POINT('',(0.2008188,0.0797718780000001,-0.014446878));
#10598=CARTESIAN_POINT('',(0.19964154089513,0.077125,-0.0118));
#10599=CARTESIAN_POINT('',(0.2008188,0.0797718780000001,-0.0118));
#10600=CARTESIAN_POINT('',(0.1673625,0.079875,-0.0118));
#10601=CARTESIAN_POINT('',(0.1673625,0.077125,-0.0118));
#10602=CARTESIAN_POINT('',(0.156590678,0.082375,-0.0118));
#10603=CARTESIAN_POINT('',(0.197421922,0.082375,-0.0118));
#10604=CARTESIAN_POINT('',(0.0955249998652776,0.105364484326942,-0.0185));
#10605=CARTESIAN_POINT('',(0.0955249998652776,0.104423131090541,-0.01925));
#10606=CARTESIAN_POINT('',(0.0955249998652776,0.104445003256422,-0.01925));
#10607=CARTESIAN_POINT('',(0.0955249998652776,0.104517105814809,-0.0184258639864729));
#10608=CARTESIAN_POINT('',(0.0955249998652776,0.104598108417593,-0.0175));
#10609=CARTESIAN_POINT('',(0.0955249998652776,0.105364484326942,-0.0175));
#10610=CARTESIAN_POINT('',(0.0985249998652776,0.105364484326942,-0.0175));
#10611=CARTESIAN_POINT('',(0.0985249998652776,0.104598108417593,-0.0175));
#10612=CARTESIAN_POINT('',(0.0985249998652776,0.104816830076407,-0.0145));
#10613=CARTESIAN_POINT('',(0.0985249998652776,0.105364484326942,-0.0145));
#10614=CARTESIAN_POINT('',(0.104774999865278,0.105364484326942,-0.0145));
#10615=CARTESIAN_POINT('',(0.104774999865278,0.104816830076407,-0.0145));
#10616=CARTESIAN_POINT('',(0.111024999865278,0.104816830076407,-0.0145));
#10617=CARTESIAN_POINT('',(0.111024999865278,0.105364484326942,-0.0145));
#10618=CARTESIAN_POINT('',(0.111024999865278,0.105364484326942,-0.0175));
#10619=CARTESIAN_POINT('',(0.111024999865278,0.104598108417593,-0.0175));
#10620=CARTESIAN_POINT('',(0.114024999865278,0.104598108417593,-0.0175));
#10621=CARTESIAN_POINT('',(0.114024999865278,0.105364484326942,-0.0175));
#10622=CARTESIAN_POINT('',(0.114024999865278,0.105364484326942,-0.0185));
#10623=CARTESIAN_POINT('',(0.114024999865278,0.104517105814809,-0.0184258639864729));
#10624=CARTESIAN_POINT('',(0.114024999865278,0.104445003256422,-0.01925));
#10625=CARTESIAN_POINT('',(0.114024999865278,0.101925,-0.01925));
#10626=CARTESIAN_POINT('',(0.104774999865277,0.366536434088069,-0.043421775447315));
#10627=CARTESIAN_POINT('',(0.104774999865278,0.105582433125626,-0.0205912586613682));
#10628=CARTESIAN_POINT('',(0.101849999865277,0.105582433125626,-0.0205912586613681));
#10629=CARTESIAN_POINT('',(0.107699999865278,0.105582433125626,-0.0205912586613682));
#10630=CARTESIAN_POINT('',(0.101849999865277,0.366536434088069,-0.043421775447315));
#10631=CARTESIAN_POINT('',(0.107699999865277,0.366536434088069,-0.043421775447315));
#10632=CARTESIAN_POINT('',(0.107699999865277,0.36668459885074,-0.0417282444605591));
#10633=CARTESIAN_POINT('',(0.107699999865278,0.366832763613411,-0.0400347134738031));
#10634=CARTESIAN_POINT('',(0.107699999865278,0.105878762650968,-0.0172041966878562));
#10635=CARTESIAN_POINT('',(0.107699999865278,0.105730597888297,-0.0188977276746122));
#10636=CARTESIAN_POINT('',(0.104774999865277,0.366832763613411,-0.0400347134738031));
#10637=CARTESIAN_POINT('',(0.101849999865277,0.366832763613411,-0.0400347134738031));
#10638=CARTESIAN_POINT('',(0.101849999865277,0.105878762650968,-0.0172041966878562));
#10639=CARTESIAN_POINT('',(0.104774999865278,0.105878762650968,-0.0172041966878562));
#10640=CARTESIAN_POINT('',(0.101849999865277,0.36668459885074,-0.0417282444605591));
#10641=CARTESIAN_POINT('',(0.101849999865277,0.105730597888297,-0.0188977276746122));
#10642=CARTESIAN_POINT('',(0.107699999865278,0.367490714106787,-0.0417987704069584));
#10643=CARTESIAN_POINT('',(0.107699999865278,0.36716823785862,-0.0454846907898979));
#10644=CARTESIAN_POINT('',(0.107699999865278,0.10540812164013,-0.0225836480575517));
#10645=CARTESIAN_POINT('',(0.107699999865278,0.105730597888297,-0.0188977276746122));
#10646=CARTESIAN_POINT('',(0.101849999865277,0.367490714106787,-0.0417987704069584));
#10647=CARTESIAN_POINT('',(0.101849999865278,0.105730597888297,-0.0188977276746122));
#10648=CARTESIAN_POINT('',(0.101849999865278,0.10540812164013,-0.0225836480575517));
#10649=CARTESIAN_POINT('',(0.101849999865277,0.36716823785862,-0.0454846907898979));
#10650=CARTESIAN_POINT('',(0.104774999865277,0.36716823785862,-0.0454846907898979));
#10651=CARTESIAN_POINT('',(0.104774999865278,0.10540812164013,-0.0225836480575517));
#10652=CARTESIAN_POINT('',(0.104774999865278,0.105730597888297,-0.0188977276746122));
#10653=CARTESIAN_POINT('',(-0.004675,-0.00935112052773995,-0.0155));
#10654=CARTESIAN_POINT('',(-0.004675,-0.00935112052773995,-0.0155));
#10655=CARTESIAN_POINT('',(-0.006125,-0.00935112052773995,-0.0155));
#10656=CARTESIAN_POINT('',(0.104775,0.045786960240787,-0.0155));
#10657=CARTESIAN_POINT('',(0.1285,0.100925041009312,-0.0155));
#10658=CARTESIAN_POINT('',(0.1285,0.100925041009312,-0.0155));
#10659=CARTESIAN_POINT('',(0.12705,0.100925041009312,-0.0155));
#10660=CARTESIAN_POINT('',(0.104775,0.045786960240787,-0.0155));
#10661=CARTESIAN_POINT('',(0.0381875,-0.00935112052773995,-0.0155));
#10662=CARTESIAN_POINT('',(0.0381875,-0.00935112052773995,-0.0155));
#10663=CARTESIAN_POINT('',(0.0367375,-0.00935112052773995,-0.0155));
#10664=CARTESIAN_POINT('',(0.104775,0.045786960240787,-0.0155));
#10665=CARTESIAN_POINT('',(0.1713625,-0.00935112052773995,-0.0155));
#10666=CARTESIAN_POINT('',(0.1713625,-0.00935112052773995,-0.0155));
#10667=CARTESIAN_POINT('',(0.1699125,-0.00935112052773995,-0.0155));
#10668=CARTESIAN_POINT('',(0.104775,0.045786960240787,-0.0155));
#10669=CARTESIAN_POINT('',(0.214225,-0.00935112052773995,-0.0155));
#10670=CARTESIAN_POINT('',(0.214225,-0.00935112052773995,-0.0155));
#10671=CARTESIAN_POINT('',(0.212775,-0.00935112052773995,-0.0155));
#10672=CARTESIAN_POINT('',(0.104775,0.045786960240787,-0.0155));
#10673=CARTESIAN_POINT('',(0.214225,0.100925041009312,-0.0155));
#10674=CARTESIAN_POINT('',(0.214225,0.100925041009312,-0.0155));
#10675=CARTESIAN_POINT('',(0.212775,0.100925041009312,-0.0155));
#10676=CARTESIAN_POINT('',(0.104775,0.045786960240787,-0.0155));
#10677=CARTESIAN_POINT('',(-0.004675,0.100925041009312,-0.0155));
#10678=CARTESIAN_POINT('',(-0.004675,0.100925041009312,-0.0155));
#10679=CARTESIAN_POINT('',(-0.006125,0.100925041009312,-0.0155));
#10680=CARTESIAN_POINT('',(0.104775,0.045786960240787,-0.0155));
#10681=CARTESIAN_POINT('',(0.066675,0.098925,-0.0118));
#10682=CARTESIAN_POINT('',(0.066675,0.077125,-0.0118));
#10683=CARTESIAN_POINT('',(0.0086,0.077125,-0.0118));
#10684=CARTESIAN_POINT('',(-0.000175,0.077125,-0.0118));
#10685=CARTESIAN_POINT('',(-0.000175,0.076375,-0.0118));
#10686=CARTESIAN_POINT('',(-0.000175,0.082375,-0.0118));
#10687=CARTESIAN_POINT('',(-0.000175,0.082875,-0.0118));
#10688=CARTESIAN_POINT('',(0.0040875,0.082875,-0.0118));
#10689=CARTESIAN_POINT('',(0.0086,0.082875,-0.0118));
#10690=CARTESIAN_POINT('',(0.0086,0.098925,-0.0118));
#10691=CARTESIAN_POINT('',(0.0040875,0.082875,-0.011798));
#10692=CARTESIAN_POINT('',(-0.000175,0.082875,-0.011798));
#10693=CARTESIAN_POINT('',(-0.000175,0.082875,-0.01925));
#10694=CARTESIAN_POINT('',(0.00885,0.082875,-0.01925));
#10695=CARTESIAN_POINT('',(0.00634475,0.082875,-0.01405525));
#10696=CARTESIAN_POINT('',(0.13407625,0.087015,-0.001));
#10697=CARTESIAN_POINT('',(0.13407625,0.087015,0.));
#10698=CARTESIAN_POINT('',(0.1307,0.087015,0.));
#10699=CARTESIAN_POINT('',(0.1374525,0.087015,0.));
#10700=CARTESIAN_POINT('',(0.1374525,0.087015,-0.001));
#10701=CARTESIAN_POINT('',(0.1374525,0.087015,-0.001));
#10702=CARTESIAN_POINT('',(0.13407625,0.087015,-0.001));
#10703=CARTESIAN_POINT('',(0.1307,0.087015,-0.001));
#10704=CARTESIAN_POINT('',(0.1307,0.087015,-0.001));
#10705=CARTESIAN_POINT('',(0.1374525,0.08633,-0.001));
#10706=CARTESIAN_POINT('',(0.1374525,0.08633,0.));
#10707=CARTESIAN_POINT('',(0.1374525,0.085645,0.));
#10708=CARTESIAN_POINT('',(0.1374525,0.085645,-0.001));
#10709=CARTESIAN_POINT('',(0.1374525,0.085645,-0.001));
#10710=CARTESIAN_POINT('',(0.1374525,0.08633,-0.001));
#10711=CARTESIAN_POINT('',(0.13407625,0.085645,-0.001));
#10712=CARTESIAN_POINT('',(0.13407625,0.085645,0.));
#10713=CARTESIAN_POINT('',(0.1307,0.085645,0.));
#10714=CARTESIAN_POINT('',(0.1307,0.085645,-0.001));
#10715=CARTESIAN_POINT('',(0.1307,0.085645,-0.001));
#10716=CARTESIAN_POINT('',(0.13407625,0.085645,-0.001));
#10717=CARTESIAN_POINT('',(0.13407625,0.084445,-0.001));
#10718=CARTESIAN_POINT('',(0.13407625,0.084445,0.));
#10719=CARTESIAN_POINT('',(0.1307,0.084445,0.));
#10720=CARTESIAN_POINT('',(0.1374525,0.084445,0.));
#10721=CARTESIAN_POINT('',(0.1374525,0.084445,-0.001));
#10722=CARTESIAN_POINT('',(0.1374525,0.084445,-0.001));
#10723=CARTESIAN_POINT('',(0.13407625,0.084445,-0.001));
#10724=CARTESIAN_POINT('',(0.1307,0.084445,-0.001));
#10725=CARTESIAN_POINT('',(0.1307,0.084445,-0.001));
#10726=CARTESIAN_POINT('',(0.1374525,0.08376,-0.001));
#10727=CARTESIAN_POINT('',(0.1374525,0.08376,0.));
#10728=CARTESIAN_POINT('',(0.1374525,0.083075,0.));
#10729=CARTESIAN_POINT('',(0.1374525,0.083075,-0.001));
#10730=CARTESIAN_POINT('',(0.1374525,0.083075,-0.001));
#10731=CARTESIAN_POINT('',(0.1374525,0.08376,-0.001));
#10732=CARTESIAN_POINT('',(0.13407625,0.083075,-0.001));
#10733=CARTESIAN_POINT('',(0.13407625,0.083075,0.));
#10734=CARTESIAN_POINT('',(0.1307,0.083075,0.));
#10735=CARTESIAN_POINT('',(0.1307,0.083075,-0.001));
#10736=CARTESIAN_POINT('',(0.1307,0.083075,-0.001));
#10737=CARTESIAN_POINT('',(0.13407625,0.083075,-0.001));
#10738=CARTESIAN_POINT('',(0.14202875,0.089585,-0.001));
#10739=CARTESIAN_POINT('',(0.14202875,0.089585,0.));
#10740=CARTESIAN_POINT('',(0.1386525,0.089585,0.));
#10741=CARTESIAN_POINT('',(0.145405,0.089585,0.));
#10742=CARTESIAN_POINT('',(0.145405,0.089585,-0.001));
#10743=CARTESIAN_POINT('',(0.145405,0.089585,-0.001));
#10744=CARTESIAN_POINT('',(0.14202875,0.089585,-0.001));
#10745=CARTESIAN_POINT('',(0.1386525,0.089585,-0.001));
#10746=CARTESIAN_POINT('',(0.1386525,0.089585,-0.001));
#10747=CARTESIAN_POINT('',(0.145405,0.0889,-0.001));
#10748=CARTESIAN_POINT('',(0.145405,0.0889,0.));
#10749=CARTESIAN_POINT('',(0.145405,0.088215,0.));
#10750=CARTESIAN_POINT('',(0.145405,0.088215,-0.001));
#10751=CARTESIAN_POINT('',(0.145405,0.088215,-0.001));
#10752=CARTESIAN_POINT('',(0.145405,0.0889,-0.001));
#10753=CARTESIAN_POINT('',(0.14202875,0.088215,-0.001));
#10754=CARTESIAN_POINT('',(0.14202875,0.088215,0.));
#10755=CARTESIAN_POINT('',(0.1386525,0.088215,0.));
#10756=CARTESIAN_POINT('',(0.1386525,0.088215,-0.001));
#10757=CARTESIAN_POINT('',(0.1386525,0.088215,-0.001));
#10758=CARTESIAN_POINT('',(0.14202875,0.088215,-0.001));
#10759=CARTESIAN_POINT('',(0.14202875,0.087015,-0.001));
#10760=CARTESIAN_POINT('',(0.14202875,0.087015,0.));
#10761=CARTESIAN_POINT('',(0.1386525,0.087015,0.));
#10762=CARTESIAN_POINT('',(0.145405,0.087015,0.));
#10763=CARTESIAN_POINT('',(0.145405,0.087015,-0.001));
#10764=CARTESIAN_POINT('',(0.145405,0.087015,-0.001));
#10765=CARTESIAN_POINT('',(0.14202875,0.087015,-0.001));
#10766=CARTESIAN_POINT('',(0.1386525,0.087015,-0.001));
#10767=CARTESIAN_POINT('',(0.1386525,0.087015,-0.001));
#10768=CARTESIAN_POINT('',(0.145405,0.08633,-0.001));
#10769=CARTESIAN_POINT('',(0.145405,0.08633,0.));
#10770=CARTESIAN_POINT('',(0.145405,0.085645,0.));
#10771=CARTESIAN_POINT('',(0.145405,0.085645,-0.001));
#10772=CARTESIAN_POINT('',(0.145405,0.085645,-0.001));
#10773=CARTESIAN_POINT('',(0.145405,0.08633,-0.001));
#10774=CARTESIAN_POINT('',(0.14202875,0.085645,-0.001));
#10775=CARTESIAN_POINT('',(0.14202875,0.085645,0.));
#10776=CARTESIAN_POINT('',(0.1386525,0.085645,0.));
#10777=CARTESIAN_POINT('',(0.1386525,0.085645,-0.001));
#10778=CARTESIAN_POINT('',(0.1386525,0.085645,-0.001));
#10779=CARTESIAN_POINT('',(0.14202875,0.085645,-0.001));
#10780=CARTESIAN_POINT('',(0.14202875,0.084445,-0.001));
#10781=CARTESIAN_POINT('',(0.14202875,0.084445,0.));
#10782=CARTESIAN_POINT('',(0.1386525,0.084445,0.));
#10783=CARTESIAN_POINT('',(0.145405,0.084445,0.));
#10784=CARTESIAN_POINT('',(0.145405,0.084445,-0.001));
#10785=CARTESIAN_POINT('',(0.145405,0.084445,-0.001));
#10786=CARTESIAN_POINT('',(0.14202875,0.084445,-0.001));
#10787=CARTESIAN_POINT('',(0.1386525,0.084445,-0.001));
#10788=CARTESIAN_POINT('',(0.1386525,0.084445,-0.001));
#10789=CARTESIAN_POINT('',(0.145405,0.08376,-0.001));
#10790=CARTESIAN_POINT('',(0.145405,0.08376,0.));
#10791=CARTESIAN_POINT('',(0.145405,0.083075,0.));
#10792=CARTESIAN_POINT('',(0.145405,0.083075,-0.001));
#10793=CARTESIAN_POINT('',(0.145405,0.083075,-0.001));
#10794=CARTESIAN_POINT('',(0.145405,0.08376,-0.001));
#10795=CARTESIAN_POINT('',(0.14202875,0.083075,-0.001));
#10796=CARTESIAN_POINT('',(0.14202875,0.083075,0.));
#10797=CARTESIAN_POINT('',(0.1386525,0.083075,0.));
#10798=CARTESIAN_POINT('',(0.1386525,0.083075,-0.001));
#10799=CARTESIAN_POINT('',(0.1386525,0.083075,-0.001));
#10800=CARTESIAN_POINT('',(0.14202875,0.083075,-0.001));
#10801=CARTESIAN_POINT('',(0.14998125,0.087015,-0.001));
#10802=CARTESIAN_POINT('',(0.14998125,0.087015,0.));
#10803=CARTESIAN_POINT('',(0.146605,0.087015,0.));
#10804=CARTESIAN_POINT('',(0.1533575,0.087015,0.));
#10805=CARTESIAN_POINT('',(0.1533575,0.087015,-0.001));
#10806=CARTESIAN_POINT('',(0.1533575,0.087015,-0.001));
#10807=CARTESIAN_POINT('',(0.14998125,0.087015,-0.001));
#10808=CARTESIAN_POINT('',(0.146605,0.087015,-0.001));
#10809=CARTESIAN_POINT('',(0.146605,0.087015,-0.001));
#10810=CARTESIAN_POINT('',(0.1533575,0.08633,-0.001));
#10811=CARTESIAN_POINT('',(0.1533575,0.08633,0.));
#10812=CARTESIAN_POINT('',(0.1533575,0.085645,0.));
#10813=CARTESIAN_POINT('',(0.1533575,0.085645,-0.001));
#10814=CARTESIAN_POINT('',(0.1533575,0.085645,-0.001));
#10815=CARTESIAN_POINT('',(0.1533575,0.08633,-0.001));
#10816=CARTESIAN_POINT('',(0.14998125,0.085645,-0.001));
#10817=CARTESIAN_POINT('',(0.14998125,0.085645,0.));
#10818=CARTESIAN_POINT('',(0.146605,0.085645,0.));
#10819=CARTESIAN_POINT('',(0.146605,0.085645,-0.001));
#10820=CARTESIAN_POINT('',(0.146605,0.085645,-0.001));
#10821=CARTESIAN_POINT('',(0.14998125,0.085645,-0.001));
#10822=CARTESIAN_POINT('',(0.14998125,0.084445,-0.001));
#10823=CARTESIAN_POINT('',(0.14998125,0.084445,0.));
#10824=CARTESIAN_POINT('',(0.146605,0.084445,0.));
#10825=CARTESIAN_POINT('',(0.1533575,0.084445,0.));
#10826=CARTESIAN_POINT('',(0.1533575,0.084445,-0.001));
#10827=CARTESIAN_POINT('',(0.1533575,0.084445,-0.001));
#10828=CARTESIAN_POINT('',(0.14998125,0.084445,-0.001));
#10829=CARTESIAN_POINT('',(0.146605,0.084445,-0.001));
#10830=CARTESIAN_POINT('',(0.146605,0.084445,-0.001));
#10831=CARTESIAN_POINT('',(0.1533575,0.08376,-0.001));
#10832=CARTESIAN_POINT('',(0.1533575,0.08376,0.));
#10833=CARTESIAN_POINT('',(0.1533575,0.083075,0.));
#10834=CARTESIAN_POINT('',(0.1533575,0.083075,-0.001));
#10835=CARTESIAN_POINT('',(0.1533575,0.083075,-0.001));
#10836=CARTESIAN_POINT('',(0.1533575,0.08376,-0.001));
#10837=CARTESIAN_POINT('',(0.14998125,0.083075,-0.001));
#10838=CARTESIAN_POINT('',(0.14998125,0.083075,0.));
#10839=CARTESIAN_POINT('',(0.146605,0.083075,0.));
#10840=CARTESIAN_POINT('',(0.146605,0.083075,-0.001));
#10841=CARTESIAN_POINT('',(0.146605,0.083075,-0.001));
#10842=CARTESIAN_POINT('',(0.14998125,0.083075,-0.001));
#10843=CARTESIAN_POINT('',(0.15793375,0.084445,-0.001));
#10844=CARTESIAN_POINT('',(0.15793375,0.084445,0.));
#10845=CARTESIAN_POINT('',(0.1545575,0.084445,0.));
#10846=CARTESIAN_POINT('',(0.16131,0.084445,0.));
#10847=CARTESIAN_POINT('',(0.16131,0.084445,-0.001));
#10848=CARTESIAN_POINT('',(0.16131,0.084445,-0.001));
#10849=CARTESIAN_POINT('',(0.15793375,0.084445,-0.001));
#10850=CARTESIAN_POINT('',(0.1545575,0.084445,-0.001));
#10851=CARTESIAN_POINT('',(0.1545575,0.084445,-0.001));
#10852=CARTESIAN_POINT('',(0.16131,0.08376,-0.001));
#10853=CARTESIAN_POINT('',(0.16131,0.08376,0.));
#10854=CARTESIAN_POINT('',(0.16131,0.083075,0.));
#10855=CARTESIAN_POINT('',(0.16131,0.083075,-0.001));
#10856=CARTESIAN_POINT('',(0.16131,0.083075,-0.001));
#10857=CARTESIAN_POINT('',(0.16131,0.08376,-0.001));
#10858=CARTESIAN_POINT('',(0.15793375,0.083075,-0.001));
#10859=CARTESIAN_POINT('',(0.15793375,0.083075,0.));
#10860=CARTESIAN_POINT('',(0.1545575,0.083075,0.));
#10861=CARTESIAN_POINT('',(0.1545575,0.083075,-0.001));
#10862=CARTESIAN_POINT('',(0.1545575,0.083075,-0.001));
#10863=CARTESIAN_POINT('',(0.15793375,0.083075,-0.001));
#10864=CARTESIAN_POINT('',(0.16588625,0.084445,-0.001));
#10865=CARTESIAN_POINT('',(0.16588625,0.084445,0.));
#10866=CARTESIAN_POINT('',(0.16251,0.084445,0.));
#10867=CARTESIAN_POINT('',(0.1692625,0.084445,0.));
#10868=CARTESIAN_POINT('',(0.1692625,0.084445,-0.001));
#10869=CARTESIAN_POINT('',(0.1692625,0.084445,-0.001));
#10870=CARTESIAN_POINT('',(0.16588625,0.084445,-0.001));
#10871=CARTESIAN_POINT('',(0.16251,0.084445,-0.001));
#10872=CARTESIAN_POINT('',(0.16251,0.084445,-0.001));
#10873=CARTESIAN_POINT('',(0.1692625,0.08376,-0.001));
#10874=CARTESIAN_POINT('',(0.1692625,0.08376,0.));
#10875=CARTESIAN_POINT('',(0.1692625,0.083075,0.));
#10876=CARTESIAN_POINT('',(0.1692625,0.083075,-0.001));
#10877=CARTESIAN_POINT('',(0.1692625,0.083075,-0.001));
#10878=CARTESIAN_POINT('',(0.1692625,0.08376,-0.001));
#10879=CARTESIAN_POINT('',(0.16588625,0.083075,-0.001));
#10880=CARTESIAN_POINT('',(0.16588625,0.083075,0.));
#10881=CARTESIAN_POINT('',(0.16251,0.083075,0.));
#10882=CARTESIAN_POINT('',(0.16251,0.083075,-0.001));
#10883=CARTESIAN_POINT('',(0.16251,0.083075,-0.001));
#10884=CARTESIAN_POINT('',(0.16588625,0.083075,-0.001));
#10885=CARTESIAN_POINT('',(0.17383875,0.087015,-0.001));
#10886=CARTESIAN_POINT('',(0.17383875,0.087015,0.));
#10887=CARTESIAN_POINT('',(0.1704625,0.087015,0.));
#10888=CARTESIAN_POINT('',(0.177215,0.087015,0.));
#10889=CARTESIAN_POINT('',(0.177215,0.087015,-0.001));
#10890=CARTESIAN_POINT('',(0.177215,0.087015,-0.001));
#10891=CARTESIAN_POINT('',(0.17383875,0.087015,-0.001));
#10892=CARTESIAN_POINT('',(0.1704625,0.087015,-0.001));
#10893=CARTESIAN_POINT('',(0.1704625,0.087015,-0.001));
#10894=CARTESIAN_POINT('',(0.177215,0.08633,-0.001));
#10895=CARTESIAN_POINT('',(0.177215,0.08633,0.));
#10896=CARTESIAN_POINT('',(0.177215,0.085645,0.));
#10897=CARTESIAN_POINT('',(0.177215,0.085645,-0.001));
#10898=CARTESIAN_POINT('',(0.177215,0.085645,-0.001));
#10899=CARTESIAN_POINT('',(0.177215,0.08633,-0.001));
#10900=CARTESIAN_POINT('',(0.17383875,0.085645,-0.001));
#10901=CARTESIAN_POINT('',(0.17383875,0.085645,0.));
#10902=CARTESIAN_POINT('',(0.1704625,0.085645,0.));
#10903=CARTESIAN_POINT('',(0.1704625,0.085645,-0.001));
#10904=CARTESIAN_POINT('',(0.1704625,0.085645,-0.001));
#10905=CARTESIAN_POINT('',(0.17383875,0.085645,-0.001));
#10906=CARTESIAN_POINT('',(0.17383875,0.084445,-0.001));
#10907=CARTESIAN_POINT('',(0.17383875,0.084445,0.));
#10908=CARTESIAN_POINT('',(0.1704625,0.084445,0.));
#10909=CARTESIAN_POINT('',(0.177215,0.084445,0.));
#10910=CARTESIAN_POINT('',(0.177215,0.084445,-0.001));
#10911=CARTESIAN_POINT('',(0.177215,0.084445,-0.001));
#10912=CARTESIAN_POINT('',(0.17383875,0.084445,-0.001));
#10913=CARTESIAN_POINT('',(0.1704625,0.084445,-0.001));
#10914=CARTESIAN_POINT('',(0.1704625,0.084445,-0.001));
#10915=CARTESIAN_POINT('',(0.177215,0.08376,-0.001));
#10916=CARTESIAN_POINT('',(0.177215,0.08376,0.));
#10917=CARTESIAN_POINT('',(0.177215,0.083075,0.));
#10918=CARTESIAN_POINT('',(0.177215,0.083075,-0.001));
#10919=CARTESIAN_POINT('',(0.177215,0.083075,-0.001));
#10920=CARTESIAN_POINT('',(0.177215,0.08376,-0.001));
#10921=CARTESIAN_POINT('',(0.17383875,0.083075,-0.001));
#10922=CARTESIAN_POINT('',(0.17383875,0.083075,0.));
#10923=CARTESIAN_POINT('',(0.1704625,0.083075,0.));
#10924=CARTESIAN_POINT('',(0.1704625,0.083075,-0.001));
#10925=CARTESIAN_POINT('',(0.1704625,0.083075,-0.001));
#10926=CARTESIAN_POINT('',(0.17383875,0.083075,-0.001));
#10927=CARTESIAN_POINT('',(0.18179125,0.092155,-0.001));
#10928=CARTESIAN_POINT('',(0.18179125,0.092155,0.));
#10929=CARTESIAN_POINT('',(0.178415,0.092155,0.));
#10930=CARTESIAN_POINT('',(0.1851675,0.092155,0.));
#10931=CARTESIAN_POINT('',(0.1851675,0.092155,-0.001));
#10932=CARTESIAN_POINT('',(0.1851675,0.092155,-0.001));
#10933=CARTESIAN_POINT('',(0.18179125,0.092155,-0.001));
#10934=CARTESIAN_POINT('',(0.178415,0.092155,-0.001));
#10935=CARTESIAN_POINT('',(0.178415,0.092155,-0.001));
#10936=CARTESIAN_POINT('',(0.1851675,0.09147,-0.001));
#10937=CARTESIAN_POINT('',(0.1851675,0.09147,0.));
#10938=CARTESIAN_POINT('',(0.1851675,0.090785,0.));
#10939=CARTESIAN_POINT('',(0.1851675,0.090785,-0.001));
#10940=CARTESIAN_POINT('',(0.1851675,0.090785,-0.001));
#10941=CARTESIAN_POINT('',(0.1851675,0.09147,-0.001));
#10942=CARTESIAN_POINT('',(0.18179125,0.090785,-0.001));
#10943=CARTESIAN_POINT('',(0.18179125,0.090785,0.));
#10944=CARTESIAN_POINT('',(0.178415,0.090785,0.));
#10945=CARTESIAN_POINT('',(0.178415,0.090785,-0.001));
#10946=CARTESIAN_POINT('',(0.178415,0.090785,-0.001));
#10947=CARTESIAN_POINT('',(0.18179125,0.090785,-0.001));
#10948=CARTESIAN_POINT('',(0.18179125,0.089585,-0.001));
#10949=CARTESIAN_POINT('',(0.18179125,0.089585,0.));
#10950=CARTESIAN_POINT('',(0.178415,0.089585,0.));
#10951=CARTESIAN_POINT('',(0.1851675,0.089585,0.));
#10952=CARTESIAN_POINT('',(0.1851675,0.089585,-0.001));
#10953=CARTESIAN_POINT('',(0.1851675,0.089585,-0.001));
#10954=CARTESIAN_POINT('',(0.18179125,0.089585,-0.001));
#10955=CARTESIAN_POINT('',(0.178415,0.089585,-0.001));
#10956=CARTESIAN_POINT('',(0.178415,0.089585,-0.001));
#10957=CARTESIAN_POINT('',(0.1851675,0.0889,-0.001));
#10958=CARTESIAN_POINT('',(0.1851675,0.0889,0.));
#10959=CARTESIAN_POINT('',(0.1851675,0.088215,0.));
#10960=CARTESIAN_POINT('',(0.1851675,0.088215,-0.001));
#10961=CARTESIAN_POINT('',(0.1851675,0.088215,-0.001));
#10962=CARTESIAN_POINT('',(0.1851675,0.0889,-0.001));
#10963=CARTESIAN_POINT('',(0.18179125,0.088215,-0.001));
#10964=CARTESIAN_POINT('',(0.18179125,0.088215,0.));
#10965=CARTESIAN_POINT('',(0.178415,0.088215,0.));
#10966=CARTESIAN_POINT('',(0.178415,0.088215,-0.001));
#10967=CARTESIAN_POINT('',(0.178415,0.088215,-0.001));
#10968=CARTESIAN_POINT('',(0.18179125,0.088215,-0.001));
#10969=CARTESIAN_POINT('',(0.18179125,0.087015,-0.001));
#10970=CARTESIAN_POINT('',(0.18179125,0.087015,0.));
#10971=CARTESIAN_POINT('',(0.178415,0.087015,0.));
#10972=CARTESIAN_POINT('',(0.1851675,0.087015,0.));
#10973=CARTESIAN_POINT('',(0.1851675,0.087015,-0.001));
#10974=CARTESIAN_POINT('',(0.1851675,0.087015,-0.001));
#10975=CARTESIAN_POINT('',(0.18179125,0.087015,-0.001));
#10976=CARTESIAN_POINT('',(0.178415,0.087015,-0.001));
#10977=CARTESIAN_POINT('',(0.178415,0.087015,-0.001));
#10978=CARTESIAN_POINT('',(0.1851675,0.08633,-0.001));
#10979=CARTESIAN_POINT('',(0.1851675,0.08633,0.));
#10980=CARTESIAN_POINT('',(0.1851675,0.085645,0.));
#10981=CARTESIAN_POINT('',(0.1851675,0.085645,-0.001));
#10982=CARTESIAN_POINT('',(0.1851675,0.085645,-0.001));
#10983=CARTESIAN_POINT('',(0.1851675,0.08633,-0.001));
#10984=CARTESIAN_POINT('',(0.18179125,0.085645,-0.001));
#10985=CARTESIAN_POINT('',(0.18179125,0.085645,0.));
#10986=CARTESIAN_POINT('',(0.178415,0.085645,0.));
#10987=CARTESIAN_POINT('',(0.178415,0.085645,-0.001));
#10988=CARTESIAN_POINT('',(0.178415,0.085645,-0.001));
#10989=CARTESIAN_POINT('',(0.18179125,0.085645,-0.001));
#10990=CARTESIAN_POINT('',(0.18179125,0.084445,-0.001));
#10991=CARTESIAN_POINT('',(0.18179125,0.084445,0.));
#10992=CARTESIAN_POINT('',(0.178415,0.084445,0.));
#10993=CARTESIAN_POINT('',(0.1851675,0.084445,0.));
#10994=CARTESIAN_POINT('',(0.1851675,0.084445,-0.001));
#10995=CARTESIAN_POINT('',(0.1851675,0.084445,-0.001));
#10996=CARTESIAN_POINT('',(0.18179125,0.084445,-0.001));
#10997=CARTESIAN_POINT('',(0.178415,0.084445,-0.001));
#10998=CARTESIAN_POINT('',(0.178415,0.084445,-0.001));
#10999=CARTESIAN_POINT('',(0.1851675,0.08376,-0.001));
#11000=CARTESIAN_POINT('',(0.1851675,0.08376,0.));
#11001=CARTESIAN_POINT('',(0.1851675,0.083075,0.));
#11002=CARTESIAN_POINT('',(0.1851675,0.083075,-0.001));
#11003=CARTESIAN_POINT('',(0.1851675,0.083075,-0.001));
#11004=CARTESIAN_POINT('',(0.1851675,0.08376,-0.001));
#11005=CARTESIAN_POINT('',(0.18179125,0.083075,-0.001));
#11006=CARTESIAN_POINT('',(0.18179125,0.083075,0.));
#11007=CARTESIAN_POINT('',(0.178415,0.083075,0.));
#11008=CARTESIAN_POINT('',(0.178415,0.083075,-0.001));
#11009=CARTESIAN_POINT('',(0.178415,0.083075,-0.001));
#11010=CARTESIAN_POINT('',(0.18179125,0.083075,-0.001));
#11011=CARTESIAN_POINT('',(0.18974375,0.094725,-0.001));
#11012=CARTESIAN_POINT('',(0.18974375,0.094725,0.));
#11013=CARTESIAN_POINT('',(0.1863675,0.094725,0.));
#11014=CARTESIAN_POINT('',(0.19312,0.094725,0.));
#11015=CARTESIAN_POINT('',(0.19312,0.094725,-0.001));
#11016=CARTESIAN_POINT('',(0.19312,0.094725,-0.001));
#11017=CARTESIAN_POINT('',(0.18974375,0.094725,-0.001));
#11018=CARTESIAN_POINT('',(0.1863675,0.094725,-0.001));
#11019=CARTESIAN_POINT('',(0.1863675,0.094725,-0.001));
#11020=CARTESIAN_POINT('',(0.19312,0.09404,-0.001));
#11021=CARTESIAN_POINT('',(0.19312,0.09404,0.));
#11022=CARTESIAN_POINT('',(0.19312,0.093355,0.));
#11023=CARTESIAN_POINT('',(0.19312,0.093355,-0.001));
#11024=CARTESIAN_POINT('',(0.19312,0.093355,-0.001));
#11025=CARTESIAN_POINT('',(0.19312,0.09404,-0.001));
#11026=CARTESIAN_POINT('',(0.18974375,0.093355,-0.001));
#11027=CARTESIAN_POINT('',(0.18974375,0.093355,0.));
#11028=CARTESIAN_POINT('',(0.1863675,0.093355,0.));
#11029=CARTESIAN_POINT('',(0.1863675,0.093355,-0.001));
#11030=CARTESIAN_POINT('',(0.1863675,0.093355,-0.001));
#11031=CARTESIAN_POINT('',(0.18974375,0.093355,-0.001));
#11032=CARTESIAN_POINT('',(0.18974375,0.092155,-0.001));
#11033=CARTESIAN_POINT('',(0.18974375,0.092155,0.));
#11034=CARTESIAN_POINT('',(0.1863675,0.092155,0.));
#11035=CARTESIAN_POINT('',(0.19312,0.092155,0.));
#11036=CARTESIAN_POINT('',(0.19312,0.092155,-0.001));
#11037=CARTESIAN_POINT('',(0.19312,0.092155,-0.001));
#11038=CARTESIAN_POINT('',(0.18974375,0.092155,-0.001));
#11039=CARTESIAN_POINT('',(0.1863675,0.092155,-0.001));
#11040=CARTESIAN_POINT('',(0.1863675,0.092155,-0.001));
#11041=CARTESIAN_POINT('',(0.19312,0.09147,-0.001));
#11042=CARTESIAN_POINT('',(0.19312,0.09147,0.));
#11043=CARTESIAN_POINT('',(0.19312,0.090785,0.));
#11044=CARTESIAN_POINT('',(0.19312,0.090785,-0.001));
#11045=CARTESIAN_POINT('',(0.19312,0.090785,-0.001));
#11046=CARTESIAN_POINT('',(0.19312,0.09147,-0.001));
#11047=CARTESIAN_POINT('',(0.18974375,0.090785,-0.001));
#11048=CARTESIAN_POINT('',(0.18974375,0.090785,0.));
#11049=CARTESIAN_POINT('',(0.1863675,0.090785,0.));
#11050=CARTESIAN_POINT('',(0.1863675,0.090785,-0.001));
#11051=CARTESIAN_POINT('',(0.1863675,0.090785,-0.001));
#11052=CARTESIAN_POINT('',(0.18974375,0.090785,-0.001));
#11053=CARTESIAN_POINT('',(0.18974375,0.089585,-0.001));
#11054=CARTESIAN_POINT('',(0.18974375,0.089585,0.));
#11055=CARTESIAN_POINT('',(0.1863675,0.089585,0.));
#11056=CARTESIAN_POINT('',(0.19312,0.089585,0.));
#11057=CARTESIAN_POINT('',(0.19312,0.089585,-0.001));
#11058=CARTESIAN_POINT('',(0.19312,0.089585,-0.001));
#11059=CARTESIAN_POINT('',(0.18974375,0.089585,-0.001));
#11060=CARTESIAN_POINT('',(0.1863675,0.089585,-0.001));
#11061=CARTESIAN_POINT('',(0.1863675,0.089585,-0.001));
#11062=CARTESIAN_POINT('',(0.19312,0.0889,-0.001));
#11063=CARTESIAN_POINT('',(0.19312,0.0889,0.));
#11064=CARTESIAN_POINT('',(0.19312,0.088215,0.));
#11065=CARTESIAN_POINT('',(0.19312,0.088215,-0.001));
#11066=CARTESIAN_POINT('',(0.19312,0.088215,-0.001));
#11067=CARTESIAN_POINT('',(0.19312,0.0889,-0.001));
#11068=CARTESIAN_POINT('',(0.18974375,0.088215,-0.001));
#11069=CARTESIAN_POINT('',(0.18974375,0.088215,0.));
#11070=CARTESIAN_POINT('',(0.1863675,0.088215,0.));
#11071=CARTESIAN_POINT('',(0.1863675,0.088215,-0.001));
#11072=CARTESIAN_POINT('',(0.1863675,0.088215,-0.001));
#11073=CARTESIAN_POINT('',(0.18974375,0.088215,-0.001));
#11074=CARTESIAN_POINT('',(0.18974375,0.087015,-0.001));
#11075=CARTESIAN_POINT('',(0.18974375,0.087015,0.));
#11076=CARTESIAN_POINT('',(0.1863675,0.087015,0.));
#11077=CARTESIAN_POINT('',(0.19312,0.087015,0.));
#11078=CARTESIAN_POINT('',(0.19312,0.087015,-0.001));
#11079=CARTESIAN_POINT('',(0.19312,0.087015,-0.001));
#11080=CARTESIAN_POINT('',(0.18974375,0.087015,-0.001));
#11081=CARTESIAN_POINT('',(0.1863675,0.087015,-0.001));
#11082=CARTESIAN_POINT('',(0.1863675,0.087015,-0.001));
#11083=CARTESIAN_POINT('',(0.19312,0.08633,-0.001));
#11084=CARTESIAN_POINT('',(0.19312,0.08633,0.));
#11085=CARTESIAN_POINT('',(0.19312,0.085645,0.));
#11086=CARTESIAN_POINT('',(0.19312,0.085645,-0.001));
#11087=CARTESIAN_POINT('',(0.19312,0.085645,-0.001));
#11088=CARTESIAN_POINT('',(0.19312,0.08633,-0.001));
#11089=CARTESIAN_POINT('',(0.18974375,0.085645,-0.001));
#11090=CARTESIAN_POINT('',(0.18974375,0.085645,0.));
#11091=CARTESIAN_POINT('',(0.1863675,0.085645,0.));
#11092=CARTESIAN_POINT('',(0.1863675,0.085645,-0.001));
#11093=CARTESIAN_POINT('',(0.1863675,0.085645,-0.001));
#11094=CARTESIAN_POINT('',(0.18974375,0.085645,-0.001));
#11095=CARTESIAN_POINT('',(0.18974375,0.084445,-0.001));
#11096=CARTESIAN_POINT('',(0.18974375,0.084445,0.));
#11097=CARTESIAN_POINT('',(0.1863675,0.084445,0.));
#11098=CARTESIAN_POINT('',(0.19312,0.084445,0.));
#11099=CARTESIAN_POINT('',(0.19312,0.084445,-0.001));
#11100=CARTESIAN_POINT('',(0.19312,0.084445,-0.001));
#11101=CARTESIAN_POINT('',(0.18974375,0.084445,-0.001));
#11102=CARTESIAN_POINT('',(0.1863675,0.084445,-0.001));
#11103=CARTESIAN_POINT('',(0.1863675,0.084445,-0.001));
#11104=CARTESIAN_POINT('',(0.19312,0.08376,-0.001));
#11105=CARTESIAN_POINT('',(0.19312,0.08376,0.));
#11106=CARTESIAN_POINT('',(0.19312,0.083075,0.));
#11107=CARTESIAN_POINT('',(0.19312,0.083075,-0.001));
#11108=CARTESIAN_POINT('',(0.19312,0.083075,-0.001));
#11109=CARTESIAN_POINT('',(0.19312,0.08376,-0.001));
#11110=CARTESIAN_POINT('',(0.18974375,0.083075,-0.001));
#11111=CARTESIAN_POINT('',(0.18974375,0.083075,0.));
#11112=CARTESIAN_POINT('',(0.1863675,0.083075,0.));
#11113=CARTESIAN_POINT('',(0.1863675,0.083075,-0.001));
#11114=CARTESIAN_POINT('',(0.1863675,0.083075,-0.001));
#11115=CARTESIAN_POINT('',(0.18974375,0.083075,-0.001));
#11116=CARTESIAN_POINT('',(0.19769625,0.089585,-0.001));
#11117=CARTESIAN_POINT('',(0.19769625,0.089585,0.));
#11118=CARTESIAN_POINT('',(0.19432,0.089585,0.));
#11119=CARTESIAN_POINT('',(0.2010725,0.089585,0.));
#11120=CARTESIAN_POINT('',(0.2010725,0.089585,-0.001));
#11121=CARTESIAN_POINT('',(0.2010725,0.089585,-0.001));
#11122=CARTESIAN_POINT('',(0.19769625,0.089585,-0.001));
#11123=CARTESIAN_POINT('',(0.19432,0.089585,-0.001));
#11124=CARTESIAN_POINT('',(0.19432,0.089585,-0.001));
#11125=CARTESIAN_POINT('',(0.2010725,0.0889,-0.001));
#11126=CARTESIAN_POINT('',(0.2010725,0.0889,0.));
#11127=CARTESIAN_POINT('',(0.2010725,0.088215,0.));
#11128=CARTESIAN_POINT('',(0.2010725,0.088215,-0.001));
#11129=CARTESIAN_POINT('',(0.2010725,0.088215,-0.001));
#11130=CARTESIAN_POINT('',(0.2010725,0.0889,-0.001));
#11131=CARTESIAN_POINT('',(0.19769625,0.088215,-0.001));
#11132=CARTESIAN_POINT('',(0.19769625,0.088215,0.));
#11133=CARTESIAN_POINT('',(0.19432,0.088215,0.));
#11134=CARTESIAN_POINT('',(0.19432,0.088215,-0.001));
#11135=CARTESIAN_POINT('',(0.19432,0.088215,-0.001));
#11136=CARTESIAN_POINT('',(0.19769625,0.088215,-0.001));
#11137=CARTESIAN_POINT('',(0.19769625,0.087015,-0.001));
#11138=CARTESIAN_POINT('',(0.19769625,0.087015,0.));
#11139=CARTESIAN_POINT('',(0.19432,0.087015,0.));
#11140=CARTESIAN_POINT('',(0.2010725,0.087015,0.));
#11141=CARTESIAN_POINT('',(0.2010725,0.087015,-0.001));
#11142=CARTESIAN_POINT('',(0.2010725,0.087015,-0.001));
#11143=CARTESIAN_POINT('',(0.19769625,0.087015,-0.001));
#11144=CARTESIAN_POINT('',(0.19432,0.087015,-0.001));
#11145=CARTESIAN_POINT('',(0.19432,0.087015,-0.001));
#11146=CARTESIAN_POINT('',(0.2010725,0.08633,-0.001));
#11147=CARTESIAN_POINT('',(0.2010725,0.08633,0.));
#11148=CARTESIAN_POINT('',(0.2010725,0.085645,0.));
#11149=CARTESIAN_POINT('',(0.2010725,0.085645,-0.001));
#11150=CARTESIAN_POINT('',(0.2010725,0.085645,-0.001));
#11151=CARTESIAN_POINT('',(0.2010725,0.08633,-0.001));
#11152=CARTESIAN_POINT('',(0.19769625,0.085645,-0.001));
#11153=CARTESIAN_POINT('',(0.19769625,0.085645,0.));
#11154=CARTESIAN_POINT('',(0.19432,0.085645,0.));
#11155=CARTESIAN_POINT('',(0.19432,0.085645,-0.001));
#11156=CARTESIAN_POINT('',(0.19432,0.085645,-0.001));
#11157=CARTESIAN_POINT('',(0.19769625,0.085645,-0.001));
#11158=CARTESIAN_POINT('',(0.19769625,0.084445,-0.001));
#11159=CARTESIAN_POINT('',(0.19769625,0.084445,0.));
#11160=CARTESIAN_POINT('',(0.19432,0.084445,0.));
#11161=CARTESIAN_POINT('',(0.2010725,0.084445,0.));
#11162=CARTESIAN_POINT('',(0.2010725,0.084445,-0.001));
#11163=CARTESIAN_POINT('',(0.2010725,0.084445,-0.001));
#11164=CARTESIAN_POINT('',(0.19769625,0.084445,-0.001));
#11165=CARTESIAN_POINT('',(0.19432,0.084445,-0.001));
#11166=CARTESIAN_POINT('',(0.19432,0.084445,-0.001));
#11167=CARTESIAN_POINT('',(0.2010725,0.08376,-0.001));
#11168=CARTESIAN_POINT('',(0.2010725,0.08376,0.));
#11169=CARTESIAN_POINT('',(0.2010725,0.083075,0.));
#11170=CARTESIAN_POINT('',(0.2010725,0.083075,-0.001));
#11171=CARTESIAN_POINT('',(0.2010725,0.083075,-0.001));
#11172=CARTESIAN_POINT('',(0.2010725,0.08376,-0.001));
#11173=CARTESIAN_POINT('',(0.19769625,0.083075,-0.001));
#11174=CARTESIAN_POINT('',(0.19769625,0.083075,0.));
#11175=CARTESIAN_POINT('',(0.19432,0.083075,0.));
#11176=CARTESIAN_POINT('',(0.19432,0.083075,-0.001));
#11177=CARTESIAN_POINT('',(0.19432,0.083075,-0.001));
#11178=CARTESIAN_POINT('',(0.19769625,0.083075,-0.001));
#11179=CARTESIAN_POINT('',(0.20564875,0.087015,-0.001));
#11180=CARTESIAN_POINT('',(0.20564875,0.087015,0.));
#11181=CARTESIAN_POINT('',(0.2022725,0.087015,0.));
#11182=CARTESIAN_POINT('',(0.209025,0.087015,0.));
#11183=CARTESIAN_POINT('',(0.209025,0.087015,-0.001));
#11184=CARTESIAN_POINT('',(0.209025,0.087015,-0.001));
#11185=CARTESIAN_POINT('',(0.20564875,0.087015,-0.001));
#11186=CARTESIAN_POINT('',(0.2022725,0.087015,-0.001));
#11187=CARTESIAN_POINT('',(0.2022725,0.087015,-0.001));
#11188=CARTESIAN_POINT('',(0.209025,0.08633,-0.001));
#11189=CARTESIAN_POINT('',(0.209025,0.08633,0.));
#11190=CARTESIAN_POINT('',(0.209025,0.085645,0.));
#11191=CARTESIAN_POINT('',(0.209025,0.085645,-0.001));
#11192=CARTESIAN_POINT('',(0.209025,0.085645,-0.001));
#11193=CARTESIAN_POINT('',(0.209025,0.08633,-0.001));
#11194=CARTESIAN_POINT('',(0.20564875,0.085645,-0.001));
#11195=CARTESIAN_POINT('',(0.20564875,0.085645,0.));
#11196=CARTESIAN_POINT('',(0.2022725,0.085645,0.));
#11197=CARTESIAN_POINT('',(0.2022725,0.085645,-0.001));
#11198=CARTESIAN_POINT('',(0.2022725,0.085645,-0.001));
#11199=CARTESIAN_POINT('',(0.20564875,0.085645,-0.001));
#11200=CARTESIAN_POINT('',(0.20564875,0.084445,-0.001));
#11201=CARTESIAN_POINT('',(0.20564875,0.084445,0.));
#11202=CARTESIAN_POINT('',(0.2022725,0.084445,0.));
#11203=CARTESIAN_POINT('',(0.209025,0.084445,0.));
#11204=CARTESIAN_POINT('',(0.209025,0.084445,-0.001));
#11205=CARTESIAN_POINT('',(0.209025,0.084445,-0.001));
#11206=CARTESIAN_POINT('',(0.20564875,0.084445,-0.001));
#11207=CARTESIAN_POINT('',(0.2022725,0.084445,-0.001));
#11208=CARTESIAN_POINT('',(0.2022725,0.084445,-0.001));
#11209=CARTESIAN_POINT('',(0.209025,0.08376,-0.001));
#11210=CARTESIAN_POINT('',(0.209025,0.08376,0.));
#11211=CARTESIAN_POINT('',(0.209025,0.083075,0.));
#11212=CARTESIAN_POINT('',(0.209025,0.083075,-0.001));
#11213=CARTESIAN_POINT('',(0.209025,0.083075,-0.001));
#11214=CARTESIAN_POINT('',(0.209025,0.08376,-0.001));
#11215=CARTESIAN_POINT('',(0.20564875,0.083075,-0.001));
#11216=CARTESIAN_POINT('',(0.20564875,0.083075,0.));
#11217=CARTESIAN_POINT('',(0.2022725,0.083075,0.));
#11218=CARTESIAN_POINT('',(0.2022725,0.083075,-0.001));
#11219=CARTESIAN_POINT('',(0.2022725,0.083075,-0.001));
#11220=CARTESIAN_POINT('',(0.20564875,0.083075,-0.001));
#11221=CARTESIAN_POINT('',(0.1295,0.0889,-0.001));
#11222=CARTESIAN_POINT('',(0.1295,0.081875,-0.001));
#11223=CARTESIAN_POINT('',(0.1295,0.081875,-0.001));
#11224=CARTESIAN_POINT('',(0.1295,0.0889,-0.001));
#11225=CARTESIAN_POINT('',(0.1295,0.095925,-0.001));
#11226=CARTESIAN_POINT('',(0.1295,0.095925,-0.001));
#11227=CARTESIAN_POINT('',(0.1698625,0.081875,-0.001));
#11228=CARTESIAN_POINT('',(0.210225,0.081875,-0.001));
#11229=CARTESIAN_POINT('',(0.210225,0.081875,-0.001));
#11230=CARTESIAN_POINT('',(0.1698625,0.081875,-0.001));
#11231=CARTESIAN_POINT('',(0.210225,0.0889,-0.001));
#11232=CARTESIAN_POINT('',(0.210225,0.095925,-0.001));
#11233=CARTESIAN_POINT('',(0.210225,0.095925,-0.001));
#11234=CARTESIAN_POINT('',(0.210225,0.0889,-0.001));
#11235=CARTESIAN_POINT('',(0.1307,0.08376,-0.001));
#11236=CARTESIAN_POINT('',(0.1307,0.08376,0.));
#11237=CARTESIAN_POINT('',(0.1307,0.08376,-0.001));
#11238=CARTESIAN_POINT('',(0.1386525,0.0889,-0.001));
#11239=CARTESIAN_POINT('',(0.1386525,0.0889,0.));
#11240=CARTESIAN_POINT('',(0.1386525,0.0889,-0.001));
#11241=CARTESIAN_POINT('',(0.1386525,0.08633,-0.001));
#11242=CARTESIAN_POINT('',(0.1386525,0.08633,0.));
#11243=CARTESIAN_POINT('',(0.1386525,0.08633,-0.001));
#11244=CARTESIAN_POINT('',(0.1386525,0.08376,-0.001));
#11245=CARTESIAN_POINT('',(0.1386525,0.08376,0.));
#11246=CARTESIAN_POINT('',(0.1386525,0.08376,-0.001));
#11247=CARTESIAN_POINT('',(0.146605,0.08633,-0.001));
#11248=CARTESIAN_POINT('',(0.146605,0.08633,0.));
#11249=CARTESIAN_POINT('',(0.146605,0.08633,-0.001));
#11250=CARTESIAN_POINT('',(0.146605,0.08376,-0.001));
#11251=CARTESIAN_POINT('',(0.146605,0.08376,0.));
#11252=CARTESIAN_POINT('',(0.146605,0.08376,-0.001));
#11253=CARTESIAN_POINT('',(0.1545575,0.08376,-0.001));
#11254=CARTESIAN_POINT('',(0.1545575,0.08376,0.));
#11255=CARTESIAN_POINT('',(0.1545575,0.08376,-0.001));
#11256=CARTESIAN_POINT('',(0.16251,0.08376,-0.001));
#11257=CARTESIAN_POINT('',(0.16251,0.08376,0.));
#11258=CARTESIAN_POINT('',(0.16251,0.08376,-0.001));
#11259=CARTESIAN_POINT('',(0.1704625,0.08633,-0.001));
#11260=CARTESIAN_POINT('',(0.1704625,0.08633,0.));
#11261=CARTESIAN_POINT('',(0.1704625,0.08633,-0.001));
#11262=CARTESIAN_POINT('',(0.1704625,0.08376,-0.001));
#11263=CARTESIAN_POINT('',(0.1704625,0.08376,0.));
#11264=CARTESIAN_POINT('',(0.1704625,0.08376,-0.001));
#11265=CARTESIAN_POINT('',(0.178415,0.09147,-0.001));
#11266=CARTESIAN_POINT('',(0.178415,0.09147,0.));
#11267=CARTESIAN_POINT('',(0.178415,0.09147,-0.001));
#11268=CARTESIAN_POINT('',(0.178415,0.0889,-0.001));
#11269=CARTESIAN_POINT('',(0.178415,0.0889,0.));
#11270=CARTESIAN_POINT('',(0.178415,0.0889,-0.001));
#11271=CARTESIAN_POINT('',(0.178415,0.08633,-0.001));
#11272=CARTESIAN_POINT('',(0.178415,0.08633,0.));
#11273=CARTESIAN_POINT('',(0.178415,0.08633,-0.001));
#11274=CARTESIAN_POINT('',(0.178415,0.08376,-0.001));
#11275=CARTESIAN_POINT('',(0.178415,0.08376,0.));
#11276=CARTESIAN_POINT('',(0.178415,0.08376,-0.001));
#11277=CARTESIAN_POINT('',(0.1863675,0.09404,-0.001));
#11278=CARTESIAN_POINT('',(0.1863675,0.09404,0.));
#11279=CARTESIAN_POINT('',(0.1863675,0.09404,-0.001));
#11280=CARTESIAN_POINT('',(0.1863675,0.09147,-0.001));
#11281=CARTESIAN_POINT('',(0.1863675,0.09147,0.));
#11282=CARTESIAN_POINT('',(0.1863675,0.09147,-0.001));
#11283=CARTESIAN_POINT('',(0.1863675,0.0889,-0.001));
#11284=CARTESIAN_POINT('',(0.1863675,0.0889,0.));
#11285=CARTESIAN_POINT('',(0.1863675,0.0889,-0.001));
#11286=CARTESIAN_POINT('',(0.1863675,0.08633,-0.001));
#11287=CARTESIAN_POINT('',(0.1863675,0.08633,0.));
#11288=CARTESIAN_POINT('',(0.1863675,0.08633,-0.001));
#11289=CARTESIAN_POINT('',(0.1863675,0.08376,-0.001));
#11290=CARTESIAN_POINT('',(0.1863675,0.08376,0.));
#11291=CARTESIAN_POINT('',(0.1863675,0.08376,-0.001));
#11292=CARTESIAN_POINT('',(0.19432,0.0889,-0.001));
#11293=CARTESIAN_POINT('',(0.19432,0.0889,0.));
#11294=CARTESIAN_POINT('',(0.19432,0.0889,-0.001));
#11295=CARTESIAN_POINT('',(0.19432,0.08633,-0.001));
#11296=CARTESIAN_POINT('',(0.19432,0.08633,0.));
#11297=CARTESIAN_POINT('',(0.19432,0.08633,-0.001));
#11298=CARTESIAN_POINT('',(0.19432,0.08376,-0.001));
#11299=CARTESIAN_POINT('',(0.19432,0.08376,0.));
#11300=CARTESIAN_POINT('',(0.19432,0.08376,-0.001));
#11301=CARTESIAN_POINT('',(0.2022725,0.08633,-0.001));
#11302=CARTESIAN_POINT('',(0.2022725,0.08633,0.));
#11303=CARTESIAN_POINT('',(0.2022725,0.08633,-0.001));
#11304=CARTESIAN_POINT('',(0.2022725,0.08376,-0.001));
#11305=CARTESIAN_POINT('',(0.2022725,0.08376,0.));
#11306=CARTESIAN_POINT('',(0.2022725,0.08376,-0.001));
#11307=CARTESIAN_POINT('',(0.1698625,0.095925,-0.001));
#11308=CARTESIAN_POINT('',(0.1698625,0.095925,-0.001));
#11309=CARTESIAN_POINT('',(0.1307,0.08633,-0.001));
#11310=CARTESIAN_POINT('',(0.1307,0.08633,0.));
#11311=CARTESIAN_POINT('',(0.1307,0.08633,-0.001));
#11312=CARTESIAN_POINT('',(0.104775,0.04524375,-0.001));
#11313=CARTESIAN_POINT('',(0.104775,0.04524375,0.));
#11314=CARTESIAN_POINT('',(0.104775,0.04524375,0.));
#11315=CARTESIAN_POINT('',(0.104775,0.04524375,0.));
#11316=CARTESIAN_POINT('',(0.104775,0.04524375,0.));
#11317=CARTESIAN_POINT('',(0.104775,0.04524375,0.));
#11318=CARTESIAN_POINT('',(0.104775,0.04524375,0.));
#11319=CARTESIAN_POINT('',(0.104775,0.04524375,0.));
#11320=CARTESIAN_POINT('',(0.104775,0.04524375,0.));
#11321=CARTESIAN_POINT('',(0.104775,0.04524375,0.));
#11322=CARTESIAN_POINT('',(0.104775,0.04524375,0.));
#11323=CARTESIAN_POINT('',(0.104775,0.04524375,0.));
#11324=CARTESIAN_POINT('',(0.104775,0.04524375,0.));
#11325=CARTESIAN_POINT('',(0.104775,0.04524375,0.));
#11326=CARTESIAN_POINT('',(0.104775,0.04524375,0.));
#11327=CARTESIAN_POINT('',(0.104775,0.04524375,0.));
#11328=CARTESIAN_POINT('',(0.104775,0.04524375,0.));
#11329=CARTESIAN_POINT('',(0.104775,0.04524375,0.));
#11330=CARTESIAN_POINT('',(0.104775,0.04524375,0.));
#11331=CARTESIAN_POINT('',(0.104775,0.04524375,0.));
#11332=CARTESIAN_POINT('',(0.104775,0.04524375,0.));
#11333=CARTESIAN_POINT('',(0.104775,0.04524375,0.));
#11334=CARTESIAN_POINT('',(0.104775,0.04524375,0.));
#11335=CARTESIAN_POINT('',(0.104775,0.04524375,0.));
#11336=CARTESIAN_POINT('',(0.104775,0.04524375,0.));
#11337=CARTESIAN_POINT('',(0.104775,0.04524375,0.));
#11338=CARTESIAN_POINT('',(0.104775,0.018375,-0.007));
#11339=CARTESIAN_POINT('',(0.104775,0.018375,-0.00675));
#11340=CARTESIAN_POINT('',(0.1660125,0.018375,-0.00025));
#11341=CARTESIAN_POINT('',(0.04695,0.0047625,-0.007));
#11342=CARTESIAN_POINT('',(0.04695,0.0144625,0.));
#11343=CARTESIAN_POINT('',(0.04695,0.0144625,-0.00675));
#11344=CARTESIAN_POINT('',(0.04695,0.0144625,-0.00025));
#11345=CARTESIAN_POINT('',(0.04695,0.0047625,-0.00025));
#11346=CARTESIAN_POINT('',(0.04695,-0.0049375,-0.00025));
#11347=CARTESIAN_POINT('',(0.04695,-0.0049375,-0.007));
#11348=CARTESIAN_POINT('',(0.04695,-0.0049375,-0.00675));
#11349=CARTESIAN_POINT('',(0.04695,0.0144625,-0.00675));
#11350=CARTESIAN_POINT('',(0.0758625,0.0149625,-0.007));
#11351=CARTESIAN_POINT('',(0.1621,0.0149625,-0.007));
#11352=CARTESIAN_POINT('',(0.1621,0.0149625,-0.00675));
#11353=CARTESIAN_POINT('',(0.1621,0.0149625,-0.00025));
#11354=CARTESIAN_POINT('',(0.0758625,0.0149625,-0.00025));
#11355=CARTESIAN_POINT('',(0.04745,0.0149625,-0.00025));
#11356=CARTESIAN_POINT('',(0.04745,0.0149625,-0.007));
#11357=CARTESIAN_POINT('',(0.04745,0.0149625,-0.00675));
#11358=CARTESIAN_POINT('',(0.1621,0.0149625,-0.00675));
#11359=CARTESIAN_POINT('',(0.1626,0.0047625,-0.007));
#11360=CARTESIAN_POINT('',(0.1626,-0.0049375,0.));
#11361=CARTESIAN_POINT('',(0.1626,-0.0049375,-0.00675));
#11362=CARTESIAN_POINT('',(0.1626,-0.0049375,-0.00025));
#11363=CARTESIAN_POINT('',(0.1626,0.0144625,-0.00025));
#11364=CARTESIAN_POINT('',(0.1626,0.0144625,-0.00025));
#11365=CARTESIAN_POINT('',(0.1626,0.0144625,-0.007));
#11366=CARTESIAN_POINT('',(0.1626,0.0144625,-0.00675));
#11367=CARTESIAN_POINT('',(0.1626,0.0047625,-0.00675));
#11368=CARTESIAN_POINT('',(0.104775,0.04524375,-0.007));
#11369=CARTESIAN_POINT('',(0.0467,-0.0049375,-0.007));
#11370=CARTESIAN_POINT('',(0.0467,0.0144625,-0.007));
#11371=CARTESIAN_POINT('',(0.0467,-0.0049375,-0.007));
#11372=CARTESIAN_POINT('',(0.04745,-0.0049375,-0.007));
#11373=CARTESIAN_POINT('',(0.0440375,-0.0049375,-0.007));
#11374=CARTESIAN_POINT('',(0.0435375,-0.0049375,-0.007));
#11375=CARTESIAN_POINT('',(0.0435375,0.00646875,-0.007));
#11376=CARTESIAN_POINT('',(0.0435375,-0.000734016994374948,-0.007));
#11377=CARTESIAN_POINT('',(0.0430375,-0.000175,-0.007));
#11378=CARTESIAN_POINT('',(0.0437875,-0.000175,-0.007));
#11379=CARTESIAN_POINT('',(0.0437875,0.018375,-0.007));
#11380=CARTESIAN_POINT('',(0.0437875,0.018125,-0.007));
#11381=CARTESIAN_POINT('',(0.104775,0.018125,-0.007));
#11382=CARTESIAN_POINT('',(0.1657625,0.018125,-0.007));
#11383=CARTESIAN_POINT('',(0.1657625,0.04524375,-0.007));
#11384=CARTESIAN_POINT('',(0.1657625,-0.000175,-0.007));
#11385=CARTESIAN_POINT('',(0.1665125,-0.000175,-0.007));
#11386=CARTESIAN_POINT('',(0.1660125,-0.000734016994374948,-0.007));
#11387=CARTESIAN_POINT('',(0.1660125,0.00646875,-0.007));
#11388=CARTESIAN_POINT('',(0.1660125,-0.0049375,-0.007));
#11389=CARTESIAN_POINT('',(0.1655125,-0.0049375,-0.007));
#11390=CARTESIAN_POINT('',(0.1621,-0.0049375,-0.007));
#11391=CARTESIAN_POINT('',(0.16285,-0.0049375,-0.007));
#11392=CARTESIAN_POINT('',(0.16285,0.04524375,-0.007));
#11393=CARTESIAN_POINT('',(0.16285,0.0144625,-0.007));
#11394=CARTESIAN_POINT('',(0.1621,0.0144625,-0.007));
#11395=CARTESIAN_POINT('',(0.1621,0.0152125,-0.007));
#11396=CARTESIAN_POINT('',(0.04745,0.0152125,-0.007));
#11397=CARTESIAN_POINT('',(0.04745,0.0152125,-0.007));
#11398=CARTESIAN_POINT('',(0.04745,0.0144625,-0.007));
#11399=CARTESIAN_POINT('',(0.1660125,-0.00305625,-0.011802));
#11400=CARTESIAN_POINT('',(0.1660125,-0.00305625,-0.01155));
#11401=CARTESIAN_POINT('',(0.1660125,-0.0049375,-0.01155));
#11402=CARTESIAN_POINT('',(0.1660125,-0.0049375,-0.011802));
#11403=CARTESIAN_POINT('',(0.1660125,-0.000734016994374948,-0.007));
#11404=CARTESIAN_POINT('',(0.1660125,-0.000714516801345205,-0.00698546541427038));
#11405=CARTESIAN_POINT('',(0.1660125,-0.00069485826445756,-0.00697114869464709));
#11406=CARTESIAN_POINT('',(0.1660125,-0.000675,-0.00695710678118655));
#11407=CARTESIAN_POINT('',(0.0435375,-0.00305625,-0.011802));
#11408=CARTESIAN_POINT('',(0.0435375,-0.0049375,-0.0118));
#11409=CARTESIAN_POINT('',(0.0435375,-0.0049375,-0.01155));
#11410=CARTESIAN_POINT('',(0.0435375,-0.000675,-0.01155));
#11411=CARTESIAN_POINT('',(0.0435375,-0.000675,-0.00695710678118655));
#11412=CARTESIAN_POINT('',(0.0435375,-0.00069485826445756,-0.00697114869464709));
#11413=CARTESIAN_POINT('',(0.0435375,-0.000714516801345205,-0.00698546541427038));
#11414=CARTESIAN_POINT('',(0.0435375,-0.000734016994374948,-0.007));
#11415=CARTESIAN_POINT('',(0.113524999865278,0.104517105814809,-0.0184258639864729));
#11416=CARTESIAN_POINT('',(0.113524984032511,0.104948829797077,-0.0192280929087606));
#11417=CARTESIAN_POINT('',(0.113584136443614,0.104948843335701,-0.0192279596529065));
#11418=CARTESIAN_POINT('',(0.113706127563408,0.104932437768678,-0.0192290387320424));
#11419=CARTESIAN_POINT('',(0.113897327329543,0.10479756485338,-0.0192347760092584));
#11420=CARTESIAN_POINT('',(0.113974544593515,0.104686117504214,-0.0192400809904806));
#11421=CARTESIAN_POINT('',(0.114024999865278,0.104531582728367,-0.0192462556294688));
#11422=CARTESIAN_POINT('',(0.114024999865278,0.104445003256422,-0.01925));
#11423=CARTESIAN_POINT('',(0.113524999865278,0.104598108417593,-0.0175));
#11424=CARTESIAN_POINT('',(0.113524999865278,0.105096205766638,-0.0175435778713738));
#11425=CARTESIAN_POINT('',(0.114024999865278,0.105096205766638,-0.0175435778713738));
#11426=CARTESIAN_POINT('',(0.114024999865278,0.104598108417593,-0.0175));
#11427=CARTESIAN_POINT('',(0.113524999865268,0.105153466966046,-0.0168890793672325));
#11428=CARTESIAN_POINT('',(0.114036540181833,0.105165624184485,-0.0167501217247207));
#11429=CARTESIAN_POINT('',(0.114024999865278,0.104655369617005,-0.016714601795033));
#11430=CARTESIAN_POINT('',(0.112983284519017,0.105267533473809,-0.0155852932175069));
#11431=CARTESIAN_POINT('',(0.113391998279471,0.105304927094387,-0.015157882178439));
#11432=CARTESIAN_POINT('',(0.113374941449762,0.104769436124764,-0.0151500584153642));
#11433=CARTESIAN_POINT('',(0.111679498369673,0.105314927425452,-0.0150435778713836));
#11434=CARTESIAN_POINT('',(0.111822895993384,0.105362484326945,-0.014500000000004));
#11435=CARTESIAN_POINT('',(0.111810398070548,0.104816830076398,-0.0145));
#11436=CARTESIAN_POINT('',(0.111024999865278,0.105314927425453,-0.0150435778713738));
#11437=CARTESIAN_POINT('',(0.111024999865278,0.105362484326942,-0.0145));
#11438=CARTESIAN_POINT('',(0.111024999865278,0.104816830076407,-0.0145));
#11439=CARTESIAN_POINT('',(0.111024999865278,0.104816830076407,-0.015));
#11440=CARTESIAN_POINT('',(0.104774999865278,0.104816830076407,-0.015));
#11441=CARTESIAN_POINT('',(0.0985249998652776,0.104816830076407,-0.015));
#11442=CARTESIAN_POINT('',(0.0985249998652776,0.105314927425453,-0.0150435778713739));
#11443=CARTESIAN_POINT('',(0.0985249998652776,0.105362484326942,-0.0145));
#11444=CARTESIAN_POINT('',(0.0985249998652776,0.104816830076407,-0.0145));
#11445=CARTESIAN_POINT('',(0.0978705013608776,0.105314927425452,-0.0150435778713853));
#11446=CARTESIAN_POINT('',(0.0977271037371138,0.105362484326926,-0.014500000000004));
#11447=CARTESIAN_POINT('',(0.0977396016600031,0.104816830076398,-0.0145));
#11448=CARTESIAN_POINT('',(0.0965667152115403,0.105267533473809,-0.0155852932175047));
#11449=CARTESIAN_POINT('',(0.0961580014511152,0.105304927094383,-0.0151578821784784));
#11450=CARTESIAN_POINT('',(0.0961750582807956,0.104769436124764,-0.0151500584153647));
#11451=CARTESIAN_POINT('',(0.0960249998652867,0.105153466966045,-0.0168890793672352));
#11452=CARTESIAN_POINT('',(0.0955134595487001,0.105165624184507,-0.0167501217246936));
#11453=CARTESIAN_POINT('',(0.0955249998652776,0.104655369617005,-0.0167146017950322));
#11454=CARTESIAN_POINT('',(0.0960249998652776,0.105096205766638,-0.0175435778713738));
#11455=CARTESIAN_POINT('',(0.0955249998652776,0.105096205766638,-0.0175435778713738));
#11456=CARTESIAN_POINT('',(0.0955249998652776,0.104598108417593,-0.0175));
#11457=CARTESIAN_POINT('',(0.0960249998652776,0.104598108417593,-0.0175));
#11458=CARTESIAN_POINT('',(0.0960249998652776,0.104517105814809,-0.0184258639864729));
#11459=CARTESIAN_POINT('',(0.0955249998652776,0.104445003256422,-0.01925));
#11460=CARTESIAN_POINT('',(0.0955249998652776,0.10461486627376,-0.019242653800466));
#11461=CARTESIAN_POINT('',(0.0956987718573367,0.104896173522947,-0.0192340600075125));
#11462=CARTESIAN_POINT('',(0.0959317874064994,0.104948851134885,-0.019227882888317));
#11463=CARTESIAN_POINT('',(0.096025015698044,0.104948829797077,-0.0192280929087606));
#11464=CARTESIAN_POINT('',(0.062484319,0.101425,-0.0118));
#11465=CARTESIAN_POINT('',(-0.000175,0.082375,-0.011798));
#11466=CARTESIAN_POINT('',(-0.000175,0.082375,-0.01925));
#11467=CARTESIAN_POINT('',(0.00935,0.101425,-0.012798));
#11468=CARTESIAN_POINT('',(0.00935,0.101425,-0.01925));
#11469=CARTESIAN_POINT('',(0.0216530810000001,0.101425,-0.012798));
#11470=CARTESIAN_POINT('',(0.0692780810000001,0.101425,-0.012798));
#11471=CARTESIAN_POINT('',(0.124,0.101425,-0.0078));
#11472=CARTESIAN_POINT('',(0.124,0.101425,-0.01925));
#11473=CARTESIAN_POINT('',(0.156590678,0.082375,-0.012798));
#11474=CARTESIAN_POINT('',(0.149796922,0.082375,-0.0118));
#11475=CARTESIAN_POINT('',(0.197421922,0.082375,-0.0118));
#11476=CARTESIAN_POINT('',(0.209725,0.082375,-0.0078));
#11477=CARTESIAN_POINT('',(0.209725,0.082375,-0.01925));
#11478=CARTESIAN_POINT('',(0.0440375,-0.0049375,-0.0078));
#11479=CARTESIAN_POINT('',(0.0440375,-0.0049375,-0.01155));
#11480=CARTESIAN_POINT('',(0.202184419,-0.006175,-0.012798));
#11481=CARTESIAN_POINT('',(0.209725,-0.006175,-0.012798));
#11482=CARTESIAN_POINT('',(0.209725,-0.006175,-0.01925));
#11483=CARTESIAN_POINT('',(0.1655125,-0.0049375,-0.011802));
#11484=CARTESIAN_POINT('',(0.1655125,-0.0049375,-0.01155));
#11485=CARTESIAN_POINT('',(0.161283328,-0.0109375,-0.0118));
#11486=CARTESIAN_POINT('',(0.1668625,-0.0109375,-0.012798));
#11487=CARTESIAN_POINT('',(0.1668625,-0.0109375,-0.01925));
#11488=CARTESIAN_POINT('',(0.154489566,-0.0109375,-0.012798));
#11489=CARTESIAN_POINT('',(0.0481968220000001,-0.0109375,-0.012798));
#11490=CARTESIAN_POINT('',(0.054990578,-0.0109375,-0.0118));
#11491=CARTESIAN_POINT('',(0.0426875,-0.0109375,-0.012798));
#11492=CARTESIAN_POINT('',(0.0426875,-0.0109375,-0.01925));
#11493=CARTESIAN_POINT('',(0.007365578,-0.006175,-0.0118));
#11494=CARTESIAN_POINT('',(-0.000175,-0.006175,-0.0078));
#11495=CARTESIAN_POINT('',(-0.000175,-0.006175,-0.01925));
#11496=CARTESIAN_POINT('',(0.1621,0.0144625,-0.007));
#11497=CARTESIAN_POINT('',(0.1621,0.0144625,-0.00025));
#11498=CARTESIAN_POINT('',(0.1621,0.0144625,-0.00675));
#11499=CARTESIAN_POINT('',(0.04745,-0.0049375,-0.0078));
#11500=CARTESIAN_POINT('',(0.04745,-0.0049375,-0.00025));
#11501=CARTESIAN_POINT('',(0.04745,-0.0049375,-0.00675));
#11502=CARTESIAN_POINT('',(0.1665125,-0.000175,-0.0078));
#11503=CARTESIAN_POINT('',(0.1665125,-0.000175,-0.00675));
#11504=CARTESIAN_POINT('',(0.1665125,-0.000175,-0.00025));
#11505=CARTESIAN_POINT('',(-0.000175,-0.000175,-0.0078));
#11506=CARTESIAN_POINT('',(-0.000175,-0.000175,-0.00025));
#11507=CARTESIAN_POINT('',(0.0430375,-0.000175,-0.007));
#11508=CARTESIAN_POINT('',(0.0430375,-0.000175,-0.00675));
#11509=CARTESIAN_POINT('',(0.0430375,-0.000175,-0.00025));
#11510=CARTESIAN_POINT('',(0.1621,-0.0049375,-0.007));
#11511=CARTESIAN_POINT('',(0.1621,-0.0049375,-0.00025));
#11512=CARTESIAN_POINT('',(0.1621,-0.0049375,-0.00675));
#11513=CARTESIAN_POINT('',(0.209725,-0.000175,-0.0078));
#11514=CARTESIAN_POINT('',(0.209725,-0.000175,-0.00025));
#11515=CARTESIAN_POINT('',(0.209725,0.076375,-0.0078));
#11516=CARTESIAN_POINT('',(0.209725,0.076375,-0.00025));
#11517=CARTESIAN_POINT('',(0.124,0.095425,-0.0078));
#11518=CARTESIAN_POINT('',(0.124,0.095425,-0.00025));
#11519=CARTESIAN_POINT('',(0.124,0.095425,-0.01155));
#11520=CARTESIAN_POINT('',(0.04745,0.0144625,-0.007));
#11521=CARTESIAN_POINT('',(0.04745,0.0144625,-0.00025));
#11522=CARTESIAN_POINT('',(0.04745,0.0144625,-0.00675));
#11523=CARTESIAN_POINT('',(-0.000175,0.076375,-0.0078));
#11524=CARTESIAN_POINT('',(-0.000175,0.076375,-0.00025));
#11525=CARTESIAN_POINT('',(-0.000175,0.076375,-0.01155));
#11526=CARTESIAN_POINT('',(0.00935,0.095425,-0.0078));
#11527=CARTESIAN_POINT('',(0.00935,0.095425,-0.00025));
#11528=CARTESIAN_POINT('',(0.104775,0.0152125,0.));
#11529=CARTESIAN_POINT('',(0.1621,0.0152125,0.));
#11530=CARTESIAN_POINT('',(0.04745,0.0149625,-0.00025));
#11531=CARTESIAN_POINT('',(0.04745,0.0144625,0.));
#11532=CARTESIAN_POINT('',(0.04695,0.0144625,-0.00025));
#11533=CARTESIAN_POINT('',(0.1621,0.0144625,0.));
#11534=CARTESIAN_POINT('',(0.16285,0.0144625,0.));
#11535=CARTESIAN_POINT('',(0.0467,0.04524375,0.));
#11536=CARTESIAN_POINT('',(0.04695,-0.0049375,-0.00025));
#11537=CARTESIAN_POINT('',(0.1626,0.0047625,-0.00025));
#11538=CARTESIAN_POINT('',(0.16285,-0.0049375,0.));
#11539=CARTESIAN_POINT('',(0.04745,-0.0049375,0.));
#11540=CARTESIAN_POINT('',(0.04745,-0.0054375,-0.00025));
#11541=CARTESIAN_POINT('',(0.1621,-0.0049375,0.));
#11542=CARTESIAN_POINT('',(0.1621,-0.0056875,0.));
#11543=CARTESIAN_POINT('',(0.104775,-0.0054375,-0.00025));
#11544=CARTESIAN_POINT('',(0.1621,-0.0049375,-0.007));
#11545=CARTESIAN_POINT('',(0.16285,-0.0049375,-0.007));
#11546=CARTESIAN_POINT('',(0.16285,0.04524375,-0.007));
#11547=CARTESIAN_POINT('',(0.16285,0.0144625,-0.007));
#11548=CARTESIAN_POINT('',(0.1621,0.0144625,-0.007));
#11549=CARTESIAN_POINT('',(0.1621,0.0152125,-0.007));
#11550=CARTESIAN_POINT('',(0.0758625,0.0149625,-0.00675));
#11551=CARTESIAN_POINT('',(0.04745,0.0152125,-0.007));
#11552=CARTESIAN_POINT('',(0.04745,0.0144625,-0.007));
#11553=CARTESIAN_POINT('',(0.0467,0.0144625,-0.007));
#11554=CARTESIAN_POINT('',(0.04695,0.0047625,-0.00675));
#11555=CARTESIAN_POINT('',(0.0467,-0.0049375,-0.007));
#11556=CARTESIAN_POINT('',(0.04745,-0.0049375,-0.007));
#11557=CARTESIAN_POINT('',(0.0955280602604194,0.104445003256422,-0.0192469396048581));
#11558=CARTESIAN_POINT('',(0.0955199713614534,0.104727104703674,-0.0192345148047971));
#11559=CARTESIAN_POINT('',(0.0957855418488398,0.10497448651522,-0.0192236191870072));
#11560=CARTESIAN_POINT('',(0.0960639892973061,0.104944227011704,-0.0192249519284193));
#11561=CARTESIAN_POINT('',(0.0955249998652776,0.104445003256422,-0.01925));
#11562=CARTESIAN_POINT('',(0.095516861150948,0.104728822180749,-0.0192377254597128));
#11563=CARTESIAN_POINT('',(0.0957840671502184,0.104977710090877,-0.0192269616084751));
#11564=CARTESIAN_POINT('',(0.0960642294131415,0.104947266362841,-0.0192282782323301));
#11565=CARTESIAN_POINT('',(0.0952749998652776,0.104445003256422,-0.0195));
#11566=CARTESIAN_POINT('',(0.0952627917937833,0.104869120818224,-0.0195));
#11567=CARTESIAN_POINT('',(0.0956636007926889,0.105241040110978,-0.0195));
#11568=CARTESIAN_POINT('',(0.0960838441870734,0.105195547303416,-0.0195));
#11569=CARTESIAN_POINT('',(0.0952724692613261,0.104445003256422,-0.0195025306039514));
#11570=CARTESIAN_POINT('',(0.0952602199981066,0.10487054097937,-0.019502654851952));
#11571=CARTESIAN_POINT('',(0.0956623813821274,0.105243705646936,-0.0195027638081299));
#11572=CARTESIAN_POINT('',(0.0960840427359711,0.105198060506333,-0.0195027504807158));
#11573=CARTESIAN_POINT('',(0.0952749998652776,0.104445003256422,-0.0195));
#11574=CARTESIAN_POINT('',(0.0953583331986109,0.104445003256422,-0.0194166666666667));
#11575=CARTESIAN_POINT('',(0.0954416665319442,0.104445003256422,-0.0193333333333333));
#11576=CARTESIAN_POINT('',(0.0955249998652776,0.104445003256422,-0.01925));
#11577=CARTESIAN_POINT('',(0.0952749998652776,-0.00605625,-0.0195));
#11578=CARTESIAN_POINT('',(0.131352083198611,0.0660979166666667,0.0165770833333333));
#11579=CARTESIAN_POINT('',(0.104775,0.102175,-0.0195));
#11580=CARTESIAN_POINT('',(0.00935,0.102175,-0.0195));
#11581=CARTESIAN_POINT('',(0.00935,0.101425,-0.0195));
#11582=CARTESIAN_POINT('',(0.0086,0.101425,-0.0195));
#11583=CARTESIAN_POINT('',(0.00885,0.0864,-0.01925));
#11584=CARTESIAN_POINT('',(0.007675,0.08405,-0.020425));
#11585=CARTESIAN_POINT('',(0.0040875,0.082875,-0.01925));
#11586=CARTESIAN_POINT('',(-0.000175,0.083125,-0.0195));
#11587=CARTESIAN_POINT('',(-0.000175,0.082375,-0.0195));
#11588=CARTESIAN_POINT('',(-0.000925,0.082375,-0.0195));
#11589=CARTESIAN_POINT('',(-0.000675,0.0381,-0.01925));
#11590=CARTESIAN_POINT('',(-0.000925,-0.006175,-0.0195));
#11591=CARTESIAN_POINT('',(-0.000175,-0.006175,-0.0195));
#11592=CARTESIAN_POINT('',(-0.000175,-0.006925,-0.0195));
#11593=CARTESIAN_POINT('',(0.02075625,-0.006675,-0.01925));
#11594=CARTESIAN_POINT('',(0.03504375,-0.01381875,-0.02639375));
#11595=CARTESIAN_POINT('',(0.0421875,-0.00905625,-0.01925));
#11596=CARTESIAN_POINT('',(0.0419375,-0.0109375,-0.0195));
#11597=CARTESIAN_POINT('',(0.0426875,-0.0109375,-0.0195));
#11598=CARTESIAN_POINT('',(0.0426875,-0.0116875,-0.0195));
#11599=CARTESIAN_POINT('',(0.104775,-0.0114375,-0.01925));
#11600=CARTESIAN_POINT('',(0.1668625,-0.0116875,-0.0195));
#11601=CARTESIAN_POINT('',(0.1668625,-0.0109375,-0.0195));
#11602=CARTESIAN_POINT('',(0.1676125,-0.0109375,-0.0195));
#11603=CARTESIAN_POINT('',(0.1676125,-0.00605625,-0.0195));
#11604=CARTESIAN_POINT('',(0.167322916666667,-0.00663541666666666,-0.0192104166666666));
#11605=CARTESIAN_POINT('',(0.104775,-0.006925,-0.0195));
#11606=CARTESIAN_POINT('',(0.209725,-0.006925,-0.0195));
#11607=CARTESIAN_POINT('',(0.209725,-0.006175,-0.0195));
#11608=CARTESIAN_POINT('',(0.210475,-0.006175,-0.0195));
#11609=CARTESIAN_POINT('',(0.210475,-0.00605625,-0.0195));
#11610=CARTESIAN_POINT('',(0.210475,0.082375,-0.0195));
#11611=CARTESIAN_POINT('',(0.209725,0.082375,-0.0195));
#11612=CARTESIAN_POINT('',(0.209725,0.083125,-0.0195));
#11613=CARTESIAN_POINT('',(0.1673625,0.082875,-0.01925));
#11614=CARTESIAN_POINT('',(0.1387875,0.0971625,-0.0335375));
#11615=CARTESIAN_POINT('',(0.12475,-0.00605625,-0.0195));
#11616=CARTESIAN_POINT('',(0.12475,0.101425,-0.0195));
#11617=CARTESIAN_POINT('',(0.124,0.101425,-0.0195));
#11618=CARTESIAN_POINT('',(0.124,0.102175,-0.0195));
#11619=CARTESIAN_POINT('',(0.104775,0.102175,-0.0195));
#11620=CARTESIAN_POINT('',(0.111108333243518,0.0990083333782408,-0.0163333333782408));
#11621=CARTESIAN_POINT('',(0.114024999865278,0.105364484326942,-0.01925));
#11622=CARTESIAN_POINT('',(0.114024999865278,0.104445003256422,-0.01925));
#11623=CARTESIAN_POINT('',(0.114108333198611,0.104445003256422,-0.0193333333333333));
#11624=CARTESIAN_POINT('',(0.114191666531944,0.104445003256422,-0.0194166666666667));
#11625=CARTESIAN_POINT('',(0.114274999865278,0.104445003256422,-0.0195));
#11626=CARTESIAN_POINT('',(0.113485770317414,0.104947266362841,-0.0192282782323301));
#11627=CARTESIAN_POINT('',(0.113765932580337,0.104977710090877,-0.0192269616084751));
#11628=CARTESIAN_POINT('',(0.114033138579607,0.104728822180749,-0.0192377254597128));
#11629=CARTESIAN_POINT('',(0.114024999865278,0.104445003256422,-0.01925));
#11630=CARTESIAN_POINT('',(0.113466155543482,0.105195547303416,-0.0195));
#11631=CARTESIAN_POINT('',(0.113886398937866,0.105241040110978,-0.0195));
#11632=CARTESIAN_POINT('',(0.114287207936772,0.104869120818224,-0.0195));
#11633=CARTESIAN_POINT('',(0.114274999865278,0.104445003256422,-0.0195));
#11634=CARTESIAN_POINT('',(0.0430375,-0.000175,-0.007));
#11635=CARTESIAN_POINT('',(0.0437875,-0.000175,-0.007));
#11636=CARTESIAN_POINT('',(0.0435375,0.00646875,-0.00675));
#11637=CARTESIAN_POINT('',(0.04750625,0.01440625,-0.01071875));
#11638=CARTESIAN_POINT('',(0.104775,0.018125,-0.007));
#11639=CARTESIAN_POINT('',(0.145433333333333,-0.00220416666666664,-0.0273291666666667));
#11640=CARTESIAN_POINT('',(0.1657625,0.04524375,-0.007));
#11641=CARTESIAN_POINT('',(0.1657625,-0.000175,-0.007));
#11642=CARTESIAN_POINT('',(0.1665125,-0.000175,-0.007));
#11643=CARTESIAN_POINT('',(0.00935,0.095425,0.));
#11644=CARTESIAN_POINT('',(0.00935,0.096175,0.));
#11645=CARTESIAN_POINT('',(0.00885,0.095425,-0.00025));
#11646=CARTESIAN_POINT('',(0.0086,0.04524375,0.));
#11647=CARTESIAN_POINT('',(0.0192270833333333,0.0664979166666665,-0.0106270833333335));
#11648=CARTESIAN_POINT('',(0.104775,0.096175,0.));
#11649=CARTESIAN_POINT('',(0.124,0.096175,0.));
#11650=CARTESIAN_POINT('',(0.104775,0.077125,0.));
#11651=CARTESIAN_POINT('',(-0.000175,0.076875,-0.00025));
#11652=CARTESIAN_POINT('',(0.124,0.095425,0.));
#11653=CARTESIAN_POINT('',(0.12475,0.095425,0.));
#11654=CARTESIAN_POINT('',(-0.000175,0.076375,0.));
#11655=CARTESIAN_POINT('',(-0.000675,0.076375,-0.00025));
#11656=CARTESIAN_POINT('',(0.1245,0.0864,-0.00025));
#11657=CARTESIAN_POINT('',(0.118091666666667,0.0704666666666667,-0.00665833333333334));
#11658=CARTESIAN_POINT('',(-0.000925,0.04524375,0.));
#11659=CARTESIAN_POINT('',(-0.000675,-0.000175,-0.00025));
#11660=CARTESIAN_POINT('',(0.104775,0.077125,0.));
#11661=CARTESIAN_POINT('',(0.209725,0.077125,0.));
#11662=CARTESIAN_POINT('',(-0.000175,-0.000175,0.));
#11663=CARTESIAN_POINT('',(-0.000175,-0.000675,-0.00025));
#11664=CARTESIAN_POINT('',(0.209725,0.076375,0.));
#11665=CARTESIAN_POINT('',(0.210475,0.076375,0.));
#11666=CARTESIAN_POINT('',(0.02075625,-0.000675,-0.00025));
#11667=CARTESIAN_POINT('',(0.0430375,-0.000675,-0.00025));
#11668=CARTESIAN_POINT('',(0.210225,0.0381,-0.00025));
#11669=CARTESIAN_POINT('',(0.210475,-0.000175,0.));
#11670=CARTESIAN_POINT('',(0.0430375,-0.000175,0.));
#11671=CARTESIAN_POINT('',(0.0435375,-0.000175,-0.00025));
#11672=CARTESIAN_POINT('',(0.209725,-0.000175,0.));
#11673=CARTESIAN_POINT('',(0.209725,-0.000925,0.));
#11674=CARTESIAN_POINT('',(0.0437875,0.04524375,0.));
#11675=CARTESIAN_POINT('',(0.0347479166666666,0.0271645833333333,-0.00903958333333333));
#11676=CARTESIAN_POINT('',(0.18879375,-0.000675,-0.00025));
#11677=CARTESIAN_POINT('',(0.1665125,-0.000925,0.));
#11678=CARTESIAN_POINT('',(0.104775,0.018375,-0.00025));
#11679=CARTESIAN_POINT('',(0.1456,-0.00203749999999997,0.0201625));
#11680=CARTESIAN_POINT('',(0.1665125,-0.000175,0.));
#11681=CARTESIAN_POINT('',(0.1657625,-0.000175,0.));
#11682=CARTESIAN_POINT('',(0.1660125,0.00646875,-0.00025));
#11683=CARTESIAN_POINT('',(0.0086,0.098925,-0.0118));
#11684=CARTESIAN_POINT('',(0.00133333333333334,0.0843916666666667,-0.0190666666666667));
#11685=CARTESIAN_POINT('',(0.066675,0.077125,-0.0118));
#11686=CARTESIAN_POINT('',(-0.000175,0.077125,-0.0118));
#11687=CARTESIAN_POINT('',(-0.000175,0.076375,-0.0118));
#11688=CARTESIAN_POINT('',(0.12475,0.079875,-0.0118));
#11689=CARTESIAN_POINT('',(0.125666666666667,0.0780416666666667,-0.0127166666666667));
#11690=CARTESIAN_POINT('',(0.1673625,0.076875,-0.01155));
#11691=CARTESIAN_POINT('',(0.1673625,0.076875,-0.01155));
#11692=CARTESIAN_POINT('',(0.066675,0.095925,-0.01155));
#11693=CARTESIAN_POINT('',(0.066675,0.095925,-0.01155));
#11694=CARTESIAN_POINT('',(0.124,0.095925,-0.01155));
#11695=CARTESIAN_POINT('',(0.124,0.095425,-0.0118));
#11696=CARTESIAN_POINT('',(0.104775,-0.000925,-0.0118));
#11697=CARTESIAN_POINT('',(0.0637833333333333,0.0195708333333333,0.00869583333333334));
#11698=CARTESIAN_POINT('',(0.0432875,-0.00605625,-0.0118));
#11699=CARTESIAN_POINT('',(0.0432875,-0.0049375,-0.0118));
#11700=CARTESIAN_POINT('',(0.0440375,-0.0049375,-0.0118));
#11701=CARTESIAN_POINT('',(0.0440375,-0.0056875,-0.0118));
#11702=CARTESIAN_POINT('',(0.104775,-0.0056875,-0.0118));
#11703=CARTESIAN_POINT('',(0.104775,-0.0056875,-0.0118));
#11704=CARTESIAN_POINT('',(0.104775,-0.0056875,-0.0118));
#11705=CARTESIAN_POINT('',(0.1655125,-0.0056875,-0.0118));
#11706=CARTESIAN_POINT('',(0.1655125,-0.0049375,-0.0118));
#11707=CARTESIAN_POINT('',(0.1662625,-0.0049375,-0.0118));
#11708=CARTESIAN_POINT('',(0.1660125,-0.00305625,-0.01155));
#11709=CARTESIAN_POINT('',(0.16680625,-0.00146875,-0.01234375));
#11710=CARTESIAN_POINT('',(0.104775,-0.000925,-0.0118));
#11711=CARTESIAN_POINT('',(0.215225,0.103954399539503,-0.0305944827671467));
#11712=CARTESIAN_POINT('',(0.216013386255437,0.103957339331343,-0.0305947399656058));
#11713=CARTESIAN_POINT('',(0.216792964986244,0.103629550621429,-0.0305660621694565));
#11714=CARTESIAN_POINT('',(0.217903346538004,0.102513715612096,-0.0304684392557746));
#11715=CARTESIAN_POINT('',(0.218227822800604,0.101738184945392,-0.0304005891142212));
#11716=CARTESIAN_POINT('',(0.218225,0.100946788935687,-0.0303313509350124));
#11717=CARTESIAN_POINT('',(0.215225,0.104181659278339,-0.0308653203773566));
#11718=CARTESIAN_POINT('',(0.216079533193584,0.104184864419626,-0.0308656007908841));
#11719=CARTESIAN_POINT('',(0.216924362692981,0.10382950971143,-0.0308345112823864));
#11720=CARTESIAN_POINT('',(0.218126928425153,0.102620960133216,-0.0307287768949836));
#11721=CARTESIAN_POINT('',(0.218478044938582,0.101781489081356,-0.0306553326945878));
#11722=CARTESIAN_POINT('',(0.218475,0.100925,-0.0305803996095354));
#11723=CARTESIAN_POINT('',(0.215225,0.104181659278339,-0.0308653203773566));
#11724=CARTESIAN_POINT('',(0.215225,0.104105906032061,-0.0307750411739533));
#11725=CARTESIAN_POINT('',(0.215225,0.104030152785782,-0.03068476197055));
#11726=CARTESIAN_POINT('',(0.215225,0.103954399539503,-0.0305944827671467));
#11727=CARTESIAN_POINT('',(0.218225,0.100946788935687,-0.0303313509350124));
#11728=CARTESIAN_POINT('',(0.218308333333333,0.100939525957125,-0.0304143671598534));
#11729=CARTESIAN_POINT('',(0.218391666666667,0.100932262978562,-0.0304973833846944));
#11730=CARTESIAN_POINT('',(0.218475,0.100925,-0.0305803996095353));
#11731=CARTESIAN_POINT('',(0.218225,0.0452655389356869,-0.0254598727890596));
#11732=CARTESIAN_POINT('',(0.218475,-0.0104375,-0.0208374433176296));
#11733=CARTESIAN_POINT('',(0.218391666666667,-0.0104302370214377,-0.0207544270927886));
#11734=CARTESIAN_POINT('',(0.218308333333333,-0.0104229740428754,-0.0206714108679477));
#11735=CARTESIAN_POINT('',(0.218225,-0.0104157110643131,-0.0205883946431067));
#11736=CARTESIAN_POINT('',(0.220227,0.104181659278339,-0.0308653203773566));
#11737=CARTESIAN_POINT('',(-0.00567499999999999,0.103954399539503,-0.0305944827671467));
#11738=CARTESIAN_POINT('',(-0.00567499999999999,0.104030152785782,-0.03068476197055));
#11739=CARTESIAN_POINT('',(-0.00567499999999999,0.104105906032061,-0.0307750411739533));
#11740=CARTESIAN_POINT('',(-0.00567499999999999,0.104181659278339,-0.0308653203773566));
#11741=CARTESIAN_POINT('',(0.218225,-0.0104157110643131,-0.0205883946431067));
#11742=CARTESIAN_POINT('',(0.218227636621144,-0.0112021395837822,-0.0205195910629797));
#11743=CARTESIAN_POINT('',(0.217904667687974,-0.0119808883105332,-0.0204514593776537));
#11744=CARTESIAN_POINT('',(0.216794673460243,-0.0130971774111568,-0.0203537967361316));
#11745=CARTESIAN_POINT('',(0.216019022689101,-0.0134263235448502,-0.02032500018079));
#11746=CARTESIAN_POINT('',(0.215225,-0.0134233216681296,-0.0203252628109724));
#11747=CARTESIAN_POINT('',(0.218475,-0.0104375,-0.0208374433176296));
#11748=CARTESIAN_POINT('',(0.218477842573379,-0.0112886138000595,-0.0207629805087539));
#11749=CARTESIAN_POINT('',(0.218128358570945,-0.0121315662734126,-0.0206892317234444));
#11750=CARTESIAN_POINT('',(0.216926213782351,-0.0133406059331481,-0.0205834544594643));
#11751=CARTESIAN_POINT('',(0.216085643098933,-0.0136974308977125,-0.0205522363202019));
#11752=CARTESIAN_POINT('',(0.215225,-0.0136941592783394,-0.0205525225498084));
#11753=CARTESIAN_POINT('',(0.215225,-0.0134233216681296,-0.0203252628109724));
#11754=CARTESIAN_POINT('',(0.215225,-0.0135136008715329,-0.0204010160572511));
#11755=CARTESIAN_POINT('',(0.215225,-0.0136038800749361,-0.0204767693035297));
#11756=CARTESIAN_POINT('',(0.215225,-0.0136941592783394,-0.0205525225498084));
#11757=CARTESIAN_POINT('',(-0.008675,0.100946788935687,-0.0303313509350124));
#11758=CARTESIAN_POINT('',(-0.00867763662114441,0.101733217455156,-0.0304001545151394));
#11759=CARTESIAN_POINT('',(-0.0083546676879741,0.102511966181907,-0.0304682862004654));
#11760=CARTESIAN_POINT('',(-0.00724467346024311,0.103628255282531,-0.0305659488419875));
#11761=CARTESIAN_POINT('',(-0.00646902268910048,0.103957401416224,-0.0305947453973291));
#11762=CARTESIAN_POINT('',(-0.005675,0.103954399539503,-0.0305944827671467));
#11763=CARTESIAN_POINT('',(-0.008925,0.100925,-0.0305803996095354));
#11764=CARTESIAN_POINT('',(-0.00892784257337889,0.10177611380006,-0.0306548624184111));
#11765=CARTESIAN_POINT('',(-0.00857835857094518,0.102619066273413,-0.0307286112037206));
#11766=CARTESIAN_POINT('',(-0.00737621378235143,0.103828105933148,-0.0308343884677006));
#11767=CARTESIAN_POINT('',(-0.0065356430989331,0.104184930897712,-0.0308656066069631));
#11768=CARTESIAN_POINT('',(-0.00567500000000007,0.104181659278339,-0.0308653203773566));
#11769=CARTESIAN_POINT('',(-0.008925,0.100925,-0.0305803996095353));
#11770=CARTESIAN_POINT('',(-0.00884166666666666,0.100932262978562,-0.0304973833846944));
#11771=CARTESIAN_POINT('',(-0.00875833333333333,0.100939525957125,-0.0304143671598534));
#11772=CARTESIAN_POINT('',(-0.008675,0.100946788935687,-0.0303313509350124));
#11773=CARTESIAN_POINT('',(0.220227,-0.0136941592783394,-0.0205525225498084));
#11774=CARTESIAN_POINT('',(-0.00567499999999999,-0.0136941592783394,-0.0205525225498084));
#11775=CARTESIAN_POINT('',(-0.00567499999999999,-0.0136038800749361,-0.0204767693035297));
#11776=CARTESIAN_POINT('',(-0.00567499999999999,-0.0135136008715329,-0.0204010160572511));
#11777=CARTESIAN_POINT('',(-0.00567499999999999,-0.0134233216681296,-0.0203252628109724));
#11778=CARTESIAN_POINT('',(-0.008675,0.0452655389356869,-0.0254598727890596));
#11779=CARTESIAN_POINT('',(-0.008675,-0.0104157110643131,-0.0205883946431067));
#11780=CARTESIAN_POINT('',(-0.00875833333333333,-0.0104229740428754,-0.0206714108679477));
#11781=CARTESIAN_POINT('',(-0.00884166666666666,-0.0104302370214377,-0.0207544270927887));
#11782=CARTESIAN_POINT('',(-0.00892499999999999,-0.0104375,-0.0208374433176296));
#11783=CARTESIAN_POINT('',(-0.005675,-0.0134233216681296,-0.0203252628109724));
#11784=CARTESIAN_POINT('',(-0.00646338625543728,-0.0134262614599695,-0.0203250056125132));
#11785=CARTESIAN_POINT('',(-0.00724296498624416,-0.0130984727500546,-0.0203536834086626));
#11786=CARTESIAN_POINT('',(-0.00835334653800374,-0.0119826377407218,-0.0204513063223446));
#11787=CARTESIAN_POINT('',(-0.00867782280060435,-0.0112071070740183,-0.0205191564638979));
#11788=CARTESIAN_POINT('',(-0.008675,-0.010415711064313,-0.0205883946431067));
#11789=CARTESIAN_POINT('',(-0.005675,-0.0136941592783394,-0.0205525225498084));
#11790=CARTESIAN_POINT('',(-0.00652953319358381,-0.0136973644196261,-0.0205522421362808));
#11791=CARTESIAN_POINT('',(-0.00737436269298118,-0.0133420097114301,-0.0205833316447785));
#11792=CARTESIAN_POINT('',(-0.00857692842515363,-0.0121334601332156,-0.0206890660321814));
#11793=CARTESIAN_POINT('',(-0.00892804493858262,-0.0112939890813563,-0.0207625102325772));
#11794=CARTESIAN_POINT('',(-0.008925,-0.0104375,-0.0208374433176296));
#11795=CARTESIAN_POINT('',(0.21435,0.0542869602407863,-0.0175));
#11796=CARTESIAN_POINT('',(0.21285,0.0542869602407863,-0.0175));
#11797=CARTESIAN_POINT('',(0.21285,0.0542869602407863,-0.0175));
#11798=CARTESIAN_POINT('',(0.21285,0.0542869602407863,-0.01925));
#11799=CARTESIAN_POINT('',(0.21435,0.0542869602407863,-0.01925));
#11800=CARTESIAN_POINT('',(0.21585,0.0542869602407863,-0.01925));
#11801=CARTESIAN_POINT('',(0.21585,0.0542869602407863,-0.0175));
#11802=CARTESIAN_POINT('',(0.21585,0.0542869602407863,-0.0175));
#11803=CARTESIAN_POINT('',(0.21435,0.0542869602407863,-0.0175));
#11804=CARTESIAN_POINT('',(0.21585,0.0457869602407863,-0.0175));
#11805=CARTESIAN_POINT('',(0.21585,0.0457869602407863,-0.01925));
#11806=CARTESIAN_POINT('',(0.21585,0.0372869602407862,-0.01925));
#11807=CARTESIAN_POINT('',(0.21585,0.0372869602407862,-0.0175));
#11808=CARTESIAN_POINT('',(0.21585,0.0372869602407862,-0.0175));
#11809=CARTESIAN_POINT('',(0.21585,0.0457869602407863,-0.0175));
#11810=CARTESIAN_POINT('',(0.21435,0.0372869602407862,-0.0175));
#11811=CARTESIAN_POINT('',(0.21435,0.0372869602407862,-0.01925));
#11812=CARTESIAN_POINT('',(0.21285,0.0372869602407862,-0.01925));
#11813=CARTESIAN_POINT('',(0.21285,0.0372869602407862,-0.0175));
#11814=CARTESIAN_POINT('',(0.21285,0.0372869602407862,-0.0175));
#11815=CARTESIAN_POINT('',(0.21435,0.0372869602407862,-0.0175));
#11816=CARTESIAN_POINT('',(0.21285,0.0457869602407863,-0.0175));
#11817=CARTESIAN_POINT('',(0.21285,0.0542869602407863,-0.01925));
#11818=CARTESIAN_POINT('',(0.21285,0.0457869602407863,-0.0175));
#11819=CARTESIAN_POINT('',(0.104775,0.045786960240787,-0.0175));
#11820=CARTESIAN_POINT('',(-0.0048,0.0542869602407863,-0.0175));
#11821=CARTESIAN_POINT('',(-0.0063,0.0542869602407863,-0.0175));
#11822=CARTESIAN_POINT('',(-0.0063,0.0542869602407863,-0.0175));
#11823=CARTESIAN_POINT('',(-0.0063,0.0542869602407863,-0.01925));
#11824=CARTESIAN_POINT('',(-0.0048,0.0542869602407863,-0.01925));
#11825=CARTESIAN_POINT('',(-0.0033,0.0542869602407863,-0.01925));
#11826=CARTESIAN_POINT('',(-0.0033,0.0542869602407863,-0.0175));
#11827=CARTESIAN_POINT('',(-0.0033,0.0542869602407863,-0.0175));
#11828=CARTESIAN_POINT('',(-0.0048,0.0542869602407863,-0.0175));
#11829=CARTESIAN_POINT('',(-0.0033,0.0457869602407863,-0.0175));
#11830=CARTESIAN_POINT('',(-0.0033,0.0457869602407863,-0.01925));
#11831=CARTESIAN_POINT('',(-0.0033,0.0372869602407863,-0.01925));
#11832=CARTESIAN_POINT('',(-0.0033,0.0372869602407863,-0.0175));
#11833=CARTESIAN_POINT('',(-0.0033,0.0372869602407863,-0.0175));
#11834=CARTESIAN_POINT('',(-0.0033,0.0457869602407863,-0.0175));
#11835=CARTESIAN_POINT('',(-0.0048,0.0372869602407863,-0.0175));
#11836=CARTESIAN_POINT('',(-0.0048,0.0372869602407863,-0.01925));
#11837=CARTESIAN_POINT('',(-0.0063,0.0372869602407863,-0.01925));
#11838=CARTESIAN_POINT('',(-0.0063,0.0372869602407863,-0.0175));
#11839=CARTESIAN_POINT('',(-0.0063,0.0372869602407863,-0.0175));
#11840=CARTESIAN_POINT('',(-0.0048,0.0372869602407863,-0.0175));
#11841=CARTESIAN_POINT('',(-0.0063,0.0457869602407863,-0.0175));
#11842=CARTESIAN_POINT('',(-0.0063,0.0542869602407863,-0.01925));
#11843=CARTESIAN_POINT('',(-0.0063,0.0457869602407863,-0.0175));
#11844=CARTESIAN_POINT('',(0.104775,0.045786960240787,-0.0175));
#11845=CARTESIAN_POINT('',(0.21435,0.0372869602407862,-0.01925));
#11846=CARTESIAN_POINT('',(0.2161,0.0372869602407862,-0.0195));
#11847=CARTESIAN_POINT('',(0.21285,0.0372869602407862,-0.01925));
#11848=CARTESIAN_POINT('',(0.21285,0.0457869602407863,-0.01925));
#11849=CARTESIAN_POINT('',(0.21285,0.0542869602407863,-0.01925));
#11850=CARTESIAN_POINT('',(0.2161,-0.00605625,-0.0195));
#11851=CARTESIAN_POINT('',(0.2161,0.0542869602407863,-0.0195));
#11852=CARTESIAN_POINT('',(0.21435,0.0542869602407863,-0.01925));
#11853=CARTESIAN_POINT('',(-0.0048,0.0372869602407863,-0.01925));
#11854=CARTESIAN_POINT('',(-0.00305,0.0372869602407863,-0.0195));
#11855=CARTESIAN_POINT('',(-0.0063,0.0372869602407863,-0.01925));
#11856=CARTESIAN_POINT('',(-0.0063,0.0457869602407863,-0.01925));
#11857=CARTESIAN_POINT('',(-0.0063,0.0542869602407863,-0.01925));
#11858=CARTESIAN_POINT('',(-0.00305,-0.00605625,-0.0195));
#11859=CARTESIAN_POINT('',(-0.00305,0.0542869602407863,-0.0195));
#11860=CARTESIAN_POINT('',(-0.0048,0.0542869602407863,-0.01925));
#11861=MECHANICAL_DESIGN_GEOMETRIC_PRESENTATION_REPRESENTATION('',(#7050),
#11862);
#11862=(
GEOMETRIC_REPRESENTATION_CONTEXT(3)
GLOBAL_UNCERTAINTY_ASSIGNED_CONTEXT((#11863))
GLOBAL_UNIT_ASSIGNED_CONTEXT((#11866,#11865,#11864))
REPRESENTATION_CONTEXT('Beep_Top','TOP_LEVEL_ASSEMBLY_PART')
);
#11863=UNCERTAINTY_MEASURE_WITH_UNIT(LENGTH_MEASURE(2.E-5),#11866,
'DISTANCE_ACCURACY_VALUE','Maximum Tolerance applied to model');
#11864=(
NAMED_UNIT(*)
SI_UNIT($,.STERADIAN.)
SOLID_ANGLE_UNIT()
);
#11865=(
NAMED_UNIT(*)
PLANE_ANGLE_UNIT()
SI_UNIT($,.RADIAN.)
);
#11866=(
LENGTH_UNIT()
NAMED_UNIT(*)
SI_UNIT($,.METRE.)
);
#11867=PRODUCT_DEFINITION_SHAPE('','',#11868);
#11868=PRODUCT_DEFINITION('','',#11870,#11869);
#11869=PRODUCT_DEFINITION_CONTEXT('',#11876,'design');
#11870=PRODUCT_DEFINITION_FORMATION_WITH_SPECIFIED_SOURCE('','',#11872,
 .NOT_KNOWN.);
#11871=PRODUCT_RELATED_PRODUCT_CATEGORY('','',(#11872));
#11872=PRODUCT('Beep_Top','Beep_Top','Beep_Top',(#11874));
#11873=PRODUCT_CATEGORY('','');
#11874=PRODUCT_CONTEXT('',#11876,'mechanical');
#11875=APPLICATION_PROTOCOL_DEFINITION('international standard',
'ap242_managed_model_based_3d_engineering',2020,#11876);
#11876=APPLICATION_CONTEXT('managed model based 3d engineering');
ENDSEC;
END-ISO-10303-21;
